# First-party deterministic geometry; units: metres.
mtllib green.mtl
o geometry
usemtl surface
v -17.900000 0.000000 0.370000
v -17.937482 0.284701 0.370000
v -17.937482 0.284701 0.450000
vn 0.991445 0.130526 0.000000
f 1//1 2//1 3//1
v -17.900000 0.000000 0.370000
v -17.937482 0.284701 0.450000
v -17.900000 0.000000 0.450000
vn 0.991445 0.130526 -0.000000
f 4//2 5//2 6//2
v -19.000000 0.000000 0.370000
v -17.937482 0.284701 0.370000
v -17.900000 0.000000 0.370000
vn 0.000000 0.000000 -1.000000
f 7//3 8//3 9//3
v -19.000000 0.000000 0.450000
v -17.900000 0.000000 0.450000
v -17.937482 0.284701 0.450000
vn 0.000000 0.000000 1.000000
f 10//4 11//4 12//4
v -17.937482 0.284701 0.370000
v -18.047372 0.550000 0.370000
v -18.047372 0.550000 0.450000
vn 0.923880 0.382683 0.000000
f 13//5 14//5 15//5
v -17.937482 0.284701 0.370000
v -18.047372 0.550000 0.450000
v -17.937482 0.284701 0.450000
vn 0.923880 0.382683 -0.000000
f 16//6 17//6 18//6
v -19.000000 0.000000 0.370000
v -18.047372 0.550000 0.370000
v -17.937482 0.284701 0.370000
vn 0.000000 0.000000 -1.000000
f 19//7 20//7 21//7
v -19.000000 0.000000 0.450000
v -17.937482 0.284701 0.450000
v -18.047372 0.550000 0.450000
vn 0.000000 0.000000 1.000000
f 22//8 23//8 24//8
v -18.047372 0.550000 0.370000
v -18.222183 0.777817 0.370000
v -18.222183 0.777817 0.450000
vn 0.793353 0.608761 0.000000
f 25//9 26//9 27//9
v -18.047372 0.550000 0.370000
v -18.222183 0.777817 0.450000
v -18.047372 0.550000 0.450000
vn 0.793353 0.608761 -0.000000
f 28//10 29//10 30//10
v -19.000000 0.000000 0.370000
v -18.222183 0.777817 0.370000
v -18.047372 0.550000 0.370000
vn 0.000000 0.000000 -1.000000
f 31//11 32//11 33//11
v -19.000000 0.000000 0.450000
v -18.047372 0.550000 0.450000
v -18.222183 0.777817 0.450000
vn 0.000000 0.000000 1.000000
f 34//12 35//12 36//12
v -18.222183 0.777817 0.370000
v -18.450000 0.952628 0.370000
v -18.450000 0.952628 0.450000
vn 0.608761 0.793353 0.000000
f 37//13 38//13 39//13
v -18.222183 0.777817 0.370000
v -18.450000 0.952628 0.450000
v -18.222183 0.777817 0.450000
vn 0.608761 0.793353 -0.000000
f 40//14 41//14 42//14
v -19.000000 0.000000 0.370000
v -18.450000 0.952628 0.370000
v -18.222183 0.777817 0.370000
vn 0.000000 0.000000 -1.000000
f 43//15 44//15 45//15
v -19.000000 0.000000 0.450000
v -18.222183 0.777817 0.450000
v -18.450000 0.952628 0.450000
vn 0.000000 0.000000 1.000000
f 46//16 47//16 48//16
v -18.450000 0.952628 0.370000
v -18.715299 1.062518 0.370000
v -18.715299 1.062518 0.450000
vn 0.382683 0.923880 0.000000
f 49//17 50//17 51//17
v -18.450000 0.952628 0.370000
v -18.715299 1.062518 0.450000
v -18.450000 0.952628 0.450000
vn 0.382683 0.923880 -0.000000
f 52//18 53//18 54//18
v -19.000000 0.000000 0.370000
v -18.715299 1.062518 0.370000
v -18.450000 0.952628 0.370000
vn 0.000000 0.000000 -1.000000
f 55//19 56//19 57//19
v -19.000000 0.000000 0.450000
v -18.450000 0.952628 0.450000
v -18.715299 1.062518 0.450000
vn 0.000000 0.000000 1.000000
f 58//20 59//20 60//20
v -18.715299 1.062518 0.370000
v -19.000000 1.100000 0.370000
v -19.000000 1.100000 0.450000
vn 0.130526 0.991445 0.000000
f 61//21 62//21 63//21
v -18.715299 1.062518 0.370000
v -19.000000 1.100000 0.450000
v -18.715299 1.062518 0.450000
vn 0.130526 0.991445 -0.000000
f 64//22 65//22 66//22
v -19.000000 0.000000 0.370000
v -19.000000 1.100000 0.370000
v -18.715299 1.062518 0.370000
vn 0.000000 0.000000 -1.000000
f 67//23 68//23 69//23
v -19.000000 0.000000 0.450000
v -18.715299 1.062518 0.450000
v -19.000000 1.100000 0.450000
vn 0.000000 0.000000 1.000000
f 70//24 71//24 72//24
v -19.000000 1.100000 0.370000
v -19.284701 1.062518 0.370000
v -19.284701 1.062518 0.450000
vn -0.130526 0.991445 0.000000
f 73//25 74//25 75//25
v -19.000000 1.100000 0.370000
v -19.284701 1.062518 0.450000
v -19.000000 1.100000 0.450000
vn -0.130526 0.991445 0.000000
f 76//26 77//26 78//26
v -19.000000 0.000000 0.370000
v -19.284701 1.062518 0.370000
v -19.000000 1.100000 0.370000
vn 0.000000 0.000000 -1.000000
f 79//27 80//27 81//27
v -19.000000 0.000000 0.450000
v -19.000000 1.100000 0.450000
v -19.284701 1.062518 0.450000
vn 0.000000 -0.000000 1.000000
f 82//28 83//28 84//28
v -19.284701 1.062518 0.370000
v -19.550000 0.952628 0.370000
v -19.550000 0.952628 0.450000
vn -0.382683 0.923880 0.000000
f 85//29 86//29 87//29
v -19.284701 1.062518 0.370000
v -19.550000 0.952628 0.450000
v -19.284701 1.062518 0.450000
vn -0.382683 0.923880 0.000000
f 88//30 89//30 90//30
v -19.000000 0.000000 0.370000
v -19.550000 0.952628 0.370000
v -19.284701 1.062518 0.370000
vn 0.000000 0.000000 -1.000000
f 91//31 92//31 93//31
v -19.000000 0.000000 0.450000
v -19.284701 1.062518 0.450000
v -19.550000 0.952628 0.450000
vn 0.000000 0.000000 1.000000
f 94//32 95//32 96//32
v -19.550000 0.952628 0.370000
v -19.777817 0.777817 0.370000
v -19.777817 0.777817 0.450000
vn -0.608761 0.793353 0.000000
f 97//33 98//33 99//33
v -19.550000 0.952628 0.370000
v -19.777817 0.777817 0.450000
v -19.550000 0.952628 0.450000
vn -0.608761 0.793353 0.000000
f 100//34 101//34 102//34
v -19.000000 0.000000 0.370000
v -19.777817 0.777817 0.370000
v -19.550000 0.952628 0.370000
vn 0.000000 0.000000 -1.000000
f 103//35 104//35 105//35
v -19.000000 0.000000 0.450000
v -19.550000 0.952628 0.450000
v -19.777817 0.777817 0.450000
vn 0.000000 0.000000 1.000000
f 106//36 107//36 108//36
v -19.777817 0.777817 0.370000
v -19.952628 0.550000 0.370000
v -19.952628 0.550000 0.450000
vn -0.793353 0.608761 0.000000
f 109//37 110//37 111//37
v -19.777817 0.777817 0.370000
v -19.952628 0.550000 0.450000
v -19.777817 0.777817 0.450000
vn -0.793353 0.608761 0.000000
f 112//38 113//38 114//38
v -19.000000 0.000000 0.370000
v -19.952628 0.550000 0.370000
v -19.777817 0.777817 0.370000
vn 0.000000 0.000000 -1.000000
f 115//39 116//39 117//39
v -19.000000 0.000000 0.450000
v -19.777817 0.777817 0.450000
v -19.952628 0.550000 0.450000
vn 0.000000 0.000000 1.000000
f 118//40 119//40 120//40
v -19.952628 0.550000 0.370000
v -20.062518 0.284701 0.370000
v -20.062518 0.284701 0.450000
vn -0.923880 0.382683 0.000000
f 121//41 122//41 123//41
v -19.952628 0.550000 0.370000
v -20.062518 0.284701 0.450000
v -19.952628 0.550000 0.450000
vn -0.923880 0.382683 0.000000
f 124//42 125//42 126//42
v -19.000000 0.000000 0.370000
v -20.062518 0.284701 0.370000
v -19.952628 0.550000 0.370000
vn 0.000000 0.000000 -1.000000
f 127//43 128//43 129//43
v -19.000000 0.000000 0.450000
v -19.952628 0.550000 0.450000
v -20.062518 0.284701 0.450000
vn 0.000000 0.000000 1.000000
f 130//44 131//44 132//44
v -20.062518 0.284701 0.370000
v -20.100000 0.000000 0.370000
v -20.100000 0.000000 0.450000
vn -0.991445 0.130526 0.000000
f 133//45 134//45 135//45
v -20.062518 0.284701 0.370000
v -20.100000 0.000000 0.450000
v -20.062518 0.284701 0.450000
vn -0.991445 0.130526 0.000000
f 136//46 137//46 138//46
v -19.000000 0.000000 0.370000
v -20.100000 0.000000 0.370000
v -20.062518 0.284701 0.370000
vn 0.000000 0.000000 -1.000000
f 139//47 140//47 141//47
v -19.000000 0.000000 0.450000
v -20.062518 0.284701 0.450000
v -20.100000 0.000000 0.450000
vn 0.000000 0.000000 1.000000
f 142//48 143//48 144//48
v -20.100000 0.000000 0.370000
v -20.062518 -0.284701 0.370000
v -20.062518 -0.284701 0.450000
vn -0.991445 -0.130526 0.000000
f 145//49 146//49 147//49
v -20.100000 0.000000 0.370000
v -20.062518 -0.284701 0.450000
v -20.100000 0.000000 0.450000
vn -0.991445 -0.130526 0.000000
f 148//50 149//50 150//50
v -19.000000 0.000000 0.370000
v -20.062518 -0.284701 0.370000
v -20.100000 0.000000 0.370000
vn -0.000000 0.000000 -1.000000
f 151//51 152//51 153//51
v -19.000000 0.000000 0.450000
v -20.100000 0.000000 0.450000
v -20.062518 -0.284701 0.450000
vn 0.000000 0.000000 1.000000
f 154//52 155//52 156//52
v -20.062518 -0.284701 0.370000
v -19.952628 -0.550000 0.370000
v -19.952628 -0.550000 0.450000
vn -0.923880 -0.382683 0.000000
f 157//53 158//53 159//53
v -20.062518 -0.284701 0.370000
v -19.952628 -0.550000 0.450000
v -20.062518 -0.284701 0.450000
vn -0.923880 -0.382683 0.000000
f 160//54 161//54 162//54
v -19.000000 0.000000 0.370000
v -19.952628 -0.550000 0.370000
v -20.062518 -0.284701 0.370000
vn 0.000000 0.000000 -1.000000
f 163//55 164//55 165//55
v -19.000000 0.000000 0.450000
v -20.062518 -0.284701 0.450000
v -19.952628 -0.550000 0.450000
vn 0.000000 0.000000 1.000000
f 166//56 167//56 168//56
v -19.952628 -0.550000 0.370000
v -19.777817 -0.777817 0.370000
v -19.777817 -0.777817 0.450000
vn -0.793353 -0.608761 0.000000
f 169//57 170//57 171//57
v -19.952628 -0.550000 0.370000
v -19.777817 -0.777817 0.450000
v -19.952628 -0.550000 0.450000
vn -0.793353 -0.608761 0.000000
f 172//58 173//58 174//58
v -19.000000 0.000000 0.370000
v -19.777817 -0.777817 0.370000
v -19.952628 -0.550000 0.370000
vn 0.000000 0.000000 -1.000000
f 175//59 176//59 177//59
v -19.000000 0.000000 0.450000
v -19.952628 -0.550000 0.450000
v -19.777817 -0.777817 0.450000
vn 0.000000 0.000000 1.000000
f 178//60 179//60 180//60
v -19.777817 -0.777817 0.370000
v -19.550000 -0.952628 0.370000
v -19.550000 -0.952628 0.450000
vn -0.608761 -0.793353 0.000000
f 181//61 182//61 183//61
v -19.777817 -0.777817 0.370000
v -19.550000 -0.952628 0.450000
v -19.777817 -0.777817 0.450000
vn -0.608761 -0.793353 0.000000
f 184//62 185//62 186//62
v -19.000000 0.000000 0.370000
v -19.550000 -0.952628 0.370000
v -19.777817 -0.777817 0.370000
vn 0.000000 0.000000 -1.000000
f 187//63 188//63 189//63
v -19.000000 0.000000 0.450000
v -19.777817 -0.777817 0.450000
v -19.550000 -0.952628 0.450000
vn 0.000000 0.000000 1.000000
f 190//64 191//64 192//64
v -19.550000 -0.952628 0.370000
v -19.284701 -1.062518 0.370000
v -19.284701 -1.062518 0.450000
vn -0.382683 -0.923880 0.000000
f 193//65 194//65 195//65
v -19.550000 -0.952628 0.370000
v -19.284701 -1.062518 0.450000
v -19.550000 -0.952628 0.450000
vn -0.382683 -0.923880 0.000000
f 196//66 197//66 198//66
v -19.000000 0.000000 0.370000
v -19.284701 -1.062518 0.370000
v -19.550000 -0.952628 0.370000
vn 0.000000 0.000000 -1.000000
f 199//67 200//67 201//67
v -19.000000 0.000000 0.450000
v -19.550000 -0.952628 0.450000
v -19.284701 -1.062518 0.450000
vn 0.000000 0.000000 1.000000
f 202//68 203//68 204//68
v -19.284701 -1.062518 0.370000
v -19.000000 -1.100000 0.370000
v -19.000000 -1.100000 0.450000
vn -0.130526 -0.991445 0.000000
f 205//69 206//69 207//69
v -19.284701 -1.062518 0.370000
v -19.000000 -1.100000 0.450000
v -19.284701 -1.062518 0.450000
vn -0.130526 -0.991445 0.000000
f 208//70 209//70 210//70
v -19.000000 0.000000 0.370000
v -19.000000 -1.100000 0.370000
v -19.284701 -1.062518 0.370000
vn 0.000000 -0.000000 -1.000000
f 211//71 212//71 213//71
v -19.000000 0.000000 0.450000
v -19.284701 -1.062518 0.450000
v -19.000000 -1.100000 0.450000
vn 0.000000 0.000000 1.000000
f 214//72 215//72 216//72
v -19.000000 -1.100000 0.370000
v -18.715299 -1.062518 0.370000
v -18.715299 -1.062518 0.450000
vn 0.130526 -0.991445 0.000000
f 217//73 218//73 219//73
v -19.000000 -1.100000 0.370000
v -18.715299 -1.062518 0.450000
v -19.000000 -1.100000 0.450000
vn 0.130526 -0.991445 0.000000
f 220//74 221//74 222//74
v -19.000000 0.000000 0.370000
v -18.715299 -1.062518 0.370000
v -19.000000 -1.100000 0.370000
vn 0.000000 0.000000 -1.000000
f 223//75 224//75 225//75
v -19.000000 0.000000 0.450000
v -19.000000 -1.100000 0.450000
v -18.715299 -1.062518 0.450000
vn 0.000000 0.000000 1.000000
f 226//76 227//76 228//76
v -18.715299 -1.062518 0.370000
v -18.450000 -0.952628 0.370000
v -18.450000 -0.952628 0.450000
vn 0.382683 -0.923880 0.000000
f 229//77 230//77 231//77
v -18.715299 -1.062518 0.370000
v -18.450000 -0.952628 0.450000
v -18.715299 -1.062518 0.450000
vn 0.382683 -0.923880 0.000000
f 232//78 233//78 234//78
v -19.000000 0.000000 0.370000
v -18.450000 -0.952628 0.370000
v -18.715299 -1.062518 0.370000
vn 0.000000 0.000000 -1.000000
f 235//79 236//79 237//79
v -19.000000 0.000000 0.450000
v -18.715299 -1.062518 0.450000
v -18.450000 -0.952628 0.450000
vn 0.000000 0.000000 1.000000
f 238//80 239//80 240//80
v -18.450000 -0.952628 0.370000
v -18.222183 -0.777817 0.370000
v -18.222183 -0.777817 0.450000
vn 0.608761 -0.793353 0.000000
f 241//81 242//81 243//81
v -18.450000 -0.952628 0.370000
v -18.222183 -0.777817 0.450000
v -18.450000 -0.952628 0.450000
vn 0.608761 -0.793353 0.000000
f 244//82 245//82 246//82
v -19.000000 0.000000 0.370000
v -18.222183 -0.777817 0.370000
v -18.450000 -0.952628 0.370000
vn 0.000000 0.000000 -1.000000
f 247//83 248//83 249//83
v -19.000000 0.000000 0.450000
v -18.450000 -0.952628 0.450000
v -18.222183 -0.777817 0.450000
vn 0.000000 0.000000 1.000000
f 250//84 251//84 252//84
v -18.222183 -0.777817 0.370000
v -18.047372 -0.550000 0.370000
v -18.047372 -0.550000 0.450000
vn 0.793353 -0.608761 0.000000
f 253//85 254//85 255//85
v -18.222183 -0.777817 0.370000
v -18.047372 -0.550000 0.450000
v -18.222183 -0.777817 0.450000
vn 0.793353 -0.608761 0.000000
f 256//86 257//86 258//86
v -19.000000 0.000000 0.370000
v -18.047372 -0.550000 0.370000
v -18.222183 -0.777817 0.370000
vn 0.000000 0.000000 -1.000000
f 259//87 260//87 261//87
v -19.000000 0.000000 0.450000
v -18.222183 -0.777817 0.450000
v -18.047372 -0.550000 0.450000
vn 0.000000 0.000000 1.000000
f 262//88 263//88 264//88
v -18.047372 -0.550000 0.370000
v -17.937482 -0.284701 0.370000
v -17.937482 -0.284701 0.450000
vn 0.923880 -0.382683 0.000000
f 265//89 266//89 267//89
v -18.047372 -0.550000 0.370000
v -17.937482 -0.284701 0.450000
v -18.047372 -0.550000 0.450000
vn 0.923880 -0.382683 0.000000
f 268//90 269//90 270//90
v -19.000000 0.000000 0.370000
v -17.937482 -0.284701 0.370000
v -18.047372 -0.550000 0.370000
vn 0.000000 0.000000 -1.000000
f 271//91 272//91 273//91
v -19.000000 0.000000 0.450000
v -18.047372 -0.550000 0.450000
v -17.937482 -0.284701 0.450000
vn 0.000000 0.000000 1.000000
f 274//92 275//92 276//92
v -17.937482 -0.284701 0.370000
v -17.900000 -0.000000 0.370000
v -17.900000 -0.000000 0.450000
vn 0.991445 -0.130526 0.000000
f 277//93 278//93 279//93
v -17.937482 -0.284701 0.370000
v -17.900000 -0.000000 0.450000
v -17.937482 -0.284701 0.450000
vn 0.991445 -0.130526 0.000000
f 280//94 281//94 282//94
v -19.000000 0.000000 0.370000
v -17.900000 -0.000000 0.370000
v -17.937482 -0.284701 0.370000
vn 0.000000 0.000000 -1.000000
f 283//95 284//95 285//95
v -19.000000 0.000000 0.450000
v -17.937482 -0.284701 0.450000
v -17.900000 -0.000000 0.450000
vn 0.000000 0.000000 1.000000
f 286//96 287//96 288//96
v -18.702522 0.140000 7.029894
v -18.697478 0.140000 6.970106
v -18.697478 -0.140000 6.970106
vn -0.996461 0.000000 -0.084052
f 289//97 290//97 291//97
v -18.702522 0.140000 7.029894
v -18.697478 -0.140000 6.970106
v -18.702522 -0.140000 7.029894
vn -0.996461 -0.000000 -0.084052
f 292//98 293//98 294//98
v -18.152522 0.140000 7.076286
v -18.152522 -0.140000 7.076286
v -18.147478 -0.140000 7.016499
vn 0.996461 0.000000 0.084052
f 295//99 296//99 297//99
v -18.152522 0.140000 7.076286
v -18.147478 -0.140000 7.016499
v -18.147478 0.140000 7.016499
vn 0.996461 0.000000 0.084052
f 298//100 299//100 300//100
v -18.702522 0.140000 7.029894
v -18.702522 -0.140000 7.029894
v -18.152522 -0.140000 7.076286
vn -0.084052 0.000000 0.996461
f 301//101 302//101 303//101
v -18.702522 0.140000 7.029894
v -18.152522 -0.140000 7.076286
v -18.152522 0.140000 7.076286
vn -0.084052 0.000000 0.996461
f 304//102 305//102 306//102
v -18.702522 -0.140000 7.029894
v -18.697478 -0.140000 6.970106
v -18.147478 -0.140000 7.016499
vn 0.000000 -1.000000 0.000000
f 307//103 308//103 309//103
v -18.702522 -0.140000 7.029894
v -18.147478 -0.140000 7.016499
v -18.152522 -0.140000 7.076286
vn 0.000000 -1.000000 0.000000
f 310//104 311//104 312//104
v -18.697478 -0.140000 6.970106
v -18.697478 0.140000 6.970106
v -18.147478 0.140000 7.016499
vn 0.084052 0.000000 -0.996461
f 313//105 314//105 315//105
v -18.697478 -0.140000 6.970106
v -18.147478 0.140000 7.016499
v -18.147478 -0.140000 7.016499
vn 0.084052 0.000000 -0.996461
f 316//106 317//106 318//106
v -18.697478 0.140000 6.970106
v -18.702522 0.140000 7.029894
v -18.152522 0.140000 7.076286
vn 0.000000 1.000000 -0.000000
f 319//107 320//107 321//107
v -18.697478 0.140000 6.970106
v -18.152522 0.140000 7.076286
v -18.147478 0.140000 7.016499
vn 0.000000 1.000000 0.000000
f 322//108 323//108 324//108
v -18.146433 0.116667 7.076180
v -18.153567 0.116667 7.016605
v -18.153567 -0.116667 7.016605
vn -0.992906 0.000000 0.118904
f 325//109 326//109 327//109
v -18.146433 0.116667 7.076180
v -18.153567 -0.116667 7.016605
v -18.146433 -0.116667 7.076180
vn -0.992906 0.000000 0.118904
f 328//110 329//110 330//110
v -17.596433 0.116667 7.010315
v -17.596433 -0.116667 7.010315
v -17.603567 -0.116667 6.950741
vn 0.992906 0.000000 -0.118904
f 331//111 332//111 333//111
v -17.596433 0.116667 7.010315
v -17.603567 -0.116667 6.950741
v -17.603567 0.116667 6.950741
vn 0.992906 0.000000 -0.118904
f 334//112 335//112 336//112
v -18.146433 0.116667 7.076180
v -18.146433 -0.116667 7.076180
v -17.596433 -0.116667 7.010315
vn 0.118904 0.000000 0.992906
f 337//113 338//113 339//113
v -18.146433 0.116667 7.076180
v -17.596433 -0.116667 7.010315
v -17.596433 0.116667 7.010315
vn 0.118904 0.000000 0.992906
f 340//114 341//114 342//114
v -18.146433 -0.116667 7.076180
v -18.153567 -0.116667 7.016605
v -17.603567 -0.116667 6.950741
vn 0.000000 -1.000000 -0.000000
f 343//115 344//115 345//115
v -18.146433 -0.116667 7.076180
v -17.603567 -0.116667 6.950741
v -17.596433 -0.116667 7.010315
vn 0.000000 -1.000000 0.000000
f 346//116 347//116 348//116
v -18.153567 -0.116667 7.016605
v -18.153567 0.116667 7.016605
v -17.603567 0.116667 6.950741
vn -0.118904 0.000000 -0.992906
f 349//117 350//117 351//117
v -18.153567 -0.116667 7.016605
v -17.603567 0.116667 6.950741
v -17.603567 -0.116667 6.950741
vn -0.118904 0.000000 -0.992906
f 352//118 353//118 354//118
v -18.153567 0.116667 7.016605
v -18.146433 0.116667 7.076180
v -17.596433 0.116667 7.010315
vn -0.000000 1.000000 0.000000
f 355//119 356//119 357//119
v -18.153567 0.116667 7.016605
v -17.596433 0.116667 7.010315
v -17.603567 0.116667 6.950741
vn 0.000000 1.000000 0.000000
f 358//120 359//120 360//120
v -17.587689 0.093333 7.007886
v -17.612311 0.093333 6.953171
v -17.612311 -0.093333 6.953171
vn -0.911922 0.000000 0.410365
f 361//121 362//121 363//121
v -17.587689 0.093333 7.007886
v -17.612311 -0.093333 6.953171
v -17.587689 -0.093333 7.007886
vn -0.911922 0.000000 0.410365
f 364//122 365//122 366//122
v -17.037689 0.093333 6.760386
v -17.037689 -0.093333 6.760386
v -17.062311 -0.093333 6.705671
vn 0.911922 0.000000 -0.410365
f 367//123 368//123 369//123
v -17.037689 0.093333 6.760386
v -17.062311 -0.093333 6.705671
v -17.062311 0.093333 6.705671
vn 0.911922 0.000000 -0.410365
f 370//124 371//124 372//124
v -17.587689 0.093333 7.007886
v -17.587689 -0.093333 7.007886
v -17.037689 -0.093333 6.760386
vn 0.410365 0.000000 0.911922
f 373//125 374//125 375//125
v -17.587689 0.093333 7.007886
v -17.037689 -0.093333 6.760386
v -17.037689 0.093333 6.760386
vn 0.410365 0.000000 0.911922
f 376//126 377//126 378//126
v -17.587689 -0.093333 7.007886
v -17.612311 -0.093333 6.953171
v -17.062311 -0.093333 6.705671
vn 0.000000 -1.000000 -0.000000
f 379//127 380//127 381//127
v -17.587689 -0.093333 7.007886
v -17.062311 -0.093333 6.705671
v -17.037689 -0.093333 6.760386
vn 0.000000 -1.000000 0.000000
f 382//128 383//128 384//128
v -17.612311 -0.093333 6.953171
v -17.612311 0.093333 6.953171
v -17.062311 0.093333 6.705671
vn -0.410365 0.000000 -0.911922
f 385//129 386//129 387//129
v -17.612311 -0.093333 6.953171
v -17.062311 0.093333 6.705671
v -17.062311 -0.093333 6.705671
vn -0.410365 0.000000 -0.911922
f 388//130 389//130 390//130
v -17.612311 0.093333 6.953171
v -17.587689 0.093333 7.007886
v -17.037689 0.093333 6.760386
vn -0.000000 1.000000 0.000000
f 391//131 392//131 393//131
v -17.612311 0.093333 6.953171
v -17.037689 0.093333 6.760386
v -17.062311 0.093333 6.705671
vn 0.000000 1.000000 0.000000
f 394//132 395//132 396//132
v -17.031545 0.070000 6.756680
v -17.068455 0.070000 6.709376
v -17.068455 -0.070000 6.709376
vn -0.788408 0.000000 0.615153
f 397//133 398//133 399//133
v -17.031545 0.070000 6.756680
v -17.068455 -0.070000 6.709376
v -17.031545 -0.070000 6.756680
vn -0.788408 0.000000 0.615153
f 400//134 401//134 402//134
v -16.481545 0.070000 6.327545
v -16.481545 -0.070000 6.327545
v -16.518455 -0.070000 6.280240
vn 0.788408 0.000000 -0.615153
f 403//135 404//135 405//135
v -16.481545 0.070000 6.327545
v -16.518455 -0.070000 6.280240
v -16.518455 0.070000 6.280240
vn 0.788408 0.000000 -0.615153
f 406//136 407//136 408//136
v -17.031545 0.070000 6.756680
v -17.031545 -0.070000 6.756680
v -16.481545 -0.070000 6.327545
vn 0.615153 0.000000 0.788408
f 409//137 410//137 411//137
v -17.031545 0.070000 6.756680
v -16.481545 -0.070000 6.327545
v -16.481545 0.070000 6.327545
vn 0.615153 0.000000 0.788408
f 412//138 413//138 414//138
v -17.031545 -0.070000 6.756680
v -17.068455 -0.070000 6.709376
v -16.518455 -0.070000 6.280240
vn 0.000000 -1.000000 -0.000000
f 415//139 416//139 417//139
v -17.031545 -0.070000 6.756680
v -16.518455 -0.070000 6.280240
v -16.481545 -0.070000 6.327545
vn 0.000000 -1.000000 0.000000
f 418//140 419//140 420//140
v -17.068455 -0.070000 6.709376
v -17.068455 0.070000 6.709376
v -16.518455 0.070000 6.280240
vn -0.615153 0.000000 -0.788408
f 421//141 422//141 423//141
v -17.068455 -0.070000 6.709376
v -16.518455 0.070000 6.280240
v -16.518455 -0.070000 6.280240
vn -0.615153 0.000000 -0.788408
f 424//142 425//142 426//142
v -17.068455 0.070000 6.709376
v -17.031545 0.070000 6.756680
v -16.481545 0.070000 6.327545
vn -0.000000 1.000000 0.000000
f 427//143 428//143 429//143
v -17.068455 0.070000 6.709376
v -16.481545 0.070000 6.327545
v -16.518455 0.070000 6.280240
vn 0.000000 1.000000 0.000000
f 430//144 431//144 432//144
v -16.478955 0.046667 6.325272
v -16.521045 0.046667 6.282513
v -16.521045 -0.046667 6.282513
vn -0.712661 0.000000 0.701508
f 433//145 434//145 435//145
v -16.478955 0.046667 6.325272
v -16.521045 -0.046667 6.282513
v -16.478955 -0.046667 6.325272
vn -0.712661 0.000000 0.701508
f 436//146 437//146 438//146
v -15.928955 0.046667 5.783880
v -15.928955 -0.046667 5.783880
v -15.971045 -0.046667 5.741120
vn 0.712661 0.000000 -0.701508
f 439//147 440//147 441//147
v -15.928955 0.046667 5.783880
v -15.971045 -0.046667 5.741120
v -15.971045 0.046667 5.741120
vn 0.712661 0.000000 -0.701508
f 442//148 443//148 444//148
v -16.478955 0.046667 6.325272
v -16.478955 -0.046667 6.325272
v -15.928955 -0.046667 5.783880
vn 0.701508 0.000000 0.712661
f 445//149 446//149 447//149
v -16.478955 0.046667 6.325272
v -15.928955 -0.046667 5.783880
v -15.928955 0.046667 5.783880
vn 0.701508 0.000000 0.712661
f 448//150 449//150 450//150
v -16.478955 -0.046667 6.325272
v -16.521045 -0.046667 6.282513
v -15.971045 -0.046667 5.741120
vn 0.000000 -1.000000 -0.000000
f 451//151 452//151 453//151
v -16.478955 -0.046667 6.325272
v -15.971045 -0.046667 5.741120
v -15.928955 -0.046667 5.783880
vn 0.000000 -1.000000 0.000000
f 454//152 455//152 456//152
v -16.521045 -0.046667 6.282513
v -16.521045 0.046667 6.282513
v -15.971045 0.046667 5.741120
vn -0.701508 0.000000 -0.712661
f 457//153 458//153 459//153
v -16.521045 -0.046667 6.282513
v -15.971045 0.046667 5.741120
v -15.971045 -0.046667 5.741120
vn -0.701508 0.000000 -0.712661
f 460//154 461//154 462//154
v -16.521045 0.046667 6.282513
v -16.478955 0.046667 6.325272
v -15.928955 0.046667 5.783880
vn -0.000000 1.000000 0.000000
f 463//155 464//155 465//155
v -16.521045 0.046667 6.282513
v -15.928955 0.046667 5.783880
v -15.971045 0.046667 5.741120
vn 0.000000 1.000000 0.000000
f 466//156 467//156 468//156
v -18.828396 0.055864 7.029894
v -18.826301 0.060452 6.970106
v -18.571604 -0.055864 6.970106
vn -0.413945 -0.906413 -0.084052
f 469//157 470//157 471//157
v -18.828396 0.055864 7.029894
v -18.571604 -0.055864 6.970106
v -18.573699 -0.060452 7.029894
vn -0.413945 -0.906413 -0.084052
f 472//158 473//158 474//158
v -18.599918 0.556162 7.076286
v -18.345221 0.439846 7.076286
v -18.343126 0.444433 7.016499
vn 0.413945 0.906413 0.084052
f 475//159 476//159 477//159
v -18.599918 0.556162 7.076286
v -18.343126 0.444433 7.016499
v -18.597823 0.560749 7.016499
vn 0.413945 0.906413 0.084052
f 478//160 479//160 480//160
v -18.828396 0.055864 7.029894
v -18.573699 -0.060452 7.029894
v -18.345221 0.439846 7.076286
vn -0.034916 -0.076456 0.996461
f 481//161 482//161 483//161
v -18.828396 0.055864 7.029894
v -18.345221 0.439846 7.076286
v -18.599918 0.556162 7.076286
vn -0.034916 -0.076456 0.996461
f 484//162 485//162 486//162
v -18.573699 -0.060452 7.029894
v -18.571604 -0.055864 6.970106
v -18.343126 0.444433 7.016499
vn 0.909632 -0.415415 0.000000
f 487//163 488//163 489//163
v -18.573699 -0.060452 7.029894
v -18.343126 0.444433 7.016499
v -18.345221 0.439846 7.076286
vn 0.909632 -0.415415 0.000000
f 490//164 491//164 492//164
v -18.571604 -0.055864 6.970106
v -18.826301 0.060452 6.970106
v -18.597823 0.560749 7.016499
vn 0.034916 0.076456 -0.996461
f 493//165 494//165 495//165
v -18.571604 -0.055864 6.970106
v -18.597823 0.560749 7.016499
v -18.343126 0.444433 7.016499
vn 0.034916 0.076456 -0.996461
f 496//166 497//166 498//166
v -18.826301 0.060452 6.970106
v -18.828396 0.055864 7.029894
v -18.599918 0.556162 7.076286
vn -0.909632 0.415415 -0.000000
f 499//167 500//167 501//167
v -18.826301 0.060452 6.970106
v -18.599918 0.556162 7.076286
v -18.597823 0.560749 7.016499
vn -0.909632 0.415415 -0.000000
f 502//168 503//168 504//168
v -18.576164 0.552007 7.076180
v -18.579127 0.545518 7.016605
v -18.366880 0.448588 7.016605
vn -0.412468 -0.903179 0.118904
f 505//169 506//169 507//169
v -18.576164 0.552007 7.076180
v -18.366880 0.448588 7.016605
v -18.363916 0.455077 7.076180
vn -0.412468 -0.903179 0.118904
f 508//170 509//170 510//170
v -18.347685 1.052305 7.010315
v -18.135438 0.955375 7.010315
v -18.138402 0.948885 6.950741
vn 0.412468 0.903179 -0.118904
f 511//171 512//171 513//171
v -18.347685 1.052305 7.010315
v -18.138402 0.948885 6.950741
v -18.350649 1.045816 6.950741
vn 0.412468 0.903179 -0.118904
f 514//172 515//172 516//172
v -18.576164 0.552007 7.076180
v -18.363916 0.455077 7.076180
v -18.135438 0.955375 7.010315
vn 0.049394 0.108159 0.992906
f 517//173 518//173 519//173
v -18.576164 0.552007 7.076180
v -18.135438 0.955375 7.010315
v -18.347685 1.052305 7.010315
vn 0.049394 0.108159 0.992906
f 520//174 521//174 522//174
v -18.363916 0.455077 7.076180
v -18.366880 0.448588 7.016605
v -18.138402 0.948885 6.950741
vn 0.909632 -0.415415 0.000000
f 523//175 524//175 525//175
v -18.363916 0.455077 7.076180
v -18.138402 0.948885 6.950741
v -18.135438 0.955375 7.010315
vn 0.909632 -0.415415 0.000000
f 526//176 527//176 528//176
v -18.366880 0.448588 7.016605
v -18.579127 0.545518 7.016605
v -18.350649 1.045816 6.950741
vn -0.049394 -0.108159 -0.992906
f 529//177 530//177 531//177
v -18.366880 0.448588 7.016605
v -18.350649 1.045816 6.950741
v -18.138402 0.948885 6.950741
vn -0.049394 -0.108159 -0.992906
f 532//178 533//178 534//178
v -18.579127 0.545518 7.016605
v -18.576164 0.552007 7.076180
v -18.347685 1.052305 7.010315
vn -0.909632 0.415415 -0.000000
f 535//179 536//179 537//179
v -18.579127 0.545518 7.016605
v -18.347685 1.052305 7.010315
v -18.350649 1.045816 6.950741
vn -0.909632 0.415415 -0.000000
f 538//180 539//180 540//180
v -18.322828 1.050566 7.007886
v -18.333057 1.028169 6.953171
v -18.163259 0.950625 6.953171
vn -0.378826 -0.829513 0.410365
f 541//181 542//181 543//181
v -18.322828 1.050566 7.007886
v -18.163259 0.950625 6.953171
v -18.153030 0.973022 7.007886
vn -0.378826 -0.829513 0.410365
f 544//182 545//182 546//182
v -18.094350 1.550863 6.760386
v -17.924552 1.473319 6.760386
v -17.934780 1.450922 6.705671
vn 0.378826 0.829513 -0.410365
f 547//183 548//183 549//183
v -18.094350 1.550863 6.760386
v -17.934780 1.450922 6.705671
v -18.104578 1.528466 6.705671
vn 0.378826 0.829513 -0.410365
f 550//184 551//184 552//184
v -18.322828 1.050566 7.007886
v -18.153030 0.973022 7.007886
v -17.924552 1.473319 6.760386
vn 0.170472 0.373281 0.911922
f 553//185 554//185 555//185
v -18.322828 1.050566 7.007886
v -17.924552 1.473319 6.760386
v -18.094350 1.550863 6.760386
vn 0.170472 0.373281 0.911922
f 556//186 557//186 558//186
v -18.153030 0.973022 7.007886
v -18.163259 0.950625 6.953171
v -17.934780 1.450922 6.705671
vn 0.909632 -0.415415 0.000000
f 559//187 560//187 561//187
v -18.153030 0.973022 7.007886
v -17.934780 1.450922 6.705671
v -17.924552 1.473319 6.760386
vn 0.909632 -0.415415 0.000000
f 562//188 563//188 564//188
v -18.163259 0.950625 6.953171
v -18.333057 1.028169 6.953171
v -18.104578 1.528466 6.705671
vn -0.170472 -0.373281 -0.911922
f 565//189 566//189 567//189
v -18.163259 0.950625 6.953171
v -18.104578 1.528466 6.705671
v -17.934780 1.450922 6.705671
vn -0.170472 -0.373281 -0.911922
f 568//190 569//190 570//190
v -18.333057 1.028169 6.953171
v -18.322828 1.050566 7.007886
v -18.094350 1.550863 6.760386
vn -0.909632 0.415415 -0.000000
f 571//191 572//191 573//191
v -18.333057 1.028169 6.953171
v -18.094350 1.550863 6.760386
v -18.104578 1.528466 6.705671
vn -0.909632 0.415415 -0.000000
f 574//192 575//192 576//192
v -18.070573 1.546759 6.756680
v -18.085906 1.513185 6.709376
v -17.958557 1.455027 6.709376
vn -0.327517 -0.717161 0.615153
f 577//193 578//193 579//193
v -18.070573 1.546759 6.756680
v -17.958557 1.455027 6.709376
v -17.943225 1.488601 6.756680
vn -0.327517 -0.717161 0.615153
f 580//194 581//194 582//194
v -17.842095 2.047056 6.327545
v -17.714746 1.988898 6.327545
v -17.730079 1.955324 6.280240
vn 0.327517 0.717161 -0.615153
f 583//195 584//195 585//195
v -17.842095 2.047056 6.327545
v -17.730079 1.955324 6.280240
v -17.857428 2.013483 6.280240
vn 0.327517 0.717161 -0.615153
f 586//196 587//196 588//196
v -18.070573 1.546759 6.756680
v -17.943225 1.488601 6.756680
v -17.714746 1.988898 6.327545
vn 0.255544 0.559563 0.788408
f 589//197 590//197 591//197
v -18.070573 1.546759 6.756680
v -17.714746 1.988898 6.327545
v -17.842095 2.047056 6.327545
vn 0.255544 0.559563 0.788408
f 592//198 593//198 594//198
v -17.943225 1.488601 6.756680
v -17.958557 1.455027 6.709376
v -17.730079 1.955324 6.280240
vn 0.909632 -0.415415 0.000000
f 595//199 596//199 597//199
v -17.943225 1.488601 6.756680
v -17.730079 1.955324 6.280240
v -17.714746 1.988898 6.327545
vn 0.909632 -0.415415 0.000000
f 598//200 599//200 600//200
v -17.958557 1.455027 6.709376
v -18.085906 1.513185 6.709376
v -17.857428 2.013483 6.280240
vn -0.255544 -0.559563 -0.788408
f 601//201 602//201 603//201
v -17.958557 1.455027 6.709376
v -17.857428 2.013483 6.280240
v -17.730079 1.955324 6.280240
vn -0.255544 -0.559563 -0.788408
f 604//202 605//202 606//202
v -18.085906 1.513185 6.709376
v -18.070573 1.546759 6.756680
v -17.842095 2.047056 6.327545
vn -0.909632 0.415415 -0.000000
f 607//203 608//203 609//203
v -18.085906 1.513185 6.709376
v -17.842095 2.047056 6.327545
v -17.857428 2.013483 6.280240
vn -0.909632 0.415415 -0.000000
f 610//204 611//204 612//204
v -17.819794 2.039720 6.325272
v -17.837279 2.001433 6.282513
v -17.752380 1.962661 6.282513
vn -0.296050 -0.648260 0.701508
f 613//205 614//205 615//205
v -17.819794 2.039720 6.325272
v -17.752380 1.962661 6.282513
v -17.734895 2.000948 6.325272
vn -0.296050 -0.648260 0.701508
f 616//206 617//206 618//206
v -17.591316 2.540017 5.783880
v -17.506417 2.501245 5.783880
v -17.523902 2.462959 5.741120
vn 0.296050 0.648260 -0.701508
f 619//207 620//207 621//207
v -17.591316 2.540017 5.783880
v -17.523902 2.462959 5.741120
v -17.608801 2.501731 5.741120
vn 0.296050 0.648260 -0.701508
f 622//208 623//208 624//208
v -17.819794 2.039720 6.325272
v -17.734895 2.000948 6.325272
v -17.506417 2.501245 5.783880
vn 0.291417 0.638114 0.712661
f 625//209 626//209 627//209
v -17.819794 2.039720 6.325272
v -17.506417 2.501245 5.783880
v -17.591316 2.540017 5.783880
vn 0.291417 0.638114 0.712661
f 628//210 629//210 630//210
v -17.734895 2.000948 6.325272
v -17.752380 1.962661 6.282513
v -17.523902 2.462959 5.741120
vn 0.909632 -0.415415 0.000000
f 631//211 632//211 633//211
v -17.734895 2.000948 6.325272
v -17.523902 2.462959 5.741120
v -17.506417 2.501245 5.783880
vn 0.909632 -0.415415 0.000000
f 634//212 635//212 636//212
v -17.752380 1.962661 6.282513
v -17.837279 2.001433 6.282513
v -17.608801 2.501731 5.741120
vn -0.291417 -0.638114 -0.712661
f 637//213 638//213 639//213
v -17.752380 1.962661 6.282513
v -17.608801 2.501731 5.741120
v -17.523902 2.462959 5.741120
vn -0.291417 -0.638114 -0.712661
f 640//214 641//214 642//214
v -17.837279 2.001433 6.282513
v -17.819794 2.039720 6.325272
v -17.591316 2.540017 5.783880
vn -0.909632 0.415415 -0.000000
f 643//215 644//215 645//215
v -17.837279 2.001433 6.282513
v -17.591316 2.540017 5.783880
v -17.608801 2.501731 5.741120
vn -0.909632 0.415415 -0.000000
f 646//216 647//216 648//216
v -18.804154 -0.093586 7.029894
v -18.807456 -0.089775 6.970106
v -18.595846 0.093586 6.970106
vn 0.652543 -0.753075 -0.084052
f 649//217 650//217 651//217
v -18.804154 -0.093586 7.029894
v -18.595846 0.093586 6.970106
v -18.592544 0.089775 7.029894
vn 0.652543 -0.753075 -0.084052
f 652//218 653//218 654//218
v -19.164327 0.322076 7.076286
v -18.952717 0.505437 7.076286
v -18.956020 0.509248 7.016499
vn -0.652543 0.753075 0.084052
f 655//219 656//219 657//219
v -19.164327 0.322076 7.076286
v -18.956020 0.509248 7.016499
v -19.167630 0.325887 7.016499
vn -0.652543 0.753075 0.084052
f 658//220 659//220 660//220
v -18.804154 -0.093586 7.029894
v -18.592544 0.089775 7.029894
v -18.952717 0.505437 7.076286
vn 0.055042 -0.063522 0.996461
f 661//221 662//221 663//221
v -18.804154 -0.093586 7.029894
v -18.952717 0.505437 7.076286
v -19.164327 0.322076 7.076286
vn 0.055042 -0.063522 0.996461
f 664//222 665//222 666//222
v -18.592544 0.089775 7.029894
v -18.595846 0.093586 6.970106
v -18.956020 0.509248 7.016499
vn 0.755750 0.654861 -0.000000
f 667//223 668//223 669//223
v -18.592544 0.089775 7.029894
v -18.956020 0.509248 7.016499
v -18.952717 0.505437 7.076286
vn 0.755750 0.654861 0.000000
f 670//224 671//224 672//224
v -18.595846 0.093586 6.970106
v -18.807456 -0.089775 6.970106
v -19.167630 0.325887 7.016499
vn -0.055042 0.063522 -0.996461
f 673//225 674//225 675//225
v -18.595846 0.093586 6.970106
v -19.167630 0.325887 7.016499
v -18.956020 0.509248 7.016499
vn -0.055042 0.063522 -0.996461
f 676//226 677//226 678//226
v -18.807456 -0.089775 6.970106
v -18.804154 -0.093586 7.029894
v -19.164327 0.322076 7.076286
vn -0.755750 -0.654861 0.000000
f 679//227 680//227 681//227
v -18.807456 -0.089775 6.970106
v -19.164327 0.322076 7.076286
v -19.167630 0.325887 7.016499
vn -0.755750 -0.654861 0.000000
f 682//228 683//228 684//228
v -19.150680 0.341958 7.076180
v -19.146008 0.336566 7.016605
v -18.969667 0.489367 7.016605
vn 0.650215 -0.750388 0.118904
f 685//229 686//229 687//229
v -19.150680 0.341958 7.076180
v -18.969667 0.489367 7.016605
v -18.974339 0.494759 7.076180
vn 0.650215 -0.750388 0.118904
f 688//230 689//230 690//230
v -19.510854 0.757620 7.010315
v -19.334512 0.910421 7.010315
v -19.329840 0.905029 6.950741
vn -0.650215 0.750388 -0.118904
f 691//231 692//231 693//231
v -19.510854 0.757620 7.010315
v -19.329840 0.905029 6.950741
v -19.506182 0.752228 6.950741
vn -0.650215 0.750388 -0.118904
f 694//232 695//232 696//232
v -19.150680 0.341958 7.076180
v -18.974339 0.494759 7.076180
v -19.334512 0.910421 7.010315
vn -0.077865 0.089862 0.992906
f 697//233 698//233 699//233
v -19.150680 0.341958 7.076180
v -19.334512 0.910421 7.010315
v -19.510854 0.757620 7.010315
vn -0.077865 0.089862 0.992906
f 700//234 701//234 702//234
v -18.974339 0.494759 7.076180
v -18.969667 0.489367 7.016605
v -19.329840 0.905029 6.950741
vn 0.755750 0.654861 0.000000
f 703//235 704//235 705//235
v -18.974339 0.494759 7.076180
v -19.329840 0.905029 6.950741
v -19.334512 0.910421 7.010315
vn 0.755750 0.654861 0.000000
f 706//236 707//236 708//236
v -18.969667 0.489367 7.016605
v -19.146008 0.336566 7.016605
v -19.506182 0.752228 6.950741
vn 0.077865 -0.089862 -0.992906
f 709//237 710//237 711//237
v -18.969667 0.489367 7.016605
v -19.506182 0.752228 6.950741
v -19.329840 0.905029 6.950741
vn 0.077865 -0.089862 -0.992906
f 712//238 713//238 714//238
v -19.146008 0.336566 7.016605
v -19.150680 0.341958 7.076180
v -19.510854 0.757620 7.010315
vn -0.755750 -0.654861 -0.000000
f 715//239 716//239 717//239
v -19.146008 0.336566 7.016605
v -19.510854 0.757620 7.010315
v -19.506182 0.752228 6.950741
vn -0.755750 -0.654861 -0.000000
f 718//240 719//240 720//240
v -19.498945 0.779508 7.007886
v -19.482821 0.760900 6.953171
v -19.341748 0.883141 6.953171
vn 0.597182 -0.689184 0.410365
f 721//241 722//241 723//241
v -19.498945 0.779508 7.007886
v -19.341748 0.883141 6.953171
v -19.357872 0.901749 7.007886
vn 0.597182 -0.689184 0.410365
f 724//242 725//242 726//242
v -19.859119 1.195170 6.760386
v -19.718046 1.317411 6.760386
v -19.701922 1.298803 6.705671
vn -0.597182 0.689184 -0.410365
f 727//243 728//243 729//243
v -19.859119 1.195170 6.760386
v -19.701922 1.298803 6.705671
v -19.842995 1.176562 6.705671
vn -0.597182 0.689184 -0.410365
f 730//244 731//244 732//244
v -19.498945 0.779508 7.007886
v -19.357872 0.901749 7.007886
v -19.718046 1.317411 6.760386
vn -0.268732 0.310133 0.911922
f 733//245 734//245 735//245
v -19.498945 0.779508 7.007886
v -19.718046 1.317411 6.760386
v -19.859119 1.195170 6.760386
vn -0.268732 0.310133 0.911922
f 736//246 737//246 738//246
v -19.357872 0.901749 7.007886
v -19.341748 0.883141 6.953171
v -19.701922 1.298803 6.705671
vn 0.755750 0.654861 0.000000
f 739//247 740//247 741//247
v -19.357872 0.901749 7.007886
v -19.701922 1.298803 6.705671
v -19.718046 1.317411 6.760386
vn 0.755750 0.654861 0.000000
f 742//248 743//248 744//248
v -19.341748 0.883141 6.953171
v -19.482821 0.760900 6.953171
v -19.842995 1.176562 6.705671
vn 0.268732 -0.310133 -0.911922
f 745//249 746//249 747//249
v -19.341748 0.883141 6.953171
v -19.842995 1.176562 6.705671
v -19.701922 1.298803 6.705671
vn 0.268732 -0.310133 -0.911922
f 748//250 749//250 750//250
v -19.482821 0.760900 6.953171
v -19.498945 0.779508 7.007886
v -19.859119 1.195170 6.760386
vn -0.755750 -0.654861 -0.000000
f 751//251 752//251 753//251
v -19.482821 0.760900 6.953171
v -19.859119 1.195170 6.760386
v -19.842995 1.176562 6.705671
vn -0.755750 -0.654861 -0.000000
f 754//252 755//252 756//252
v -19.845508 1.215094 6.756680
v -19.821338 1.187200 6.709376
v -19.715533 1.278880 6.709376
vn 0.516297 -0.595839 0.615153
f 757//253 758//253 759//253
v -19.845508 1.215094 6.756680
v -19.715533 1.278880 6.709376
v -19.739703 1.306774 6.756680
vn 0.516297 -0.595839 0.615153
f 760//254 761//254 762//254
v -20.205681 1.630756 6.327545
v -20.099876 1.722436 6.327545
v -20.075706 1.694542 6.280240
vn -0.516297 0.595839 -0.615153
f 763//255 764//255 765//255
v -20.205681 1.630756 6.327545
v -20.075706 1.694542 6.280240
v -20.181511 1.602862 6.280240
vn -0.516297 0.595839 -0.615153
f 766//256 767//256 768//256
v -19.845508 1.215094 6.756680
v -19.739703 1.306774 6.756680
v -20.099876 1.722436 6.327545
vn -0.402839 0.464901 0.788408
f 769//257 770//257 771//257
v -19.845508 1.215094 6.756680
v -20.099876 1.722436 6.327545
v -20.205681 1.630756 6.327545
vn -0.402839 0.464901 0.788408
f 772//258 773//258 774//258
v -19.739703 1.306774 6.756680
v -19.715533 1.278880 6.709376
v -20.075706 1.694542 6.280240
vn 0.755750 0.654861 0.000000
f 775//259 776//259 777//259
v -19.739703 1.306774 6.756680
v -20.075706 1.694542 6.280240
v -20.099876 1.722436 6.327545
vn 0.755750 0.654861 0.000000
f 778//260 779//260 780//260
v -19.715533 1.278880 6.709376
v -19.821338 1.187200 6.709376
v -20.181511 1.602862 6.280240
vn 0.402839 -0.464901 -0.788408
f 781//261 782//261 783//261
v -19.715533 1.278880 6.709376
v -20.181511 1.602862 6.280240
v -20.075706 1.694542 6.280240
vn 0.402839 -0.464901 -0.788408
f 784//262 785//262 786//262
v -19.821338 1.187200 6.709376
v -19.845508 1.215094 6.756680
v -20.205681 1.630756 6.327545
vn -0.755750 -0.654861 -0.000000
f 787//263 788//263 789//263
v -19.821338 1.187200 6.709376
v -20.205681 1.630756 6.327545
v -20.181511 1.602862 6.280240
vn -0.755750 -0.654861 -0.000000
f 790//264 791//264 792//264
v -20.189744 1.647994 6.325272
v -20.162180 1.616184 6.282513
v -20.091644 1.677304 6.282513
vn 0.466694 -0.538593 0.701508
f 793//265 794//265 795//265
v -20.189744 1.647994 6.325272
v -20.091644 1.677304 6.282513
v -20.119207 1.709114 6.325272
vn 0.466694 -0.538593 0.701508
f 796//266 797//266 798//266
v -20.549917 2.063656 5.783880
v -20.479380 2.124776 5.783880
v -20.451817 2.092967 5.741120
vn -0.466694 0.538593 -0.701508
f 799//267 800//267 801//267
v -20.549917 2.063656 5.783880
v -20.451817 2.092967 5.741120
v -20.522354 2.031846 5.741120
vn -0.466694 0.538593 -0.701508
f 802//268 803//268 804//268
v -20.189744 1.647994 6.325272
v -20.119207 1.709114 6.325272
v -20.479380 2.124776 5.783880
vn -0.459390 0.530165 0.712661
f 805//269 806//269 807//269
v -20.189744 1.647994 6.325272
v -20.479380 2.124776 5.783880
v -20.549917 2.063656 5.783880
vn -0.459390 0.530165 0.712661
f 808//270 809//270 810//270
v -20.119207 1.709114 6.325272
v -20.091644 1.677304 6.282513
v -20.451817 2.092967 5.741120
vn 0.755750 0.654861 -0.000000
f 811//271 812//271 813//271
v -20.119207 1.709114 6.325272
v -20.451817 2.092967 5.741120
v -20.479380 2.124776 5.783880
vn 0.755750 0.654861 -0.000000
f 814//272 815//272 816//272
v -20.091644 1.677304 6.282513
v -20.162180 1.616184 6.282513
v -20.522354 2.031846 5.741120
vn 0.459390 -0.530165 -0.712661
f 817//273 818//273 819//273
v -20.091644 1.677304 6.282513
v -20.522354 2.031846 5.741120
v -20.451817 2.092967 5.741120
vn 0.459390 -0.530165 -0.712661
f 820//274 821//274 822//274
v -20.162180 1.616184 6.282513
v -20.189744 1.647994 6.325272
v -20.549917 2.063656 5.783880
vn -0.755750 -0.654861 0.000000
f 823//275 824//275 825//275
v -20.162180 1.616184 6.282513
v -20.549917 2.063656 5.783880
v -20.522354 2.031846 5.741120
vn -0.755750 -0.654861 0.000000
f 826//276 827//276 828//276
v -18.658138 -0.133619 7.029894
v -18.662977 -0.135039 6.970106
v -18.741862 0.133619 6.970106
vn 0.956098 0.280736 -0.084052
f 829//277 830//277 831//277
v -18.658138 -0.133619 7.029894
v -18.741862 0.133619 6.970106
v -18.737023 0.135039 7.029894
vn 0.956098 0.280736 -0.084052
f 832//278 833//278 834//278
v -19.185859 -0.288572 7.076286
v -19.264744 -0.019913 7.076286
v -19.269583 -0.021334 7.016499
vn -0.956098 -0.280736 0.084052
f 835//279 836//279 837//279
v -19.185859 -0.288572 7.076286
v -19.269583 -0.021334 7.016499
v -19.190698 -0.289992 7.016499
vn -0.956098 -0.280736 0.084052
f 838//280 839//280 840//280
v -18.658138 -0.133619 7.029894
v -18.737023 0.135039 7.029894
v -19.264744 -0.019913 7.076286
vn 0.080647 0.023680 0.996461
f 841//281 842//281 843//281
v -18.658138 -0.133619 7.029894
v -19.264744 -0.019913 7.076286
v -19.185859 -0.288572 7.076286
vn 0.080647 0.023680 0.996461
f 844//282 845//282 846//282
v -18.737023 0.135039 7.029894
v -18.741862 0.133619 6.970106
v -19.269583 -0.021334 7.016499
vn -0.281733 0.959493 -0.000000
f 847//283 848//283 849//283
v -18.737023 0.135039 7.029894
v -19.269583 -0.021334 7.016499
v -19.264744 -0.019913 7.076286
vn -0.281733 0.959493 -0.000000
f 850//284 851//284 852//284
v -18.741862 0.133619 6.970106
v -18.662977 -0.135039 6.970106
v -19.190698 -0.289992 7.016499
vn -0.080647 -0.023680 -0.996461
f 853//285 854//285 855//285
v -18.741862 0.133619 6.970106
v -19.190698 -0.289992 7.016499
v -19.269583 -0.021334 7.016499
vn -0.080647 -0.023680 -0.996461
f 856//286 857//286 858//286
v -18.662977 -0.135039 6.970106
v -18.658138 -0.133619 7.029894
v -19.185859 -0.288572 7.076286
vn 0.281733 -0.959493 0.000000
f 859//287 860//287 861//287
v -18.662977 -0.135039 6.970106
v -19.185859 -0.288572 7.076286
v -19.190698 -0.289992 7.016499
vn 0.281733 -0.959493 0.000000
f 862//288 863//288 864//288
v -19.198275 -0.267899 7.076180
v -19.191430 -0.265889 7.016605
v -19.257167 -0.042007 7.016605
vn 0.952686 0.279734 0.118904
f 865//289 866//289 867//289
v -19.198275 -0.267899 7.076180
v -19.257167 -0.042007 7.016605
v -19.264013 -0.044017 7.076180
vn 0.952686 0.279734 0.118904
f 868//290 869//290 870//290
v -19.725996 -0.422852 7.010315
v -19.791734 -0.198970 7.010315
v -19.784888 -0.196960 6.950741
vn -0.952686 -0.279734 -0.118904
f 871//291 872//291 873//291
v -19.725996 -0.422852 7.010315
v -19.784888 -0.196960 6.950741
v -19.719151 -0.420842 6.950741
vn -0.952686 -0.279734 -0.118904
f 874//292 875//292 876//292
v -19.198275 -0.267899 7.076180
v -19.264013 -0.044017 7.076180
v -19.791734 -0.198970 7.010315
vn -0.114087 -0.033499 0.992906
f 877//293 878//293 879//293
v -19.198275 -0.267899 7.076180
v -19.791734 -0.198970 7.010315
v -19.725996 -0.422852 7.010315
vn -0.114087 -0.033499 0.992906
f 880//294 881//294 882//294
v -19.264013 -0.044017 7.076180
v -19.257167 -0.042007 7.016605
v -19.784888 -0.196960 6.950741
vn -0.281733 0.959493 0.000000
f 883//295 884//295 885//295
v -19.264013 -0.044017 7.076180
v -19.784888 -0.196960 6.950741
v -19.791734 -0.198970 7.010315
vn -0.281733 0.959493 0.000000
f 886//296 887//296 888//296
v -19.257167 -0.042007 7.016605
v -19.191430 -0.265889 7.016605
v -19.719151 -0.420842 6.950741
vn 0.114087 0.033499 -0.992906
f 889//297 890//297 891//297
v -19.257167 -0.042007 7.016605
v -19.719151 -0.420842 6.950741
v -19.784888 -0.196960 6.950741
vn 0.114087 0.033499 -0.992906
f 892//298 893//298 894//298
v -19.191430 -0.265889 7.016605
v -19.198275 -0.267899 7.076180
v -19.725996 -0.422852 7.010315
vn 0.281733 -0.959493 -0.000000
f 895//299 896//299 897//299
v -19.191430 -0.265889 7.016605
v -19.725996 -0.422852 7.010315
v -19.719151 -0.420842 6.950741
vn 0.281733 -0.959493 -0.000000
f 898//300 899//300 900//300
v -19.740959 -0.402927 7.007886
v -19.717335 -0.395990 6.953171
v -19.769925 -0.216885 6.953171
vn 0.874982 0.256918 0.410365
f 901//301 902//301 903//301
v -19.740959 -0.402927 7.007886
v -19.769925 -0.216885 6.953171
v -19.793550 -0.223822 7.007886
vn 0.874982 0.256918 0.410365
f 904//302 905//302 906//302
v -20.268681 -0.557880 6.760386
v -20.321271 -0.378774 6.760386
v -20.297646 -0.371838 6.705671
vn -0.874982 -0.256918 -0.410365
f 907//303 908//303 909//303
v -20.268681 -0.557880 6.760386
v -20.297646 -0.371838 6.705671
v -20.245056 -0.550943 6.705671
vn -0.874982 -0.256918 -0.410365
f 910//304 911//304 912//304
v -19.740959 -0.402927 7.007886
v -19.793550 -0.223822 7.007886
v -20.321271 -0.378774 6.760386
vn -0.393742 -0.115613 0.911922
f 913//305 914//305 915//305
v -19.740959 -0.402927 7.007886
v -20.321271 -0.378774 6.760386
v -20.268681 -0.557880 6.760386
vn -0.393742 -0.115613 0.911922
f 916//306 917//306 918//306
v -19.793550 -0.223822 7.007886
v -19.769925 -0.216885 6.953171
v -20.297646 -0.371838 6.705671
vn -0.281733 0.959493 0.000000
f 919//307 920//307 921//307
v -19.793550 -0.223822 7.007886
v -20.297646 -0.371838 6.705671
v -20.321271 -0.378774 6.760386
vn -0.281733 0.959493 0.000000
f 922//308 923//308 924//308
v -19.769925 -0.216885 6.953171
v -19.717335 -0.395990 6.953171
v -20.245056 -0.550943 6.705671
vn 0.393742 0.115613 -0.911922
f 925//309 926//309 927//309
v -19.769925 -0.216885 6.953171
v -20.245056 -0.550943 6.705671
v -20.297646 -0.371838 6.705671
vn 0.393742 0.115613 -0.911922
f 928//310 929//310 930//310
v -19.717335 -0.395990 6.953171
v -19.740959 -0.402927 7.007886
v -20.268681 -0.557880 6.760386
vn 0.281733 -0.959493 -0.000000
f 931//311 932//311 933//311
v -19.717335 -0.395990 6.953171
v -20.268681 -0.557880 6.760386
v -20.245056 -0.550943 6.705671
vn 0.281733 -0.959493 -0.000000
f 934//312 935//312 936//312
v -20.281149 -0.537222 6.756680
v -20.245735 -0.526824 6.709376
v -20.285178 -0.392495 6.709376
vn 0.756472 0.222120 0.615153
f 937//313 938//313 939//313
v -20.281149 -0.537222 6.756680
v -20.285178 -0.392495 6.709376
v -20.320592 -0.402893 6.756680
vn 0.756472 0.222120 0.615153
f 940//314 941//314 942//314
v -20.808870 -0.692175 6.327545
v -20.848313 -0.557846 6.327545
v -20.812899 -0.547448 6.280240
vn -0.756472 -0.222120 -0.615153
f 943//315 944//315 945//315
v -20.808870 -0.692175 6.327545
v -20.812899 -0.547448 6.280240
v -20.773456 -0.681777 6.280240
vn -0.756472 -0.222120 -0.615153
f 946//316 947//316 948//316
v -20.281149 -0.537222 6.756680
v -20.320592 -0.402893 6.756680
v -20.848313 -0.557846 6.327545
vn -0.590235 -0.173309 0.788408
f 949//317 950//317 951//317
v -20.281149 -0.537222 6.756680
v -20.848313 -0.557846 6.327545
v -20.808870 -0.692175 6.327545
vn -0.590235 -0.173309 0.788408
f 952//318 953//318 954//318
v -20.320592 -0.402893 6.756680
v -20.285178 -0.392495 6.709376
v -20.812899 -0.547448 6.280240
vn -0.281733 0.959493 -0.000000
f 955//319 956//319 957//319
v -20.320592 -0.402893 6.756680
v -20.812899 -0.547448 6.280240
v -20.848313 -0.557846 6.327545
vn -0.281733 0.959493 -0.000000
f 958//320 959//320 960//320
v -20.285178 -0.392495 6.709376
v -20.245735 -0.526824 6.709376
v -20.773456 -0.681777 6.280240
vn 0.590235 0.173309 -0.788408
f 961//321 962//321 963//321
v -20.285178 -0.392495 6.709376
v -20.773456 -0.681777 6.280240
v -20.812899 -0.547448 6.280240
vn 0.590235 0.173309 -0.788408
f 964//322 965//322 966//322
v -20.245735 -0.526824 6.709376
v -20.281149 -0.537222 6.756680
v -20.808870 -0.692175 6.327545
vn 0.281733 -0.959493 0.000000
f 967//323 968//323 969//323
v -20.245735 -0.526824 6.709376
v -20.808870 -0.692175 6.327545
v -20.773456 -0.681777 6.280240
vn 0.281733 -0.959493 0.000000
f 970//324 971//324 972//324
v -20.817930 -0.670517 6.325272
v -20.777544 -0.658659 6.282513
v -20.803839 -0.569106 6.282513
vn 0.683793 0.200780 0.701508
f 973//325 974//325 975//325
v -20.817930 -0.670517 6.325272
v -20.803839 -0.569106 6.282513
v -20.844225 -0.580964 6.325272
vn 0.683793 0.200780 0.701508
f 976//326 977//326 978//326
v -21.345651 -0.825470 5.783880
v -21.371946 -0.735917 5.783880
v -21.331560 -0.724059 5.741120
vn -0.683793 -0.200780 -0.701508
f 979//327 980//327 981//327
v -21.345651 -0.825470 5.783880
v -21.331560 -0.724059 5.741120
v -21.305265 -0.813612 5.741120
vn -0.683793 -0.200780 -0.701508
f 982//328 983//328 984//328
v -20.817930 -0.670517 6.325272
v -20.844225 -0.580964 6.325272
v -21.371946 -0.735917 5.783880
vn -0.673092 -0.197638 0.712661
f 985//329 986//329 987//329
v -20.817930 -0.670517 6.325272
v -21.371946 -0.735917 5.783880
v -21.345651 -0.825470 5.783880
vn -0.673092 -0.197638 0.712661
f 988//330 989//330 990//330
v -20.844225 -0.580964 6.325272
v -20.803839 -0.569106 6.282513
v -21.331560 -0.724059 5.741120
vn -0.281733 0.959493 0.000000
f 991//331 992//331 993//331
v -20.844225 -0.580964 6.325272
v -21.331560 -0.724059 5.741120
v -21.371946 -0.735917 5.783880
vn -0.281733 0.959493 0.000000
f 994//332 995//332 996//332
v -20.803839 -0.569106 6.282513
v -20.777544 -0.658659 6.282513
v -21.305265 -0.813612 5.741120
vn 0.673092 0.197638 -0.712661
f 997//333 998//333 999//333
v -20.803839 -0.569106 6.282513
v -21.305265 -0.813612 5.741120
v -21.331560 -0.724059 5.741120
vn 0.673092 0.197638 -0.712661
f 1000//334 1001//334 1002//334
v -20.777544 -0.658659 6.282513
v -20.817930 -0.670517 6.325272
v -21.345651 -0.825470 5.783880
vn 0.281733 -0.959493 -0.000000
f 1003//335 1004//335 1005//335
v -20.777544 -0.658659 6.282513
v -21.345651 -0.825470 5.783880
v -21.305265 -0.813612 5.741120
vn 0.281733 -0.959493 -0.000000
f 1006//336 1007//336 1008//336
v -18.561066 -0.017428 7.029894
v -18.561784 -0.022420 6.970106
v -18.838934 0.017428 6.970106
vn 0.141811 0.986319 -0.084052
f 1009//337 1010//337 1011//337
v -18.561066 -0.017428 7.029894
v -18.838934 0.017428 6.970106
v -18.838216 0.022420 7.029894
vn 0.141811 0.986319 -0.084052
f 1012//338 1013//338 1014//338
v -18.639339 -0.561830 7.076286
v -18.916489 -0.521982 7.076286
v -18.917207 -0.526974 7.016499
vn -0.141811 -0.986319 0.084052
f 1015//339 1016//339 1017//339
v -18.639339 -0.561830 7.076286
v -18.917207 -0.526974 7.016499
v -18.640057 -0.566822 7.016499
vn -0.141811 -0.986319 0.084052
f 1018//340 1019//340 1020//340
v -18.561066 -0.017428 7.029894
v -18.838216 0.022420 7.029894
v -18.916489 -0.521982 7.076286
vn 0.011962 0.083196 0.996461
f 1021//341 1022//341 1023//341
v -18.561066 -0.017428 7.029894
v -18.916489 -0.521982 7.076286
v -18.639339 -0.561830 7.076286
vn 0.011962 0.083196 0.996461
f 1024//342 1025//342 1026//342
v -18.838216 0.022420 7.029894
v -18.838934 0.017428 6.970106
v -18.917207 -0.526974 7.016499
vn -0.989821 0.142315 0.000000
f 1027//343 1028//343 1029//343
v -18.838216 0.022420 7.029894
v -18.917207 -0.526974 7.016499
v -18.916489 -0.521982 7.076286
vn -0.989821 0.142315 0.000000
f 1030//344 1031//344 1032//344
v -18.838934 0.017428 6.970106
v -18.561784 -0.022420 6.970106
v -18.640057 -0.566822 7.016499
vn -0.011962 -0.083196 -0.996461
f 1033//345 1034//345 1035//345
v -18.838934 0.017428 6.970106
v -18.640057 -0.566822 7.016499
v -18.917207 -0.526974 7.016499
vn -0.011962 -0.083196 -0.996461
f 1036//346 1037//346 1038//346
v -18.561784 -0.022420 6.970106
v -18.561066 -0.017428 7.029894
v -18.639339 -0.561830 7.076286
vn 0.989821 -0.142315 -0.000000
f 1039//347 1040//347 1041//347
v -18.561784 -0.022420 6.970106
v -18.639339 -0.561830 7.076286
v -18.640057 -0.566822 7.016499
vn 0.989821 -0.142315 -0.000000
f 1042//348 1043//348 1044//348
v -18.663302 -0.564536 7.076180
v -18.662286 -0.557474 7.016605
v -18.893245 -0.524268 7.016605
vn 0.141305 0.982799 0.118904
f 1045//349 1046//349 1047//349
v -18.663302 -0.564536 7.076180
v -18.893245 -0.524268 7.016605
v -18.894260 -0.531329 7.076180
vn 0.141305 0.982799 0.118904
f 1048//350 1049//350 1050//350
v -18.741575 -1.108938 7.010315
v -18.972533 -1.075731 7.010315
v -18.971518 -1.068669 6.950741
vn -0.141305 -0.982799 -0.118904
f 1051//351 1052//351 1053//351
v -18.741575 -1.108938 7.010315
v -18.971518 -1.068669 6.950741
v -18.740560 -1.101876 6.950741
vn -0.141305 -0.982799 -0.118904
f 1054//352 1055//352 1056//352
v -18.663302 -0.564536 7.076180
v -18.894260 -0.531329 7.076180
v -18.972533 -1.075731 7.010315
vn -0.016922 -0.117694 0.992906
f 1057//353 1058//353 1059//353
v -18.663302 -0.564536 7.076180
v -18.972533 -1.075731 7.010315
v -18.741575 -1.108938 7.010315
vn -0.016922 -0.117694 0.992906
f 1060//354 1061//354 1062//354
v -18.894260 -0.531329 7.076180
v -18.893245 -0.524268 7.016605
v -18.971518 -1.068669 6.950741
vn -0.989821 0.142315 -0.000000
f 1063//355 1064//355 1065//355
v -18.894260 -0.531329 7.076180
v -18.971518 -1.068669 6.950741
v -18.972533 -1.075731 7.010315
vn -0.989821 0.142315 -0.000000
f 1066//356 1067//356 1068//356
v -18.893245 -0.524268 7.016605
v -18.662286 -0.557474 7.016605
v -18.740560 -1.101876 6.950741
vn 0.016922 0.117694 -0.992906
f 1069//357 1070//357 1071//357
v -18.893245 -0.524268 7.016605
v -18.740560 -1.101876 6.950741
v -18.971518 -1.068669 6.950741
vn 0.016922 0.117694 -0.992906
f 1072//358 1073//358 1074//358
v -18.662286 -0.557474 7.016605
v -18.663302 -0.564536 7.076180
v -18.741575 -1.108938 7.010315
vn 0.989821 -0.142315 0.000000
f 1075//359 1076//359 1077//359
v -18.662286 -0.557474 7.016605
v -18.741575 -1.108938 7.010315
v -18.740560 -1.101876 6.950741
vn 0.989821 -0.142315 0.000000
f 1078//360 1079//360 1080//360
v -18.765915 -1.114272 7.007886
v -18.762411 -1.089901 6.953171
v -18.947178 -1.063335 6.953171
vn 0.129780 0.902639 0.410365
f 1081//361 1082//361 1083//361
v -18.765915 -1.114272 7.007886
v -18.947178 -1.063335 6.953171
v -18.950682 -1.087707 7.007886
vn 0.129780 0.902639 0.410365
f 1084//362 1085//362 1086//362
v -18.844188 -1.658674 6.760386
v -19.028955 -1.632108 6.760386
v -19.025451 -1.607737 6.705671
vn -0.129780 -0.902639 -0.410365
f 1087//363 1088//363 1089//363
v -18.844188 -1.658674 6.760386
v -19.025451 -1.607737 6.705671
v -18.840684 -1.634302 6.705671
vn -0.129780 -0.902639 -0.410365
f 1090//364 1091//364 1092//364
v -18.765915 -1.114272 7.007886
v -18.950682 -1.087707 7.007886
v -19.028955 -1.632108 6.760386
vn -0.058401 -0.406188 0.911922
f 1093//365 1094//365 1095//365
v -18.765915 -1.114272 7.007886
v -19.028955 -1.632108 6.760386
v -18.844188 -1.658674 6.760386
vn -0.058401 -0.406188 0.911922
f 1096//366 1097//366 1098//366
v -18.950682 -1.087707 7.007886
v -18.947178 -1.063335 6.953171
v -19.025451 -1.607737 6.705671
vn -0.989821 0.142315 0.000000
f 1099//367 1100//367 1101//367
v -18.950682 -1.087707 7.007886
v -19.025451 -1.607737 6.705671
v -19.028955 -1.632108 6.760386
vn -0.989821 0.142315 0.000000
f 1102//368 1103//368 1104//368
v -18.947178 -1.063335 6.953171
v -18.762411 -1.089901 6.953171
v -18.840684 -1.634302 6.705671
vn 0.058401 0.406188 -0.911922
f 1105//369 1106//369 1107//369
v -18.947178 -1.063335 6.953171
v -18.840684 -1.634302 6.705671
v -19.025451 -1.607737 6.705671
vn 0.058401 0.406188 -0.911922
f 1108//370 1109//370 1110//370
v -18.762411 -1.089901 6.953171
v -18.765915 -1.114272 7.007886
v -18.844188 -1.658674 6.760386
vn 0.989821 -0.142315 -0.000000
f 1111//371 1112//371 1113//371
v -18.762411 -1.089901 6.953171
v -18.844188 -1.658674 6.760386
v -18.840684 -1.634302 6.705671
vn 0.989821 -0.142315 -0.000000
f 1114//372 1115//372 1116//372
v -18.868158 -1.661434 6.756680
v -18.862906 -1.624901 6.709376
v -19.001481 -1.604977 6.709376
vn 0.112202 0.780383 0.615153
f 1117//373 1118//373 1119//373
v -18.868158 -1.661434 6.756680
v -19.001481 -1.604977 6.709376
v -19.006733 -1.641510 6.756680
vn 0.112202 0.780383 0.615153
f 1120//374 1121//374 1122//374
v -18.946432 -2.205836 6.327545
v -19.085007 -2.185912 6.327545
v -19.079754 -2.149378 6.280240
vn -0.112202 -0.780383 -0.615153
f 1123//375 1124//375 1125//375
v -18.946432 -2.205836 6.327545
v -19.079754 -2.149378 6.280240
v -18.941179 -2.169302 6.280240
vn -0.112202 -0.780383 -0.615153
f 1126//376 1127//376 1128//376
v -18.868158 -1.661434 6.756680
v -19.006733 -1.641510 6.756680
v -19.085007 -2.185912 6.327545
vn -0.087545 -0.608891 0.788408
f 1129//377 1130//377 1131//377
v -18.868158 -1.661434 6.756680
v -19.085007 -2.185912 6.327545
v -18.946432 -2.205836 6.327545
vn -0.087545 -0.608891 0.788408
f 1132//378 1133//378 1134//378
v -19.006733 -1.641510 6.756680
v -19.001481 -1.604977 6.709376
v -19.079754 -2.149378 6.280240
vn -0.989821 0.142315 -0.000000
f 1135//379 1136//379 1137//379
v -19.006733 -1.641510 6.756680
v -19.079754 -2.149378 6.280240
v -19.085007 -2.185912 6.327545
vn -0.989821 0.142315 -0.000000
f 1138//380 1139//380 1140//380
v -19.001481 -1.604977 6.709376
v -18.862906 -1.624901 6.709376
v -18.941179 -2.169302 6.280240
vn 0.087545 0.608891 -0.788408
f 1141//381 1142//381 1143//381
v -19.001481 -1.604977 6.709376
v -18.941179 -2.169302 6.280240
v -19.079754 -2.149378 6.280240
vn 0.087545 0.608891 -0.788408
f 1144//382 1145//382 1146//382
v -18.862906 -1.624901 6.709376
v -18.868158 -1.661434 6.756680
v -18.946432 -2.205836 6.327545
vn 0.989821 -0.142315 0.000000
f 1147//383 1148//383 1149//383
v -18.862906 -1.624901 6.709376
v -18.946432 -2.205836 6.327545
v -18.941179 -2.169302 6.280240
vn 0.989821 -0.142315 0.000000
f 1150//384 1151//384 1152//384
v -18.969896 -2.205080 6.325272
v -18.963906 -2.163417 6.282513
v -19.056289 -2.150135 6.282513
vn 0.101422 0.705407 0.701508
f 1153//385 1154//385 1155//385
v -18.969896 -2.205080 6.325272
v -19.056289 -2.150135 6.282513
v -19.062279 -2.191797 6.325272
vn 0.101422 0.705407 0.701508
f 1156//386 1157//386 1158//386
v -19.048169 -2.749481 5.783880
v -19.140553 -2.736199 5.783880
v -19.134562 -2.694537 5.741120
vn -0.101422 -0.705407 -0.701508
f 1159//387 1160//387 1161//387
v -19.048169 -2.749481 5.783880
v -19.134562 -2.694537 5.741120
v -19.042179 -2.707819 5.741120
vn -0.101422 -0.705407 -0.701508
f 1162//388 1163//388 1164//388
v -18.969896 -2.205080 6.325272
v -19.062279 -2.191797 6.325272
v -19.140553 -2.736199 5.783880
vn -0.099835 -0.694368 0.712661
f 1165//389 1166//389 1167//389
v -18.969896 -2.205080 6.325272
v -19.140553 -2.736199 5.783880
v -19.048169 -2.749481 5.783880
vn -0.099835 -0.694368 0.712661
f 1168//390 1169//390 1170//390
v -19.062279 -2.191797 6.325272
v -19.056289 -2.150135 6.282513
v -19.134562 -2.694537 5.741120
vn -0.989821 0.142315 -0.000000
f 1171//391 1172//391 1173//391
v -19.062279 -2.191797 6.325272
v -19.134562 -2.694537 5.741120
v -19.140553 -2.736199 5.783880
vn -0.989821 0.142315 -0.000000
f 1174//392 1175//392 1176//392
v -19.056289 -2.150135 6.282513
v -18.963906 -2.163417 6.282513
v -19.042179 -2.707819 5.741120
vn 0.099835 0.694368 -0.712661
f 1177//393 1178//393 1179//393
v -19.056289 -2.150135 6.282513
v -19.042179 -2.707819 5.741120
v -19.134562 -2.694537 5.741120
vn 0.099835 0.694368 -0.712661
f 1180//394 1181//394 1182//394
v -18.963906 -2.163417 6.282513
v -18.969896 -2.205080 6.325272
v -19.048169 -2.749481 5.783880
vn 0.989821 -0.142315 0.000000
f 1183//395 1184//395 1185//395
v -18.963906 -2.163417 6.282513
v -19.048169 -2.749481 5.783880
v -19.042179 -2.707819 5.741120
vn 0.989821 -0.142315 0.000000
f 1186//396 1187//396 1188//396
v -18.626432 0.119139 7.029894
v -18.622189 0.116412 6.970106
v -18.773568 -0.119139 6.970106
vn -0.838277 0.538728 -0.084052
f 1189//397 1190//397 1191//397
v -18.626432 0.119139 7.029894
v -18.773568 -0.119139 6.970106
v -18.777811 -0.116412 7.029894
vn -0.838277 0.538728 -0.084052
f 1192//398 1193//398 1194//398
v -18.163742 -0.178214 7.076286
v -18.315122 -0.413765 7.076286
v -18.310879 -0.416491 7.016499
vn 0.838277 -0.538728 0.084052
f 1195//399 1196//399 1197//399
v -18.163742 -0.178214 7.076286
v -18.310879 -0.416491 7.016499
v -18.159500 -0.180940 7.016499
vn 0.838277 -0.538728 0.084052
f 1198//400 1199//400 1200//400
v -18.626432 0.119139 7.029894
v -18.777811 -0.116412 7.029894
v -18.315122 -0.413765 7.076286
vn -0.070709 0.045442 0.996461
f 1201//401 1202//401 1203//401
v -18.626432 0.119139 7.029894
v -18.315122 -0.413765 7.076286
v -18.163742 -0.178214 7.076286
vn -0.070709 0.045442 0.996461
f 1204//402 1205//402 1206//402
v -18.777811 -0.116412 7.029894
v -18.773568 -0.119139 6.970106
v -18.310879 -0.416491 7.016499
vn -0.540641 -0.841254 0.000000
f 1207//403 1208//403 1209//403
v -18.777811 -0.116412 7.029894
v -18.310879 -0.416491 7.016499
v -18.315122 -0.413765 7.076286
vn -0.540641 -0.841254 0.000000
f 1210//404 1211//404 1212//404
v -18.773568 -0.119139 6.970106
v -18.622189 0.116412 6.970106
v -18.159500 -0.180940 7.016499
vn 0.070709 -0.045442 -0.996461
f 1213//405 1214//405 1215//405
v -18.773568 -0.119139 6.970106
v -18.159500 -0.180940 7.016499
v -18.310879 -0.416491 7.016499
vn 0.070709 -0.045442 -0.996461
f 1216//406 1217//406 1218//406
v -18.622189 0.116412 6.970106
v -18.626432 0.119139 7.029894
v -18.163742 -0.178214 7.076286
vn 0.540641 0.841254 -0.000000
f 1219//407 1220//407 1221//407
v -18.622189 0.116412 6.970106
v -18.163742 -0.178214 7.076286
v -18.159500 -0.180940 7.016499
vn 0.540641 0.841254 -0.000000
f 1222//408 1223//408 1224//408
v -18.171235 -0.201135 7.076180
v -18.177237 -0.197278 7.016605
v -18.303386 -0.393570 7.016605
vn -0.835285 0.536805 0.118904
f 1225//409 1226//409 1227//409
v -18.171235 -0.201135 7.076180
v -18.303386 -0.393570 7.016605
v -18.297384 -0.397427 7.076180
vn -0.835285 0.536805 0.118904
f 1228//410 1229//410 1230//410
v -17.708546 -0.498487 7.010315
v -17.834695 -0.694780 7.010315
v -17.840697 -0.690923 6.950741
vn 0.835285 -0.536805 -0.118904
f 1231//411 1232//411 1233//411
v -17.708546 -0.498487 7.010315
v -17.840697 -0.690923 6.950741
v -17.714547 -0.494630 6.950741
vn 0.835285 -0.536805 -0.118904
f 1234//412 1235//412 1236//412
v -18.171235 -0.201135 7.076180
v -18.297384 -0.397427 7.076180
v -17.834695 -0.694780 7.010315
vn 0.100028 -0.064284 0.992906
f 1237//413 1238//413 1239//413
v -18.171235 -0.201135 7.076180
v -17.834695 -0.694780 7.010315
v -17.708546 -0.498487 7.010315
vn 0.100028 -0.064284 0.992906
f 1240//414 1241//414 1242//414
v -18.297384 -0.397427 7.076180
v -18.303386 -0.393570 7.016605
v -17.840697 -0.690923 6.950741
vn -0.540641 -0.841254 0.000000
f 1243//415 1244//415 1245//415
v -18.297384 -0.397427 7.076180
v -17.840697 -0.690923 6.950741
v -17.834695 -0.694780 7.010315
vn -0.540641 -0.841254 0.000000
f 1246//416 1247//416 1248//416
v -18.303386 -0.393570 7.016605
v -18.177237 -0.197278 7.016605
v -17.714547 -0.494630 6.950741
vn -0.100028 0.064284 -0.992906
f 1249//417 1250//417 1251//417
v -18.303386 -0.393570 7.016605
v -17.714547 -0.494630 6.950741
v -17.840697 -0.690923 6.950741
vn -0.100028 0.064284 -0.992906
f 1252//418 1253//418 1254//418
v -18.177237 -0.197278 7.016605
v -18.171235 -0.201135 7.076180
v -17.708546 -0.498487 7.010315
vn 0.540641 0.841254 -0.000000
f 1255//419 1256//419 1257//419
v -18.177237 -0.197278 7.016605
v -17.708546 -0.498487 7.010315
v -17.714547 -0.494630 6.950741
vn 0.540641 0.841254 -0.000000
f 1258//420 1259//420 1260//420
v -17.713805 -0.522844 7.007886
v -17.734518 -0.509532 6.953171
v -17.835438 -0.666566 6.953171
vn -0.767157 0.493022 0.410365
f 1261//421 1262//421 1263//421
v -17.713805 -0.522844 7.007886
v -17.835438 -0.666566 6.953171
v -17.814724 -0.679878 7.007886
vn -0.767157 0.493022 0.410365
f 1264//422 1265//422 1266//422
v -17.251115 -0.820196 6.760386
v -17.352035 -0.977230 6.760386
v -17.372748 -0.963919 6.705671
vn 0.767157 -0.493022 -0.410365
f 1267//423 1268//423 1269//423
v -17.251115 -0.820196 6.760386
v -17.372748 -0.963919 6.705671
v -17.271828 -0.806885 6.705671
vn 0.767157 -0.493022 -0.410365
f 1270//424 1271//424 1272//424
v -17.713805 -0.522844 7.007886
v -17.814724 -0.679878 7.007886
v -17.352035 -0.977230 6.760386
vn 0.345221 -0.221860 0.911922
f 1273//425 1274//425 1275//425
v -17.713805 -0.522844 7.007886
v -17.352035 -0.977230 6.760386
v -17.251115 -0.820196 6.760386
vn 0.345221 -0.221860 0.911922
f 1276//426 1277//426 1278//426
v -17.814724 -0.679878 7.007886
v -17.835438 -0.666566 6.953171
v -17.372748 -0.963919 6.705671
vn -0.540641 -0.841254 0.000000
f 1279//427 1280//427 1281//427
v -17.814724 -0.679878 7.007886
v -17.372748 -0.963919 6.705671
v -17.352035 -0.977230 6.760386
vn -0.540641 -0.841254 0.000000
f 1282//428 1283//428 1284//428
v -17.835438 -0.666566 6.953171
v -17.734518 -0.509532 6.953171
v -17.271828 -0.806885 6.705671
vn -0.345221 0.221860 -0.911922
f 1285//429 1286//429 1287//429
v -17.835438 -0.666566 6.953171
v -17.271828 -0.806885 6.705671
v -17.372748 -0.963919 6.705671
vn -0.345221 0.221860 -0.911922
f 1288//430 1289//430 1290//430
v -17.734518 -0.509532 6.953171
v -17.713805 -0.522844 7.007886
v -17.251115 -0.820196 6.760386
vn 0.540641 0.841254 -0.000000
f 1291//431 1292//431 1293//431
v -17.734518 -0.509532 6.953171
v -17.251115 -0.820196 6.760386
v -17.271828 -0.806885 6.705671
vn 0.540641 0.841254 -0.000000
f 1294//432 1295//432 1296//432
v -17.258562 -0.843147 6.756680
v -17.289612 -0.823192 6.709376
v -17.365302 -0.940968 6.709376
vn -0.663251 0.426246 0.615153
f 1297//433 1298//433 1299//433
v -17.258562 -0.843147 6.756680
v -17.365302 -0.940968 6.709376
v -17.334252 -0.960922 6.756680
vn -0.663251 0.426246 0.615153
f 1300//434 1301//434 1302//434
v -16.795872 -1.140499 6.327545
v -16.871562 -1.258275 6.327545
v -16.902612 -1.238320 6.280240
vn 0.663251 -0.426246 -0.615153
f 1303//435 1304//435 1305//435
v -16.795872 -1.140499 6.327545
v -16.902612 -1.238320 6.280240
v -16.826922 -1.120545 6.280240
vn 0.663251 -0.426246 -0.615153
f 1306//436 1307//436 1308//436
v -17.258562 -0.843147 6.756680
v -17.334252 -0.960922 6.756680
v -16.871562 -1.258275 6.327545
vn 0.517499 -0.332577 0.788408
f 1309//437 1310//437 1311//437
v -17.258562 -0.843147 6.756680
v -16.871562 -1.258275 6.327545
v -16.795872 -1.140499 6.327545
vn 0.517499 -0.332577 0.788408
f 1312//438 1313//438 1314//438
v -17.334252 -0.960922 6.756680
v -17.365302 -0.940968 6.709376
v -16.902612 -1.238320 6.280240
vn -0.540641 -0.841254 0.000000
f 1315//439 1316//439 1317//439
v -17.334252 -0.960922 6.756680
v -16.902612 -1.238320 6.280240
v -16.871562 -1.258275 6.327545
vn -0.540641 -0.841254 0.000000
f 1318//440 1319//440 1320//440
v -17.365302 -0.940968 6.709376
v -17.289612 -0.823192 6.709376
v -16.826922 -1.120545 6.280240
vn -0.517499 0.332577 -0.788408
f 1321//441 1322//441 1323//441
v -17.365302 -0.940968 6.709376
v -16.826922 -1.120545 6.280240
v -16.902612 -1.238320 6.280240
vn -0.517499 0.332577 -0.788408
f 1324//442 1325//442 1326//442
v -17.289612 -0.823192 6.709376
v -17.258562 -0.843147 6.756680
v -16.795872 -1.140499 6.327545
vn 0.540641 0.841254 -0.000000
f 1327//443 1328//443 1329//443
v -17.289612 -0.823192 6.709376
v -16.795872 -1.140499 6.327545
v -16.826922 -1.120545 6.280240
vn 0.540641 0.841254 -0.000000
f 1330//444 1331//444 1332//444
v -16.806308 -1.161529 6.325272
v -16.841717 -1.138773 6.282513
v -16.892177 -1.217290 6.282513
vn -0.599529 0.385294 0.701508
f 1333//445 1334//445 1335//445
v -16.806308 -1.161529 6.325272
v -16.892177 -1.217290 6.282513
v -16.856768 -1.240046 6.325272
vn -0.599529 0.385294 0.701508
f 1336//446 1337//446 1338//446
v -16.343618 -1.458882 5.783880
v -16.394078 -1.537399 5.783880
v -16.429487 -1.514643 5.741120
vn 0.599529 -0.385294 -0.701508
f 1339//447 1340//447 1341//447
v -16.343618 -1.458882 5.783880
v -16.429487 -1.514643 5.741120
v -16.379027 -1.436126 5.741120
vn 0.599529 -0.385294 -0.701508
f 1342//448 1343//448 1344//448
v -16.806308 -1.161529 6.325272
v -16.856768 -1.240046 6.325272
v -16.394078 -1.537399 5.783880
vn 0.590146 -0.379264 0.712661
f 1345//449 1346//449 1347//449
v -16.806308 -1.161529 6.325272
v -16.394078 -1.537399 5.783880
v -16.343618 -1.458882 5.783880
vn 0.590146 -0.379264 0.712661
f 1348//450 1349//450 1350//450
v -16.856768 -1.240046 6.325272
v -16.892177 -1.217290 6.282513
v -16.429487 -1.514643 5.741120
vn -0.540641 -0.841254 0.000000
f 1351//451 1352//451 1353//451
v -16.856768 -1.240046 6.325272
v -16.429487 -1.514643 5.741120
v -16.394078 -1.537399 5.783880
vn -0.540641 -0.841254 0.000000
f 1354//452 1355//452 1356//452
v -16.892177 -1.217290 6.282513
v -16.841717 -1.138773 6.282513
v -16.379027 -1.436126 5.741120
vn -0.590146 0.379264 -0.712661
f 1357//453 1358//453 1359//453
v -16.892177 -1.217290 6.282513
v -16.379027 -1.436126 5.741120
v -16.429487 -1.514643 5.741120
vn -0.590146 0.379264 -0.712661
f 1360//454 1361//454 1362//454
v -16.841717 -1.138773 6.282513
v -16.806308 -1.161529 6.325272
v -16.343618 -1.458882 5.783880
vn 0.540641 0.841254 -0.000000
f 1363//455 1364//455 1365//455
v -16.841717 -1.138773 6.282513
v -16.343618 -1.458882 5.783880
v -16.379027 -1.436126 5.741120
vn 0.540641 0.841254 -0.000000
f 1366//456 1367//456 1368//456
v 19.100000 1.000000 0.370000
v 19.062518 1.284701 0.370000
v 19.062518 1.284701 0.450000
vn 0.991445 0.130526 0.000000
f 1369//457 1370//457 1371//457
v 19.100000 1.000000 0.370000
v 19.062518 1.284701 0.450000
v 19.100000 1.000000 0.450000
vn 0.991445 0.130526 -0.000000
f 1372//458 1373//458 1374//458
v 18.000000 1.000000 0.370000
v 19.062518 1.284701 0.370000
v 19.100000 1.000000 0.370000
vn 0.000000 0.000000 -1.000000
f 1375//459 1376//459 1377//459
v 18.000000 1.000000 0.450000
v 19.100000 1.000000 0.450000
v 19.062518 1.284701 0.450000
vn 0.000000 0.000000 1.000000
f 1378//460 1379//460 1380//460
v 19.062518 1.284701 0.370000
v 18.952628 1.550000 0.370000
v 18.952628 1.550000 0.450000
vn 0.923880 0.382683 0.000000
f 1381//461 1382//461 1383//461
v 19.062518 1.284701 0.370000
v 18.952628 1.550000 0.450000
v 19.062518 1.284701 0.450000
vn 0.923880 0.382683 -0.000000
f 1384//462 1385//462 1386//462
v 18.000000 1.000000 0.370000
v 18.952628 1.550000 0.370000
v 19.062518 1.284701 0.370000
vn 0.000000 0.000000 -1.000000
f 1387//463 1388//463 1389//463
v 18.000000 1.000000 0.450000
v 19.062518 1.284701 0.450000
v 18.952628 1.550000 0.450000
vn 0.000000 0.000000 1.000000
f 1390//464 1391//464 1392//464
v 18.952628 1.550000 0.370000
v 18.777817 1.777817 0.370000
v 18.777817 1.777817 0.450000
vn 0.793353 0.608761 0.000000
f 1393//465 1394//465 1395//465
v 18.952628 1.550000 0.370000
v 18.777817 1.777817 0.450000
v 18.952628 1.550000 0.450000
vn 0.793353 0.608761 -0.000000
f 1396//466 1397//466 1398//466
v 18.000000 1.000000 0.370000
v 18.777817 1.777817 0.370000
v 18.952628 1.550000 0.370000
vn 0.000000 0.000000 -1.000000
f 1399//467 1400//467 1401//467
v 18.000000 1.000000 0.450000
v 18.952628 1.550000 0.450000
v 18.777817 1.777817 0.450000
vn 0.000000 0.000000 1.000000
f 1402//468 1403//468 1404//468
v 18.777817 1.777817 0.370000
v 18.550000 1.952628 0.370000
v 18.550000 1.952628 0.450000
vn 0.608761 0.793353 0.000000
f 1405//469 1406//469 1407//469
v 18.777817 1.777817 0.370000
v 18.550000 1.952628 0.450000
v 18.777817 1.777817 0.450000
vn 0.608761 0.793353 -0.000000
f 1408//470 1409//470 1410//470
v 18.000000 1.000000 0.370000
v 18.550000 1.952628 0.370000
v 18.777817 1.777817 0.370000
vn 0.000000 0.000000 -1.000000
f 1411//471 1412//471 1413//471
v 18.000000 1.000000 0.450000
v 18.777817 1.777817 0.450000
v 18.550000 1.952628 0.450000
vn 0.000000 0.000000 1.000000
f 1414//472 1415//472 1416//472
v 18.550000 1.952628 0.370000
v 18.284701 2.062518 0.370000
v 18.284701 2.062518 0.450000
vn 0.382683 0.923880 0.000000
f 1417//473 1418//473 1419//473
v 18.550000 1.952628 0.370000
v 18.284701 2.062518 0.450000
v 18.550000 1.952628 0.450000
vn 0.382683 0.923880 -0.000000
f 1420//474 1421//474 1422//474
v 18.000000 1.000000 0.370000
v 18.284701 2.062518 0.370000
v 18.550000 1.952628 0.370000
vn 0.000000 0.000000 -1.000000
f 1423//475 1424//475 1425//475
v 18.000000 1.000000 0.450000
v 18.550000 1.952628 0.450000
v 18.284701 2.062518 0.450000
vn 0.000000 0.000000 1.000000
f 1426//476 1427//476 1428//476
v 18.284701 2.062518 0.370000
v 18.000000 2.100000 0.370000
v 18.000000 2.100000 0.450000
vn 0.130526 0.991445 0.000000
f 1429//477 1430//477 1431//477
v 18.284701 2.062518 0.370000
v 18.000000 2.100000 0.450000
v 18.284701 2.062518 0.450000
vn 0.130526 0.991445 -0.000000
f 1432//478 1433//478 1434//478
v 18.000000 1.000000 0.370000
v 18.000000 2.100000 0.370000
v 18.284701 2.062518 0.370000
vn 0.000000 0.000000 -1.000000
f 1435//479 1436//479 1437//479
v 18.000000 1.000000 0.450000
v 18.284701 2.062518 0.450000
v 18.000000 2.100000 0.450000
vn 0.000000 0.000000 1.000000
f 1438//480 1439//480 1440//480
v 18.000000 2.100000 0.370000
v 17.715299 2.062518 0.370000
v 17.715299 2.062518 0.450000
vn -0.130526 0.991445 0.000000
f 1441//481 1442//481 1443//481
v 18.000000 2.100000 0.370000
v 17.715299 2.062518 0.450000
v 18.000000 2.100000 0.450000
vn -0.130526 0.991445 0.000000
f 1444//482 1445//482 1446//482
v 18.000000 1.000000 0.370000
v 17.715299 2.062518 0.370000
v 18.000000 2.100000 0.370000
vn 0.000000 0.000000 -1.000000
f 1447//483 1448//483 1449//483
v 18.000000 1.000000 0.450000
v 18.000000 2.100000 0.450000
v 17.715299 2.062518 0.450000
vn 0.000000 -0.000000 1.000000
f 1450//484 1451//484 1452//484
v 17.715299 2.062518 0.370000
v 17.450000 1.952628 0.370000
v 17.450000 1.952628 0.450000
vn -0.382683 0.923880 0.000000
f 1453//485 1454//485 1455//485
v 17.715299 2.062518 0.370000
v 17.450000 1.952628 0.450000
v 17.715299 2.062518 0.450000
vn -0.382683 0.923880 0.000000
f 1456//486 1457//486 1458//486
v 18.000000 1.000000 0.370000
v 17.450000 1.952628 0.370000
v 17.715299 2.062518 0.370000
vn 0.000000 0.000000 -1.000000
f 1459//487 1460//487 1461//487
v 18.000000 1.000000 0.450000
v 17.715299 2.062518 0.450000
v 17.450000 1.952628 0.450000
vn 0.000000 0.000000 1.000000
f 1462//488 1463//488 1464//488
v 17.450000 1.952628 0.370000
v 17.222183 1.777817 0.370000
v 17.222183 1.777817 0.450000
vn -0.608761 0.793353 0.000000
f 1465//489 1466//489 1467//489
v 17.450000 1.952628 0.370000
v 17.222183 1.777817 0.450000
v 17.450000 1.952628 0.450000
vn -0.608761 0.793353 0.000000
f 1468//490 1469//490 1470//490
v 18.000000 1.000000 0.370000
v 17.222183 1.777817 0.370000
v 17.450000 1.952628 0.370000
vn 0.000000 0.000000 -1.000000
f 1471//491 1472//491 1473//491
v 18.000000 1.000000 0.450000
v 17.450000 1.952628 0.450000
v 17.222183 1.777817 0.450000
vn 0.000000 0.000000 1.000000
f 1474//492 1475//492 1476//492
v 17.222183 1.777817 0.370000
v 17.047372 1.550000 0.370000
v 17.047372 1.550000 0.450000
vn -0.793353 0.608761 0.000000
f 1477//493 1478//493 1479//493
v 17.222183 1.777817 0.370000
v 17.047372 1.550000 0.450000
v 17.222183 1.777817 0.450000
vn -0.793353 0.608761 0.000000
f 1480//494 1481//494 1482//494
v 18.000000 1.000000 0.370000
v 17.047372 1.550000 0.370000
v 17.222183 1.777817 0.370000
vn 0.000000 0.000000 -1.000000
f 1483//495 1484//495 1485//495
v 18.000000 1.000000 0.450000
v 17.222183 1.777817 0.450000
v 17.047372 1.550000 0.450000
vn 0.000000 0.000000 1.000000
f 1486//496 1487//496 1488//496
v 17.047372 1.550000 0.370000
v 16.937482 1.284701 0.370000
v 16.937482 1.284701 0.450000
vn -0.923880 0.382683 0.000000
f 1489//497 1490//497 1491//497
v 17.047372 1.550000 0.370000
v 16.937482 1.284701 0.450000
v 17.047372 1.550000 0.450000
vn -0.923880 0.382683 0.000000
f 1492//498 1493//498 1494//498
v 18.000000 1.000000 0.370000
v 16.937482 1.284701 0.370000
v 17.047372 1.550000 0.370000
vn 0.000000 0.000000 -1.000000
f 1495//499 1496//499 1497//499
v 18.000000 1.000000 0.450000
v 17.047372 1.550000 0.450000
v 16.937482 1.284701 0.450000
vn 0.000000 0.000000 1.000000
f 1498//500 1499//500 1500//500
v 16.937482 1.284701 0.370000
v 16.900000 1.000000 0.370000
v 16.900000 1.000000 0.450000
vn -0.991445 0.130526 0.000000
f 1501//501 1502//501 1503//501
v 16.937482 1.284701 0.370000
v 16.900000 1.000000 0.450000
v 16.937482 1.284701 0.450000
vn -0.991445 0.130526 0.000000
f 1504//502 1505//502 1506//502
v 18.000000 1.000000 0.370000
v 16.900000 1.000000 0.370000
v 16.937482 1.284701 0.370000
vn 0.000000 0.000000 -1.000000
f 1507//503 1508//503 1509//503
v 18.000000 1.000000 0.450000
v 16.937482 1.284701 0.450000
v 16.900000 1.000000 0.450000
vn 0.000000 0.000000 1.000000
f 1510//504 1511//504 1512//504
v 16.900000 1.000000 0.370000
v 16.937482 0.715299 0.370000
v 16.937482 0.715299 0.450000
vn -0.991445 -0.130526 0.000000
f 1513//505 1514//505 1515//505
v 16.900000 1.000000 0.370000
v 16.937482 0.715299 0.450000
v 16.900000 1.000000 0.450000
vn -0.991445 -0.130526 0.000000
f 1516//506 1517//506 1518//506
v 18.000000 1.000000 0.370000
v 16.937482 0.715299 0.370000
v 16.900000 1.000000 0.370000
vn -0.000000 0.000000 -1.000000
f 1519//507 1520//507 1521//507
v 18.000000 1.000000 0.450000
v 16.900000 1.000000 0.450000
v 16.937482 0.715299 0.450000
vn 0.000000 0.000000 1.000000
f 1522//508 1523//508 1524//508
v 16.937482 0.715299 0.370000
v 17.047372 0.450000 0.370000
v 17.047372 0.450000 0.450000
vn -0.923880 -0.382683 0.000000
f 1525//509 1526//509 1527//509
v 16.937482 0.715299 0.370000
v 17.047372 0.450000 0.450000
v 16.937482 0.715299 0.450000
vn -0.923880 -0.382683 0.000000
f 1528//510 1529//510 1530//510
v 18.000000 1.000000 0.370000
v 17.047372 0.450000 0.370000
v 16.937482 0.715299 0.370000
vn 0.000000 0.000000 -1.000000
f 1531//511 1532//511 1533//511
v 18.000000 1.000000 0.450000
v 16.937482 0.715299 0.450000
v 17.047372 0.450000 0.450000
vn 0.000000 0.000000 1.000000
f 1534//512 1535//512 1536//512
v 17.047372 0.450000 0.370000
v 17.222183 0.222183 0.370000
v 17.222183 0.222183 0.450000
vn -0.793353 -0.608761 0.000000
f 1537//513 1538//513 1539//513
v 17.047372 0.450000 0.370000
v 17.222183 0.222183 0.450000
v 17.047372 0.450000 0.450000
vn -0.793353 -0.608761 0.000000
f 1540//514 1541//514 1542//514
v 18.000000 1.000000 0.370000
v 17.222183 0.222183 0.370000
v 17.047372 0.450000 0.370000
vn 0.000000 0.000000 -1.000000
f 1543//515 1544//515 1545//515
v 18.000000 1.000000 0.450000
v 17.047372 0.450000 0.450000
v 17.222183 0.222183 0.450000
vn 0.000000 0.000000 1.000000
f 1546//516 1547//516 1548//516
v 17.222183 0.222183 0.370000
v 17.450000 0.047372 0.370000
v 17.450000 0.047372 0.450000
vn -0.608761 -0.793353 0.000000
f 1549//517 1550//517 1551//517
v 17.222183 0.222183 0.370000
v 17.450000 0.047372 0.450000
v 17.222183 0.222183 0.450000
vn -0.608761 -0.793353 0.000000
f 1552//518 1553//518 1554//518
v 18.000000 1.000000 0.370000
v 17.450000 0.047372 0.370000
v 17.222183 0.222183 0.370000
vn 0.000000 0.000000 -1.000000
f 1555//519 1556//519 1557//519
v 18.000000 1.000000 0.450000
v 17.222183 0.222183 0.450000
v 17.450000 0.047372 0.450000
vn 0.000000 0.000000 1.000000
f 1558//520 1559//520 1560//520
v 17.450000 0.047372 0.370000
v 17.715299 -0.062518 0.370000
v 17.715299 -0.062518 0.450000
vn -0.382683 -0.923880 0.000000
f 1561//521 1562//521 1563//521
v 17.450000 0.047372 0.370000
v 17.715299 -0.062518 0.450000
v 17.450000 0.047372 0.450000
vn -0.382683 -0.923880 0.000000
f 1564//522 1565//522 1566//522
v 18.000000 1.000000 0.370000
v 17.715299 -0.062518 0.370000
v 17.450000 0.047372 0.370000
vn 0.000000 0.000000 -1.000000
f 1567//523 1568//523 1569//523
v 18.000000 1.000000 0.450000
v 17.450000 0.047372 0.450000
v 17.715299 -0.062518 0.450000
vn 0.000000 0.000000 1.000000
f 1570//524 1571//524 1572//524
v 17.715299 -0.062518 0.370000
v 18.000000 -0.100000 0.370000
v 18.000000 -0.100000 0.450000
vn -0.130526 -0.991445 0.000000
f 1573//525 1574//525 1575//525
v 17.715299 -0.062518 0.370000
v 18.000000 -0.100000 0.450000
v 17.715299 -0.062518 0.450000
vn -0.130526 -0.991445 0.000000
f 1576//526 1577//526 1578//526
v 18.000000 1.000000 0.370000
v 18.000000 -0.100000 0.370000
v 17.715299 -0.062518 0.370000
vn 0.000000 -0.000000 -1.000000
f 1579//527 1580//527 1581//527
v 18.000000 1.000000 0.450000
v 17.715299 -0.062518 0.450000
v 18.000000 -0.100000 0.450000
vn 0.000000 0.000000 1.000000
f 1582//528 1583//528 1584//528
v 18.000000 -0.100000 0.370000
v 18.284701 -0.062518 0.370000
v 18.284701 -0.062518 0.450000
vn 0.130526 -0.991445 0.000000
f 1585//529 1586//529 1587//529
v 18.000000 -0.100000 0.370000
v 18.284701 -0.062518 0.450000
v 18.000000 -0.100000 0.450000
vn 0.130526 -0.991445 0.000000
f 1588//530 1589//530 1590//530
v 18.000000 1.000000 0.370000
v 18.284701 -0.062518 0.370000
v 18.000000 -0.100000 0.370000
vn 0.000000 0.000000 -1.000000
f 1591//531 1592//531 1593//531
v 18.000000 1.000000 0.450000
v 18.000000 -0.100000 0.450000
v 18.284701 -0.062518 0.450000
vn 0.000000 0.000000 1.000000
f 1594//532 1595//532 1596//532
v 18.284701 -0.062518 0.370000
v 18.550000 0.047372 0.370000
v 18.550000 0.047372 0.450000
vn 0.382683 -0.923880 0.000000
f 1597//533 1598//533 1599//533
v 18.284701 -0.062518 0.370000
v 18.550000 0.047372 0.450000
v 18.284701 -0.062518 0.450000
vn 0.382683 -0.923880 0.000000
f 1600//534 1601//534 1602//534
v 18.000000 1.000000 0.370000
v 18.550000 0.047372 0.370000
v 18.284701 -0.062518 0.370000
vn 0.000000 0.000000 -1.000000
f 1603//535 1604//535 1605//535
v 18.000000 1.000000 0.450000
v 18.284701 -0.062518 0.450000
v 18.550000 0.047372 0.450000
vn 0.000000 0.000000 1.000000
f 1606//536 1607//536 1608//536
v 18.550000 0.047372 0.370000
v 18.777817 0.222183 0.370000
v 18.777817 0.222183 0.450000
vn 0.608761 -0.793353 0.000000
f 1609//537 1610//537 1611//537
v 18.550000 0.047372 0.370000
v 18.777817 0.222183 0.450000
v 18.550000 0.047372 0.450000
vn 0.608761 -0.793353 0.000000
f 1612//538 1613//538 1614//538
v 18.000000 1.000000 0.370000
v 18.777817 0.222183 0.370000
v 18.550000 0.047372 0.370000
vn 0.000000 0.000000 -1.000000
f 1615//539 1616//539 1617//539
v 18.000000 1.000000 0.450000
v 18.550000 0.047372 0.450000
v 18.777817 0.222183 0.450000
vn 0.000000 0.000000 1.000000
f 1618//540 1619//540 1620//540
v 18.777817 0.222183 0.370000
v 18.952628 0.450000 0.370000
v 18.952628 0.450000 0.450000
vn 0.793353 -0.608761 0.000000
f 1621//541 1622//541 1623//541
v 18.777817 0.222183 0.370000
v 18.952628 0.450000 0.450000
v 18.777817 0.222183 0.450000
vn 0.793353 -0.608761 0.000000
f 1624//542 1625//542 1626//542
v 18.000000 1.000000 0.370000
v 18.952628 0.450000 0.370000
v 18.777817 0.222183 0.370000
vn 0.000000 0.000000 -1.000000
f 1627//543 1628//543 1629//543
v 18.000000 1.000000 0.450000
v 18.777817 0.222183 0.450000
v 18.952628 0.450000 0.450000
vn 0.000000 0.000000 1.000000
f 1630//544 1631//544 1632//544
v 18.952628 0.450000 0.370000
v 19.062518 0.715299 0.370000
v 19.062518 0.715299 0.450000
vn 0.923880 -0.382683 0.000000
f 1633//545 1634//545 1635//545
v 18.952628 0.450000 0.370000
v 19.062518 0.715299 0.450000
v 18.952628 0.450000 0.450000
vn 0.923880 -0.382683 0.000000
f 1636//546 1637//546 1638//546
v 18.000000 1.000000 0.370000
v 19.062518 0.715299 0.370000
v 18.952628 0.450000 0.370000
vn 0.000000 0.000000 -1.000000
f 1639//547 1640//547 1641//547
v 18.000000 1.000000 0.450000
v 18.952628 0.450000 0.450000
v 19.062518 0.715299 0.450000
vn 0.000000 0.000000 1.000000
f 1642//548 1643//548 1644//548
v 19.062518 0.715299 0.370000
v 19.100000 1.000000 0.370000
v 19.100000 1.000000 0.450000
vn 0.991445 -0.130526 0.000000
f 1645//549 1646//549 1647//549
v 19.062518 0.715299 0.370000
v 19.100000 1.000000 0.450000
v 19.062518 0.715299 0.450000
vn 0.991445 -0.130526 0.000000
f 1648//550 1649//550 1650//550
v 18.000000 1.000000 0.370000
v 19.100000 1.000000 0.370000
v 19.062518 0.715299 0.370000
vn 0.000000 0.000000 -1.000000
f 1651//551 1652//551 1653//551
v 18.000000 1.000000 0.450000
v 19.062518 0.715299 0.450000
v 19.100000 1.000000 0.450000
vn 0.000000 0.000000 1.000000
f 1654//552 1655//552 1656//552
v 18.266987 1.136075 7.579894
v 18.271909 1.137176 7.520106
v 18.333013 0.863925 7.520106
vn -0.972444 -0.217457 -0.084052
f 1657//553 1658//553 1659//553
v 18.266987 1.136075 7.579894
v 18.333013 0.863925 7.520106
v 18.328091 0.862824 7.579894
vn -0.972444 -0.217457 -0.084052
f 1660//554 1661//554 1662//554
v 18.803731 1.256102 7.626286
v 18.864835 0.982850 7.626286
v 18.869757 0.983951 7.566499
vn 0.972444 0.217457 0.084052
f 1663//555 1664//555 1665//555
v 18.803731 1.256102 7.626286
v 18.869757 0.983951 7.566499
v 18.808652 1.257202 7.566499
vn 0.972444 0.217457 0.084052
f 1666//556 1667//556 1668//556
v 18.266987 1.136075 7.579894
v 18.328091 0.862824 7.579894
v 18.864835 0.982850 7.626286
vn -0.082026 -0.018343 0.996461
f 1669//557 1670//557 1671//557
v 18.266987 1.136075 7.579894
v 18.864835 0.982850 7.626286
v 18.803731 1.256102 7.626286
vn -0.082026 -0.018343 0.996461
f 1672//558 1673//558 1674//558
v 18.328091 0.862824 7.579894
v 18.333013 0.863925 7.520106
v 18.869757 0.983951 7.566499
vn 0.218230 -0.975897 -0.000000
f 1675//559 1676//559 1677//559
v 18.328091 0.862824 7.579894
v 18.869757 0.983951 7.566499
v 18.864835 0.982850 7.626286
vn 0.218230 -0.975897 -0.000000
f 1678//560 1679//560 1680//560
v 18.333013 0.863925 7.520106
v 18.271909 1.137176 7.520106
v 18.808652 1.257202 7.566499
vn 0.082026 0.018343 -0.996461
f 1681//561 1682//561 1683//561
v 18.333013 0.863925 7.520106
v 18.808652 1.257202 7.566499
v 18.869757 0.983951 7.566499
vn 0.082026 0.018343 -0.996461
f 1684//562 1685//562 1686//562
v 18.271909 1.137176 7.520106
v 18.266987 1.136075 7.579894
v 18.803731 1.256102 7.626286
vn -0.218230 0.975897 0.000000
f 1687//563 1688//563 1689//563
v 18.271909 1.137176 7.520106
v 18.803731 1.256102 7.626286
v 18.808652 1.257202 7.566499
vn -0.218230 0.975897 0.000000
f 1690//564 1691//564 1692//564
v 18.814765 1.234659 7.626180
v 18.807802 1.233103 7.566605
v 18.858723 1.005393 7.566605
vn -0.968974 -0.216681 0.118904
f 1693//565 1694//565 1695//565
v 18.814765 1.234659 7.626180
v 18.858723 1.005393 7.566605
v 18.865685 1.006950 7.626180
vn -0.968974 -0.216681 0.118904
f 1696//566 1697//566 1698//566
v 19.351508 1.354686 7.560315
v 19.402428 1.126976 7.560315
v 19.395466 1.125419 7.500741
vn 0.968974 0.216681 -0.118904
f 1699//567 1700//567 1701//567
v 19.351508 1.354686 7.560315
v 19.395466 1.125419 7.500741
v 19.344546 1.353129 7.500741
vn 0.968974 0.216681 -0.118904
f 1702//568 1703//568 1704//568
v 18.814765 1.234659 7.626180
v 18.865685 1.006950 7.626180
v 19.402428 1.126976 7.560315
vn 0.116038 0.025948 0.992906
f 1705//569 1706//569 1707//569
v 18.814765 1.234659 7.626180
v 19.402428 1.126976 7.560315
v 19.351508 1.354686 7.560315
vn 0.116038 0.025948 0.992906
f 1708//570 1709//570 1710//570
v 18.865685 1.006950 7.626180
v 18.858723 1.005393 7.566605
v 19.395466 1.125419 7.500741
vn 0.218230 -0.975897 -0.000000
f 1711//571 1712//571 1713//571
v 18.865685 1.006950 7.626180
v 19.395466 1.125419 7.500741
v 19.402428 1.126976 7.560315
vn 0.218230 -0.975897 -0.000000
f 1714//572 1715//572 1716//572
v 18.858723 1.005393 7.566605
v 18.807802 1.233103 7.566605
v 19.344546 1.353129 7.500741
vn -0.116038 -0.025948 -0.992906
f 1717//573 1718//573 1719//573
v 18.858723 1.005393 7.566605
v 19.344546 1.353129 7.500741
v 19.395466 1.125419 7.500741
vn -0.116038 -0.025948 -0.992906
f 1720//574 1721//574 1722//574
v 18.807802 1.233103 7.566605
v 18.814765 1.234659 7.626180
v 19.351508 1.354686 7.560315
vn -0.218230 0.975897 0.000000
f 1723//575 1724//575 1725//575
v 18.807802 1.233103 7.566605
v 19.351508 1.354686 7.560315
v 19.344546 1.353129 7.500741
vn -0.218230 0.975897 0.000000
f 1726//576 1727//576 1728//576
v 19.365133 1.333823 7.557886
v 19.341105 1.328450 7.503171
v 19.381841 1.146282 7.503171
vn -0.889942 -0.199008 0.410365
f 1729//577 1730//577 1731//577
v 19.365133 1.333823 7.557886
v 19.381841 1.146282 7.503171
v 19.405870 1.151655 7.557886
vn -0.889942 -0.199008 0.410365
f 1732//578 1733//578 1734//578
v 19.901877 1.453849 7.310386
v 19.942613 1.271682 7.310386
v 19.918585 1.266309 7.255671
vn 0.889942 0.199008 -0.410365
f 1735//579 1736//579 1737//579
v 19.901877 1.453849 7.310386
v 19.918585 1.266309 7.255671
v 19.877848 1.448476 7.255671
vn 0.889942 0.199008 -0.410365
f 1738//580 1739//580 1740//580
v 19.365133 1.333823 7.557886
v 19.405870 1.151655 7.557886
v 19.942613 1.271682 7.310386
vn 0.400474 0.089554 0.911922
f 1741//581 1742//581 1743//581
v 19.365133 1.333823 7.557886
v 19.942613 1.271682 7.310386
v 19.901877 1.453849 7.310386
vn 0.400474 0.089554 0.911922
f 1744//582 1745//582 1746//582
v 19.405870 1.151655 7.557886
v 19.381841 1.146282 7.503171
v 19.918585 1.266309 7.255671
vn 0.218230 -0.975897 -0.000000
f 1747//583 1748//583 1749//583
v 19.405870 1.151655 7.557886
v 19.918585 1.266309 7.255671
v 19.942613 1.271682 7.310386
vn 0.218230 -0.975897 -0.000000
f 1750//584 1751//584 1752//584
v 19.381841 1.146282 7.503171
v 19.341105 1.328450 7.503171
v 19.877848 1.448476 7.255671
vn -0.400474 -0.089554 -0.911922
f 1753//585 1754//585 1755//585
v 19.381841 1.146282 7.503171
v 19.877848 1.448476 7.255671
v 19.918585 1.266309 7.255671
vn -0.400474 -0.089554 -0.911922
f 1756//586 1757//586 1758//586
v 19.341105 1.328450 7.503171
v 19.365133 1.333823 7.557886
v 19.901877 1.453849 7.310386
vn -0.218230 0.975897 0.000000
f 1759//587 1760//587 1761//587
v 19.341105 1.328450 7.503171
v 19.901877 1.453849 7.310386
v 19.877848 1.448476 7.255671
vn -0.218230 0.975897 0.000000
f 1762//588 1763//588 1764//588
v 19.912964 1.432419 7.306680
v 19.876945 1.424364 7.259376
v 19.907497 1.287739 7.259376
vn -0.769405 -0.172054 0.615153
f 1765//589 1766//589 1767//589
v 19.912964 1.432419 7.306680
v 19.907497 1.287739 7.259376
v 19.943517 1.295793 7.306680
vn -0.769405 -0.172054 0.615153
f 1768//590 1769//590 1770//590
v 20.449708 1.552445 6.877545
v 20.480260 1.415820 6.877545
v 20.444241 1.407765 6.830240
vn 0.769405 0.172054 -0.615153
f 1771//591 1772//591 1773//591
v 20.449708 1.552445 6.877545
v 20.444241 1.407765 6.830240
v 20.413689 1.544391 6.830240
vn 0.769405 0.172054 -0.615153
f 1774//592 1775//592 1776//592
v 19.912964 1.432419 7.306680
v 19.943517 1.295793 7.306680
v 20.480260 1.415820 6.877545
vn 0.600326 0.134245 0.788408
f 1777//593 1778//593 1779//593
v 19.912964 1.432419 7.306680
v 20.480260 1.415820 6.877545
v 20.449708 1.552445 6.877545
vn 0.600326 0.134245 0.788408
f 1780//594 1781//594 1782//594
v 19.943517 1.295793 7.306680
v 19.907497 1.287739 7.259376
v 20.444241 1.407765 6.830240
vn 0.218230 -0.975897 -0.000000
f 1783//595 1784//595 1785//595
v 19.943517 1.295793 7.306680
v 20.444241 1.407765 6.830240
v 20.480260 1.415820 6.877545
vn 0.218230 -0.975897 -0.000000
f 1786//596 1787//596 1788//596
v 19.907497 1.287739 7.259376
v 19.876945 1.424364 7.259376
v 20.413689 1.544391 6.830240
vn -0.600326 -0.134245 -0.788408
f 1789//597 1790//597 1791//597
v 19.907497 1.287739 7.259376
v 20.413689 1.544391 6.830240
v 20.444241 1.407765 6.830240
vn -0.600326 -0.134245 -0.788408
f 1792//598 1793//598 1794//598
v 19.876945 1.424364 7.259376
v 19.912964 1.432419 7.306680
v 20.449708 1.552445 6.877545
vn -0.218230 0.975897 0.000000
f 1795//599 1796//599 1797//599
v 19.876945 1.424364 7.259376
v 20.449708 1.552445 6.877545
v 20.413689 1.544391 6.830240
vn -0.218230 0.975897 0.000000
f 1798//600 1799//600 1800//600
v 20.457328 1.530240 6.875272
v 20.416252 1.521054 6.832513
v 20.436620 1.429971 6.832513
vn -0.695484 -0.155524 0.701508
f 1801//601 1802//601 1803//601
v 20.457328 1.530240 6.875272
v 20.436620 1.429971 6.832513
v 20.477696 1.439156 6.875272
vn -0.695484 -0.155524 0.701508
f 1804//602 1805//602 1806//602
v 20.994072 1.650266 6.333880
v 21.014440 1.559182 6.333880
v 20.973364 1.549997 6.291120
vn 0.695484 0.155524 -0.701508
f 1807//603 1808//603 1809//603
v 20.994072 1.650266 6.333880
v 20.973364 1.549997 6.291120
v 20.952996 1.641081 6.291120
vn 0.695484 0.155524 -0.701508
f 1810//604 1811//604 1812//604
v 20.457328 1.530240 6.875272
v 20.477696 1.439156 6.875272
v 21.014440 1.559182 6.333880
vn 0.684600 0.153090 0.712661
f 1813//605 1814//605 1815//605
v 20.457328 1.530240 6.875272
v 21.014440 1.559182 6.333880
v 20.994072 1.650266 6.333880
vn 0.684600 0.153090 0.712661
f 1816//606 1817//606 1818//606
v 20.477696 1.439156 6.875272
v 20.436620 1.429971 6.832513
v 20.973364 1.549997 6.291120
vn 0.218230 -0.975897 -0.000000
f 1819//607 1820//607 1821//607
v 20.477696 1.439156 6.875272
v 20.973364 1.549997 6.291120
v 21.014440 1.559182 6.333880
vn 0.218230 -0.975897 -0.000000
f 1822//608 1823//608 1824//608
v 20.436620 1.429971 6.832513
v 20.416252 1.521054 6.832513
v 20.952996 1.641081 6.291120
vn -0.684600 -0.153090 -0.712661
f 1825//609 1826//609 1827//609
v 20.436620 1.429971 6.832513
v 20.952996 1.641081 6.291120
v 20.973364 1.549997 6.291120
vn -0.684600 -0.153090 -0.712661
f 1828//610 1829//610 1830//610
v 20.416252 1.521054 6.832513
v 20.457328 1.530240 6.875272
v 20.994072 1.650266 6.333880
vn -0.218230 0.975897 0.000000
f 1831//611 1832//611 1833//611
v 20.416252 1.521054 6.832513
v 20.994072 1.650266 6.333880
v 20.952996 1.641081 6.291120
vn -0.218230 0.975897 0.000000
f 1834//612 1835//612 1836//612
v 18.162507 1.026498 7.579894
v 18.163551 1.031432 7.520106
v 18.437493 0.973502 7.520106
vn -0.206162 -0.974901 -0.084052
f 1837//613 1838//613 1839//613
v 18.162507 1.026498 7.579894
v 18.437493 0.973502 7.520106
v 18.436449 0.968568 7.579894
vn -0.206162 -0.974901 -0.084052
f 1840//614 1841//614 1842//614
v 18.276299 1.564598 7.626286
v 18.550241 1.506668 7.626286
v 18.551284 1.511602 7.566499
vn 0.206162 0.974901 0.084052
f 1843//615 1844//615 1845//615
v 18.276299 1.564598 7.626286
v 18.551284 1.511602 7.566499
v 18.277342 1.569532 7.566499
vn 0.206162 0.974901 0.084052
f 1846//616 1847//616 1848//616
v 18.162507 1.026498 7.579894
v 18.436449 0.968568 7.579894
v 18.550241 1.506668 7.626286
vn -0.017390 -0.082233 0.996461
f 1849//617 1850//617 1851//617
v 18.162507 1.026498 7.579894
v 18.550241 1.506668 7.626286
v 18.276299 1.564598 7.626286
vn -0.017390 -0.082233 0.996461
f 1852//618 1853//618 1854//618
v 18.436449 0.968568 7.579894
v 18.437493 0.973502 7.520106
v 18.551284 1.511602 7.566499
vn 0.978363 -0.206894 -0.000000
f 1855//619 1856//619 1857//619
v 18.436449 0.968568 7.579894
v 18.551284 1.511602 7.566499
v 18.550241 1.506668 7.626286
vn 0.978363 -0.206894 -0.000000
f 1858//620 1859//620 1860//620
v 18.437493 0.973502 7.520106
v 18.163551 1.031432 7.520106
v 18.277342 1.569532 7.566499
vn 0.017390 0.082233 -0.996461
f 1861//621 1862//621 1863//621
v 18.437493 0.973502 7.520106
v 18.277342 1.569532 7.566499
v 18.551284 1.511602 7.566499
vn 0.017390 0.082233 -0.996461
f 1864//622 1865//622 1866//622
v 18.163551 1.031432 7.520106
v 18.162507 1.026498 7.579894
v 18.276299 1.564598 7.626286
vn -0.978363 0.206894 0.000000
f 1867//623 1868//623 1869//623
v 18.163551 1.031432 7.520106
v 18.276299 1.564598 7.626286
v 18.277342 1.569532 7.566499
vn -0.978363 0.206894 0.000000
f 1870//624 1871//624 1872//624
v 18.300387 1.565727 7.626180
v 18.298911 1.558748 7.566605
v 18.527196 1.510472 7.566605
vn -0.205426 -0.971423 0.118904
f 1873//625 1874//625 1875//625
v 18.300387 1.565727 7.626180
v 18.527196 1.510472 7.566605
v 18.528672 1.517452 7.626180
vn -0.205426 -0.971423 0.118904
f 1876//626 1877//626 1878//626
v 18.414179 2.103827 7.560315
v 18.642464 2.055552 7.560315
v 18.640988 2.048572 7.500741
vn 0.205426 0.971423 -0.118904
f 1879//627 1880//627 1881//627
v 18.414179 2.103827 7.560315
v 18.640988 2.048572 7.500741
v 18.412703 2.096847 7.500741
vn 0.205426 0.971423 -0.118904
f 1882//628 1883//628 1884//628
v 18.300387 1.565727 7.626180
v 18.528672 1.517452 7.626180
v 18.642464 2.055552 7.560315
vn 0.024600 0.116331 0.992906
f 1885//629 1886//629 1887//629
v 18.300387 1.565727 7.626180
v 18.642464 2.055552 7.560315
v 18.414179 2.103827 7.560315
vn 0.024600 0.116331 0.992906
f 1888//630 1889//630 1890//630
v 18.528672 1.517452 7.626180
v 18.527196 1.510472 7.566605
v 18.640988 2.048572 7.500741
vn 0.978363 -0.206894 0.000000
f 1891//631 1892//631 1893//631
v 18.528672 1.517452 7.626180
v 18.640988 2.048572 7.500741
v 18.642464 2.055552 7.560315
vn 0.978363 -0.206894 0.000000
f 1894//632 1895//632 1896//632
v 18.527196 1.510472 7.566605
v 18.298911 1.558748 7.566605
v 18.412703 2.096847 7.500741
vn -0.024600 -0.116331 -0.992906
f 1897//633 1898//633 1899//633
v 18.527196 1.510472 7.566605
v 18.412703 2.096847 7.500741
v 18.640988 2.048572 7.500741
vn -0.024600 -0.116331 -0.992906
f 1900//634 1901//634 1902//634
v 18.298911 1.558748 7.566605
v 18.300387 1.565727 7.626180
v 18.414179 2.103827 7.560315
vn -0.978363 0.206894 -0.000000
f 1903//635 1904//635 1905//635
v 18.298911 1.558748 7.566605
v 18.414179 2.103827 7.560315
v 18.412703 2.096847 7.500741
vn -0.978363 0.206894 -0.000000
f 1906//636 1907//636 1908//636
v 18.438816 2.107554 7.557886
v 18.433722 2.083465 7.503171
v 18.616350 2.044845 7.503171
vn -0.188671 -0.892191 0.410365
f 1909//637 1910//637 1911//637
v 18.438816 2.107554 7.557886
v 18.616350 2.044845 7.503171
v 18.621444 2.068934 7.557886
vn -0.188671 -0.892191 0.410365
f 1912//638 1913//638 1914//638
v 18.552608 2.645654 7.310386
v 18.735236 2.607034 7.310386
v 18.730142 2.582945 7.255671
vn 0.188671 0.892191 -0.410365
f 1915//639 1916//639 1917//639
v 18.552608 2.645654 7.310386
v 18.730142 2.582945 7.255671
v 18.547514 2.621565 7.255671
vn 0.188671 0.892191 -0.410365
f 1918//640 1919//640 1920//640
v 18.438816 2.107554 7.557886
v 18.621444 2.068934 7.557886
v 18.735236 2.607034 7.310386
vn 0.084902 0.401486 0.911922
f 1921//641 1922//641 1923//641
v 18.438816 2.107554 7.557886
v 18.735236 2.607034 7.310386
v 18.552608 2.645654 7.310386
vn 0.084902 0.401486 0.911922
f 1924//642 1925//642 1926//642
v 18.621444 2.068934 7.557886
v 18.616350 2.044845 7.503171
v 18.730142 2.582945 7.255671
vn 0.978363 -0.206894 0.000000
f 1927//643 1928//643 1929//643
v 18.621444 2.068934 7.557886
v 18.730142 2.582945 7.255671
v 18.735236 2.607034 7.310386
vn 0.978363 -0.206894 0.000000
f 1930//644 1931//644 1932//644
v 18.616350 2.044845 7.503171
v 18.433722 2.083465 7.503171
v 18.547514 2.621565 7.255671
vn -0.084902 -0.401486 -0.911922
f 1933//645 1934//645 1935//645
v 18.616350 2.044845 7.503171
v 18.547514 2.621565 7.255671
v 18.730142 2.582945 7.255671
vn -0.084902 -0.401486 -0.911922
f 1936//646 1937//646 1938//646
v 18.433722 2.083465 7.503171
v 18.438816 2.107554 7.557886
v 18.552608 2.645654 7.310386
vn -0.978363 0.206894 -0.000000
f 1939//647 1940//647 1941//647
v 18.433722 2.083465 7.503171
v 18.552608 2.645654 7.310386
v 18.547514 2.621565 7.255671
vn -0.978363 0.206894 -0.000000
f 1942//648 1943//648 1944//648
v 18.576707 2.646837 7.306680
v 18.569071 2.610727 7.259376
v 18.706042 2.581762 7.259376
vn -0.163117 -0.771350 0.615153
f 1945//649 1946//649 1947//649
v 18.576707 2.646837 7.306680
v 18.706042 2.581762 7.259376
v 18.713678 2.617872 7.306680
vn -0.163117 -0.771350 0.615153
f 1948//650 1949//650 1950//650
v 18.690499 3.184937 6.877545
v 18.827470 3.155972 6.877545
v 18.819834 3.119862 6.830240
vn 0.163117 0.771350 -0.615153
f 1951//651 1952//651 1953//651
v 18.690499 3.184937 6.877545
v 18.819834 3.119862 6.830240
v 18.682863 3.148827 6.830240
vn 0.163117 0.771350 -0.615153
f 1954//652 1955//652 1956//652
v 18.576707 2.646837 7.306680
v 18.713678 2.617872 7.306680
v 18.827470 3.155972 6.877545
vn 0.127271 0.601843 0.788408
f 1957//653 1958//653 1959//653
v 18.576707 2.646837 7.306680
v 18.827470 3.155972 6.877545
v 18.690499 3.184937 6.877545
vn 0.127271 0.601843 0.788408
f 1960//654 1961//654 1962//654
v 18.713678 2.617872 7.306680
v 18.706042 2.581762 7.259376
v 18.819834 3.119862 6.830240
vn 0.978363 -0.206894 0.000000
f 1963//655 1964//655 1965//655
v 18.713678 2.617872 7.306680
v 18.819834 3.119862 6.830240
v 18.827470 3.155972 6.877545
vn 0.978363 -0.206894 0.000000
f 1966//656 1967//656 1968//656
v 18.706042 2.581762 7.259376
v 18.569071 2.610727 7.259376
v 18.682863 3.148827 6.830240
vn -0.127271 -0.601843 -0.788408
f 1969//657 1970//657 1971//657
v 18.706042 2.581762 7.259376
v 18.682863 3.148827 6.830240
v 18.819834 3.119862 6.830240
vn -0.127271 -0.601843 -0.788408
f 1972//658 1973//658 1974//658
v 18.569071 2.610727 7.259376
v 18.576707 2.646837 7.306680
v 18.690499 3.184937 6.877545
vn -0.978363 0.206894 -0.000000
f 1975//659 1976//659 1977//659
v 18.569071 2.610727 7.259376
v 18.690499 3.184937 6.877545
v 18.682863 3.148827 6.830240
vn -0.978363 0.206894 -0.000000
f 1978//660 1979//660 1980//660
v 18.713864 3.182644 6.875272
v 18.705155 3.141465 6.832513
v 18.796469 3.122155 6.832513
vn -0.147445 -0.697242 0.701508
f 1981//661 1982//661 1983//661
v 18.713864 3.182644 6.875272
v 18.796469 3.122155 6.832513
v 18.805177 3.163334 6.875272
vn -0.147445 -0.697242 0.701508
f 1984//662 1985//662 1986//662
v 18.827655 3.720744 6.333880
v 18.918969 3.701434 6.333880
v 18.910261 3.660254 6.291120
vn 0.147445 0.697242 -0.701508
f 1987//663 1988//663 1989//663
v 18.827655 3.720744 6.333880
v 18.910261 3.660254 6.291120
v 18.818947 3.679565 6.291120
vn 0.147445 0.697242 -0.701508
f 1990//664 1991//664 1992//664
v 18.713864 3.182644 6.875272
v 18.805177 3.163334 6.875272
v 18.918969 3.701434 6.333880
vn 0.145138 0.686330 0.712661
f 1993//665 1994//665 1995//665
v 18.713864 3.182644 6.875272
v 18.918969 3.701434 6.333880
v 18.827655 3.720744 6.333880
vn 0.145138 0.686330 0.712661
f 1996//666 1997//666 1998//666
v 18.805177 3.163334 6.875272
v 18.796469 3.122155 6.832513
v 18.910261 3.660254 6.291120
vn 0.978363 -0.206894 0.000000
f 1999//667 2000//667 2001//667
v 18.805177 3.163334 6.875272
v 18.910261 3.660254 6.291120
v 18.918969 3.701434 6.333880
vn 0.978363 -0.206894 0.000000
f 2002//668 2003//668 2004//668
v 18.796469 3.122155 6.832513
v 18.705155 3.141465 6.832513
v 18.818947 3.679565 6.291120
vn -0.145138 -0.686330 -0.712661
f 2005//669 2006//669 2007//669
v 18.796469 3.122155 6.832513
v 18.818947 3.679565 6.291120
v 18.910261 3.660254 6.291120
vn -0.145138 -0.686330 -0.712661
f 2008//670 2009//670 2010//670
v 18.705155 3.141465 6.832513
v 18.713864 3.182644 6.875272
v 18.827655 3.720744 6.333880
vn -0.978363 0.206894 -0.000000
f 2011//671 2012//671 2013//671
v 18.705155 3.141465 6.832513
v 18.827655 3.720744 6.333880
v 18.818947 3.679565 6.291120
vn -0.978363 0.206894 -0.000000
f 2014//672 2015//672 2016//672
v 18.218780 0.885940 7.579894
v 18.214725 0.888939 7.520106
v 18.381220 1.114060 7.520106
vn 0.801159 -0.592520 -0.084052
f 2017//673 2018//673 2019//673
v 18.218780 0.885940 7.579894
v 18.381220 1.114060 7.520106
v 18.385275 1.111061 7.579894
vn 0.801159 -0.592520 -0.084052
f 2020//674 2021//674 2022//674
v 17.776578 1.212983 7.626286
v 17.943073 1.438104 7.626286
v 17.939018 1.441103 7.566499
vn -0.801159 0.592520 0.084052
f 2023//675 2024//675 2025//675
v 17.776578 1.212983 7.626286
v 17.939018 1.441103 7.566499
v 17.772523 1.215982 7.566499
vn -0.801159 0.592520 0.084052
f 2026//676 2027//676 2028//676
v 18.218780 0.885940 7.579894
v 18.385275 1.111061 7.579894
v 17.943073 1.438104 7.626286
vn 0.067578 -0.049979 0.996461
f 2029//677 2030//677 2031//677
v 18.218780 0.885940 7.579894
v 17.943073 1.438104 7.626286
v 17.776578 1.212983 7.626286
vn 0.067578 -0.049979 0.996461
f 2032//678 2033//678 2034//678
v 18.385275 1.111061 7.579894
v 18.381220 1.114060 7.520106
v 17.939018 1.441103 7.566499
vn 0.594624 0.804004 0.000000
f 2035//679 2036//679 2037//679
v 18.385275 1.111061 7.579894
v 17.939018 1.441103 7.566499
v 17.943073 1.438104 7.626286
vn 0.594624 0.804004 0.000000
f 2038//680 2039//680 2040//680
v 18.381220 1.114060 7.520106
v 18.214725 0.888939 7.520106
v 17.772523 1.215982 7.566499
vn -0.067578 0.049979 -0.996461
f 2041//681 2042//681 2043//681
v 18.381220 1.114060 7.520106
v 17.772523 1.215982 7.566499
v 17.939018 1.441103 7.566499
vn -0.067578 0.049979 -0.996461
f 2044//682 2045//682 2046//682
v 18.214725 0.888939 7.520106
v 18.218780 0.885940 7.579894
v 17.776578 1.212983 7.626286
vn -0.594624 -0.804004 -0.000000
f 2047//683 2048//683 2049//683
v 18.214725 0.888939 7.520106
v 17.776578 1.212983 7.626286
v 17.772523 1.215982 7.566499
vn -0.594624 -0.804004 -0.000000
f 2050//684 2051//684 2052//684
v 17.785557 1.235364 7.626180
v 17.791293 1.231122 7.566605
v 17.930039 1.418723 7.566605
vn 0.798300 -0.590406 0.118904
f 2053//685 2054//685 2055//685
v 17.785557 1.235364 7.626180
v 17.930039 1.418723 7.566605
v 17.924303 1.422965 7.626180
vn 0.798300 -0.590406 0.118904
f 2056//686 2057//686 2058//686
v 17.343355 1.562407 7.560315
v 17.482101 1.750008 7.560315
v 17.487837 1.745766 7.500741
vn -0.798300 0.590406 -0.118904
f 2059//687 2060//687 2061//687
v 17.343355 1.562407 7.560315
v 17.487837 1.745766 7.500741
v 17.349091 1.558165 7.500741
vn -0.798300 0.590406 -0.118904
f 2062//688 2063//688 2064//688
v 17.785557 1.235364 7.626180
v 17.924303 1.422965 7.626180
v 17.482101 1.750008 7.560315
vn -0.095599 0.070703 0.992906
f 2065//689 2066//689 2067//689
v 17.785557 1.235364 7.626180
v 17.482101 1.750008 7.560315
v 17.343355 1.562407 7.560315
vn -0.095599 0.070703 0.992906
f 2068//690 2069//690 2070//690
v 17.924303 1.422965 7.626180
v 17.930039 1.418723 7.566605
v 17.487837 1.745766 7.500741
vn 0.594624 0.804004 0.000000
f 2071//691 2072//691 2073//691
v 17.924303 1.422965 7.626180
v 17.487837 1.745766 7.500741
v 17.482101 1.750008 7.560315
vn 0.594624 0.804004 0.000000
f 2074//692 2075//692 2076//692
v 17.930039 1.418723 7.566605
v 17.791293 1.231122 7.566605
v 17.349091 1.558165 7.500741
vn 0.095599 -0.070703 -0.992906
f 2077//693 2078//693 2079//693
v 17.930039 1.418723 7.566605
v 17.349091 1.558165 7.500741
v 17.487837 1.745766 7.500741
vn 0.095599 -0.070703 -0.992906
f 2080//694 2081//694 2082//694
v 17.791293 1.231122 7.566605
v 17.785557 1.235364 7.626180
v 17.343355 1.562407 7.560315
vn -0.594624 -0.804004 -0.000000
f 2083//695 2084//695 2085//695
v 17.791293 1.231122 7.566605
v 17.343355 1.562407 7.560315
v 17.349091 1.558165 7.500741
vn -0.594624 -0.804004 -0.000000
f 2086//696 2087//696 2088//696
v 17.350199 1.586366 7.557886
v 17.369996 1.571726 7.503171
v 17.480992 1.721806 7.503171
vn 0.733188 -0.542250 0.410365
f 2089//697 2090//697 2091//697
v 17.350199 1.586366 7.557886
v 17.480992 1.721806 7.503171
v 17.461196 1.736447 7.557886
vn 0.733188 -0.542250 0.410365
f 2092//698 2093//698 2094//698
v 16.907997 1.913410 7.310386
v 17.018994 2.063490 7.310386
v 17.038790 2.048850 7.255671
vn -0.733188 0.542250 -0.410365
f 2095//699 2096//699 2097//699
v 16.907997 1.913410 7.310386
v 17.038790 2.048850 7.255671
v 16.927793 1.898769 7.255671
vn -0.733188 0.542250 -0.410365
f 2098//700 2099//700 2100//700
v 17.350199 1.586366 7.557886
v 17.461196 1.736447 7.557886
v 17.018994 2.063490 7.310386
vn -0.329935 0.244013 0.911922
f 2101//701 2102//701 2103//701
v 17.350199 1.586366 7.557886
v 17.018994 2.063490 7.310386
v 16.907997 1.913410 7.310386
vn -0.329935 0.244013 0.911922
f 2104//702 2105//702 2106//702
v 17.461196 1.736447 7.557886
v 17.480992 1.721806 7.503171
v 17.038790 2.048850 7.255671
vn 0.594624 0.804004 0.000000
f 2107//703 2108//703 2109//703
v 17.461196 1.736447 7.557886
v 17.038790 2.048850 7.255671
v 17.018994 2.063490 7.310386
vn 0.594624 0.804004 0.000000
f 2110//704 2111//704 2112//704
v 17.480992 1.721806 7.503171
v 17.369996 1.571726 7.503171
v 16.927793 1.898769 7.255671
vn 0.329935 -0.244013 -0.911922
f 2113//705 2114//705 2115//705
v 17.480992 1.721806 7.503171
v 16.927793 1.898769 7.255671
v 17.038790 2.048850 7.255671
vn 0.329935 -0.244013 -0.911922
f 2116//706 2117//706 2118//706
v 17.369996 1.571726 7.503171
v 17.350199 1.586366 7.557886
v 16.907997 1.913410 7.310386
vn -0.594624 -0.804004 -0.000000
f 2119//707 2120//707 2121//707
v 17.369996 1.571726 7.503171
v 16.907997 1.913410 7.310386
v 16.927793 1.898769 7.255671
vn -0.594624 -0.804004 -0.000000
f 2122//708 2123//708 2124//708
v 16.916932 1.935823 7.306680
v 16.946607 1.913876 7.259376
v 17.029855 2.026436 7.259376
vn 0.633883 -0.468806 0.615153
f 2125//709 2126//709 2127//709
v 16.916932 1.935823 7.306680
v 17.029855 2.026436 7.259376
v 17.000180 2.048384 7.306680
vn 0.633883 -0.468806 0.615153
f 2128//710 2129//710 2130//710
v 16.474730 2.262866 6.877545
v 16.557978 2.375427 6.877545
v 16.587653 2.353480 6.830240
vn -0.633883 0.468806 -0.615153
f 2131//711 2132//711 2133//711
v 16.474730 2.262866 6.877545
v 16.587653 2.353480 6.830240
v 16.504405 2.240919 6.830240
vn -0.633883 0.468806 -0.615153
f 2134//712 2135//712 2136//712
v 16.916932 1.935823 7.306680
v 17.000180 2.048384 7.306680
v 16.557978 2.375427 6.877545
vn -0.494585 0.365785 0.788408
f 2137//713 2138//713 2139//713
v 16.916932 1.935823 7.306680
v 16.557978 2.375427 6.877545
v 16.474730 2.262866 6.877545
vn -0.494585 0.365785 0.788408
f 2140//714 2141//714 2142//714
v 17.000180 2.048384 7.306680
v 17.029855 2.026436 7.259376
v 16.587653 2.353480 6.830240
vn 0.594624 0.804004 0.000000
f 2143//715 2144//715 2145//715
v 17.000180 2.048384 7.306680
v 16.587653 2.353480 6.830240
v 16.557978 2.375427 6.877545
vn 0.594624 0.804004 0.000000
f 2146//716 2147//716 2148//716
v 17.029855 2.026436 7.259376
v 16.946607 1.913876 7.259376
v 16.504405 2.240919 6.830240
vn 0.494585 -0.365785 -0.788408
f 2149//717 2150//717 2151//717
v 17.029855 2.026436 7.259376
v 16.504405 2.240919 6.830240
v 16.587653 2.353480 6.830240
vn 0.494585 -0.365785 -0.788408
f 2152//718 2153//718 2154//718
v 16.946607 1.913876 7.259376
v 16.916932 1.935823 7.306680
v 16.474730 2.262866 6.877545
vn -0.594624 -0.804004 -0.000000
f 2155//719 2156//719 2157//719
v 16.946607 1.913876 7.259376
v 16.474730 2.262866 6.877545
v 16.504405 2.240919 6.830240
vn -0.594624 -0.804004 -0.000000
f 2158//720 2159//720 2160//720
v 16.486522 2.283167 6.875272
v 16.520363 2.258139 6.832513
v 16.575861 2.333179 6.832513
vn 0.572982 -0.423766 0.701508
f 2161//721 2162//721 2163//721
v 16.486522 2.283167 6.875272
v 16.575861 2.333179 6.832513
v 16.542020 2.358207 6.875272
vn 0.572982 -0.423766 0.701508
f 2164//722 2165//722 2166//722
v 16.044320 2.610210 6.333880
v 16.099818 2.685250 6.333880
v 16.133659 2.660222 6.291120
vn -0.572982 0.423766 -0.701508
f 2167//723 2168//723 2169//723
v 16.044320 2.610210 6.333880
v 16.133659 2.660222 6.291120
v 16.078161 2.585182 6.291120
vn -0.572982 0.423766 -0.701508
f 2170//724 2171//724 2172//724
v 16.486522 2.283167 6.875272
v 16.542020 2.358207 6.875272
v 16.099818 2.685250 6.333880
vn -0.564015 0.417134 0.712661
f 2173//725 2174//725 2175//725
v 16.486522 2.283167 6.875272
v 16.099818 2.685250 6.333880
v 16.044320 2.610210 6.333880
vn -0.564015 0.417134 0.712661
f 2176//726 2177//726 2178//726
v 16.542020 2.358207 6.875272
v 16.575861 2.333179 6.832513
v 16.133659 2.660222 6.291120
vn 0.594624 0.804004 -0.000000
f 2179//727 2180//727 2181//727
v 16.542020 2.358207 6.875272
v 16.133659 2.660222 6.291120
v 16.099818 2.685250 6.333880
vn 0.594624 0.804004 -0.000000
f 2182//728 2183//728 2184//728
v 16.575861 2.333179 6.832513
v 16.520363 2.258139 6.832513
v 16.078161 2.585182 6.291120
vn 0.564015 -0.417134 -0.712661
f 2185//729 2186//729 2187//729
v 16.575861 2.333179 6.832513
v 16.078161 2.585182 6.291120
v 16.133659 2.660222 6.291120
vn 0.564015 -0.417134 -0.712661
f 2188//730 2189//730 2190//730
v 16.520363 2.258139 6.832513
v 16.486522 2.283167 6.875272
v 16.044320 2.610210 6.333880
vn -0.594624 -0.804004 0.000000
f 2191//731 2192//731 2193//731
v 16.520363 2.258139 6.832513
v 16.044320 2.610210 6.333880
v 16.078161 2.585182 6.291120
vn -0.594624 -0.804004 0.000000
f 2194//732 2195//732 2196//732
v 18.370013 0.878737 7.579894
v 18.365600 0.876295 7.520106
v 18.229987 1.121263 7.520106
vn 0.871788 0.482618 -0.084052
f 2197//733 2198//733 2199//733
v 18.370013 0.878737 7.579894
v 18.229987 1.121263 7.520106
v 18.234400 1.123705 7.579894
vn 0.871788 0.482618 -0.084052
f 2200//734 2201//734 2202//734
v 17.888826 0.612355 7.626286
v 17.753213 0.857323 7.626286
v 17.748801 0.854880 7.566499
vn -0.871788 -0.482618 0.084052
f 2203//735 2204//735 2205//735
v 17.888826 0.612355 7.626286
v 17.748801 0.854880 7.566499
v 17.884414 0.609912 7.566499
vn -0.871788 -0.482618 0.084052
f 2206//736 2207//736 2208//736
v 18.370013 0.878737 7.579894
v 18.234400 1.123705 7.579894
v 17.753213 0.857323 7.626286
vn 0.073536 0.040709 0.996461
f 2209//737 2210//737 2211//737
v 18.370013 0.878737 7.579894
v 17.753213 0.857323 7.626286
v 17.888826 0.612355 7.626286
vn 0.073536 0.040709 0.996461
f 2212//738 2213//738 2214//738
v 18.234400 1.123705 7.579894
v 18.229987 1.121263 7.520106
v 17.748801 0.854880 7.566499
vn -0.484332 0.874884 0.000000
f 2215//739 2216//739 2217//739
v 18.234400 1.123705 7.579894
v 17.748801 0.854880 7.566499
v 17.753213 0.857323 7.626286
vn -0.484332 0.874884 0.000000
f 2218//740 2219//740 2220//740
v 18.229987 1.121263 7.520106
v 18.365600 0.876295 7.520106
v 17.884414 0.609912 7.566499
vn -0.073536 -0.040709 -0.996461
f 2221//741 2222//741 2223//741
v 18.229987 1.121263 7.520106
v 17.884414 0.609912 7.566499
v 17.748801 0.854880 7.566499
vn -0.073536 -0.040709 -0.996461
f 2224//742 2225//742 2226//742
v 18.365600 0.876295 7.520106
v 18.370013 0.878737 7.579894
v 17.888826 0.612355 7.626286
vn 0.484332 -0.874884 -0.000000
f 2227//743 2228//743 2229//743
v 18.365600 0.876295 7.520106
v 17.888826 0.612355 7.626286
v 17.884414 0.609912 7.566499
vn 0.484332 -0.874884 -0.000000
f 2230//744 2231//744 2232//744
v 17.872198 0.629820 7.626180
v 17.878440 0.633275 7.566605
v 17.765429 0.837415 7.566605
vn 0.868678 0.480896 0.118904
f 2233//745 2234//745 2235//745
v 17.872198 0.629820 7.626180
v 17.765429 0.837415 7.566605
v 17.759187 0.833960 7.626180
vn 0.868678 0.480896 0.118904
f 2236//746 2237//746 2238//746
v 17.391012 0.363437 7.560315
v 17.278001 0.567577 7.560315
v 17.284243 0.571032 7.500741
vn -0.868678 -0.480896 -0.118904
f 2239//747 2240//747 2241//747
v 17.391012 0.363437 7.560315
v 17.284243 0.571032 7.500741
v 17.397253 0.366893 7.500741
vn -0.868678 -0.480896 -0.118904
f 2242//748 2243//748 2244//748
v 17.872198 0.629820 7.626180
v 17.759187 0.833960 7.626180
v 17.278001 0.567577 7.560315
vn -0.104027 -0.057589 0.992906
f 2245//749 2246//749 2247//749
v 17.872198 0.629820 7.626180
v 17.278001 0.567577 7.560315
v 17.391012 0.363437 7.560315
vn -0.104027 -0.057589 0.992906
f 2248//750 2249//750 2250//750
v 17.759187 0.833960 7.626180
v 17.765429 0.837415 7.566605
v 17.284243 0.571032 7.500741
vn -0.484332 0.874884 -0.000000
f 2251//751 2252//751 2253//751
v 17.759187 0.833960 7.626180
v 17.284243 0.571032 7.500741
v 17.278001 0.567577 7.560315
vn -0.484332 0.874884 -0.000000
f 2254//752 2255//752 2256//752
v 17.765429 0.837415 7.566605
v 17.878440 0.633275 7.566605
v 17.397253 0.366893 7.500741
vn 0.104027 0.057589 -0.992906
f 2257//753 2258//753 2259//753
v 17.765429 0.837415 7.566605
v 17.397253 0.366893 7.500741
v 17.284243 0.571032 7.500741
vn 0.104027 0.057589 -0.992906
f 2260//754 2261//754 2262//754
v 17.878440 0.633275 7.566605
v 17.872198 0.629820 7.626180
v 17.391012 0.363437 7.560315
vn 0.484332 -0.874884 0.000000
f 2263//755 2264//755 2265//755
v 17.878440 0.633275 7.566605
v 17.391012 0.363437 7.560315
v 17.397253 0.366893 7.500741
vn 0.484332 -0.874884 0.000000
f 2266//756 2267//756 2268//756
v 17.372061 0.379616 7.557886
v 17.393602 0.391542 7.503171
v 17.303194 0.554853 7.503171
vn 0.797826 0.441673 0.410365
f 2269//757 2270//757 2271//757
v 17.372061 0.379616 7.557886
v 17.303194 0.554853 7.503171
v 17.281652 0.542928 7.557886
vn 0.797826 0.441673 0.410365
f 2272//758 2273//758 2274//758
v 16.890874 0.113234 7.310386
v 16.800466 0.276546 7.310386
v 16.822007 0.288471 7.255671
vn -0.797826 -0.441673 -0.410365
f 2275//759 2276//759 2277//759
v 16.890874 0.113234 7.310386
v 16.822007 0.288471 7.255671
v 16.912416 0.125159 7.255671
vn -0.797826 -0.441673 -0.410365
f 2278//760 2279//760 2280//760
v 17.372061 0.379616 7.557886
v 17.281652 0.542928 7.557886
v 16.800466 0.276546 7.310386
vn -0.359022 -0.198753 0.911922
f 2281//761 2282//761 2283//761
v 17.372061 0.379616 7.557886
v 16.800466 0.276546 7.310386
v 16.890874 0.113234 7.310386
vn -0.359022 -0.198753 0.911922
f 2284//762 2285//762 2286//762
v 17.281652 0.542928 7.557886
v 17.303194 0.554853 7.503171
v 16.822007 0.288471 7.255671
vn -0.484332 0.874884 -0.000000
f 2287//763 2288//763 2289//763
v 17.281652 0.542928 7.557886
v 16.822007 0.288471 7.255671
v 16.800466 0.276546 7.310386
vn -0.484332 0.874884 -0.000000
f 2290//764 2291//764 2292//764
v 17.303194 0.554853 7.503171
v 17.393602 0.391542 7.503171
v 16.912416 0.125159 7.255671
vn 0.359022 0.198753 -0.911922
f 2293//765 2294//765 2295//765
v 17.303194 0.554853 7.503171
v 16.912416 0.125159 7.255671
v 16.822007 0.288471 7.255671
vn 0.359022 0.198753 -0.911922
f 2296//766 2297//766 2298//766
v 17.393602 0.391542 7.503171
v 17.372061 0.379616 7.557886
v 16.890874 0.113234 7.310386
vn 0.484332 -0.874884 0.000000
f 2299//767 2300//767 2301//767
v 17.393602 0.391542 7.503171
v 16.890874 0.113234 7.310386
v 16.912416 0.125159 7.255671
vn 0.484332 -0.874884 0.000000
f 2302//768 2303//768 2304//768
v 16.874198 0.130672 7.306680
v 16.906490 0.148549 7.259376
v 16.838683 0.271032 7.259376
vn 0.689766 0.381851 0.615153
f 2305//769 2306//769 2307//769
v 16.874198 0.130672 7.306680
v 16.838683 0.271032 7.259376
v 16.806392 0.253156 7.306680
vn 0.689766 0.381851 0.615153
f 2308//770 2309//770 2310//770
v 16.393012 -0.135710 6.877545
v 16.325206 -0.013226 6.877545
v 16.357497 0.004650 6.830240
vn -0.689766 -0.381851 -0.615153
f 2311//771 2312//771 2313//771
v 16.393012 -0.135710 6.877545
v 16.357497 0.004650 6.830240
v 16.425303 -0.117834 6.830240
vn -0.689766 -0.381851 -0.615153
f 2314//772 2315//772 2316//772
v 16.874198 0.130672 7.306680
v 16.806392 0.253156 7.306680
v 16.325206 -0.013226 6.877545
vn -0.538187 -0.297938 0.788408
f 2317//773 2318//773 2319//773
v 16.874198 0.130672 7.306680
v 16.325206 -0.013226 6.877545
v 16.393012 -0.135710 6.877545
vn -0.538187 -0.297938 0.788408
f 2320//774 2321//774 2322//774
v 16.806392 0.253156 7.306680
v 16.838683 0.271032 7.259376
v 16.357497 0.004650 6.830240
vn -0.484332 0.874884 0.000000
f 2323//775 2324//775 2325//775
v 16.806392 0.253156 7.306680
v 16.357497 0.004650 6.830240
v 16.325206 -0.013226 6.877545
vn -0.484332 0.874884 0.000000
f 2326//776 2327//776 2328//776
v 16.838683 0.271032 7.259376
v 16.906490 0.148549 7.259376
v 16.425303 -0.117834 6.830240
vn 0.538187 0.297938 -0.788408
f 2329//777 2330//777 2331//777
v 16.838683 0.271032 7.259376
v 16.425303 -0.117834 6.830240
v 16.357497 0.004650 6.830240
vn 0.538187 0.297938 -0.788408
f 2332//778 2333//778 2334//778
v 16.906490 0.148549 7.259376
v 16.874198 0.130672 7.306680
v 16.393012 -0.135710 6.877545
vn 0.484332 -0.874884 -0.000000
f 2335//779 2336//779 2337//779
v 16.906490 0.148549 7.259376
v 16.393012 -0.135710 6.877545
v 16.425303 -0.117834 6.830240
vn 0.484332 -0.874884 -0.000000
f 2338//780 2339//780 2340//780
v 16.379444 -0.116551 6.875272
v 16.416269 -0.096165 6.832513
v 16.371064 -0.014509 6.832513
vn 0.623496 0.345165 0.701508
f 2341//781 2342//781 2343//781
v 16.379444 -0.116551 6.875272
v 16.371064 -0.014509 6.832513
v 16.334240 -0.034895 6.875272
vn 0.623496 0.345165 0.701508
f 2344//782 2345//782 2346//782
v 15.898258 -0.382933 6.333880
v 15.853054 -0.301278 6.333880
v 15.889878 -0.280892 6.291120
vn -0.623496 -0.345165 -0.701508
f 2347//783 2348//783 2349//783
v 15.898258 -0.382933 6.333880
v 15.889878 -0.280892 6.291120
v 15.935082 -0.362548 6.291120
vn -0.623496 -0.345165 -0.701508
f 2350//784 2351//784 2352//784
v 16.379444 -0.116551 6.875272
v 16.334240 -0.034895 6.875272
v 15.853054 -0.301278 6.333880
vn -0.613739 -0.339763 0.712661
f 2353//785 2354//785 2355//785
v 16.379444 -0.116551 6.875272
v 15.853054 -0.301278 6.333880
v 15.898258 -0.382933 6.333880
vn -0.613739 -0.339763 0.712661
f 2356//786 2357//786 2358//786
v 16.334240 -0.034895 6.875272
v 16.371064 -0.014509 6.832513
v 15.889878 -0.280892 6.291120
vn -0.484332 0.874884 -0.000000
f 2359//787 2360//787 2361//787
v 16.334240 -0.034895 6.875272
v 15.889878 -0.280892 6.291120
v 15.853054 -0.301278 6.333880
vn -0.484332 0.874884 -0.000000
f 2362//788 2363//788 2364//788
v 16.371064 -0.014509 6.832513
v 16.416269 -0.096165 6.832513
v 15.935082 -0.362548 6.291120
vn 0.613739 0.339763 -0.712661
f 2365//789 2366//789 2367//789
v 16.371064 -0.014509 6.832513
v 15.935082 -0.362548 6.291120
v 15.889878 -0.280892 6.291120
vn 0.613739 0.339763 -0.712661
f 2368//790 2369//790 2370//790
v 16.416269 -0.096165 6.832513
v 16.379444 -0.116551 6.875272
v 15.898258 -0.382933 6.333880
vn 0.484332 -0.874884 0.000000
f 2371//791 2372//791 2373//791
v 16.416269 -0.096165 6.832513
v 15.898258 -0.382933 6.333880
v 15.935082 -0.362548 6.291120
vn 0.484332 -0.874884 0.000000
f 2374//792 2375//792 2376//792
v 18.439389 1.013311 7.579894
v 18.439777 1.008283 7.520106
v 18.160611 0.986689 7.520106
vn -0.076851 0.993493 -0.084052
f 2377//793 2378//793 2379//793
v 18.439389 1.013311 7.579894
v 18.160611 0.986689 7.520106
v 18.160223 0.991717 7.579894
vn -0.076851 0.993493 -0.084052
f 2380//794 2381//794 2382//794
v 18.481807 0.464950 7.626286
v 18.202641 0.443355 7.626286
v 18.203029 0.438327 7.566499
vn 0.076851 -0.993493 0.084052
f 2383//795 2384//795 2385//795
v 18.481807 0.464950 7.626286
v 18.203029 0.438327 7.566499
v 18.482196 0.459921 7.566499
vn 0.076851 -0.993493 0.084052
f 2386//796 2387//796 2388//796
v 18.439389 1.013311 7.579894
v 18.160223 0.991717 7.579894
v 18.202641 0.443355 7.626286
vn -0.006482 0.083801 0.996461
f 2389//797 2390//797 2391//797
v 18.439389 1.013311 7.579894
v 18.202641 0.443355 7.626286
v 18.481807 0.464950 7.626286
vn -0.006482 0.083801 0.996461
f 2392//798 2393//798 2394//798
v 18.160223 0.991717 7.579894
v 18.160611 0.986689 7.520106
v 18.203029 0.438327 7.566499
vn -0.997022 -0.077124 -0.000000
f 2395//799 2396//799 2397//799
v 18.160223 0.991717 7.579894
v 18.203029 0.438327 7.566499
v 18.202641 0.443355 7.626286
vn -0.997022 -0.077124 -0.000000
f 2398//800 2399//800 2400//800
v 18.160611 0.986689 7.520106
v 18.439777 1.008283 7.520106
v 18.482196 0.459921 7.566499
vn 0.006482 -0.083801 -0.996461
f 2401//801 2402//801 2403//801
v 18.160611 0.986689 7.520106
v 18.482196 0.459921 7.566499
v 18.203029 0.438327 7.566499
vn 0.006482 -0.083801 -0.996461
f 2404//802 2405//802 2406//802
v 18.439777 1.008283 7.520106
v 18.439389 1.013311 7.579894
v 18.481807 0.464950 7.626286
vn 0.997022 0.077124 0.000000
f 2407//803 2408//803 2409//803
v 18.439777 1.008283 7.520106
v 18.481807 0.464950 7.626286
v 18.482196 0.459921 7.566499
vn 0.997022 0.077124 0.000000
f 2410//804 2411//804 2412//804
v 18.459012 0.457079 7.626180
v 18.458462 0.464192 7.566605
v 18.225824 0.446197 7.566605
vn -0.076577 0.989948 0.118904
f 2413//805 2414//805 2415//805
v 18.459012 0.457079 7.626180
v 18.225824 0.446197 7.566605
v 18.226374 0.439084 7.626180
vn -0.076577 0.989948 0.118904
f 2416//806 2417//806 2418//806
v 18.501430 -0.091282 7.560315
v 18.268792 -0.109278 7.560315
v 18.268242 -0.102165 7.500741
vn 0.076577 -0.989948 -0.118904
f 2419//807 2420//807 2421//807
v 18.501430 -0.091282 7.560315
v 18.268242 -0.102165 7.500741
v 18.500880 -0.084169 7.500741
vn 0.076577 -0.989948 -0.118904
f 2422//808 2423//808 2424//808
v 18.459012 0.457079 7.626180
v 18.226374 0.439084 7.626180
v 18.268792 -0.109278 7.560315
vn 0.009170 -0.118550 0.992906
f 2425//809 2426//809 2427//809
v 18.459012 0.457079 7.626180
v 18.268792 -0.109278 7.560315
v 18.501430 -0.091282 7.560315
vn 0.009170 -0.118550 0.992906
f 2428//810 2429//810 2430//810
v 18.226374 0.439084 7.626180
v 18.225824 0.446197 7.566605
v 18.268242 -0.102165 7.500741
vn -0.997022 -0.077124 -0.000000
f 2431//811 2432//811 2433//811
v 18.226374 0.439084 7.626180
v 18.268242 -0.102165 7.500741
v 18.268792 -0.109278 7.560315
vn -0.997022 -0.077124 -0.000000
f 2434//812 2435//812 2436//812
v 18.225824 0.446197 7.566605
v 18.458462 0.464192 7.566605
v 18.500880 -0.084169 7.500741
vn -0.009170 0.118550 -0.992906
f 2437//813 2438//813 2439//813
v 18.225824 0.446197 7.566605
v 18.500880 -0.084169 7.500741
v 18.268242 -0.102165 7.500741
vn -0.009170 0.118550 -0.992906
f 2440//814 2441//814 2442//814
v 18.458462 0.464192 7.566605
v 18.459012 0.457079 7.626180
v 18.501430 -0.091282 7.560315
vn 0.997022 0.077124 0.000000
f 2443//815 2444//815 2445//815
v 18.458462 0.464192 7.566605
v 18.501430 -0.091282 7.560315
v 18.500880 -0.084169 7.500741
vn 0.997022 0.077124 0.000000
f 2446//816 2447//816 2448//816
v 18.478841 -0.101800 7.557886
v 18.476942 -0.077251 7.503171
v 18.290831 -0.091648 7.503171
vn -0.070331 0.909205 0.410365
f 2449//817 2450//817 2451//817
v 18.478841 -0.101800 7.557886
v 18.290831 -0.091648 7.503171
v 18.292730 -0.116196 7.557886
vn -0.070331 0.909205 0.410365
f 2452//818 2453//818 2454//818
v 18.521259 -0.650162 7.310386
v 18.335148 -0.664558 7.310386
v 18.333249 -0.640009 7.255671
vn 0.070331 -0.909205 -0.410365
f 2455//819 2456//819 2457//819
v 18.521259 -0.650162 7.310386
v 18.333249 -0.640009 7.255671
v 18.519360 -0.625613 7.255671
vn 0.070331 -0.909205 -0.410365
f 2458//820 2459//820 2460//820
v 18.478841 -0.101800 7.557886
v 18.292730 -0.116196 7.557886
v 18.335148 -0.664558 7.310386
vn 0.031649 -0.409142 0.911922
f 2461//821 2462//821 2463//821
v 18.478841 -0.101800 7.557886
v 18.335148 -0.664558 7.310386
v 18.521259 -0.650162 7.310386
vn 0.031649 -0.409142 0.911922
f 2464//822 2465//822 2466//822
v 18.292730 -0.116196 7.557886
v 18.290831 -0.091648 7.503171
v 18.333249 -0.640009 7.255671
vn -0.997022 -0.077124 -0.000000
f 2467//823 2468//823 2469//823
v 18.292730 -0.116196 7.557886
v 18.333249 -0.640009 7.255671
v 18.335148 -0.664558 7.310386
vn -0.997022 -0.077124 -0.000000
f 2470//824 2471//824 2472//824
v 18.290831 -0.091648 7.503171
v 18.476942 -0.077251 7.503171
v 18.519360 -0.625613 7.255671
vn -0.031649 0.409142 -0.911922
f 2473//825 2474//825 2475//825
v 18.290831 -0.091648 7.503171
v 18.519360 -0.625613 7.255671
v 18.333249 -0.640009 7.255671
vn -0.031649 0.409142 -0.911922
f 2476//826 2477//826 2478//826
v 18.476942 -0.077251 7.503171
v 18.478841 -0.101800 7.557886
v 18.521259 -0.650162 7.310386
vn 0.997022 0.077124 0.000000
f 2479//827 2480//827 2481//827
v 18.476942 -0.077251 7.503171
v 18.521259 -0.650162 7.310386
v 18.519360 -0.625613 7.255671
vn 0.997022 0.077124 0.000000
f 2482//828 2483//828 2484//828
v 18.498469 -0.658086 7.306680
v 18.495622 -0.621287 7.259376
v 18.356039 -0.632085 7.259376
vn -0.060805 0.786060 0.615153
f 2485//829 2486//829 2487//829
v 18.498469 -0.658086 7.306680
v 18.356039 -0.632085 7.259376
v 18.358886 -0.668884 7.306680
vn -0.060805 0.786060 0.615153
f 2488//830 2489//830 2490//830
v 18.540887 -1.206448 6.877545
v 18.401304 -1.217246 6.877545
v 18.398457 -1.180446 6.830240
vn 0.060805 -0.786060 -0.615153
f 2491//831 2492//831 2493//831
v 18.540887 -1.206448 6.877545
v 18.398457 -1.180446 6.830240
v 18.538040 -1.169649 6.830240
vn 0.060805 -0.786060 -0.615153
f 2494//832 2495//832 2496//832
v 18.498469 -0.658086 7.306680
v 18.358886 -0.668884 7.306680
v 18.401304 -1.217246 6.877545
vn 0.047443 -0.613320 0.788408
f 2497//833 2498//833 2499//833
v 18.498469 -0.658086 7.306680
v 18.401304 -1.217246 6.877545
v 18.540887 -1.206448 6.877545
vn 0.047443 -0.613320 0.788408
f 2500//834 2501//834 2502//834
v 18.358886 -0.668884 7.306680
v 18.356039 -0.632085 7.259376
v 18.398457 -1.180446 6.830240
vn -0.997022 -0.077124 -0.000000
f 2503//835 2504//835 2505//835
v 18.358886 -0.668884 7.306680
v 18.398457 -1.180446 6.830240
v 18.401304 -1.217246 6.877545
vn -0.997022 -0.077124 -0.000000
f 2506//836 2507//836 2508//836
v 18.356039 -0.632085 7.259376
v 18.495622 -0.621287 7.259376
v 18.538040 -1.169649 6.830240
vn -0.047443 0.613320 -0.788408
f 2509//837 2510//837 2511//837
v 18.356039 -0.632085 7.259376
v 18.538040 -1.169649 6.830240
v 18.398457 -1.180446 6.830240
vn -0.047443 0.613320 -0.788408
f 2512//838 2513//838 2514//838
v 18.495622 -0.621287 7.259376
v 18.498469 -0.658086 7.306680
v 18.540887 -1.206448 6.877545
vn 0.997022 0.077124 0.000000
f 2515//839 2516//839 2517//839
v 18.495622 -0.621287 7.259376
v 18.540887 -1.206448 6.877545
v 18.538040 -1.169649 6.830240
vn 0.997022 0.077124 0.000000
f 2518//840 2519//840 2520//840
v 18.517823 -1.210831 6.875272
v 18.514577 -1.168866 6.832513
v 18.421521 -1.176064 6.832513
vn -0.054963 0.710539 0.701508
f 2521//841 2522//841 2523//841
v 18.517823 -1.210831 6.875272
v 18.421521 -1.176064 6.832513
v 18.424767 -1.218029 6.875272
vn -0.054963 0.710539 0.701508
f 2524//842 2525//842 2526//842
v 18.560241 -1.759193 6.333880
v 18.467186 -1.766391 6.333880
v 18.463939 -1.724426 6.291120
vn 0.054963 -0.710539 -0.701508
f 2527//843 2528//843 2529//843
v 18.560241 -1.759193 6.333880
v 18.463939 -1.724426 6.291120
v 18.556995 -1.717228 6.291120
vn 0.054963 -0.710539 -0.701508
f 2530//844 2531//844 2532//844
v 18.517823 -1.210831 6.875272
v 18.424767 -1.218029 6.875272
v 18.467186 -1.766391 6.333880
vn 0.054103 -0.699419 0.712661
f 2533//845 2534//845 2535//845
v 18.517823 -1.210831 6.875272
v 18.467186 -1.766391 6.333880
v 18.560241 -1.759193 6.333880
vn 0.054103 -0.699419 0.712661
f 2536//846 2537//846 2538//846
v 18.424767 -1.218029 6.875272
v 18.421521 -1.176064 6.832513
v 18.463939 -1.724426 6.291120
vn -0.997022 -0.077124 0.000000
f 2539//847 2540//847 2541//847
v 18.424767 -1.218029 6.875272
v 18.463939 -1.724426 6.291120
v 18.467186 -1.766391 6.333880
vn -0.997022 -0.077124 0.000000
f 2542//848 2543//848 2544//848
v 18.421521 -1.176064 6.832513
v 18.514577 -1.168866 6.832513
v 18.556995 -1.717228 6.291120
vn -0.054103 0.699419 -0.712661
f 2545//849 2546//849 2547//849
v 18.421521 -1.176064 6.832513
v 18.556995 -1.717228 6.291120
v 18.463939 -1.724426 6.291120
vn -0.054103 0.699419 -0.712661
f 2548//850 2549//850 2550//850
v 18.514577 -1.168866 6.832513
v 18.517823 -1.210831 6.875272
v 18.560241 -1.759193 6.333880
vn 0.997022 0.077124 -0.000000
f 2551//851 2552//851 2553//851
v 18.514577 -1.168866 6.832513
v 18.560241 -1.759193 6.333880
v 18.556995 -1.717228 6.291120
vn 0.997022 0.077124 -0.000000
f 2554//852 2555//852 2556//852
v 18.345796 1.132322 7.579894
v 18.350531 1.130587 7.520106
v 18.254204 0.867678 7.520106
vn -0.935638 0.342806 -0.084052
f 2557//853 2558//853 2559//853
v 18.345796 1.132322 7.579894
v 18.254204 0.867678 7.520106
v 18.249469 0.869413 7.579894
vn -0.935638 0.342806 -0.084052
f 2560//854 2561//854 2562//854
v 18.862224 0.943109 7.626286
v 18.765898 0.680200 7.626286
v 18.770633 0.678465 7.566499
vn 0.935638 -0.342806 0.084052
f 2563//855 2564//855 2565//855
v 18.862224 0.943109 7.626286
v 18.770633 0.678465 7.566499
v 18.866959 0.941374 7.566499
vn 0.935638 -0.342806 0.084052
f 2566//856 2567//856 2568//856
v 18.345796 1.132322 7.579894
v 18.249469 0.869413 7.579894
v 18.765898 0.680200 7.626286
vn -0.078921 0.028916 0.996461
f 2569//857 2570//857 2571//857
v 18.345796 1.132322 7.579894
v 18.765898 0.680200 7.626286
v 18.862224 0.943109 7.626286
vn -0.078921 0.028916 0.996461
f 2572//858 2573//858 2574//858
v 18.249469 0.869413 7.579894
v 18.254204 0.867678 7.520106
v 18.770633 0.678465 7.566499
vn -0.344024 -0.938961 -0.000000
f 2575//859 2576//859 2577//859
v 18.249469 0.869413 7.579894
v 18.770633 0.678465 7.566499
v 18.765898 0.680200 7.626286
vn -0.344024 -0.938961 -0.000000
f 2578//860 2579//860 2580//860
v 18.254204 0.867678 7.520106
v 18.350531 1.130587 7.520106
v 18.866959 0.941374 7.566499
vn 0.078921 -0.028916 -0.996461
f 2581//861 2582//861 2583//861
v 18.254204 0.867678 7.520106
v 18.866959 0.941374 7.566499
v 18.770633 0.678465 7.566499
vn 0.078921 -0.028916 -0.996461
f 2584//862 2585//862 2586//862
v 18.350531 1.130587 7.520106
v 18.345796 1.132322 7.579894
v 18.862224 0.943109 7.626286
vn 0.344024 0.938961 0.000000
f 2587//863 2588//863 2589//863
v 18.350531 1.130587 7.520106
v 18.862224 0.943109 7.626286
v 18.866959 0.941374 7.566499
vn 0.344024 0.938961 0.000000
f 2590//864 2591//864 2592//864
v 18.859914 0.919105 7.626180
v 18.853215 0.921560 7.566605
v 18.772943 0.702469 7.566605
vn -0.932300 0.341583 0.118904
f 2593//865 2594//865 2595//865
v 18.859914 0.919105 7.626180
v 18.772943 0.702469 7.566605
v 18.779642 0.700014 7.626180
vn -0.932300 0.341583 0.118904
f 2596//866 2597//866 2598//866
v 19.376343 0.729892 7.560315
v 19.296070 0.510801 7.560315
v 19.289372 0.513256 7.500741
vn 0.932300 -0.341583 -0.118904
f 2599//867 2600//867 2601//867
v 19.376343 0.729892 7.560315
v 19.289372 0.513256 7.500741
v 19.369644 0.732347 7.500741
vn 0.932300 -0.341583 -0.118904
f 2602//868 2603//868 2604//868
v 18.859914 0.919105 7.626180
v 18.779642 0.700014 7.626180
v 19.296070 0.510801 7.560315
vn 0.111646 -0.040906 0.992906
f 2605//869 2606//869 2607//869
v 18.859914 0.919105 7.626180
v 19.296070 0.510801 7.560315
v 19.376343 0.729892 7.560315
vn 0.111646 -0.040906 0.992906
f 2608//870 2609//870 2610//870
v 18.779642 0.700014 7.626180
v 18.772943 0.702469 7.566605
v 19.289372 0.513256 7.500741
vn -0.344024 -0.938961 0.000000
f 2611//871 2612//871 2613//871
v 18.779642 0.700014 7.626180
v 19.289372 0.513256 7.500741
v 19.296070 0.510801 7.560315
vn -0.344024 -0.938961 0.000000
f 2614//872 2615//872 2616//872
v 18.772943 0.702469 7.566605
v 18.853215 0.921560 7.566605
v 19.369644 0.732347 7.500741
vn -0.111646 0.040906 -0.992906
f 2617//873 2618//873 2619//873
v 18.772943 0.702469 7.566605
v 19.369644 0.732347 7.500741
v 19.289372 0.513256 7.500741
vn -0.111646 0.040906 -0.992906
f 2620//874 2621//874 2622//874
v 18.853215 0.921560 7.566605
v 18.859914 0.919105 7.626180
v 19.376343 0.729892 7.560315
vn 0.344024 0.938961 -0.000000
f 2623//875 2624//875 2625//875
v 18.853215 0.921560 7.566605
v 19.376343 0.729892 7.560315
v 19.369644 0.732347 7.500741
vn 0.344024 0.938961 -0.000000
f 2626//876 2627//876 2628//876
v 19.376525 0.704975 7.557886
v 19.353406 0.713446 7.503171
v 19.289189 0.538173 7.503171
vn -0.856259 0.313722 0.410365
f 2629//877 2630//877 2631//877
v 19.376525 0.704975 7.557886
v 19.289189 0.538173 7.503171
v 19.312308 0.529702 7.557886
vn -0.856259 0.313722 0.410365
f 2632//878 2633//878 2634//878
v 19.892954 0.515762 7.310386
v 19.828736 0.340490 7.310386
v 19.805617 0.348960 7.255671
vn 0.856259 -0.313722 -0.410365
f 2635//879 2636//879 2637//879
v 19.892954 0.515762 7.310386
v 19.805617 0.348960 7.255671
v 19.869835 0.524233 7.255671
vn 0.856259 -0.313722 -0.410365
f 2638//880 2639//880 2640//880
v 19.376525 0.704975 7.557886
v 19.312308 0.529702 7.557886
v 19.828736 0.340490 7.310386
vn 0.385316 -0.141175 0.911922
f 2641//881 2642//881 2643//881
v 19.376525 0.704975 7.557886
v 19.828736 0.340490 7.310386
v 19.892954 0.515762 7.310386
vn 0.385316 -0.141175 0.911922
f 2644//882 2645//882 2646//882
v 19.312308 0.529702 7.557886
v 19.289189 0.538173 7.503171
v 19.805617 0.348960 7.255671
vn -0.344024 -0.938961 -0.000000
f 2647//883 2648//883 2649//883
v 19.312308 0.529702 7.557886
v 19.805617 0.348960 7.255671
v 19.828736 0.340490 7.310386
vn -0.344024 -0.938961 -0.000000
f 2650//884 2651//884 2652//884
v 19.289189 0.538173 7.503171
v 19.353406 0.713446 7.503171
v 19.869835 0.524233 7.255671
vn -0.385316 0.141175 -0.911922
f 2653//885 2654//885 2655//885
v 19.289189 0.538173 7.503171
v 19.869835 0.524233 7.255671
v 19.805617 0.348960 7.255671
vn -0.385316 0.141175 -0.911922
f 2656//886 2657//886 2658//886
v 19.353406 0.713446 7.503171
v 19.376525 0.704975 7.557886
v 19.892954 0.515762 7.310386
vn 0.344024 0.938961 0.000000
f 2659//887 2660//887 2661//887
v 19.353406 0.713446 7.503171
v 19.892954 0.515762 7.310386
v 19.869835 0.524233 7.255671
vn 0.344024 0.938961 0.000000
f 2662//888 2663//888 2664//888
v 19.890695 0.491740 7.306680
v 19.856039 0.504437 7.259376
v 19.807876 0.372983 7.259376
vn -0.740284 0.271231 0.615153
f 2665//889 2666//889 2667//889
v 19.890695 0.491740 7.306680
v 19.807876 0.372983 7.259376
v 19.842532 0.360285 7.306680
vn -0.740284 0.271231 0.615153
f 2668//890 2669//890 2670//890
v 20.407124 0.302527 6.877545
v 20.358961 0.171072 6.877545
v 20.324304 0.183770 6.830240
vn 0.740284 -0.271231 -0.615153
f 2671//891 2672//891 2673//891
v 20.407124 0.302527 6.877545
v 20.324304 0.183770 6.830240
v 20.372468 0.315224 6.830240
vn 0.740284 -0.271231 -0.615153
f 2674//892 2675//892 2676//892
v 19.890695 0.491740 7.306680
v 19.842532 0.360285 7.306680
v 20.358961 0.171072 6.877545
vn 0.577604 -0.211627 0.788408
f 2677//893 2678//893 2679//893
v 19.890695 0.491740 7.306680
v 20.358961 0.171072 6.877545
v 20.407124 0.302527 6.877545
vn 0.577604 -0.211627 0.788408
f 2680//894 2681//894 2682//894
v 19.842532 0.360285 7.306680
v 19.807876 0.372983 7.259376
v 20.324304 0.183770 6.830240
vn -0.344024 -0.938961 0.000000
f 2683//895 2684//895 2685//895
v 19.842532 0.360285 7.306680
v 20.324304 0.183770 6.830240
v 20.358961 0.171072 6.877545
vn -0.344024 -0.938961 0.000000
f 2686//896 2687//896 2688//896
v 19.807876 0.372983 7.259376
v 19.856039 0.504437 7.259376
v 20.372468 0.315224 6.830240
vn -0.577604 0.211627 -0.788408
f 2689//897 2690//897 2691//897
v 19.807876 0.372983 7.259376
v 20.372468 0.315224 6.830240
v 20.324304 0.183770 6.830240
vn -0.577604 0.211627 -0.788408
f 2692//898 2693//898 2694//898
v 19.856039 0.504437 7.259376
v 19.890695 0.491740 7.306680
v 20.407124 0.302527 6.877545
vn 0.344024 0.938961 -0.000000
f 2695//899 2696//899 2697//899
v 19.856039 0.504437 7.259376
v 20.407124 0.302527 6.877545
v 20.372468 0.315224 6.830240
vn 0.344024 0.938961 -0.000000
f 2698//900 2699//900 2700//900
v 20.401529 0.279726 6.875272
v 20.362008 0.294206 6.832513
v 20.329899 0.206570 6.832513
vn -0.669161 0.245172 0.701508
f 2701//901 2702//901 2703//901
v 20.401529 0.279726 6.875272
v 20.329899 0.206570 6.832513
v 20.369420 0.192090 6.875272
vn -0.669161 0.245172 0.701508
f 2704//902 2705//902 2706//902
v 20.917958 0.090513 6.333880
v 20.885849 0.002877 6.333880
v 20.846328 0.017357 6.291120
vn 0.669161 -0.245172 -0.701508
f 2707//903 2708//903 2709//903
v 20.917958 0.090513 6.333880
v 20.846328 0.017357 6.291120
v 20.878437 0.104993 6.291120
vn 0.669161 -0.245172 -0.701508
f 2710//904 2711//904 2712//904
v 20.401529 0.279726 6.875272
v 20.369420 0.192090 6.875272
v 20.885849 0.002877 6.333880
vn 0.658689 -0.241335 0.712661
f 2713//905 2714//905 2715//905
v 20.401529 0.279726 6.875272
v 20.885849 0.002877 6.333880
v 20.917958 0.090513 6.333880
vn 0.658689 -0.241335 0.712661
f 2716//906 2717//906 2718//906
v 20.369420 0.192090 6.875272
v 20.329899 0.206570 6.832513
v 20.846328 0.017357 6.291120
vn -0.344024 -0.938961 0.000000
f 2719//907 2720//907 2721//907
v 20.369420 0.192090 6.875272
v 20.846328 0.017357 6.291120
v 20.885849 0.002877 6.333880
vn -0.344024 -0.938961 0.000000
f 2722//908 2723//908 2724//908
v 20.329899 0.206570 6.832513
v 20.362008 0.294206 6.832513
v 20.878437 0.104993 6.291120
vn -0.658689 0.241335 -0.712661
f 2725//909 2726//909 2727//909
v 20.329899 0.206570 6.832513
v 20.878437 0.104993 6.291120
v 20.846328 0.017357 6.291120
vn -0.658689 0.241335 -0.712661
f 2728//910 2729//910 2730//910
v 20.362008 0.294206 6.832513
v 20.401529 0.279726 6.875272
v 20.917958 0.090513 6.333880
vn 0.344024 0.938961 -0.000000
f 2731//911 2732//911 2733//911
v 20.362008 0.294206 6.832513
v 20.917958 0.090513 6.333880
v 20.878437 0.104993 6.291120
vn 0.344024 0.938961 -0.000000
f 2734//912 2735//912 2736//912
v -17.900000 11.000000 0.370000
v -17.937482 11.284701 0.370000
v -17.937482 11.284701 0.450000
vn 0.991445 0.130526 0.000000
f 2737//913 2738//913 2739//913
v -17.900000 11.000000 0.370000
v -17.937482 11.284701 0.450000
v -17.900000 11.000000 0.450000
vn 0.991445 0.130526 -0.000000
f 2740//914 2741//914 2742//914
v -19.000000 11.000000 0.370000
v -17.937482 11.284701 0.370000
v -17.900000 11.000000 0.370000
vn 0.000000 0.000000 -1.000000
f 2743//915 2744//915 2745//915
v -19.000000 11.000000 0.450000
v -17.900000 11.000000 0.450000
v -17.937482 11.284701 0.450000
vn 0.000000 0.000000 1.000000
f 2746//916 2747//916 2748//916
v -17.937482 11.284701 0.370000
v -18.047372 11.550000 0.370000
v -18.047372 11.550000 0.450000
vn 0.923880 0.382683 0.000000
f 2749//917 2750//917 2751//917
v -17.937482 11.284701 0.370000
v -18.047372 11.550000 0.450000
v -17.937482 11.284701 0.450000
vn 0.923880 0.382683 -0.000000
f 2752//918 2753//918 2754//918
v -19.000000 11.000000 0.370000
v -18.047372 11.550000 0.370000
v -17.937482 11.284701 0.370000
vn 0.000000 0.000000 -1.000000
f 2755//919 2756//919 2757//919
v -19.000000 11.000000 0.450000
v -17.937482 11.284701 0.450000
v -18.047372 11.550000 0.450000
vn 0.000000 0.000000 1.000000
f 2758//920 2759//920 2760//920
v -18.047372 11.550000 0.370000
v -18.222183 11.777817 0.370000
v -18.222183 11.777817 0.450000
vn 0.793353 0.608761 0.000000
f 2761//921 2762//921 2763//921
v -18.047372 11.550000 0.370000
v -18.222183 11.777817 0.450000
v -18.047372 11.550000 0.450000
vn 0.793353 0.608761 -0.000000
f 2764//922 2765//922 2766//922
v -19.000000 11.000000 0.370000
v -18.222183 11.777817 0.370000
v -18.047372 11.550000 0.370000
vn 0.000000 0.000000 -1.000000
f 2767//923 2768//923 2769//923
v -19.000000 11.000000 0.450000
v -18.047372 11.550000 0.450000
v -18.222183 11.777817 0.450000
vn 0.000000 0.000000 1.000000
f 2770//924 2771//924 2772//924
v -18.222183 11.777817 0.370000
v -18.450000 11.952628 0.370000
v -18.450000 11.952628 0.450000
vn 0.608761 0.793353 0.000000
f 2773//925 2774//925 2775//925
v -18.222183 11.777817 0.370000
v -18.450000 11.952628 0.450000
v -18.222183 11.777817 0.450000
vn 0.608761 0.793353 -0.000000
f 2776//926 2777//926 2778//926
v -19.000000 11.000000 0.370000
v -18.450000 11.952628 0.370000
v -18.222183 11.777817 0.370000
vn 0.000000 0.000000 -1.000000
f 2779//927 2780//927 2781//927
v -19.000000 11.000000 0.450000
v -18.222183 11.777817 0.450000
v -18.450000 11.952628 0.450000
vn 0.000000 0.000000 1.000000
f 2782//928 2783//928 2784//928
v -18.450000 11.952628 0.370000
v -18.715299 12.062518 0.370000
v -18.715299 12.062518 0.450000
vn 0.382683 0.923880 0.000000
f 2785//929 2786//929 2787//929
v -18.450000 11.952628 0.370000
v -18.715299 12.062518 0.450000
v -18.450000 11.952628 0.450000
vn 0.382683 0.923880 -0.000000
f 2788//930 2789//930 2790//930
v -19.000000 11.000000 0.370000
v -18.715299 12.062518 0.370000
v -18.450000 11.952628 0.370000
vn 0.000000 0.000000 -1.000000
f 2791//931 2792//931 2793//931
v -19.000000 11.000000 0.450000
v -18.450000 11.952628 0.450000
v -18.715299 12.062518 0.450000
vn 0.000000 0.000000 1.000000
f 2794//932 2795//932 2796//932
v -18.715299 12.062518 0.370000
v -19.000000 12.100000 0.370000
v -19.000000 12.100000 0.450000
vn 0.130526 0.991445 0.000000
f 2797//933 2798//933 2799//933
v -18.715299 12.062518 0.370000
v -19.000000 12.100000 0.450000
v -18.715299 12.062518 0.450000
vn 0.130526 0.991445 -0.000000
f 2800//934 2801//934 2802//934
v -19.000000 11.000000 0.370000
v -19.000000 12.100000 0.370000
v -18.715299 12.062518 0.370000
vn 0.000000 0.000000 -1.000000
f 2803//935 2804//935 2805//935
v -19.000000 11.000000 0.450000
v -18.715299 12.062518 0.450000
v -19.000000 12.100000 0.450000
vn 0.000000 0.000000 1.000000
f 2806//936 2807//936 2808//936
v -19.000000 12.100000 0.370000
v -19.284701 12.062518 0.370000
v -19.284701 12.062518 0.450000
vn -0.130526 0.991445 0.000000
f 2809//937 2810//937 2811//937
v -19.000000 12.100000 0.370000
v -19.284701 12.062518 0.450000
v -19.000000 12.100000 0.450000
vn -0.130526 0.991445 0.000000
f 2812//938 2813//938 2814//938
v -19.000000 11.000000 0.370000
v -19.284701 12.062518 0.370000
v -19.000000 12.100000 0.370000
vn 0.000000 0.000000 -1.000000
f 2815//939 2816//939 2817//939
v -19.000000 11.000000 0.450000
v -19.000000 12.100000 0.450000
v -19.284701 12.062518 0.450000
vn 0.000000 -0.000000 1.000000
f 2818//940 2819//940 2820//940
v -19.284701 12.062518 0.370000
v -19.550000 11.952628 0.370000
v -19.550000 11.952628 0.450000
vn -0.382683 0.923880 0.000000
f 2821//941 2822//941 2823//941
v -19.284701 12.062518 0.370000
v -19.550000 11.952628 0.450000
v -19.284701 12.062518 0.450000
vn -0.382683 0.923880 0.000000
f 2824//942 2825//942 2826//942
v -19.000000 11.000000 0.370000
v -19.550000 11.952628 0.370000
v -19.284701 12.062518 0.370000
vn 0.000000 0.000000 -1.000000
f 2827//943 2828//943 2829//943
v -19.000000 11.000000 0.450000
v -19.284701 12.062518 0.450000
v -19.550000 11.952628 0.450000
vn 0.000000 0.000000 1.000000
f 2830//944 2831//944 2832//944
v -19.550000 11.952628 0.370000
v -19.777817 11.777817 0.370000
v -19.777817 11.777817 0.450000
vn -0.608761 0.793353 0.000000
f 2833//945 2834//945 2835//945
v -19.550000 11.952628 0.370000
v -19.777817 11.777817 0.450000
v -19.550000 11.952628 0.450000
vn -0.608761 0.793353 0.000000
f 2836//946 2837//946 2838//946
v -19.000000 11.000000 0.370000
v -19.777817 11.777817 0.370000
v -19.550000 11.952628 0.370000
vn 0.000000 0.000000 -1.000000
f 2839//947 2840//947 2841//947
v -19.000000 11.000000 0.450000
v -19.550000 11.952628 0.450000
v -19.777817 11.777817 0.450000
vn 0.000000 0.000000 1.000000
f 2842//948 2843//948 2844//948
v -19.777817 11.777817 0.370000
v -19.952628 11.550000 0.370000
v -19.952628 11.550000 0.450000
vn -0.793353 0.608761 0.000000
f 2845//949 2846//949 2847//949
v -19.777817 11.777817 0.370000
v -19.952628 11.550000 0.450000
v -19.777817 11.777817 0.450000
vn -0.793353 0.608761 0.000000
f 2848//950 2849//950 2850//950
v -19.000000 11.000000 0.370000
v -19.952628 11.550000 0.370000
v -19.777817 11.777817 0.370000
vn 0.000000 0.000000 -1.000000
f 2851//951 2852//951 2853//951
v -19.000000 11.000000 0.450000
v -19.777817 11.777817 0.450000
v -19.952628 11.550000 0.450000
vn 0.000000 0.000000 1.000000
f 2854//952 2855//952 2856//952
v -19.952628 11.550000 0.370000
v -20.062518 11.284701 0.370000
v -20.062518 11.284701 0.450000
vn -0.923880 0.382683 0.000000
f 2857//953 2858//953 2859//953
v -19.952628 11.550000 0.370000
v -20.062518 11.284701 0.450000
v -19.952628 11.550000 0.450000
vn -0.923880 0.382683 0.000000
f 2860//954 2861//954 2862//954
v -19.000000 11.000000 0.370000
v -20.062518 11.284701 0.370000
v -19.952628 11.550000 0.370000
vn 0.000000 0.000000 -1.000000
f 2863//955 2864//955 2865//955
v -19.000000 11.000000 0.450000
v -19.952628 11.550000 0.450000
v -20.062518 11.284701 0.450000
vn 0.000000 0.000000 1.000000
f 2866//956 2867//956 2868//956
v -20.062518 11.284701 0.370000
v -20.100000 11.000000 0.370000
v -20.100000 11.000000 0.450000
vn -0.991445 0.130526 0.000000
f 2869//957 2870//957 2871//957
v -20.062518 11.284701 0.370000
v -20.100000 11.000000 0.450000
v -20.062518 11.284701 0.450000
vn -0.991445 0.130526 0.000000
f 2872//958 2873//958 2874//958
v -19.000000 11.000000 0.370000
v -20.100000 11.000000 0.370000
v -20.062518 11.284701 0.370000
vn 0.000000 0.000000 -1.000000
f 2875//959 2876//959 2877//959
v -19.000000 11.000000 0.450000
v -20.062518 11.284701 0.450000
v -20.100000 11.000000 0.450000
vn 0.000000 0.000000 1.000000
f 2878//960 2879//960 2880//960
v -20.100000 11.000000 0.370000
v -20.062518 10.715299 0.370000
v -20.062518 10.715299 0.450000
vn -0.991445 -0.130526 0.000000
f 2881//961 2882//961 2883//961
v -20.100000 11.000000 0.370000
v -20.062518 10.715299 0.450000
v -20.100000 11.000000 0.450000
vn -0.991445 -0.130526 0.000000
f 2884//962 2885//962 2886//962
v -19.000000 11.000000 0.370000
v -20.062518 10.715299 0.370000
v -20.100000 11.000000 0.370000
vn -0.000000 0.000000 -1.000000
f 2887//963 2888//963 2889//963
v -19.000000 11.000000 0.450000
v -20.100000 11.000000 0.450000
v -20.062518 10.715299 0.450000
vn 0.000000 0.000000 1.000000
f 2890//964 2891//964 2892//964
v -20.062518 10.715299 0.370000
v -19.952628 10.450000 0.370000
v -19.952628 10.450000 0.450000
vn -0.923880 -0.382683 0.000000
f 2893//965 2894//965 2895//965
v -20.062518 10.715299 0.370000
v -19.952628 10.450000 0.450000
v -20.062518 10.715299 0.450000
vn -0.923880 -0.382683 0.000000
f 2896//966 2897//966 2898//966
v -19.000000 11.000000 0.370000
v -19.952628 10.450000 0.370000
v -20.062518 10.715299 0.370000
vn 0.000000 0.000000 -1.000000
f 2899//967 2900//967 2901//967
v -19.000000 11.000000 0.450000
v -20.062518 10.715299 0.450000
v -19.952628 10.450000 0.450000
vn 0.000000 0.000000 1.000000
f 2902//968 2903//968 2904//968
v -19.952628 10.450000 0.370000
v -19.777817 10.222183 0.370000
v -19.777817 10.222183 0.450000
vn -0.793353 -0.608761 0.000000
f 2905//969 2906//969 2907//969
v -19.952628 10.450000 0.370000
v -19.777817 10.222183 0.450000
v -19.952628 10.450000 0.450000
vn -0.793353 -0.608761 0.000000
f 2908//970 2909//970 2910//970
v -19.000000 11.000000 0.370000
v -19.777817 10.222183 0.370000
v -19.952628 10.450000 0.370000
vn 0.000000 0.000000 -1.000000
f 2911//971 2912//971 2913//971
v -19.000000 11.000000 0.450000
v -19.952628 10.450000 0.450000
v -19.777817 10.222183 0.450000
vn 0.000000 0.000000 1.000000
f 2914//972 2915//972 2916//972
v -19.777817 10.222183 0.370000
v -19.550000 10.047372 0.370000
v -19.550000 10.047372 0.450000
vn -0.608761 -0.793353 0.000000
f 2917//973 2918//973 2919//973
v -19.777817 10.222183 0.370000
v -19.550000 10.047372 0.450000
v -19.777817 10.222183 0.450000
vn -0.608761 -0.793353 0.000000
f 2920//974 2921//974 2922//974
v -19.000000 11.000000 0.370000
v -19.550000 10.047372 0.370000
v -19.777817 10.222183 0.370000
vn 0.000000 0.000000 -1.000000
f 2923//975 2924//975 2925//975
v -19.000000 11.000000 0.450000
v -19.777817 10.222183 0.450000
v -19.550000 10.047372 0.450000
vn 0.000000 0.000000 1.000000
f 2926//976 2927//976 2928//976
v -19.550000 10.047372 0.370000
v -19.284701 9.937482 0.370000
v -19.284701 9.937482 0.450000
vn -0.382683 -0.923880 0.000000
f 2929//977 2930//977 2931//977
v -19.550000 10.047372 0.370000
v -19.284701 9.937482 0.450000
v -19.550000 10.047372 0.450000
vn -0.382683 -0.923880 0.000000
f 2932//978 2933//978 2934//978
v -19.000000 11.000000 0.370000
v -19.284701 9.937482 0.370000
v -19.550000 10.047372 0.370000
vn 0.000000 0.000000 -1.000000
f 2935//979 2936//979 2937//979
v -19.000000 11.000000 0.450000
v -19.550000 10.047372 0.450000
v -19.284701 9.937482 0.450000
vn 0.000000 0.000000 1.000000
f 2938//980 2939//980 2940//980
v -19.284701 9.937482 0.370000
v -19.000000 9.900000 0.370000
v -19.000000 9.900000 0.450000
vn -0.130526 -0.991445 0.000000
f 2941//981 2942//981 2943//981
v -19.284701 9.937482 0.370000
v -19.000000 9.900000 0.450000
v -19.284701 9.937482 0.450000
vn -0.130526 -0.991445 0.000000
f 2944//982 2945//982 2946//982
v -19.000000 11.000000 0.370000
v -19.000000 9.900000 0.370000
v -19.284701 9.937482 0.370000
vn 0.000000 -0.000000 -1.000000
f 2947//983 2948//983 2949//983
v -19.000000 11.000000 0.450000
v -19.284701 9.937482 0.450000
v -19.000000 9.900000 0.450000
vn 0.000000 0.000000 1.000000
f 2950//984 2951//984 2952//984
v -19.000000 9.900000 0.370000
v -18.715299 9.937482 0.370000
v -18.715299 9.937482 0.450000
vn 0.130526 -0.991445 0.000000
f 2953//985 2954//985 2955//985
v -19.000000 9.900000 0.370000
v -18.715299 9.937482 0.450000
v -19.000000 9.900000 0.450000
vn 0.130526 -0.991445 0.000000
f 2956//986 2957//986 2958//986
v -19.000000 11.000000 0.370000
v -18.715299 9.937482 0.370000
v -19.000000 9.900000 0.370000
vn 0.000000 0.000000 -1.000000
f 2959//987 2960//987 2961//987
v -19.000000 11.000000 0.450000
v -19.000000 9.900000 0.450000
v -18.715299 9.937482 0.450000
vn 0.000000 0.000000 1.000000
f 2962//988 2963//988 2964//988
v -18.715299 9.937482 0.370000
v -18.450000 10.047372 0.370000
v -18.450000 10.047372 0.450000
vn 0.382683 -0.923880 0.000000
f 2965//989 2966//989 2967//989
v -18.715299 9.937482 0.370000
v -18.450000 10.047372 0.450000
v -18.715299 9.937482 0.450000
vn 0.382683 -0.923880 0.000000
f 2968//990 2969//990 2970//990
v -19.000000 11.000000 0.370000
v -18.450000 10.047372 0.370000
v -18.715299 9.937482 0.370000
vn 0.000000 0.000000 -1.000000
f 2971//991 2972//991 2973//991
v -19.000000 11.000000 0.450000
v -18.715299 9.937482 0.450000
v -18.450000 10.047372 0.450000
vn 0.000000 0.000000 1.000000
f 2974//992 2975//992 2976//992
v -18.450000 10.047372 0.370000
v -18.222183 10.222183 0.370000
v -18.222183 10.222183 0.450000
vn 0.608761 -0.793353 0.000000
f 2977//993 2978//993 2979//993
v -18.450000 10.047372 0.370000
v -18.222183 10.222183 0.450000
v -18.450000 10.047372 0.450000
vn 0.608761 -0.793353 0.000000
f 2980//994 2981//994 2982//994
v -19.000000 11.000000 0.370000
v -18.222183 10.222183 0.370000
v -18.450000 10.047372 0.370000
vn 0.000000 0.000000 -1.000000
f 2983//995 2984//995 2985//995
v -19.000000 11.000000 0.450000
v -18.450000 10.047372 0.450000
v -18.222183 10.222183 0.450000
vn 0.000000 0.000000 1.000000
f 2986//996 2987//996 2988//996
v -18.222183 10.222183 0.370000
v -18.047372 10.450000 0.370000
v -18.047372 10.450000 0.450000
vn 0.793353 -0.608761 0.000000
f 2989//997 2990//997 2991//997
v -18.222183 10.222183 0.370000
v -18.047372 10.450000 0.450000
v -18.222183 10.222183 0.450000
vn 0.793353 -0.608761 0.000000
f 2992//998 2993//998 2994//998
v -19.000000 11.000000 0.370000
v -18.047372 10.450000 0.370000
v -18.222183 10.222183 0.370000
vn 0.000000 0.000000 -1.000000
f 2995//999 2996//999 2997//999
v -19.000000 11.000000 0.450000
v -18.222183 10.222183 0.450000
v -18.047372 10.450000 0.450000
vn 0.000000 0.000000 1.000000
f 2998//1000 2999//1000 3000//1000
v -18.047372 10.450000 0.370000
v -17.937482 10.715299 0.370000
v -17.937482 10.715299 0.450000
vn 0.923880 -0.382683 0.000000
f 3001//1001 3002//1001 3003//1001
v -18.047372 10.450000 0.370000
v -17.937482 10.715299 0.450000
v -18.047372 10.450000 0.450000
vn 0.923880 -0.382683 0.000000
f 3004//1002 3005//1002 3006//1002
v -19.000000 11.000000 0.370000
v -17.937482 10.715299 0.370000
v -18.047372 10.450000 0.370000
vn 0.000000 0.000000 -1.000000
f 3007//1003 3008//1003 3009//1003
v -19.000000 11.000000 0.450000
v -18.047372 10.450000 0.450000
v -17.937482 10.715299 0.450000
vn 0.000000 0.000000 1.000000
f 3010//1004 3011//1004 3012//1004
v -17.937482 10.715299 0.370000
v -17.900000 11.000000 0.370000
v -17.900000 11.000000 0.450000
vn 0.991445 -0.130526 0.000000
f 3013//1005 3014//1005 3015//1005
v -17.937482 10.715299 0.370000
v -17.900000 11.000000 0.450000
v -17.937482 10.715299 0.450000
vn 0.991445 -0.130526 0.000000
f 3016//1006 3017//1006 3018//1006
v -19.000000 11.000000 0.370000
v -17.900000 11.000000 0.370000
v -17.937482 10.715299 0.370000
vn 0.000000 0.000000 -1.000000
f 3019//1007 3020//1007 3021//1007
v -19.000000 11.000000 0.450000
v -17.937482 10.715299 0.450000
v -17.900000 11.000000 0.450000
vn -0.000000 0.000000 1.000000
f 3022//1008 3023//1008 3024//1008
v -18.761913 11.125591 8.129894
v -18.757350 11.127739 8.070106
v -18.638087 10.874409 8.070106
vn -0.901550 -0.424432 -0.084052
f 3025//1009 3026//1009 3027//1009
v -18.761913 11.125591 8.129894
v -18.638087 10.874409 8.070106
v -18.642650 10.872261 8.129894
vn -0.901550 -0.424432 -0.084052
f 3028//1010 3029//1010 3030//1010
v -18.264299 11.359858 8.176286
v -18.145036 11.106527 8.176286
v -18.140474 11.108676 8.116499
vn 0.901550 0.424432 0.084052
f 3031//1011 3032//1011 3033//1011
v -18.264299 11.359858 8.176286
v -18.140474 11.108676 8.116499
v -18.259737 11.362006 8.116499
vn 0.901550 0.424432 0.084052
f 3034//1012 3035//1012 3036//1012
v -18.761913 11.125591 8.129894
v -18.642650 10.872261 8.129894
v -18.145036 11.106527 8.176286
vn -0.076046 -0.035801 0.996461
f 3037//1013 3038//1013 3039//1013
v -18.761913 11.125591 8.129894
v -18.145036 11.106527 8.176286
v -18.264299 11.359858 8.176286
vn -0.076046 -0.035801 0.996461
f 3040//1014 3041//1014 3042//1014
v -18.642650 10.872261 8.129894
v -18.638087 10.874409 8.070106
v -18.140474 11.108676 8.116499
vn 0.425939 -0.904752 -0.000000
f 3043//1015 3044//1015 3045//1015
v -18.642650 10.872261 8.129894
v -18.140474 11.108676 8.116499
v -18.145036 11.106527 8.176286
vn 0.425939 -0.904752 -0.000000
f 3046//1016 3047//1016 3048//1016
v -18.638087 10.874409 8.070106
v -18.757350 11.127739 8.070106
v -18.259737 11.362006 8.116499
vn 0.076046 0.035801 -0.996461
f 3049//1017 3050//1017 3051//1017
v -18.638087 10.874409 8.070106
v -18.259737 11.362006 8.116499
v -18.140474 11.108676 8.116499
vn 0.076046 0.035801 -0.996461
f 3052//1018 3053//1018 3054//1018
v -18.757350 11.127739 8.070106
v -18.761913 11.125591 8.129894
v -18.264299 11.359858 8.176286
vn -0.425939 0.904752 0.000000
f 3055//1019 3056//1019 3057//1019
v -18.757350 11.127739 8.070106
v -18.264299 11.359858 8.176286
v -18.259737 11.362006 8.116499
vn -0.425939 0.904752 0.000000
f 3058//1020 3059//1020 3060//1020
v -18.248852 11.341340 8.176180
v -18.255307 11.338302 8.116605
v -18.155921 11.127193 8.116605
vn -0.898333 -0.422918 0.118904
f 3061//1021 3062//1021 3063//1021
v -18.248852 11.341340 8.176180
v -18.155921 11.127193 8.116605
v -18.149466 11.130232 8.176180
vn -0.898333 -0.422918 0.118904
f 3064//1022 3065//1022 3066//1022
v -17.751239 11.575607 8.110315
v -17.651853 11.364498 8.110315
v -17.658308 11.361460 8.050741
vn 0.898333 0.422918 -0.118904
f 3067//1023 3068//1023 3069//1023
v -17.751239 11.575607 8.110315
v -17.658308 11.361460 8.050741
v -17.757693 11.572568 8.050741
vn 0.898333 0.422918 -0.118904
f 3070//1024 3071//1024 3072//1024
v -18.248852 11.341340 8.176180
v -18.149466 11.130232 8.176180
v -17.651853 11.364498 8.110315
vn 0.107578 0.050646 0.992906
f 3073//1025 3074//1025 3075//1025
v -18.248852 11.341340 8.176180
v -17.651853 11.364498 8.110315
v -17.751239 11.575607 8.110315
vn 0.107578 0.050646 0.992906
f 3076//1026 3077//1026 3078//1026
v -18.149466 11.130232 8.176180
v -18.155921 11.127193 8.116605
v -17.658308 11.361460 8.050741
vn 0.425939 -0.904752 0.000000
f 3079//1027 3080//1027 3081//1027
v -18.149466 11.130232 8.176180
v -17.658308 11.361460 8.050741
v -17.651853 11.364498 8.110315
vn 0.425939 -0.904752 0.000000
f 3082//1028 3083//1028 3084//1028
v -18.155921 11.127193 8.116605
v -18.255307 11.338302 8.116605
v -17.757693 11.572568 8.050741
vn -0.107578 -0.050646 -0.992906
f 3085//1029 3086//1029 3087//1029
v -18.155921 11.127193 8.116605
v -17.757693 11.572568 8.050741
v -17.658308 11.361460 8.050741
vn -0.107578 -0.050646 -0.992906
f 3088//1030 3089//1030 3090//1030
v -18.255307 11.338302 8.116605
v -18.248852 11.341340 8.176180
v -17.751239 11.575607 8.110315
vn -0.425939 0.904752 -0.000000
f 3091//1031 3092//1031 3093//1031
v -18.255307 11.338302 8.116605
v -17.751239 11.575607 8.110315
v -17.757693 11.572568 8.050741
vn -0.425939 0.904752 -0.000000
f 3094//1032 3095//1032 3096//1032
v -17.733389 11.558221 8.107886
v -17.755666 11.547733 8.053171
v -17.676157 11.378846 8.053171
vn -0.825062 -0.388423 0.410365
f 3097//1033 3098//1033 3099//1033
v -17.733389 11.558221 8.107886
v -17.676157 11.378846 8.053171
v -17.653880 11.389334 8.107886
vn -0.825062 -0.388423 0.410365
f 3100//1034 3101//1034 3102//1034
v -17.235776 11.792487 7.860386
v -17.156267 11.623600 7.860386
v -17.178544 11.613113 7.805671
vn 0.825062 0.388423 -0.410365
f 3103//1035 3104//1035 3105//1035
v -17.235776 11.792487 7.860386
v -17.178544 11.613113 7.805671
v -17.258052 11.782000 7.805671
vn 0.825062 0.388423 -0.410365
f 3106//1036 3107//1036 3108//1036
v -17.733389 11.558221 8.107886
v -17.653880 11.389334 8.107886
v -17.156267 11.623600 7.860386
vn 0.371278 0.174791 0.911922
f 3109//1037 3110//1037 3111//1037
v -17.733389 11.558221 8.107886
v -17.156267 11.623600 7.860386
v -17.235776 11.792487 7.860386
vn 0.371278 0.174791 0.911922
f 3112//1038 3113//1038 3114//1038
v -17.653880 11.389334 8.107886
v -17.676157 11.378846 8.053171
v -17.178544 11.613113 7.805671
vn 0.425939 -0.904752 -0.000000
f 3115//1039 3116//1039 3117//1039
v -17.653880 11.389334 8.107886
v -17.178544 11.613113 7.805671
v -17.156267 11.623600 7.860386
vn 0.425939 -0.904752 -0.000000
f 3118//1040 3119//1040 3120//1040
v -17.676157 11.378846 8.053171
v -17.755666 11.547733 8.053171
v -17.258052 11.782000 7.805671
vn -0.371278 -0.174791 -0.911922
f 3121//1041 3122//1041 3123//1041
v -17.676157 11.378846 8.053171
v -17.258052 11.782000 7.805671
v -17.178544 11.613113 7.805671
vn -0.371278 -0.174791 -0.911922
f 3124//1042 3125//1042 3126//1042
v -17.755666 11.547733 8.053171
v -17.733389 11.558221 8.107886
v -17.235776 11.792487 7.860386
vn -0.425939 0.904752 0.000000
f 3127//1043 3128//1043 3129//1043
v -17.755666 11.547733 8.053171
v -17.235776 11.792487 7.860386
v -17.258052 11.782000 7.805671
vn -0.425939 0.904752 0.000000
f 3130//1044 3131//1044 3132//1044
v -17.220279 11.773993 7.856680
v -17.253672 11.758272 7.809376
v -17.194041 11.631607 7.809376
vn -0.713313 -0.335814 0.615153
f 3133//1045 3134//1045 3135//1045
v -17.220279 11.773993 7.856680
v -17.194041 11.631607 7.809376
v -17.160647 11.647328 7.856680
vn -0.713313 -0.335814 0.615153
f 3136//1046 3137//1046 3138//1046
v -16.722665 12.008260 7.427545
v -16.663034 11.881595 7.427545
v -16.696427 11.865874 7.380240
vn 0.713313 0.335814 -0.615153
f 3139//1047 3140//1047 3141//1047
v -16.722665 12.008260 7.427545
v -16.696427 11.865874 7.380240
v -16.756059 11.992539 7.380240
vn 0.713313 0.335814 -0.615153
f 3142//1048 3143//1048 3144//1048
v -17.220279 11.773993 7.856680
v -17.160647 11.647328 7.856680
v -16.663034 11.881595 7.427545
vn 0.556560 0.262018 0.788408
f 3145//1049 3146//1049 3147//1049
v -17.220279 11.773993 7.856680
v -16.663034 11.881595 7.427545
v -16.722665 12.008260 7.427545
vn 0.556560 0.262018 0.788408
f 3148//1050 3149//1050 3150//1050
v -17.160647 11.647328 7.856680
v -17.194041 11.631607 7.809376
v -16.696427 11.865874 7.380240
vn 0.425939 -0.904752 0.000000
f 3151//1051 3152//1051 3153//1051
v -17.160647 11.647328 7.856680
v -16.696427 11.865874 7.380240
v -16.663034 11.881595 7.427545
vn 0.425939 -0.904752 0.000000
f 3154//1052 3155//1052 3156//1052
v -17.194041 11.631607 7.809376
v -17.253672 11.758272 7.809376
v -16.756059 11.992539 7.380240
vn -0.556560 -0.262018 -0.788408
f 3157//1053 3158//1053 3159//1053
v -17.194041 11.631607 7.809376
v -16.756059 11.992539 7.380240
v -16.696427 11.865874 7.380240
vn -0.556560 -0.262018 -0.788408
f 3160//1054 3161//1054 3162//1054
v -17.253672 11.758272 7.809376
v -17.220279 11.773993 7.856680
v -16.722665 12.008260 7.427545
vn -0.425939 0.904752 -0.000000
f 3163//1055 3164//1055 3165//1055
v -17.253672 11.758272 7.809376
v -16.722665 12.008260 7.427545
v -16.756059 11.992539 7.380240
vn -0.425939 0.904752 -0.000000
f 3166//1056 3167//1056 3168//1056
v -16.710383 11.988253 7.425272
v -16.748464 11.970325 7.382513
v -16.708710 11.885881 7.382513
vn -0.644781 -0.303551 0.701508
f 3169//1057 3170//1057 3171//1057
v -16.710383 11.988253 7.425272
v -16.708710 11.885881 7.382513
v -16.670628 11.903809 7.425272
vn -0.644781 -0.303551 0.701508
f 3172//1058 3173//1058 3174//1058
v -16.212769 12.222519 6.883880
v -16.173015 12.138076 6.883880
v -16.211096 12.120148 6.841120
vn 0.644781 0.303551 -0.701508
f 3175//1059 3176//1059 3177//1059
v -16.212769 12.222519 6.883880
v -16.211096 12.120148 6.841120
v -16.250851 12.204591 6.841120
vn 0.644781 0.303551 -0.701508
f 3178//1060 3179//1060 3180//1060
v -16.710383 11.988253 7.425272
v -16.670628 11.903809 7.425272
v -16.173015 12.138076 6.883880
vn 0.634691 0.298800 0.712661
f 3181//1061 3182//1061 3183//1061
v -16.710383 11.988253 7.425272
v -16.173015 12.138076 6.883880
v -16.212769 12.222519 6.883880
vn 0.634691 0.298800 0.712661
f 3184//1062 3185//1062 3186//1062
v -16.670628 11.903809 7.425272
v -16.708710 11.885881 7.382513
v -16.211096 12.120148 6.841120
vn 0.425939 -0.904752 0.000000
f 3187//1063 3188//1063 3189//1063
v -16.670628 11.903809 7.425272
v -16.211096 12.120148 6.841120
v -16.173015 12.138076 6.883880
vn 0.425939 -0.904752 0.000000
f 3190//1064 3191//1064 3192//1064
v -16.708710 11.885881 7.382513
v -16.748464 11.970325 7.382513
v -16.250851 12.204591 6.841120
vn -0.634691 -0.298800 -0.712661
f 3193//1065 3194//1065 3195//1065
v -16.708710 11.885881 7.382513
v -16.250851 12.204591 6.841120
v -16.211096 12.120148 6.841120
vn -0.634691 -0.298800 -0.712661
f 3196//1066 3197//1066 3198//1066
v -16.748464 11.970325 7.382513
v -16.710383 11.988253 7.425272
v -16.212769 12.222519 6.883880
vn -0.425939 0.904752 -0.000000
f 3199//1067 3200//1067 3201//1067
v -16.748464 11.970325 7.382513
v -16.212769 12.222519 6.883880
v -16.250851 12.204591 6.841120
vn -0.425939 0.904752 -0.000000
f 3202//1068 3203//1068 3204//1068
v -18.839961 10.995855 8.129894
v -18.840020 11.000897 8.070106
v -18.560039 11.004145 8.070106
vn 0.011560 -0.996394 -0.084052
f 3205//1069 3206//1069 3207//1069
v -18.839961 10.995855 8.129894
v -18.560039 11.004145 8.070106
v -18.559980 10.999103 8.129894
vn 0.011560 -0.996394 -0.084052
f 3208//1070 3209//1070 3210//1070
v -18.846342 11.545818 8.176286
v -18.566361 11.549066 8.176286
v -18.566419 11.554108 8.116499
vn -0.011560 0.996394 0.084052
f 3211//1071 3212//1071 3213//1071
v -18.846342 11.545818 8.176286
v -18.566419 11.554108 8.116499
v -18.846400 11.550860 8.116499
vn -0.011560 0.996394 0.084052
f 3214//1072 3215//1072 3216//1072
v -18.839961 10.995855 8.129894
v -18.559980 10.999103 8.129894
v -18.566361 11.549066 8.176286
vn 0.000975 -0.084046 0.996461
f 3217//1073 3218//1073 3219//1073
v -18.839961 10.995855 8.129894
v -18.566361 11.549066 8.176286
v -18.846342 11.545818 8.176286
vn 0.000975 -0.084046 0.996461
f 3220//1074 3221//1074 3222//1074
v -18.559980 10.999103 8.129894
v -18.560039 11.004145 8.070106
v -18.566419 11.554108 8.116499
vn 0.999933 0.011601 0.000000
f 3223//1075 3224//1075 3225//1075
v -18.559980 10.999103 8.129894
v -18.566419 11.554108 8.116499
v -18.566361 11.549066 8.176286
vn 0.999933 0.011601 0.000000
f 3226//1076 3227//1076 3228//1076
v -18.560039 11.004145 8.070106
v -18.840020 11.000897 8.070106
v -18.846400 11.550860 8.116499
vn -0.000975 0.084046 -0.996461
f 3229//1077 3230//1077 3231//1077
v -18.560039 11.004145 8.070106
v -18.846400 11.550860 8.116499
v -18.566419 11.554108 8.116499
vn -0.000975 0.084046 -0.996461
f 3232//1078 3233//1078 3234//1078
v -18.840020 11.000897 8.070106
v -18.839961 10.995855 8.129894
v -18.846342 11.545818 8.176286
vn -0.999933 -0.011601 -0.000000
f 3235//1079 3236//1079 3237//1079
v -18.840020 11.000897 8.070106
v -18.846342 11.545818 8.176286
v -18.846400 11.550860 8.116499
vn -0.999933 -0.011601 -0.000000
f 3238//1080 3239//1080 3240//1080
v -18.823081 11.552176 8.176180
v -18.822998 11.545043 8.116605
v -18.589680 11.547750 8.116605
vn 0.011518 -0.992839 0.118904
f 3241//1081 3242//1081 3243//1081
v -18.823081 11.552176 8.176180
v -18.589680 11.547750 8.116605
v -18.589763 11.554883 8.176180
vn 0.011518 -0.992839 0.118904
f 3244//1082 3245//1082 3246//1082
v -18.829461 12.102139 8.110315
v -18.596143 12.104846 8.110315
v -18.596061 12.097713 8.050741
vn -0.011518 0.992839 -0.118904
f 3247//1083 3248//1083 3249//1083
v -18.829461 12.102139 8.110315
v -18.596061 12.097713 8.050741
v -18.829378 12.095006 8.050741
vn -0.011518 0.992839 -0.118904
f 3250//1084 3251//1084 3252//1084
v -18.823081 11.552176 8.176180
v -18.589763 11.554883 8.176180
v -18.596143 12.104846 8.110315
vn -0.001379 0.118896 0.992906
f 3253//1085 3254//1085 3255//1085
v -18.823081 11.552176 8.176180
v -18.596143 12.104846 8.110315
v -18.829461 12.102139 8.110315
vn -0.001379 0.118896 0.992906
f 3256//1086 3257//1086 3258//1086
v -18.589763 11.554883 8.176180
v -18.589680 11.547750 8.116605
v -18.596061 12.097713 8.050741
vn 0.999933 0.011601 0.000000
f 3259//1087 3260//1087 3261//1087
v -18.589763 11.554883 8.176180
v -18.596061 12.097713 8.050741
v -18.596143 12.104846 8.110315
vn 0.999933 0.011601 0.000000
f 3262//1088 3263//1088 3264//1088
v -18.589680 11.547750 8.116605
v -18.822998 11.545043 8.116605
v -18.829378 12.095006 8.050741
vn 0.001379 -0.118896 -0.992906
f 3265//1089 3266//1089 3267//1089
v -18.589680 11.547750 8.116605
v -18.829378 12.095006 8.050741
v -18.596061 12.097713 8.050741
vn 0.001379 -0.118896 -0.992906
f 3268//1090 3269//1090 3270//1090
v -18.822998 11.545043 8.116605
v -18.823081 11.552176 8.176180
v -18.829461 12.102139 8.110315
vn -0.999933 -0.011601 -0.000000
f 3271//1091 3272//1091 3273//1091
v -18.822998 11.545043 8.116605
v -18.829461 12.102139 8.110315
v -18.829378 12.095006 8.050741
vn -0.999933 -0.011601 -0.000000
f 3274//1092 3275//1092 3276//1092
v -18.806231 12.111153 8.107886
v -18.805945 12.086533 8.053171
v -18.619291 12.088699 8.053171
vn 0.010579 -0.911860 0.410365
f 3277//1093 3278//1093 3279//1093
v -18.806231 12.111153 8.107886
v -18.619291 12.088699 8.053171
v -18.619577 12.113319 8.107886
vn 0.010579 -0.911860 0.410365
f 3280//1094 3281//1094 3282//1094
v -18.812611 12.661116 7.860386
v -18.625957 12.663282 7.860386
v -18.625671 12.638662 7.805671
vn -0.010579 0.911860 -0.410365
f 3283//1095 3284//1095 3285//1095
v -18.812611 12.661116 7.860386
v -18.625671 12.638662 7.805671
v -18.812325 12.636496 7.805671
vn -0.010579 0.911860 -0.410365
f 3286//1096 3287//1096 3288//1096
v -18.806231 12.111153 8.107886
v -18.619577 12.113319 8.107886
v -18.625957 12.663282 7.860386
vn -0.004761 0.410337 0.911922
f 3289//1097 3290//1097 3291//1097
v -18.806231 12.111153 8.107886
v -18.625957 12.663282 7.860386
v -18.812611 12.661116 7.860386
vn -0.004761 0.410337 0.911922
f 3292//1098 3293//1098 3294//1098
v -18.619577 12.113319 8.107886
v -18.619291 12.088699 8.053171
v -18.625671 12.638662 7.805671
vn 0.999933 0.011601 -0.000000
f 3295//1099 3296//1099 3297//1099
v -18.619577 12.113319 8.107886
v -18.625671 12.638662 7.805671
v -18.625957 12.663282 7.860386
vn 0.999933 0.011601 -0.000000
f 3298//1100 3299//1100 3300//1100
v -18.619291 12.088699 8.053171
v -18.805945 12.086533 8.053171
v -18.812325 12.636496 7.805671
vn 0.004761 -0.410337 -0.911922
f 3301//1101 3302//1101 3303//1101
v -18.619291 12.088699 8.053171
v -18.812325 12.636496 7.805671
v -18.625671 12.638662 7.805671
vn 0.004761 -0.410337 -0.911922
f 3304//1102 3305//1102 3306//1102
v -18.805945 12.086533 8.053171
v -18.806231 12.111153 8.107886
v -18.812611 12.661116 7.860386
vn -0.999933 -0.011601 0.000000
f 3307//1103 3308//1103 3309//1103
v -18.805945 12.086533 8.053171
v -18.812611 12.661116 7.860386
v -18.812325 12.636496 7.805671
vn -0.999933 -0.011601 0.000000
f 3310//1104 3311//1104 3312//1104
v -18.789351 12.667530 7.856680
v -18.788922 12.630624 7.809376
v -18.648932 12.632248 7.809376
vn 0.009146 -0.788355 0.615153
f 3313//1105 3314//1105 3315//1105
v -18.789351 12.667530 7.856680
v -18.648932 12.632248 7.809376
v -18.649360 12.669154 7.856680
vn 0.009146 -0.788355 0.615153
f 3316//1106 3317//1106 3318//1106
v -18.795731 13.217493 7.427545
v -18.655740 13.219117 7.427545
v -18.655312 13.182211 7.380240
vn -0.009146 0.788355 -0.615153
f 3319//1107 3320//1107 3321//1107
v -18.795731 13.217493 7.427545
v -18.655312 13.182211 7.380240
v -18.795303 13.180587 7.380240
vn -0.009146 0.788355 -0.615153
f 3322//1108 3323//1108 3324//1108
v -18.789351 12.667530 7.856680
v -18.649360 12.669154 7.856680
v -18.655740 13.219117 7.427545
vn -0.007136 0.615111 0.788408
f 3325//1109 3326//1109 3327//1109
v -18.789351 12.667530 7.856680
v -18.655740 13.219117 7.427545
v -18.795731 13.217493 7.427545
vn -0.007136 0.615111 0.788408
f 3328//1110 3329//1110 3330//1110
v -18.649360 12.669154 7.856680
v -18.648932 12.632248 7.809376
v -18.655312 13.182211 7.380240
vn 0.999933 0.011601 0.000000
f 3331//1111 3332//1111 3333//1111
v -18.649360 12.669154 7.856680
v -18.655312 13.182211 7.380240
v -18.655740 13.219117 7.427545
vn 0.999933 0.011601 0.000000
f 3334//1112 3335//1112 3336//1112
v -18.648932 12.632248 7.809376
v -18.788922 12.630624 7.809376
v -18.795303 13.180587 7.380240
vn 0.007136 -0.615111 -0.788408
f 3337//1113 3338//1113 3339//1113
v -18.648932 12.632248 7.809376
v -18.795303 13.180587 7.380240
v -18.655312 13.182211 7.380240
vn 0.007136 -0.615111 -0.788408
f 3340//1114 3341//1114 3342//1114
v -18.788922 12.630624 7.809376
v -18.789351 12.667530 7.856680
v -18.795731 13.217493 7.427545
vn -0.999933 -0.011601 -0.000000
f 3343//1115 3344//1115 3345//1115
v -18.788922 12.630624 7.809376
v -18.795731 13.217493 7.427545
v -18.795303 13.180587 7.380240
vn -0.999933 -0.011601 -0.000000
f 3346//1116 3347//1116 3348//1116
v -18.772429 13.220354 7.425272
v -18.771941 13.178267 7.382513
v -18.678614 13.179349 7.382513
vn 0.008267 -0.712613 0.701508
f 3349//1117 3350//1117 3351//1117
v -18.772429 13.220354 7.425272
v -18.678614 13.179349 7.382513
v -18.679102 13.221437 7.425272
vn 0.008267 -0.712613 0.701508
f 3352//1118 3353//1118 3354//1118
v -18.778810 13.770317 6.883880
v -18.685483 13.771400 6.883880
v -18.684994 13.729312 6.841120
vn -0.008267 0.712613 -0.701508
f 3355//1119 3356//1119 3357//1119
v -18.778810 13.770317 6.883880
v -18.684994 13.729312 6.841120
v -18.778321 13.728230 6.841120
vn -0.008267 0.712613 -0.701508
f 3358//1120 3359//1120 3360//1120
v -18.772429 13.220354 7.425272
v -18.679102 13.221437 7.425272
v -18.685483 13.771400 6.883880
vn -0.008138 0.701461 0.712661
f 3361//1121 3362//1121 3363//1121
v -18.772429 13.220354 7.425272
v -18.685483 13.771400 6.883880
v -18.778810 13.770317 6.883880
vn -0.008138 0.701461 0.712661
f 3364//1122 3365//1122 3366//1122
v -18.679102 13.221437 7.425272
v -18.678614 13.179349 7.382513
v -18.684994 13.729312 6.841120
vn 0.999933 0.011601 0.000000
f 3367//1123 3368//1123 3369//1123
v -18.679102 13.221437 7.425272
v -18.684994 13.729312 6.841120
v -18.685483 13.771400 6.883880
vn 0.999933 0.011601 0.000000
f 3370//1124 3371//1124 3372//1124
v -18.678614 13.179349 7.382513
v -18.771941 13.178267 7.382513
v -18.778321 13.728230 6.841120
vn 0.008138 -0.701461 -0.712661
f 3373//1125 3374//1125 3375//1125
v -18.678614 13.179349 7.382513
v -18.778321 13.728230 6.841120
v -18.684994 13.729312 6.841120
vn 0.008138 -0.701461 -0.712661
f 3376//1126 3377//1126 3378//1126
v -18.771941 13.178267 7.382513
v -18.772429 13.220354 7.425272
v -18.778810 13.770317 6.883880
vn -0.999933 -0.011601 -0.000000
f 3379//1127 3380//1127 3381//1127
v -18.771941 13.178267 7.382513
v -18.778810 13.770317 6.883880
v -18.778321 13.728230 6.841120
vn -0.999933 -0.011601 -0.000000
f 3382//1128 3383//1128 3384//1128
v -18.754371 10.870965 8.129894
v -18.758983 10.873006 8.070106
v -18.645629 11.129035 8.070106
vn 0.911154 -0.403402 -0.084052
f 3385//1129 3386//1129 3387//1129
v -18.754371 10.870965 8.129894
v -18.645629 11.129035 8.070106
v -18.641017 11.126994 8.129894
vn 0.911154 -0.403402 -0.084052
f 3388//1130 3389//1130 3390//1130
v -19.257286 11.093624 8.176286
v -19.143932 11.349653 8.176286
v -19.148543 11.351694 8.116499
vn -0.911154 0.403402 0.084052
f 3391//1131 3392//1131 3393//1131
v -19.257286 11.093624 8.176286
v -19.148543 11.351694 8.116499
v -19.261897 11.095665 8.116499
vn -0.911154 0.403402 0.084052
f 3394//1132 3395//1132 3396//1132
v -18.754371 10.870965 8.129894
v -18.641017 11.126994 8.129894
v -19.143932 11.349653 8.176286
vn 0.076856 -0.034027 0.996461
f 3397//1133 3398//1133 3399//1133
v -18.754371 10.870965 8.129894
v -19.143932 11.349653 8.176286
v -19.257286 11.093624 8.176286
vn 0.076856 -0.034027 0.996461
f 3400//1134 3401//1134 3402//1134
v -18.641017 11.126994 8.129894
v -18.645629 11.129035 8.070106
v -19.148543 11.351694 8.116499
vn 0.404835 0.914390 -0.000000
f 3403//1135 3404//1135 3405//1135
v -18.641017 11.126994 8.129894
v -19.148543 11.351694 8.116499
v -19.143932 11.349653 8.176286
vn 0.404835 0.914390 -0.000000
f 3406//1136 3407//1136 3408//1136
v -18.645629 11.129035 8.070106
v -18.758983 10.873006 8.070106
v -19.261897 11.095665 8.116499
vn -0.076856 0.034027 -0.996461
f 3409//1137 3410//1137 3411//1137
v -18.645629 11.129035 8.070106
v -19.261897 11.095665 8.116499
v -19.148543 11.351694 8.116499
vn -0.076856 0.034027 -0.996461
f 3412//1138 3413//1138 3414//1138
v -18.758983 10.873006 8.070106
v -18.754371 10.870965 8.129894
v -19.257286 11.093624 8.176286
vn -0.404835 -0.914390 0.000000
f 3415//1139 3416//1139 3417//1139
v -18.758983 10.873006 8.070106
v -19.257286 11.093624 8.176286
v -19.261897 11.095665 8.116499
vn -0.404835 -0.914390 0.000000
f 3418//1140 3419//1140 3420//1140
v -19.253407 11.117424 8.176180
v -19.246883 11.114536 8.116605
v -19.152422 11.327894 8.116605
vn 0.907903 -0.401963 0.118904
f 3421//1141 3422//1141 3423//1141
v -19.253407 11.117424 8.176180
v -19.152422 11.327894 8.116605
v -19.158945 11.330782 8.176180
vn 0.907903 -0.401963 0.118904
f 3424//1142 3425//1142 3426//1142
v -19.756321 11.340083 8.110315
v -19.661860 11.553441 8.110315
v -19.655336 11.550553 8.050741
vn -0.907903 0.401963 -0.118904
f 3427//1143 3428//1143 3429//1143
v -19.756321 11.340083 8.110315
v -19.655336 11.550553 8.050741
v -19.749798 11.337195 8.050741
vn -0.907903 0.401963 -0.118904
f 3430//1144 3431//1144 3432//1144
v -19.253407 11.117424 8.176180
v -19.158945 11.330782 8.176180
v -19.661860 11.553441 8.110315
vn -0.108724 0.048136 0.992906
f 3433//1145 3434//1145 3435//1145
v -19.253407 11.117424 8.176180
v -19.661860 11.553441 8.110315
v -19.756321 11.340083 8.110315
vn -0.108724 0.048136 0.992906
f 3436//1146 3437//1146 3438//1146
v -19.158945 11.330782 8.176180
v -19.152422 11.327894 8.116605
v -19.655336 11.550553 8.050741
vn 0.404835 0.914390 -0.000000
f 3439//1147 3440//1147 3441//1147
v -19.158945 11.330782 8.176180
v -19.655336 11.550553 8.050741
v -19.661860 11.553441 8.110315
vn 0.404835 0.914390 -0.000000
f 3442//1148 3443//1148 3444//1148
v -19.152422 11.327894 8.116605
v -19.246883 11.114536 8.116605
v -19.749798 11.337195 8.050741
vn 0.108724 -0.048136 -0.992906
f 3445//1149 3446//1149 3447//1149
v -19.152422 11.327894 8.116605
v -19.749798 11.337195 8.050741
v -19.655336 11.550553 8.050741
vn 0.108724 -0.048136 -0.992906
f 3448//1150 3449//1150 3450//1150
v -19.246883 11.114536 8.116605
v -19.253407 11.117424 8.176180
v -19.756321 11.340083 8.110315
vn -0.404835 -0.914390 0.000000
f 3451//1151 3452//1151 3453//1151
v -19.246883 11.114536 8.116605
v -19.756321 11.340083 8.110315
v -19.749798 11.337195 8.050741
vn -0.404835 -0.914390 0.000000
f 3454//1152 3455//1152 3456//1152
v -19.754870 11.364959 8.107886
v -19.732356 11.354991 8.053171
v -19.656787 11.525677 8.053171
vn 0.833852 -0.369177 0.410365
f 3457//1153 3458//1153 3459//1153
v -19.754870 11.364959 8.107886
v -19.656787 11.525677 8.053171
v -19.679301 11.535645 8.107886
vn 0.833852 -0.369177 0.410365
f 3460//1154 3461//1154 3462//1154
v -20.257785 11.587618 7.860386
v -20.182216 11.758304 7.860386
v -20.159702 11.748336 7.805671
vn -0.833852 0.369177 -0.410365
f 3463//1155 3464//1155 3465//1155
v -20.257785 11.587618 7.860386
v -20.159702 11.748336 7.805671
v -20.235271 11.577650 7.805671
vn -0.833852 0.369177 -0.410365
f 3466//1156 3467//1156 3468//1156
v -19.754870 11.364959 8.107886
v -19.679301 11.535645 8.107886
v -20.182216 11.758304 7.860386
vn -0.375233 0.166130 0.911922
f 3469//1157 3470//1157 3471//1157
v -19.754870 11.364959 8.107886
v -20.182216 11.758304 7.860386
v -20.257785 11.587618 7.860386
vn -0.375233 0.166130 0.911922
f 3472//1158 3473//1158 3474//1158
v -19.679301 11.535645 8.107886
v -19.656787 11.525677 8.053171
v -20.159702 11.748336 7.805671
vn 0.404835 0.914390 0.000000
f 3475//1159 3476//1159 3477//1159
v -19.679301 11.535645 8.107886
v -20.159702 11.748336 7.805671
v -20.182216 11.758304 7.860386
vn 0.404835 0.914390 0.000000
f 3478//1160 3479//1160 3480//1160
v -19.656787 11.525677 8.053171
v -19.732356 11.354991 8.053171
v -20.235271 11.577650 7.805671
vn 0.375233 -0.166130 -0.911922
f 3481//1161 3482//1161 3483//1161
v -19.656787 11.525677 8.053171
v -20.235271 11.577650 7.805671
v -20.159702 11.748336 7.805671
vn 0.375233 -0.166130 -0.911922
f 3484//1162 3485//1162 3486//1162
v -19.732356 11.354991 8.053171
v -19.754870 11.364959 8.107886
v -20.257785 11.587618 7.860386
vn -0.404835 -0.914390 -0.000000
f 3487//1163 3488//1163 3489//1163
v -19.732356 11.354991 8.053171
v -20.257785 11.587618 7.860386
v -20.235271 11.577650 7.805671
vn -0.404835 -0.914390 -0.000000
f 3490//1164 3491//1164 3492//1164
v -20.253956 11.611441 7.856680
v -20.220207 11.596499 7.809376
v -20.163530 11.724513 7.809376
vn 0.720912 -0.319175 0.615153
f 3493//1165 3494//1165 3495//1165
v -20.253956 11.611441 7.856680
v -20.163530 11.724513 7.809376
v -20.197280 11.739456 7.856680
vn 0.720912 -0.319175 0.615153
f 3496//1166 3497//1166 3498//1166
v -20.756871 11.834100 7.427545
v -20.700194 11.962115 7.427545
v -20.666445 11.947172 7.380240
vn -0.720912 0.319175 -0.615153
f 3499//1167 3500//1167 3501//1167
v -20.756871 11.834100 7.427545
v -20.666445 11.947172 7.380240
v -20.723122 11.819158 7.380240
vn -0.720912 0.319175 -0.615153
f 3502//1168 3503//1168 3504//1168
v -20.253956 11.611441 7.856680
v -20.197280 11.739456 7.856680
v -20.700194 11.962115 7.427545
vn -0.562489 0.249035 0.788408
f 3505//1169 3506//1169 3507//1169
v -20.253956 11.611441 7.856680
v -20.700194 11.962115 7.427545
v -20.756871 11.834100 7.427545
vn -0.562489 0.249035 0.788408
f 3508//1170 3509//1170 3510//1170
v -20.197280 11.739456 7.856680
v -20.163530 11.724513 7.809376
v -20.666445 11.947172 7.380240
vn 0.404835 0.914390 0.000000
f 3511//1171 3512//1171 3513//1171
v -20.197280 11.739456 7.856680
v -20.666445 11.947172 7.380240
v -20.700194 11.962115 7.427545
vn 0.404835 0.914390 0.000000
f 3514//1172 3515//1172 3516//1172
v -20.163530 11.724513 7.809376
v -20.220207 11.596499 7.809376
v -20.723122 11.819158 7.380240
vn 0.562489 -0.249035 -0.788408
f 3517//1173 3518//1173 3519//1173
v -20.163530 11.724513 7.809376
v -20.723122 11.819158 7.380240
v -20.666445 11.947172 7.380240
vn 0.562489 -0.249035 -0.788408
f 3520//1174 3521//1174 3522//1174
v -20.220207 11.596499 7.809376
v -20.253956 11.611441 7.856680
v -20.756871 11.834100 7.427545
vn -0.404835 -0.914390 -0.000000
f 3523//1175 3524//1175 3525//1175
v -20.220207 11.596499 7.809376
v -20.756871 11.834100 7.427545
v -20.723122 11.819158 7.380240
vn -0.404835 -0.914390 -0.000000
f 3526//1176 3527//1176 3528//1176
v -20.749794 11.856485 7.425272
v -20.711307 11.839445 7.382513
v -20.673522 11.924788 7.382513
vn 0.651650 -0.288510 0.701508
f 3529//1177 3530//1177 3531//1177
v -20.749794 11.856485 7.425272
v -20.673522 11.924788 7.382513
v -20.712009 11.941828 7.425272
vn 0.651650 -0.288510 0.701508
f 3532//1178 3533//1178 3534//1178
v -21.252708 12.079144 6.883880
v -21.214924 12.164487 6.883880
v -21.176436 12.147447 6.841120
vn -0.651650 0.288510 -0.701508
f 3535//1179 3536//1179 3537//1179
v -21.252708 12.079144 6.883880
v -21.176436 12.147447 6.841120
v -21.214221 12.062104 6.841120
vn -0.651650 0.288510 -0.701508
f 3538//1180 3539//1180 3540//1180
v -20.749794 11.856485 7.425272
v -20.712009 11.941828 7.425272
v -21.214924 12.164487 6.883880
vn -0.641452 0.283995 0.712661
f 3541//1181 3542//1181 3543//1181
v -20.749794 11.856485 7.425272
v -21.214924 12.164487 6.883880
v -21.252708 12.079144 6.883880
vn -0.641452 0.283995 0.712661
f 3544//1182 3545//1182 3546//1182
v -20.712009 11.941828 7.425272
v -20.673522 11.924788 7.382513
v -21.176436 12.147447 6.841120
vn 0.404835 0.914390 -0.000000
f 3547//1183 3548//1183 3549//1183
v -20.712009 11.941828 7.425272
v -21.176436 12.147447 6.841120
v -21.214924 12.164487 6.883880
vn 0.404835 0.914390 -0.000000
f 3550//1184 3551//1184 3552//1184
v -20.673522 11.924788 7.382513
v -20.711307 11.839445 7.382513
v -21.214221 12.062104 6.841120
vn 0.641452 -0.283995 -0.712661
f 3553//1185 3554//1185 3555//1185
v -20.673522 11.924788 7.382513
v -21.214221 12.062104 6.841120
v -21.176436 12.147447 6.841120
vn 0.641452 -0.283995 -0.712661
f 3556//1186 3557//1186 3558//1186
v -20.711307 11.839445 7.382513
v -20.749794 11.856485 7.425272
v -21.252708 12.079144 6.883880
vn -0.404835 -0.914390 0.000000
f 3559//1187 3560//1187 3561//1187
v -20.711307 11.839445 7.382513
v -21.252708 12.079144 6.883880
v -21.214221 12.062104 6.841120
vn -0.404835 -0.914390 0.000000
f 3562//1188 3563//1188 3564//1188
v -18.605212 10.896939 8.129894
v -18.608985 10.893592 8.070106
v -18.794788 11.103061 8.070106
vn 0.745455 0.661236 -0.084052
f 3565//1189 3566//1189 3567//1189
v -18.605212 10.896939 8.129894
v -18.794788 11.103061 8.070106
v -18.791015 11.106408 8.129894
vn 0.745455 0.661236 -0.084052
f 3568//1190 3569//1190 3570//1190
v -19.016668 10.531968 8.176286
v -19.202471 10.741436 8.176286
v -19.206244 10.738090 8.116499
vn -0.745455 -0.661236 0.084052
f 3571//1191 3572//1191 3573//1191
v -19.016668 10.531968 8.176286
v -19.206244 10.738090 8.116499
v -19.020441 10.528621 8.116499
vn -0.745455 -0.661236 0.084052
f 3574//1192 3575//1192 3576//1192
v -18.605212 10.896939 8.129894
v -18.791015 11.106408 8.129894
v -19.202471 10.741436 8.176286
vn 0.062879 0.055775 0.996461
f 3577//1193 3578//1193 3579//1193
v -18.605212 10.896939 8.129894
v -19.202471 10.741436 8.176286
v -19.016668 10.531968 8.176286
vn 0.062879 0.055775 0.996461
f 3580//1194 3581//1194 3582//1194
v -18.791015 11.106408 8.129894
v -18.794788 11.103061 8.070106
v -19.206244 10.738090 8.116499
vn -0.663584 0.748102 0.000000
f 3583//1195 3584//1195 3585//1195
v -18.791015 11.106408 8.129894
v -19.206244 10.738090 8.116499
v -19.202471 10.741436 8.176286
vn -0.663584 0.748102 0.000000
f 3586//1196 3587//1196 3588//1196
v -18.794788 11.103061 8.070106
v -18.608985 10.893592 8.070106
v -19.020441 10.528621 8.116499
vn -0.062879 -0.055775 -0.996461
f 3589//1197 3590//1197 3591//1197
v -18.794788 11.103061 8.070106
v -19.020441 10.528621 8.116499
v -19.206244 10.738090 8.116499
vn -0.062879 -0.055775 -0.996461
f 3592//1198 3593//1198 3594//1198
v -18.608985 10.893592 8.070106
v -18.605212 10.896939 8.129894
v -19.016668 10.531968 8.176286
vn 0.663584 -0.748102 -0.000000
f 3595//1199 3596//1199 3597//1199
v -18.608985 10.893592 8.070106
v -19.016668 10.531968 8.176286
v -19.020441 10.528621 8.116499
vn 0.663584 -0.748102 -0.000000
f 3598//1200 3599//1200 3600//1200
v -19.036706 10.545383 8.176180
v -19.031369 10.550117 8.116605
v -19.186206 10.724674 8.116605
vn 0.742795 0.658876 0.118904
f 3601//1201 3602//1201 3603//1201
v -19.036706 10.545383 8.176180
v -19.186206 10.724674 8.116605
v -19.191543 10.719940 8.176180
vn 0.742795 0.658876 0.118904
f 3604//1202 3605//1202 3606//1202
v -19.448162 10.180412 8.110315
v -19.602999 10.354969 8.110315
v -19.597662 10.359703 8.050741
vn -0.742795 -0.658876 -0.118904
f 3607//1203 3608//1203 3609//1203
v -19.448162 10.180412 8.110315
v -19.597662 10.359703 8.050741
v -19.442825 10.185146 8.050741
vn -0.742795 -0.658876 -0.118904
f 3610//1204 3611//1204 3612//1204
v -19.036706 10.545383 8.176180
v -19.191543 10.719940 8.176180
v -19.602999 10.354969 8.110315
vn -0.088952 -0.078903 0.992906
f 3613//1205 3614//1205 3615//1205
v -19.036706 10.545383 8.176180
v -19.602999 10.354969 8.110315
v -19.448162 10.180412 8.110315
vn -0.088952 -0.078903 0.992906
f 3616//1206 3617//1206 3618//1206
v -19.191543 10.719940 8.176180
v -19.186206 10.724674 8.116605
v -19.597662 10.359703 8.050741
vn -0.663584 0.748102 0.000000
f 3619//1207 3620//1207 3621//1207
v -19.191543 10.719940 8.176180
v -19.597662 10.359703 8.050741
v -19.602999 10.354969 8.110315
vn -0.663584 0.748102 0.000000
f 3622//1208 3623//1208 3624//1208
v -19.186206 10.724674 8.116605
v -19.031369 10.550117 8.116605
v -19.442825 10.185146 8.050741
vn 0.088952 0.078903 -0.992906
f 3625//1209 3626//1209 3627//1209
v -19.186206 10.724674 8.116605
v -19.442825 10.185146 8.050741
v -19.597662 10.359703 8.050741
vn 0.088952 0.078903 -0.992906
f 3628//1210 3629//1210 3630//1210
v -19.031369 10.550117 8.116605
v -19.036706 10.545383 8.176180
v -19.448162 10.180412 8.110315
vn 0.663584 -0.748102 -0.000000
f 3631//1211 3632//1211 3633//1211
v -19.031369 10.550117 8.116605
v -19.448162 10.180412 8.110315
v -19.442825 10.185146 8.050741
vn 0.663584 -0.748102 -0.000000
f 3634//1212 3635//1212 3636//1212
v -19.470187 10.192066 8.107886
v -19.451768 10.208404 8.053171
v -19.575637 10.348050 8.053171
vn 0.682210 0.605136 0.410365
f 3637//1213 3638//1213 3639//1213
v -19.470187 10.192066 8.107886
v -19.575637 10.348050 8.053171
v -19.594056 10.331711 8.107886
vn 0.682210 0.605136 0.410365
f 3640//1214 3641//1214 3642//1214
v -19.881643 9.827094 7.860386
v -20.005512 9.966740 7.860386
v -19.987093 9.983079 7.805671
vn -0.682210 -0.605136 -0.410365
f 3643//1215 3644//1215 3645//1215
v -19.881643 9.827094 7.860386
v -19.987093 9.983079 7.805671
v -19.863224 9.843433 7.805671
vn -0.682210 -0.605136 -0.410365
f 3646//1216 3647//1216 3648//1216
v -19.470187 10.192066 8.107886
v -19.594056 10.331711 8.107886
v -20.005512 9.966740 7.860386
vn -0.306995 -0.272311 0.911922
f 3649//1217 3650//1217 3651//1217
v -19.470187 10.192066 8.107886
v -20.005512 9.966740 7.860386
v -19.881643 9.827094 7.860386
vn -0.306995 -0.272311 0.911922
f 3652//1218 3653//1218 3654//1218
v -19.594056 10.331711 8.107886
v -19.575637 10.348050 8.053171
v -19.987093 9.983079 7.805671
vn -0.663584 0.748102 0.000000
f 3655//1219 3656//1219 3657//1219
v -19.594056 10.331711 8.107886
v -19.987093 9.983079 7.805671
v -20.005512 9.966740 7.860386
vn -0.663584 0.748102 0.000000
f 3658//1220 3659//1220 3660//1220
v -19.575637 10.348050 8.053171
v -19.451768 10.208404 8.053171
v -19.863224 9.843433 7.805671
vn 0.306995 0.272311 -0.911922
f 3661//1221 3662//1221 3663//1221
v -19.575637 10.348050 8.053171
v -19.863224 9.843433 7.805671
v -19.987093 9.983079 7.805671
vn 0.306995 0.272311 -0.911922
f 3664//1222 3665//1222 3666//1222
v -19.451768 10.208404 8.053171
v -19.470187 10.192066 8.107886
v -19.881643 9.827094 7.860386
vn 0.663584 -0.748102 -0.000000
f 3667//1223 3668//1223 3669//1223
v -19.451768 10.208404 8.053171
v -19.881643 9.827094 7.860386
v -19.863224 9.843433 7.805671
vn 0.663584 -0.748102 -0.000000
f 3670//1224 3671//1224 3672//1224
v -19.901723 9.840473 7.856680
v -19.874111 9.864966 7.809376
v -19.967013 9.969700 7.809376
vn 0.589809 0.523175 0.615153
f 3673//1225 3674//1225 3675//1225
v -19.901723 9.840473 7.856680
v -19.967013 9.969700 7.809376
v -19.994625 9.945207 7.856680
vn 0.589809 0.523175 0.615153
f 3676//1226 3677//1226 3678//1226
v -20.313179 9.475502 7.427545
v -20.406081 9.580236 7.427545
v -20.378469 9.604729 7.380240
vn -0.589809 -0.523175 -0.615153
f 3679//1227 3680//1227 3681//1227
v -20.313179 9.475502 7.427545
v -20.378469 9.604729 7.380240
v -20.285567 9.499994 7.380240
vn -0.589809 -0.523175 -0.615153
f 3682//1228 3683//1228 3684//1228
v -19.901723 9.840473 7.856680
v -19.994625 9.945207 7.856680
v -20.406081 9.580236 7.427545
vn -0.460197 -0.408205 0.788408
f 3685//1229 3686//1229 3687//1229
v -19.901723 9.840473 7.856680
v -20.406081 9.580236 7.427545
v -20.313179 9.475502 7.427545
vn -0.460197 -0.408205 0.788408
f 3688//1230 3689//1230 3690//1230
v -19.994625 9.945207 7.856680
v -19.967013 9.969700 7.809376
v -20.378469 9.604729 7.380240
vn -0.663584 0.748102 -0.000000
f 3691//1231 3692//1231 3693//1231
v -19.994625 9.945207 7.856680
v -20.378469 9.604729 7.380240
v -20.406081 9.580236 7.427545
vn -0.663584 0.748102 -0.000000
f 3694//1232 3695//1232 3696//1232
v -19.967013 9.969700 7.809376
v -19.874111 9.864966 7.809376
v -20.285567 9.499994 7.380240
vn 0.460197 0.408205 -0.788408
f 3697//1233 3698//1233 3699//1233
v -19.967013 9.969700 7.809376
v -20.285567 9.499994 7.380240
v -20.378469 9.604729 7.380240
vn 0.460197 0.408205 -0.788408
f 3700//1234 3701//1234 3702//1234
v -19.874111 9.864966 7.809376
v -19.901723 9.840473 7.856680
v -20.313179 9.475502 7.427545
vn 0.663584 -0.748102 0.000000
f 3703//1235 3704//1235 3705//1235
v -19.874111 9.864966 7.809376
v -20.313179 9.475502 7.427545
v -20.285567 9.499994 7.380240
vn 0.663584 -0.748102 0.000000
f 3706//1236 3707//1236 3708//1236
v -20.330601 9.491239 7.425272
v -20.299113 9.519169 7.382513
v -20.361047 9.588992 7.382513
vn 0.533143 0.472911 0.701508
f 3709//1237 3710//1237 3711//1237
v -20.330601 9.491239 7.425272
v -20.361047 9.588992 7.382513
v -20.392535 9.561061 7.425272
vn 0.533143 0.472911 0.701508
f 3712//1238 3713//1238 3714//1238
v -20.742057 9.126268 6.883880
v -20.803991 9.196090 6.883880
v -20.772503 9.224021 6.841120
vn -0.533143 -0.472911 -0.701508
f 3715//1239 3716//1239 3717//1239
v -20.742057 9.126268 6.883880
v -20.772503 9.224021 6.841120
v -20.710569 9.154198 6.841120
vn -0.533143 -0.472911 -0.701508
f 3718//1240 3719//1240 3720//1240
v -20.330601 9.491239 7.425272
v -20.392535 9.561061 7.425272
v -20.803991 9.196090 6.883880
vn -0.524800 -0.465510 0.712661
f 3721//1241 3722//1241 3723//1241
v -20.330601 9.491239 7.425272
v -20.803991 9.196090 6.883880
v -20.742057 9.126268 6.883880
vn -0.524800 -0.465510 0.712661
f 3724//1242 3725//1242 3726//1242
v -20.392535 9.561061 7.425272
v -20.361047 9.588992 7.382513
v -20.772503 9.224021 6.841120
vn -0.663584 0.748102 -0.000000
f 3727//1243 3728//1243 3729//1243
v -20.392535 9.561061 7.425272
v -20.772503 9.224021 6.841120
v -20.803991 9.196090 6.883880
vn -0.663584 0.748102 -0.000000
f 3730//1244 3731//1244 3732//1244
v -20.361047 9.588992 7.382513
v -20.299113 9.519169 7.382513
v -20.710569 9.154198 6.841120
vn 0.524800 0.465510 -0.712661
f 3733//1245 3734//1245 3735//1245
v -20.361047 9.588992 7.382513
v -20.710569 9.154198 6.841120
v -20.772503 9.224021 6.841120
vn 0.524800 0.465510 -0.712661
f 3736//1246 3737//1246 3738//1246
v -20.299113 9.519169 7.382513
v -20.330601 9.491239 7.425272
v -20.742057 9.126268 6.883880
vn 0.663584 -0.748102 0.000000
f 3739//1247 3740//1247 3741//1247
v -20.299113 9.519169 7.382513
v -20.742057 9.126268 6.883880
v -20.710569 9.154198 6.841120
vn 0.663584 -0.748102 0.000000
f 3742//1248 3743//1248 3744//1248
v -18.566876 11.043409 8.129894
v -18.565399 11.038587 8.070106
v -18.833124 10.956591 8.070106
vn -0.291808 0.952777 -0.084052
f 3745//1249 3746//1249 3747//1249
v -18.566876 11.043409 8.129894
v -18.833124 10.956591 8.070106
v -18.834601 10.961413 8.129894
vn -0.291808 0.952777 -0.084052
f 3748//1250 3749//1250 3750//1250
v -18.405812 10.517521 8.176286
v -18.673536 10.435525 8.176286
v -18.672060 10.430703 8.116499
vn 0.291808 -0.952777 0.084052
f 3751//1251 3752//1251 3753//1251
v -18.405812 10.517521 8.176286
v -18.672060 10.430703 8.116499
v -18.404335 10.512699 8.116499
vn 0.291808 -0.952777 0.084052
f 3754//1252 3755//1252 3756//1252
v -18.566876 11.043409 8.129894
v -18.834601 10.961413 8.129894
v -18.673536 10.435525 8.176286
vn -0.024614 0.080367 0.996461
f 3757//1253 3758//1253 3759//1253
v -18.566876 11.043409 8.129894
v -18.673536 10.435525 8.176286
v -18.405812 10.517521 8.176286
vn -0.024614 0.080367 0.996461
f 3760//1254 3761//1254 3762//1254
v -18.834601 10.961413 8.129894
v -18.833124 10.956591 8.070106
v -18.672060 10.430703 8.116499
vn -0.956160 -0.292844 0.000000
f 3763//1255 3764//1255 3765//1255
v -18.834601 10.961413 8.129894
v -18.672060 10.430703 8.116499
v -18.673536 10.435525 8.176286
vn -0.956160 -0.292844 0.000000
f 3766//1256 3767//1256 3768//1256
v -18.833124 10.956591 8.070106
v -18.565399 11.038587 8.070106
v -18.404335 10.512699 8.116499
vn 0.024614 -0.080367 -0.996461
f 3769//1257 3770//1257 3771//1257
v -18.833124 10.956591 8.070106
v -18.404335 10.512699 8.116499
v -18.672060 10.430703 8.116499
vn 0.024614 -0.080367 -0.996461
f 3772//1258 3773//1258 3774//1258
v -18.565399 11.038587 8.070106
v -18.566876 11.043409 8.129894
v -18.405812 10.517521 8.176286
vn 0.956160 0.292844 -0.000000
f 3775//1259 3776//1259 3777//1259
v -18.565399 11.038587 8.070106
v -18.405812 10.517521 8.176286
v -18.404335 10.512699 8.116499
vn 0.956160 0.292844 -0.000000
f 3778//1260 3779//1260 3780//1260
v -18.426339 10.504866 8.176180
v -18.428428 10.511688 8.116605
v -18.651532 10.443357 8.116605
vn -0.290767 0.949377 0.118904
f 3781//1261 3782//1261 3783//1261
v -18.426339 10.504866 8.176180
v -18.651532 10.443357 8.116605
v -18.649443 10.436536 8.176180
vn -0.290767 0.949377 0.118904
f 3784//1262 3785//1262 3786//1262
v -18.265275 9.978978 8.110315
v -18.488379 9.910648 8.110315
v -18.490468 9.917469 8.050741
vn 0.290767 -0.949377 -0.118904
f 3787//1263 3788//1263 3789//1263
v -18.265275 9.978978 8.110315
v -18.490468 9.917469 8.050741
v -18.267364 9.985800 8.050741
vn 0.290767 -0.949377 -0.118904
f 3790//1264 3791//1264 3792//1264
v -18.426339 10.504866 8.176180
v -18.649443 10.436536 8.176180
v -18.488379 9.910648 8.110315
vn 0.034820 -0.113691 0.992906
f 3793//1265 3794//1265 3795//1265
v -18.426339 10.504866 8.176180
v -18.488379 9.910648 8.110315
v -18.265275 9.978978 8.110315
vn 0.034820 -0.113691 0.992906
f 3796//1266 3797//1266 3798//1266
v -18.649443 10.436536 8.176180
v -18.651532 10.443357 8.116605
v -18.490468 9.917469 8.050741
vn -0.956160 -0.292844 -0.000000
f 3799//1267 3800//1267 3801//1267
v -18.649443 10.436536 8.176180
v -18.490468 9.917469 8.050741
v -18.488379 9.910648 8.110315
vn -0.956160 -0.292844 -0.000000
f 3802//1268 3803//1268 3804//1268
v -18.651532 10.443357 8.116605
v -18.428428 10.511688 8.116605
v -18.267364 9.985800 8.050741
vn -0.034820 0.113691 -0.992906
f 3805//1269 3806//1269 3807//1269
v -18.651532 10.443357 8.116605
v -18.267364 9.985800 8.050741
v -18.490468 9.917469 8.050741
vn -0.034820 0.113691 -0.992906
f 3808//1270 3809//1270 3810//1270
v -18.428428 10.511688 8.116605
v -18.426339 10.504866 8.176180
v -18.265275 9.978978 8.110315
vn 0.956160 0.292844 0.000000
f 3811//1271 3812//1271 3813//1271
v -18.428428 10.511688 8.116605
v -18.265275 9.978978 8.110315
v -18.267364 9.985800 8.050741
vn 0.956160 0.292844 0.000000
f 3814//1272 3815//1272 3816//1272
v -18.285024 9.963785 8.107886
v -18.292235 9.987327 8.053171
v -18.470718 9.932663 8.053171
vn -0.267051 0.871943 0.410365
f 3817//1273 3818//1273 3819//1273
v -18.285024 9.963785 8.107886
v -18.470718 9.932663 8.053171
v -18.463508 9.909121 8.107886
vn -0.267051 0.871943 0.410365
f 3820//1274 3821//1274 3822//1274
v -18.123960 9.437897 7.860386
v -18.302443 9.383232 7.860386
v -18.309653 9.406775 7.805671
vn 0.267051 -0.871943 -0.410365
f 3823//1275 3824//1275 3825//1275
v -18.123960 9.437897 7.860386
v -18.309653 9.406775 7.805671
v -18.131170 9.461439 7.805671
vn 0.267051 -0.871943 -0.410365
f 3826//1276 3827//1276 3828//1276
v -18.285024 9.963785 8.107886
v -18.463508 9.909121 8.107886
v -18.302443 9.383232 7.860386
vn 0.120173 -0.392374 0.911922
f 3829//1277 3830//1277 3831//1277
v -18.285024 9.963785 8.107886
v -18.302443 9.383232 7.860386
v -18.123960 9.437897 7.860386
vn 0.120173 -0.392374 0.911922
f 3832//1278 3833//1278 3834//1278
v -18.463508 9.909121 8.107886
v -18.470718 9.932663 8.053171
v -18.309653 9.406775 7.805671
vn -0.956160 -0.292844 0.000000
f 3835//1279 3836//1279 3837//1279
v -18.463508 9.909121 8.107886
v -18.309653 9.406775 7.805671
v -18.302443 9.383232 7.860386
vn -0.956160 -0.292844 0.000000
f 3838//1280 3839//1280 3840//1280
v -18.470718 9.932663 8.053171
v -18.292235 9.987327 8.053171
v -18.131170 9.461439 7.805671
vn -0.120173 0.392374 -0.911922
f 3841//1281 3842//1281 3843//1281
v -18.470718 9.932663 8.053171
v -18.131170 9.461439 7.805671
v -18.309653 9.406775 7.805671
vn -0.120173 0.392374 -0.911922
f 3844//1282 3845//1282 3846//1282
v -18.292235 9.987327 8.053171
v -18.285024 9.963785 8.107886
v -18.123960 9.437897 7.860386
vn 0.956160 0.292844 -0.000000
f 3847//1283 3848//1283 3849//1283
v -18.292235 9.987327 8.053171
v -18.123960 9.437897 7.860386
v -18.131170 9.461439 7.805671
vn 0.956160 0.292844 -0.000000
f 3850//1284 3851//1284 3852//1284
v -18.144471 9.425189 7.856680
v -18.155280 9.460480 7.809376
v -18.289142 9.419482 7.809376
vn -0.230881 0.753844 0.615153
f 3853//1285 3854//1285 3855//1285
v -18.144471 9.425189 7.856680
v -18.289142 9.419482 7.809376
v -18.278334 9.384191 7.856680
vn -0.230881 0.753844 0.615153
f 3856//1286 3857//1286 3858//1286
v -17.983407 8.899301 7.427545
v -18.117269 8.858303 7.427545
v -18.128078 8.893594 7.380240
vn 0.230881 -0.753844 -0.615153
f 3859//1287 3860//1287 3861//1287
v -17.983407 8.899301 7.427545
v -18.128078 8.893594 7.380240
v -17.994215 8.934592 7.380240
vn 0.230881 -0.753844 -0.615153
f 3862//1288 3863//1288 3864//1288
v -18.144471 9.425189 7.856680
v -18.278334 9.384191 7.856680
v -18.117269 8.858303 7.427545
vn 0.180144 -0.588184 0.788408
f 3865//1289 3866//1289 3867//1289
v -18.144471 9.425189 7.856680
v -18.117269 8.858303 7.427545
v -17.983407 8.899301 7.427545
vn 0.180144 -0.588184 0.788408
f 3868//1290 3869//1290 3870//1290
v -18.278334 9.384191 7.856680
v -18.289142 9.419482 7.809376
v -18.128078 8.893594 7.380240
vn -0.956160 -0.292844 -0.000000
f 3871//1291 3872//1291 3873//1291
v -18.278334 9.384191 7.856680
v -18.128078 8.893594 7.380240
v -18.117269 8.858303 7.427545
vn -0.956160 -0.292844 -0.000000
f 3874//1292 3875//1292 3876//1292
v -18.289142 9.419482 7.809376
v -18.155280 9.460480 7.809376
v -17.994215 8.934592 7.380240
vn -0.180144 0.588184 -0.788408
f 3877//1293 3878//1293 3879//1293
v -18.289142 9.419482 7.809376
v -17.994215 8.934592 7.380240
v -18.128078 8.893594 7.380240
vn -0.180144 0.588184 -0.788408
f 3880//1294 3881//1294 3882//1294
v -18.155280 9.460480 7.809376
v -18.144471 9.425189 7.856680
v -17.983407 8.899301 7.427545
vn 0.956160 0.292844 0.000000
f 3883//1295 3884//1295 3885//1295
v -18.155280 9.460480 7.809376
v -17.983407 8.899301 7.427545
v -17.994215 8.934592 7.380240
vn 0.956160 0.292844 0.000000
f 3886//1296 3887//1296 3888//1296
v -18.004958 8.889991 7.425272
v -18.017284 8.930236 7.382513
v -18.106526 8.902904 7.382513
vn -0.208699 0.681418 0.701508
f 3889//1297 3890//1297 3891//1297
v -18.004958 8.889991 7.425272
v -18.106526 8.902904 7.382513
v -18.094200 8.862659 7.425272
vn -0.208699 0.681418 0.701508
f 3892//1298 3893//1298 3894//1298
v -17.843894 8.364103 6.883880
v -17.933136 8.336771 6.883880
v -17.945462 8.377016 6.841120
vn 0.208699 -0.681418 -0.701508
f 3895//1299 3896//1299 3897//1299
v -17.843894 8.364103 6.883880
v -17.945462 8.377016 6.841120
v -17.856220 8.404348 6.841120
vn 0.208699 -0.681418 -0.701508
f 3898//1300 3899//1300 3900//1300
v -18.004958 8.889991 7.425272
v -18.094200 8.862659 7.425272
v -17.933136 8.336771 6.883880
vn 0.205433 -0.670754 0.712661
f 3901//1301 3902//1301 3903//1301
v -18.004958 8.889991 7.425272
v -17.933136 8.336771 6.883880
v -17.843894 8.364103 6.883880
vn 0.205433 -0.670754 0.712661
f 3904//1302 3905//1302 3906//1302
v -18.094200 8.862659 7.425272
v -18.106526 8.902904 7.382513
v -17.945462 8.377016 6.841120
vn -0.956160 -0.292844 -0.000000
f 3907//1303 3908//1303 3909//1303
v -18.094200 8.862659 7.425272
v -17.945462 8.377016 6.841120
v -17.933136 8.336771 6.883880
vn -0.956160 -0.292844 -0.000000
f 3910//1304 3911//1304 3912//1304
v -18.106526 8.902904 7.382513
v -18.017284 8.930236 7.382513
v -17.856220 8.404348 6.841120
vn -0.205433 0.670754 -0.712661
f 3913//1305 3914//1305 3915//1305
v -18.106526 8.902904 7.382513
v -17.856220 8.404348 6.841120
v -17.945462 8.377016 6.841120
vn -0.205433 0.670754 -0.712661
f 3916//1306 3917//1306 3918//1306
v -18.017284 8.930236 7.382513
v -18.004958 8.889991 7.425272
v -17.843894 8.364103 6.883880
vn 0.956160 0.292844 0.000000
f 3919//1307 3920//1307 3921//1307
v -18.017284 8.930236 7.382513
v -17.843894 8.364103 6.883880
v -17.856220 8.404348 6.841120
vn 0.956160 0.292844 0.000000
f 3922//1308 3923//1308 3924//1308
v -18.684185 11.139127 8.129894
v -18.679185 11.138467 8.070106
v -18.715815 10.860873 8.070106
vn -0.987898 0.130360 -0.084052
f 3925//1309 3926//1309 3927//1309
v -18.684185 11.139127 8.129894
v -18.715815 10.860873 8.070106
v -18.720815 10.861533 8.129894
vn -0.987898 0.130360 -0.084052
f 3928//1310 3929//1310 3930//1310
v -18.138912 11.067174 8.176286
v -18.175542 10.789581 8.176286
v -18.170542 10.788921 8.116499
vn 0.987898 -0.130360 0.084052
f 3931//1311 3932//1311 3933//1311
v -18.138912 11.067174 8.176286
v -18.170542 10.788921 8.116499
v -18.133912 11.066515 8.116499
vn 0.987898 -0.130360 0.084052
f 3934//1312 3935//1312 3936//1312
v -18.684185 11.139127 8.129894
v -18.720815 10.861533 8.129894
v -18.175542 10.789581 8.176286
vn -0.083329 0.010996 0.996461
f 3937//1313 3938//1313 3939//1313
v -18.684185 11.139127 8.129894
v -18.175542 10.789581 8.176286
v -18.138912 11.067174 8.176286
vn -0.083329 0.010996 0.996461
f 3940//1314 3941//1314 3942//1314
v -18.720815 10.861533 8.129894
v -18.715815 10.860873 8.070106
v -18.170542 10.788921 8.116499
vn -0.130823 -0.991406 0.000000
f 3943//1315 3944//1315 3945//1315
v -18.720815 10.861533 8.129894
v -18.170542 10.788921 8.116499
v -18.175542 10.789581 8.176286
vn -0.130823 -0.991406 0.000000
f 3946//1316 3947//1316 3948//1316
v -18.715815 10.860873 8.070106
v -18.679185 11.138467 8.070106
v -18.133912 11.066515 8.116499
vn 0.083329 -0.010996 -0.996461
f 3949//1317 3950//1317 3951//1317
v -18.715815 10.860873 8.070106
v -18.133912 11.066515 8.116499
v -18.170542 10.788921 8.116499
vn 0.083329 -0.010996 -0.996461
f 3952//1318 3953//1318 3954//1318
v -18.679185 11.138467 8.070106
v -18.684185 11.139127 8.129894
v -18.138912 11.067174 8.176286
vn 0.130823 0.991406 -0.000000
f 3955//1319 3956//1319 3957//1319
v -18.679185 11.138467 8.070106
v -18.138912 11.067174 8.176286
v -18.133912 11.066515 8.116499
vn 0.130823 0.991406 -0.000000
f 3958//1320 3959//1320 3960//1320
v -18.135928 11.043245 8.176180
v -18.143001 11.044178 8.116605
v -18.173526 10.812850 8.116605
vn -0.984373 0.129895 0.118904
f 3961//1321 3962//1321 3963//1321
v -18.135928 11.043245 8.176180
v -18.173526 10.812850 8.116605
v -18.166453 10.811917 8.176180
vn -0.984373 0.129895 0.118904
f 3964//1322 3965//1322 3966//1322
v -17.590655 10.971292 8.110315
v -17.621180 10.739964 8.110315
v -17.628253 10.740898 8.050741
vn 0.984373 -0.129895 -0.118904
f 3967//1323 3968//1323 3969//1323
v -17.590655 10.971292 8.110315
v -17.628253 10.740898 8.050741
v -17.597727 10.972226 8.050741
vn 0.984373 -0.129895 -0.118904
f 3970//1324 3971//1324 3972//1324
v -18.135928 11.043245 8.176180
v -18.166453 10.811917 8.176180
v -17.621180 10.739964 8.110315
vn 0.117882 -0.015555 0.992906
f 3973//1325 3974//1325 3975//1325
v -18.135928 11.043245 8.176180
v -17.621180 10.739964 8.110315
v -17.590655 10.971292 8.110315
vn 0.117882 -0.015555 0.992906
f 3976//1326 3977//1326 3978//1326
v -18.166453 10.811917 8.176180
v -18.173526 10.812850 8.116605
v -17.628253 10.740898 8.050741
vn -0.130823 -0.991406 0.000000
f 3979//1327 3980//1327 3981//1327
v -18.166453 10.811917 8.176180
v -17.628253 10.740898 8.050741
v -17.621180 10.739964 8.110315
vn -0.130823 -0.991406 0.000000
f 3982//1328 3983//1328 3984//1328
v -18.173526 10.812850 8.116605
v -18.143001 11.044178 8.116605
v -17.597727 10.972226 8.050741
vn -0.117882 0.015555 -0.992906
f 3985//1329 3986//1329 3987//1329
v -18.173526 10.812850 8.116605
v -17.597727 10.972226 8.050741
v -17.628253 10.740898 8.050741
vn -0.117882 0.015555 -0.992906
f 3988//1330 3989//1330 3990//1330
v -18.143001 11.044178 8.116605
v -18.135928 11.043245 8.176180
v -17.590655 10.971292 8.110315
vn 0.130823 0.991406 -0.000000
f 3991//1331 3992//1331 3993//1331
v -18.143001 11.044178 8.116605
v -17.590655 10.971292 8.110315
v -17.597727 10.972226 8.050741
vn 0.130823 0.991406 -0.000000
f 3994//1332 3995//1332 3996//1332
v -17.585038 10.947016 8.107886
v -17.609449 10.950237 8.053171
v -17.633869 10.765174 8.053171
vn -0.904084 0.119300 0.410365
f 3997//1333 3998//1333 3999//1333
v -17.585038 10.947016 8.107886
v -17.633869 10.765174 8.053171
v -17.609459 10.761953 8.107886
vn -0.904084 0.119300 0.410365
f 4000//1334 4001//1334 4002//1334
v -17.039765 10.875063 7.860386
v -17.064185 10.690001 7.860386
v -17.088596 10.693222 7.805671
vn 0.904084 -0.119300 -0.410365
f 4003//1335 4004//1335 4005//1335
v -17.039765 10.875063 7.860386
v -17.088596 10.693222 7.805671
v -17.064175 10.878284 7.805671
vn 0.904084 -0.119300 -0.410365
f 4006//1336 4007//1336 4008//1336
v -17.585038 10.947016 8.107886
v -17.609459 10.761953 8.107886
v -17.064185 10.690001 7.860386
vn 0.406838 -0.053685 0.911922
f 4009//1337 4010//1337 4011//1337
v -17.585038 10.947016 8.107886
v -17.064185 10.690001 7.860386
v -17.039765 10.875063 7.860386
vn 0.406838 -0.053685 0.911922
f 4012//1338 4013//1338 4014//1338
v -17.609459 10.761953 8.107886
v -17.633869 10.765174 8.053171
v -17.088596 10.693222 7.805671
vn -0.130823 -0.991406 -0.000000
f 4015//1339 4016//1339 4017//1339
v -17.609459 10.761953 8.107886
v -17.088596 10.693222 7.805671
v -17.064185 10.690001 7.860386
vn -0.130823 -0.991406 -0.000000
f 4018//1340 4019//1340 4020//1340
v -17.633869 10.765174 8.053171
v -17.609449 10.950237 8.053171
v -17.064175 10.878284 7.805671
vn -0.406838 0.053685 -0.911922
f 4021//1341 4022//1341 4023//1341
v -17.633869 10.765174 8.053171
v -17.064175 10.878284 7.805671
v -17.088596 10.693222 7.805671
vn -0.406838 0.053685 -0.911922
f 4024//1342 4025//1342 4026//1342
v -17.609449 10.950237 8.053171
v -17.585038 10.947016 8.107886
v -17.039765 10.875063 7.860386
vn 0.130823 0.991406 0.000000
f 4027//1343 4028//1343 4029//1343
v -17.609449 10.950237 8.053171
v -17.039765 10.875063 7.860386
v -17.064175 10.878284 7.805671
vn 0.130823 0.991406 0.000000
f 4030//1344 4031//1344 4032//1344
v -17.036727 10.851127 7.856680
v -17.073319 10.855955 7.809376
v -17.091634 10.717159 7.809376
vn -0.781632 0.103142 0.615153
f 4033//1345 4034//1345 4035//1345
v -17.036727 10.851127 7.856680
v -17.091634 10.717159 7.809376
v -17.055042 10.712330 7.856680
vn -0.781632 0.103142 0.615153
f 4036//1346 4037//1346 4038//1346
v -16.491454 10.779174 7.427545
v -16.509769 10.640378 7.427545
v -16.546361 10.645206 7.380240
vn 0.781632 -0.103142 -0.615153
f 4039//1347 4040//1347 4041//1347
v -16.491454 10.779174 7.427545
v -16.546361 10.645206 7.380240
v -16.528046 10.784003 7.380240
vn 0.781632 -0.103142 -0.615153
f 4042//1348 4043//1348 4044//1348
v -17.036727 10.851127 7.856680
v -17.055042 10.712330 7.856680
v -16.509769 10.640378 7.427545
vn 0.609866 -0.080476 0.788408
f 4045//1349 4046//1349 4047//1349
v -17.036727 10.851127 7.856680
v -16.509769 10.640378 7.427545
v -16.491454 10.779174 7.427545
vn 0.609866 -0.080476 0.788408
f 4048//1350 4049//1350 4050//1350
v -17.055042 10.712330 7.856680
v -17.091634 10.717159 7.809376
v -16.546361 10.645206 7.380240
vn -0.130823 -0.991406 0.000000
f 4051//1351 4052//1351 4053//1351
v -17.055042 10.712330 7.856680
v -16.546361 10.645206 7.380240
v -16.509769 10.640378 7.427545
vn -0.130823 -0.991406 0.000000
f 4054//1352 4055//1352 4056//1352
v -17.091634 10.717159 7.809376
v -17.073319 10.855955 7.809376
v -16.528046 10.784003 7.380240
vn -0.609866 0.080476 -0.788408
f 4057//1353 4058//1353 4059//1353
v -17.091634 10.717159 7.809376
v -16.528046 10.784003 7.380240
v -16.546361 10.645206 7.380240
vn -0.609866 0.080476 -0.788408
f 4060//1354 4061//1354 4062//1354
v -17.073319 10.855955 7.809376
v -17.036727 10.851127 7.856680
v -16.491454 10.779174 7.427545
vn 0.130823 0.991406 -0.000000
f 4063//1355 4064//1355 4065//1355
v -17.073319 10.855955 7.809376
v -16.491454 10.779174 7.427545
v -16.528046 10.784003 7.380240
vn 0.130823 0.991406 -0.000000
f 4066//1356 4067//1356 4068//1356
v -16.491938 10.755703 7.425272
v -16.533667 10.761209 7.382513
v -16.545877 10.668678 7.382513
vn -0.706537 0.093232 0.701508
f 4069//1357 4070//1357 4071//1357
v -16.491938 10.755703 7.425272
v -16.545877 10.668678 7.382513
v -16.504148 10.663171 7.425272
vn -0.706537 0.093232 0.701508
f 4072//1358 4073//1358 4074//1358
v -15.946665 10.683750 6.883880
v -15.958875 10.591219 6.883880
v -16.000604 10.596725 6.841120
vn 0.706537 -0.093232 -0.701508
f 4075//1359 4076//1359 4077//1359
v -15.946665 10.683750 6.883880
v -16.000604 10.596725 6.841120
v -15.988393 10.689257 6.841120
vn 0.706537 -0.093232 -0.701508
f 4078//1360 4079//1360 4080//1360
v -16.491938 10.755703 7.425272
v -16.504148 10.663171 7.425272
v -15.958875 10.591219 6.883880
vn 0.695479 -0.091773 0.712661
f 4081//1361 4082//1361 4083//1361
v -16.491938 10.755703 7.425272
v -15.958875 10.591219 6.883880
v -15.946665 10.683750 6.883880
vn 0.695479 -0.091773 0.712661
f 4084//1362 4085//1362 4086//1362
v -16.504148 10.663171 7.425272
v -16.545877 10.668678 7.382513
v -16.000604 10.596725 6.841120
vn -0.130823 -0.991406 0.000000
f 4087//1363 4088//1363 4089//1363
v -16.504148 10.663171 7.425272
v -16.000604 10.596725 6.841120
v -15.958875 10.591219 6.883880
vn -0.130823 -0.991406 0.000000
f 4090//1364 4091//1364 4092//1364
v -16.545877 10.668678 7.382513
v -16.533667 10.761209 7.382513
v -15.988393 10.689257 6.841120
vn -0.695479 0.091773 -0.712661
f 4093//1365 4094//1365 4095//1365
v -16.545877 10.668678 7.382513
v -15.988393 10.689257 6.841120
v -16.000604 10.596725 6.841120
vn -0.695479 0.091773 -0.712661
f 4096//1366 4097//1366 4098//1366
v -16.533667 10.761209 7.382513
v -16.491938 10.755703 7.425272
v -15.946665 10.683750 6.883880
vn 0.130823 0.991406 -0.000000
f 4099//1367 4100//1367 4101//1367
v -16.533667 10.761209 7.382513
v -15.946665 10.683750 6.883880
v -15.988393 10.689257 6.841120
vn 0.130823 0.991406 -0.000000
f 4102//1368 4103//1368 4104//1368
v 19.100000 12.000000 0.370000
v 19.062518 12.284701 0.370000
v 19.062518 12.284701 0.450000
vn 0.991445 0.130526 0.000000
f 4105//1369 4106//1369 4107//1369
v 19.100000 12.000000 0.370000
v 19.062518 12.284701 0.450000
v 19.100000 12.000000 0.450000
vn 0.991445 0.130526 -0.000000
f 4108//1370 4109//1370 4110//1370
v 18.000000 12.000000 0.370000
v 19.062518 12.284701 0.370000
v 19.100000 12.000000 0.370000
vn 0.000000 0.000000 -1.000000
f 4111//1371 4112//1371 4113//1371
v 18.000000 12.000000 0.450000
v 19.100000 12.000000 0.450000
v 19.062518 12.284701 0.450000
vn 0.000000 0.000000 1.000000
f 4114//1372 4115//1372 4116//1372
v 19.062518 12.284701 0.370000
v 18.952628 12.550000 0.370000
v 18.952628 12.550000 0.450000
vn 0.923880 0.382683 0.000000
f 4117//1373 4118//1373 4119//1373
v 19.062518 12.284701 0.370000
v 18.952628 12.550000 0.450000
v 19.062518 12.284701 0.450000
vn 0.923880 0.382683 -0.000000
f 4120//1374 4121//1374 4122//1374
v 18.000000 12.000000 0.370000
v 18.952628 12.550000 0.370000
v 19.062518 12.284701 0.370000
vn 0.000000 0.000000 -1.000000
f 4123//1375 4124//1375 4125//1375
v 18.000000 12.000000 0.450000
v 19.062518 12.284701 0.450000
v 18.952628 12.550000 0.450000
vn 0.000000 0.000000 1.000000
f 4126//1376 4127//1376 4128//1376
v 18.952628 12.550000 0.370000
v 18.777817 12.777817 0.370000
v 18.777817 12.777817 0.450000
vn 0.793353 0.608761 0.000000
f 4129//1377 4130//1377 4131//1377
v 18.952628 12.550000 0.370000
v 18.777817 12.777817 0.450000
v 18.952628 12.550000 0.450000
vn 0.793353 0.608761 -0.000000
f 4132//1378 4133//1378 4134//1378
v 18.000000 12.000000 0.370000
v 18.777817 12.777817 0.370000
v 18.952628 12.550000 0.370000
vn 0.000000 0.000000 -1.000000
f 4135//1379 4136//1379 4137//1379
v 18.000000 12.000000 0.450000
v 18.952628 12.550000 0.450000
v 18.777817 12.777817 0.450000
vn 0.000000 0.000000 1.000000
f 4138//1380 4139//1380 4140//1380
v 18.777817 12.777817 0.370000
v 18.550000 12.952628 0.370000
v 18.550000 12.952628 0.450000
vn 0.608761 0.793353 0.000000
f 4141//1381 4142//1381 4143//1381
v 18.777817 12.777817 0.370000
v 18.550000 12.952628 0.450000
v 18.777817 12.777817 0.450000
vn 0.608761 0.793353 -0.000000
f 4144//1382 4145//1382 4146//1382
v 18.000000 12.000000 0.370000
v 18.550000 12.952628 0.370000
v 18.777817 12.777817 0.370000
vn 0.000000 0.000000 -1.000000
f 4147//1383 4148//1383 4149//1383
v 18.000000 12.000000 0.450000
v 18.777817 12.777817 0.450000
v 18.550000 12.952628 0.450000
vn 0.000000 0.000000 1.000000
f 4150//1384 4151//1384 4152//1384
v 18.550000 12.952628 0.370000
v 18.284701 13.062518 0.370000
v 18.284701 13.062518 0.450000
vn 0.382683 0.923880 0.000000
f 4153//1385 4154//1385 4155//1385
v 18.550000 12.952628 0.370000
v 18.284701 13.062518 0.450000
v 18.550000 12.952628 0.450000
vn 0.382683 0.923880 -0.000000
f 4156//1386 4157//1386 4158//1386
v 18.000000 12.000000 0.370000
v 18.284701 13.062518 0.370000
v 18.550000 12.952628 0.370000
vn 0.000000 0.000000 -1.000000
f 4159//1387 4160//1387 4161//1387
v 18.000000 12.000000 0.450000
v 18.550000 12.952628 0.450000
v 18.284701 13.062518 0.450000
vn 0.000000 0.000000 1.000000
f 4162//1388 4163//1388 4164//1388
v 18.284701 13.062518 0.370000
v 18.000000 13.100000 0.370000
v 18.000000 13.100000 0.450000
vn 0.130526 0.991445 0.000000
f 4165//1389 4166//1389 4167//1389
v 18.284701 13.062518 0.370000
v 18.000000 13.100000 0.450000
v 18.284701 13.062518 0.450000
vn 0.130526 0.991445 -0.000000
f 4168//1390 4169//1390 4170//1390
v 18.000000 12.000000 0.370000
v 18.000000 13.100000 0.370000
v 18.284701 13.062518 0.370000
vn 0.000000 0.000000 -1.000000
f 4171//1391 4172//1391 4173//1391
v 18.000000 12.000000 0.450000
v 18.284701 13.062518 0.450000
v 18.000000 13.100000 0.450000
vn 0.000000 0.000000 1.000000
f 4174//1392 4175//1392 4176//1392
v 18.000000 13.100000 0.370000
v 17.715299 13.062518 0.370000
v 17.715299 13.062518 0.450000
vn -0.130526 0.991445 0.000000
f 4177//1393 4178//1393 4179//1393
v 18.000000 13.100000 0.370000
v 17.715299 13.062518 0.450000
v 18.000000 13.100000 0.450000
vn -0.130526 0.991445 0.000000
f 4180//1394 4181//1394 4182//1394
v 18.000000 12.000000 0.370000
v 17.715299 13.062518 0.370000
v 18.000000 13.100000 0.370000
vn 0.000000 0.000000 -1.000000
f 4183//1395 4184//1395 4185//1395
v 18.000000 12.000000 0.450000
v 18.000000 13.100000 0.450000
v 17.715299 13.062518 0.450000
vn 0.000000 -0.000000 1.000000
f 4186//1396 4187//1396 4188//1396
v 17.715299 13.062518 0.370000
v 17.450000 12.952628 0.370000
v 17.450000 12.952628 0.450000
vn -0.382683 0.923880 0.000000
f 4189//1397 4190//1397 4191//1397
v 17.715299 13.062518 0.370000
v 17.450000 12.952628 0.450000
v 17.715299 13.062518 0.450000
vn -0.382683 0.923880 0.000000
f 4192//1398 4193//1398 4194//1398
v 18.000000 12.000000 0.370000
v 17.450000 12.952628 0.370000
v 17.715299 13.062518 0.370000
vn 0.000000 0.000000 -1.000000
f 4195//1399 4196//1399 4197//1399
v 18.000000 12.000000 0.450000
v 17.715299 13.062518 0.450000
v 17.450000 12.952628 0.450000
vn 0.000000 0.000000 1.000000
f 4198//1400 4199//1400 4200//1400
v 17.450000 12.952628 0.370000
v 17.222183 12.777817 0.370000
v 17.222183 12.777817 0.450000
vn -0.608761 0.793353 0.000000
f 4201//1401 4202//1401 4203//1401
v 17.450000 12.952628 0.370000
v 17.222183 12.777817 0.450000
v 17.450000 12.952628 0.450000
vn -0.608761 0.793353 0.000000
f 4204//1402 4205//1402 4206//1402
v 18.000000 12.000000 0.370000
v 17.222183 12.777817 0.370000
v 17.450000 12.952628 0.370000
vn 0.000000 0.000000 -1.000000
f 4207//1403 4208//1403 4209//1403
v 18.000000 12.000000 0.450000
v 17.450000 12.952628 0.450000
v 17.222183 12.777817 0.450000
vn 0.000000 0.000000 1.000000
f 4210//1404 4211//1404 4212//1404
v 17.222183 12.777817 0.370000
v 17.047372 12.550000 0.370000
v 17.047372 12.550000 0.450000
vn -0.793353 0.608761 0.000000
f 4213//1405 4214//1405 4215//1405
v 17.222183 12.777817 0.370000
v 17.047372 12.550000 0.450000
v 17.222183 12.777817 0.450000
vn -0.793353 0.608761 0.000000
f 4216//1406 4217//1406 4218//1406
v 18.000000 12.000000 0.370000
v 17.047372 12.550000 0.370000
v 17.222183 12.777817 0.370000
vn 0.000000 0.000000 -1.000000
f 4219//1407 4220//1407 4221//1407
v 18.000000 12.000000 0.450000
v 17.222183 12.777817 0.450000
v 17.047372 12.550000 0.450000
vn 0.000000 0.000000 1.000000
f 4222//1408 4223//1408 4224//1408
v 17.047372 12.550000 0.370000
v 16.937482 12.284701 0.370000
v 16.937482 12.284701 0.450000
vn -0.923880 0.382683 0.000000
f 4225//1409 4226//1409 4227//1409
v 17.047372 12.550000 0.370000
v 16.937482 12.284701 0.450000
v 17.047372 12.550000 0.450000
vn -0.923880 0.382683 0.000000
f 4228//1410 4229//1410 4230//1410
v 18.000000 12.000000 0.370000
v 16.937482 12.284701 0.370000
v 17.047372 12.550000 0.370000
vn 0.000000 0.000000 -1.000000
f 4231//1411 4232//1411 4233//1411
v 18.000000 12.000000 0.450000
v 17.047372 12.550000 0.450000
v 16.937482 12.284701 0.450000
vn 0.000000 0.000000 1.000000
f 4234//1412 4235//1412 4236//1412
v 16.937482 12.284701 0.370000
v 16.900000 12.000000 0.370000
v 16.900000 12.000000 0.450000
vn -0.991445 0.130526 0.000000
f 4237//1413 4238//1413 4239//1413
v 16.937482 12.284701 0.370000
v 16.900000 12.000000 0.450000
v 16.937482 12.284701 0.450000
vn -0.991445 0.130526 0.000000
f 4240//1414 4241//1414 4242//1414
v 18.000000 12.000000 0.370000
v 16.900000 12.000000 0.370000
v 16.937482 12.284701 0.370000
vn 0.000000 0.000000 -1.000000
f 4243//1415 4244//1415 4245//1415
v 18.000000 12.000000 0.450000
v 16.937482 12.284701 0.450000
v 16.900000 12.000000 0.450000
vn 0.000000 0.000000 1.000000
f 4246//1416 4247//1416 4248//1416
v 16.900000 12.000000 0.370000
v 16.937482 11.715299 0.370000
v 16.937482 11.715299 0.450000
vn -0.991445 -0.130526 0.000000
f 4249//1417 4250//1417 4251//1417
v 16.900000 12.000000 0.370000
v 16.937482 11.715299 0.450000
v 16.900000 12.000000 0.450000
vn -0.991445 -0.130526 0.000000
f 4252//1418 4253//1418 4254//1418
v 18.000000 12.000000 0.370000
v 16.937482 11.715299 0.370000
v 16.900000 12.000000 0.370000
vn -0.000000 0.000000 -1.000000
f 4255//1419 4256//1419 4257//1419
v 18.000000 12.000000 0.450000
v 16.900000 12.000000 0.450000
v 16.937482 11.715299 0.450000
vn 0.000000 0.000000 1.000000
f 4258//1420 4259//1420 4260//1420
v 16.937482 11.715299 0.370000
v 17.047372 11.450000 0.370000
v 17.047372 11.450000 0.450000
vn -0.923880 -0.382683 0.000000
f 4261//1421 4262//1421 4263//1421
v 16.937482 11.715299 0.370000
v 17.047372 11.450000 0.450000
v 16.937482 11.715299 0.450000
vn -0.923880 -0.382683 0.000000
f 4264//1422 4265//1422 4266//1422
v 18.000000 12.000000 0.370000
v 17.047372 11.450000 0.370000
v 16.937482 11.715299 0.370000
vn 0.000000 0.000000 -1.000000
f 4267//1423 4268//1423 4269//1423
v 18.000000 12.000000 0.450000
v 16.937482 11.715299 0.450000
v 17.047372 11.450000 0.450000
vn 0.000000 0.000000 1.000000
f 4270//1424 4271//1424 4272//1424
v 17.047372 11.450000 0.370000
v 17.222183 11.222183 0.370000
v 17.222183 11.222183 0.450000
vn -0.793353 -0.608761 0.000000
f 4273//1425 4274//1425 4275//1425
v 17.047372 11.450000 0.370000
v 17.222183 11.222183 0.450000
v 17.047372 11.450000 0.450000
vn -0.793353 -0.608761 0.000000
f 4276//1426 4277//1426 4278//1426
v 18.000000 12.000000 0.370000
v 17.222183 11.222183 0.370000
v 17.047372 11.450000 0.370000
vn 0.000000 0.000000 -1.000000
f 4279//1427 4280//1427 4281//1427
v 18.000000 12.000000 0.450000
v 17.047372 11.450000 0.450000
v 17.222183 11.222183 0.450000
vn 0.000000 0.000000 1.000000
f 4282//1428 4283//1428 4284//1428
v 17.222183 11.222183 0.370000
v 17.450000 11.047372 0.370000
v 17.450000 11.047372 0.450000
vn -0.608761 -0.793353 0.000000
f 4285//1429 4286//1429 4287//1429
v 17.222183 11.222183 0.370000
v 17.450000 11.047372 0.450000
v 17.222183 11.222183 0.450000
vn -0.608761 -0.793353 0.000000
f 4288//1430 4289//1430 4290//1430
v 18.000000 12.000000 0.370000
v 17.450000 11.047372 0.370000
v 17.222183 11.222183 0.370000
vn 0.000000 0.000000 -1.000000
f 4291//1431 4292//1431 4293//1431
v 18.000000 12.000000 0.450000
v 17.222183 11.222183 0.450000
v 17.450000 11.047372 0.450000
vn 0.000000 0.000000 1.000000
f 4294//1432 4295//1432 4296//1432
v 17.450000 11.047372 0.370000
v 17.715299 10.937482 0.370000
v 17.715299 10.937482 0.450000
vn -0.382683 -0.923880 0.000000
f 4297//1433 4298//1433 4299//1433
v 17.450000 11.047372 0.370000
v 17.715299 10.937482 0.450000
v 17.450000 11.047372 0.450000
vn -0.382683 -0.923880 0.000000
f 4300//1434 4301//1434 4302//1434
v 18.000000 12.000000 0.370000
v 17.715299 10.937482 0.370000
v 17.450000 11.047372 0.370000
vn 0.000000 0.000000 -1.000000
f 4303//1435 4304//1435 4305//1435
v 18.000000 12.000000 0.450000
v 17.450000 11.047372 0.450000
v 17.715299 10.937482 0.450000
vn 0.000000 0.000000 1.000000
f 4306//1436 4307//1436 4308//1436
v 17.715299 10.937482 0.370000
v 18.000000 10.900000 0.370000
v 18.000000 10.900000 0.450000
vn -0.130526 -0.991445 0.000000
f 4309//1437 4310//1437 4311//1437
v 17.715299 10.937482 0.370000
v 18.000000 10.900000 0.450000
v 17.715299 10.937482 0.450000
vn -0.130526 -0.991445 0.000000
f 4312//1438 4313//1438 4314//1438
v 18.000000 12.000000 0.370000
v 18.000000 10.900000 0.370000
v 17.715299 10.937482 0.370000
vn 0.000000 -0.000000 -1.000000
f 4315//1439 4316//1439 4317//1439
v 18.000000 12.000000 0.450000
v 17.715299 10.937482 0.450000
v 18.000000 10.900000 0.450000
vn 0.000000 0.000000 1.000000
f 4318//1440 4319//1440 4320//1440
v 18.000000 10.900000 0.370000
v 18.284701 10.937482 0.370000
v 18.284701 10.937482 0.450000
vn 0.130526 -0.991445 0.000000
f 4321//1441 4322//1441 4323//1441
v 18.000000 10.900000 0.370000
v 18.284701 10.937482 0.450000
v 18.000000 10.900000 0.450000
vn 0.130526 -0.991445 0.000000
f 4324//1442 4325//1442 4326//1442
v 18.000000 12.000000 0.370000
v 18.284701 10.937482 0.370000
v 18.000000 10.900000 0.370000
vn 0.000000 0.000000 -1.000000
f 4327//1443 4328//1443 4329//1443
v 18.000000 12.000000 0.450000
v 18.000000 10.900000 0.450000
v 18.284701 10.937482 0.450000
vn 0.000000 0.000000 1.000000
f 4330//1444 4331//1444 4332//1444
v 18.284701 10.937482 0.370000
v 18.550000 11.047372 0.370000
v 18.550000 11.047372 0.450000
vn 0.382683 -0.923880 0.000000
f 4333//1445 4334//1445 4335//1445
v 18.284701 10.937482 0.370000
v 18.550000 11.047372 0.450000
v 18.284701 10.937482 0.450000
vn 0.382683 -0.923880 0.000000
f 4336//1446 4337//1446 4338//1446
v 18.000000 12.000000 0.370000
v 18.550000 11.047372 0.370000
v 18.284701 10.937482 0.370000
vn 0.000000 0.000000 -1.000000
f 4339//1447 4340//1447 4341//1447
v 18.000000 12.000000 0.450000
v 18.284701 10.937482 0.450000
v 18.550000 11.047372 0.450000
vn 0.000000 0.000000 1.000000
f 4342//1448 4343//1448 4344//1448
v 18.550000 11.047372 0.370000
v 18.777817 11.222183 0.370000
v 18.777817 11.222183 0.450000
vn 0.608761 -0.793353 0.000000
f 4345//1449 4346//1449 4347//1449
v 18.550000 11.047372 0.370000
v 18.777817 11.222183 0.450000
v 18.550000 11.047372 0.450000
vn 0.608761 -0.793353 0.000000
f 4348//1450 4349//1450 4350//1450
v 18.000000 12.000000 0.370000
v 18.777817 11.222183 0.370000
v 18.550000 11.047372 0.370000
vn 0.000000 0.000000 -1.000000
f 4351//1451 4352//1451 4353//1451
v 18.000000 12.000000 0.450000
v 18.550000 11.047372 0.450000
v 18.777817 11.222183 0.450000
vn 0.000000 0.000000 1.000000
f 4354//1452 4355//1452 4356//1452
v 18.777817 11.222183 0.370000
v 18.952628 11.450000 0.370000
v 18.952628 11.450000 0.450000
vn 0.793353 -0.608761 0.000000
f 4357//1453 4358//1453 4359//1453
v 18.777817 11.222183 0.370000
v 18.952628 11.450000 0.450000
v 18.777817 11.222183 0.450000
vn 0.793353 -0.608761 0.000000
f 4360//1454 4361//1454 4362//1454
v 18.000000 12.000000 0.370000
v 18.952628 11.450000 0.370000
v 18.777817 11.222183 0.370000
vn 0.000000 0.000000 -1.000000
f 4363//1455 4364//1455 4365//1455
v 18.000000 12.000000 0.450000
v 18.777817 11.222183 0.450000
v 18.952628 11.450000 0.450000
vn 0.000000 0.000000 1.000000
f 4366//1456 4367//1456 4368//1456
v 18.952628 11.450000 0.370000
v 19.062518 11.715299 0.370000
v 19.062518 11.715299 0.450000
vn 0.923880 -0.382683 0.000000
f 4369//1457 4370//1457 4371//1457
v 18.952628 11.450000 0.370000
v 19.062518 11.715299 0.450000
v 18.952628 11.450000 0.450000
vn 0.923880 -0.382683 0.000000
f 4372//1458 4373//1458 4374//1458
v 18.000000 12.000000 0.370000
v 19.062518 11.715299 0.370000
v 18.952628 11.450000 0.370000
vn 0.000000 0.000000 -1.000000
f 4375//1459 4376//1459 4377//1459
v 18.000000 12.000000 0.450000
v 18.952628 11.450000 0.450000
v 19.062518 11.715299 0.450000
vn 0.000000 0.000000 1.000000
f 4378//1460 4379//1460 4380//1460
v 19.062518 11.715299 0.370000
v 19.100000 12.000000 0.370000
v 19.100000 12.000000 0.450000
vn 0.991445 -0.130526 0.000000
f 4381//1461 4382//1461 4383//1461
v 19.062518 11.715299 0.370000
v 19.100000 12.000000 0.450000
v 19.062518 11.715299 0.450000
vn 0.991445 -0.130526 0.000000
f 4384//1462 4385//1462 4386//1462
v 18.000000 12.000000 0.370000
v 19.100000 12.000000 0.370000
v 19.062518 11.715299 0.370000
vn 0.000000 0.000000 -1.000000
f 4387//1463 4388//1463 4389//1463
v 18.000000 12.000000 0.450000
v 19.062518 11.715299 0.450000
v 19.100000 12.000000 0.450000
vn -0.000000 0.000000 1.000000
f 4390//1464 4391//1464 4392//1464
v 18.212172 12.109053 7.029894
v 18.216156 12.112145 6.970106
v 18.387828 11.890947 6.970106
vn -0.787197 -0.610947 -0.084052
f 4393//1465 4394//1465 4395//1465
v 18.212172 12.109053 7.029894
v 18.387828 11.890947 6.970106
v 18.383844 11.887855 7.029894
vn -0.787197 -0.610947 -0.084052
f 4396//1466 4397//1466 4398//1466
v 18.646667 12.446267 7.076286
v 18.818340 12.225069 7.076286
v 18.822324 12.228161 7.016499
vn 0.787197 0.610947 0.084052
f 4399//1467 4400//1467 4401//1467
v 18.646667 12.446267 7.076286
v 18.822324 12.228161 7.016499
v 18.650651 12.449359 7.016499
vn 0.787197 0.610947 0.084052
f 4402//1468 4403//1468 4404//1468
v 18.212172 12.109053 7.029894
v 18.383844 11.887855 7.029894
v 18.818340 12.225069 7.076286
vn -0.066400 -0.051534 0.996461
f 4405//1469 4406//1469 4407//1469
v 18.212172 12.109053 7.029894
v 18.818340 12.225069 7.076286
v 18.646667 12.446267 7.076286
vn -0.066400 -0.051534 0.996461
f 4408//1470 4409//1470 4410//1470
v 18.383844 11.887855 7.029894
v 18.387828 11.890947 6.970106
v 18.822324 12.228161 7.016499
vn 0.613117 -0.789992 0.000000
f 4411//1471 4412//1471 4413//1471
v 18.383844 11.887855 7.029894
v 18.822324 12.228161 7.016499
v 18.818340 12.225069 7.076286
vn 0.613117 -0.789992 0.000000
f 4414//1472 4415//1472 4416//1472
v 18.387828 11.890947 6.970106
v 18.216156 12.112145 6.970106
v 18.650651 12.449359 7.016499
vn 0.066400 0.051534 -0.996461
f 4417//1473 4418//1473 4419//1473
v 18.387828 11.890947 6.970106
v 18.650651 12.449359 7.016499
v 18.822324 12.228161 7.016499
vn 0.066400 0.051534 -0.996461
f 4420//1474 4421//1474 4422//1474
v 18.216156 12.112145 6.970106
v 18.212172 12.109053 7.029894
v 18.646667 12.446267 7.076286
vn -0.613117 0.789992 -0.000000
f 4423//1475 4424//1475 4425//1475
v 18.216156 12.112145 6.970106
v 18.646667 12.446267 7.076286
v 18.650651 12.449359 7.016499
vn -0.613117 0.789992 -0.000000
f 4426//1476 4427//1476 4428//1476
v 18.665783 12.431567 7.076180
v 18.660147 12.427193 7.016605
v 18.803208 12.242861 7.016605
vn -0.784388 -0.608767 0.118904
f 4429//1477 4430//1477 4431//1477
v 18.665783 12.431567 7.076180
v 18.803208 12.242861 7.016605
v 18.808844 12.247236 7.076180
vn -0.784388 -0.608767 0.118904
f 4432//1478 4433//1478 4434//1478
v 19.100279 12.768781 7.010315
v 19.243340 12.584450 7.010315
v 19.237704 12.580076 6.950741
vn 0.784388 0.608767 -0.118904
f 4435//1479 4436//1479 4437//1479
v 19.100279 12.768781 7.010315
v 19.237704 12.580076 6.950741
v 19.094643 12.764407 6.950741
vn 0.784388 0.608767 -0.118904
f 4438//1480 4439//1480 4440//1480
v 18.665783 12.431567 7.076180
v 18.808844 12.247236 7.076180
v 19.243340 12.584450 7.010315
vn 0.093933 0.072902 0.992906
f 4441//1481 4442//1481 4443//1481
v 18.665783 12.431567 7.076180
v 19.243340 12.584450 7.010315
v 19.100279 12.768781 7.010315
vn 0.093933 0.072902 0.992906
f 4444//1482 4445//1482 4446//1482
v 18.808844 12.247236 7.076180
v 18.803208 12.242861 7.016605
v 19.237704 12.580076 6.950741
vn 0.613117 -0.789992 -0.000000
f 4447//1483 4448//1483 4449//1483
v 18.808844 12.247236 7.076180
v 19.237704 12.580076 6.950741
v 19.243340 12.584450 7.010315
vn 0.613117 -0.789992 -0.000000
f 4450//1484 4451//1484 4452//1484
v 18.803208 12.242861 7.016605
v 18.660147 12.427193 7.016605
v 19.094643 12.764407 6.950741
vn -0.093933 -0.072902 -0.992906
f 4453//1485 4454//1485 4455//1485
v 18.803208 12.242861 7.016605
v 19.094643 12.764407 6.950741
v 19.237704 12.580076 6.950741
vn -0.093933 -0.072902 -0.992906
f 4456//1486 4457//1486 4458//1486
v 18.660147 12.427193 7.016605
v 18.665783 12.431567 7.076180
v 19.100279 12.768781 7.010315
vn -0.613117 0.789992 0.000000
f 4459//1487 4460//1487 4461//1487
v 18.660147 12.427193 7.016605
v 19.100279 12.768781 7.010315
v 19.094643 12.764407 6.950741
vn -0.613117 0.789992 0.000000
f 4462//1488 4463//1488 4464//1488
v 19.121493 12.755709 7.007886
v 19.102042 12.740613 6.953171
v 19.216490 12.593148 6.953171
vn -0.720411 -0.559114 0.410365
f 4465//1489 4466//1489 4467//1489
v 19.121493 12.755709 7.007886
v 19.216490 12.593148 6.953171
v 19.235941 12.608244 7.007886
vn -0.720411 -0.559114 0.410365
f 4468//1490 4469//1490 4470//1490
v 19.555988 13.092923 6.760386
v 19.670437 12.945458 6.760386
v 19.650986 12.930362 6.705671
vn 0.720411 0.559114 -0.410365
f 4471//1491 4472//1491 4473//1491
v 19.555988 13.092923 6.760386
v 19.650986 12.930362 6.705671
v 19.536537 13.077827 6.705671
vn 0.720411 0.559114 -0.410365
f 4474//1492 4475//1492 4476//1492
v 19.121493 12.755709 7.007886
v 19.235941 12.608244 7.007886
v 19.670437 12.945458 6.760386
vn 0.324185 0.251601 0.911922
f 4477//1493 4478//1493 4479//1493
v 19.121493 12.755709 7.007886
v 19.670437 12.945458 6.760386
v 19.555988 13.092923 6.760386
vn 0.324185 0.251601 0.911922
f 4480//1494 4481//1494 4482//1494
v 19.235941 12.608244 7.007886
v 19.216490 12.593148 6.953171
v 19.650986 12.930362 6.705671
vn 0.613117 -0.789992 0.000000
f 4483//1495 4484//1495 4485//1495
v 19.235941 12.608244 7.007886
v 19.650986 12.930362 6.705671
v 19.670437 12.945458 6.760386
vn 0.613117 -0.789992 0.000000
f 4486//1496 4487//1496 4488//1496
v 19.216490 12.593148 6.953171
v 19.102042 12.740613 6.953171
v 19.536537 13.077827 6.705671
vn -0.324185 -0.251601 -0.911922
f 4489//1497 4490//1497 4491//1497
v 19.216490 12.593148 6.953171
v 19.536537 13.077827 6.705671
v 19.650986 12.930362 6.705671
vn -0.324185 -0.251601 -0.911922
f 4492//1498 4493//1498 4494//1498
v 19.102042 12.740613 6.953171
v 19.121493 12.755709 7.007886
v 19.555988 13.092923 6.760386
vn -0.613117 0.789992 -0.000000
f 4495//1499 4496//1499 4497//1499
v 19.102042 12.740613 6.953171
v 19.555988 13.092923 6.760386
v 19.536537 13.077827 6.705671
vn -0.613117 0.789992 -0.000000
f 4498//1500 4499//1500 4500//1500
v 19.575148 13.078257 6.756680
v 19.545990 13.055627 6.709376
v 19.631826 12.945029 6.709376
vn -0.622836 -0.483386 0.615153
f 4501//1501 4502//1501 4503//1501
v 19.575148 13.078257 6.756680
v 19.631826 12.945029 6.709376
v 19.660984 12.967658 6.756680
vn -0.622836 -0.483386 0.615153
f 4504//1502 4505//1502 4506//1502
v 20.009644 13.415471 6.327545
v 20.095480 13.304872 6.327545
v 20.066322 13.282243 6.280240
vn 0.622836 0.483386 -0.615153
f 4507//1503 4508//1503 4509//1503
v 20.009644 13.415471 6.327545
v 20.066322 13.282243 6.280240
v 19.980486 13.392842 6.280240
vn 0.622836 0.483386 -0.615153
f 4510//1504 4511//1504 4512//1504
v 19.575148 13.078257 6.756680
v 19.660984 12.967658 6.756680
v 20.095480 13.304872 6.327545
vn 0.485966 0.377160 0.788408
f 4513//1505 4514//1505 4515//1505
v 19.575148 13.078257 6.756680
v 20.095480 13.304872 6.327545
v 20.009644 13.415471 6.327545
vn 0.485966 0.377160 0.788408
f 4516//1506 4517//1506 4518//1506
v 19.660984 12.967658 6.756680
v 19.631826 12.945029 6.709376
v 20.066322 13.282243 6.280240
vn 0.613117 -0.789992 -0.000000
f 4519//1507 4520//1507 4521//1507
v 19.660984 12.967658 6.756680
v 20.066322 13.282243 6.280240
v 20.095480 13.304872 6.327545
vn 0.613117 -0.789992 -0.000000
f 4522//1508 4523//1508 4524//1508
v 19.631826 12.945029 6.709376
v 19.545990 13.055627 6.709376
v 19.980486 13.392842 6.280240
vn -0.485966 -0.377160 -0.788408
f 4525//1509 4526//1509 4527//1509
v 19.631826 12.945029 6.709376
v 19.980486 13.392842 6.280240
v 20.066322 13.282243 6.280240
vn -0.485966 -0.377160 -0.788408
f 4528//1510 4529//1510 4530//1510
v 19.545990 13.055627 6.709376
v 19.575148 13.078257 6.756680
v 20.009644 13.415471 6.327545
vn -0.613117 0.789992 0.000000
f 4531//1511 4532//1511 4533//1511
v 19.545990 13.055627 6.709376
v 20.009644 13.415471 6.327545
v 19.980486 13.392842 6.280240
vn -0.613117 0.789992 0.000000
f 4534//1512 4535//1512 4536//1512
v 20.025996 13.398627 6.325272
v 19.992745 13.372820 6.282513
v 20.049969 13.299088 6.282513
vn -0.562997 -0.436945 0.701508
f 4537//1513 4538//1513 4539//1513
v 20.025996 13.398627 6.325272
v 20.049969 13.299088 6.282513
v 20.083221 13.324894 6.325272
vn -0.562997 -0.436945 0.701508
f 4540//1514 4541//1514 4542//1514
v 20.460492 13.735841 5.783880
v 20.517716 13.662108 5.783880
v 20.484465 13.636302 5.741120
vn 0.562997 0.436945 -0.701508
f 4543//1515 4544//1515 4545//1515
v 20.460492 13.735841 5.783880
v 20.484465 13.636302 5.741120
v 20.427241 13.710034 5.741120
vn 0.562997 0.436945 -0.701508
f 4546//1516 4547//1516 4548//1516
v 20.025996 13.398627 6.325272
v 20.083221 13.324894 6.325272
v 20.517716 13.662108 5.783880
vn 0.554186 0.430107 0.712661
f 4549//1517 4550//1517 4551//1517
v 20.025996 13.398627 6.325272
v 20.517716 13.662108 5.783880
v 20.460492 13.735841 5.783880
vn 0.554186 0.430107 0.712661
f 4552//1518 4553//1518 4554//1518
v 20.083221 13.324894 6.325272
v 20.049969 13.299088 6.282513
v 20.484465 13.636302 5.741120
vn 0.613117 -0.789992 0.000000
f 4555//1519 4556//1519 4557//1519
v 20.083221 13.324894 6.325272
v 20.484465 13.636302 5.741120
v 20.517716 13.662108 5.783880
vn 0.613117 -0.789992 0.000000
f 4558//1520 4559//1520 4560//1520
v 20.049969 13.299088 6.282513
v 19.992745 13.372820 6.282513
v 20.427241 13.710034 5.741120
vn -0.554186 -0.430107 -0.712661
f 4561//1521 4562//1521 4563//1521
v 20.049969 13.299088 6.282513
v 20.427241 13.710034 5.741120
v 20.484465 13.636302 5.741120
vn -0.554186 -0.430107 -0.712661
f 4564//1522 4565//1522 4566//1522
v 19.992745 13.372820 6.282513
v 20.025996 13.398627 6.325272
v 20.460492 13.735841 5.783880
vn -0.613117 0.789992 -0.000000
f 4567//1523 4568//1523 4569//1523
v 19.992745 13.372820 6.282513
v 20.460492 13.735841 5.783880
v 20.427241 13.710034 5.741120
vn -0.613117 0.789992 -0.000000
f 4570//1524 4571//1524 4572//1524
v 18.164317 11.965411 7.029894
v 18.163159 11.970319 6.970106
v 18.435683 12.034589 6.970106
vn 0.228724 -0.969856 -0.084052
f 4573//1525 4574//1525 4575//1525
v 18.164317 11.965411 7.029894
v 18.435683 12.034589 6.970106
v 18.436841 12.029681 7.029894
vn 0.228724 -0.969856 -0.084052
f 4576//1526 4577//1526 4578//1526
v 18.038072 12.500726 7.076286
v 18.310596 12.564996 7.076286
v 18.309438 12.569904 7.016499
vn -0.228724 0.969856 0.084052
f 4579//1527 4580//1527 4581//1527
v 18.038072 12.500726 7.076286
v 18.309438 12.569904 7.016499
v 18.036914 12.505634 7.016499
vn -0.228724 0.969856 0.084052
f 4582//1528 4583//1528 4584//1528
v 18.164317 11.965411 7.029894
v 18.436841 12.029681 7.029894
v 18.310596 12.564996 7.076286
vn 0.019293 -0.081808 0.996461
f 4585//1529 4586//1529 4587//1529
v 18.164317 11.965411 7.029894
v 18.310596 12.564996 7.076286
v 18.038072 12.500726 7.076286
vn 0.019293 -0.081808 0.996461
f 4588//1530 4589//1530 4590//1530
v 18.436841 12.029681 7.029894
v 18.435683 12.034589 6.970106
v 18.309438 12.569904 7.016499
vn 0.973300 0.229536 -0.000000
f 4591//1531 4592//1531 4593//1531
v 18.436841 12.029681 7.029894
v 18.309438 12.569904 7.016499
v 18.310596 12.564996 7.076286
vn 0.973300 0.229536 -0.000000
f 4594//1532 4595//1532 4596//1532
v 18.435683 12.034589 6.970106
v 18.163159 11.970319 6.970106
v 18.036914 12.505634 7.016499
vn -0.019293 0.081808 -0.996461
f 4597//1533 4598//1533 4599//1533
v 18.435683 12.034589 6.970106
v 18.036914 12.505634 7.016499
v 18.309438 12.569904 7.016499
vn -0.019293 0.081808 -0.996461
f 4600//1534 4601//1534 4602//1534
v 18.163159 11.970319 6.970106
v 18.164317 11.965411 7.029894
v 18.038072 12.500726 7.076286
vn -0.973300 -0.229536 0.000000
f 4603//1535 4604//1535 4605//1535
v 18.163159 11.970319 6.970106
v 18.038072 12.500726 7.076286
v 18.036914 12.505634 7.016499
vn -0.973300 -0.229536 0.000000
f 4606//1536 4607//1536 4608//1536
v 18.059385 12.512008 7.076180
v 18.061022 12.505064 7.016605
v 18.288126 12.558622 7.016605
vn 0.227908 -0.966395 0.118904
f 4609//1537 4610//1537 4611//1537
v 18.059385 12.512008 7.076180
v 18.288126 12.558622 7.016605
v 18.286488 12.565566 7.076180
vn 0.227908 -0.966395 0.118904
f 4612//1538 4613//1538 4614//1538
v 17.933140 13.047323 7.010315
v 18.160243 13.100881 7.010315
v 18.161881 13.093938 6.950741
vn -0.227908 0.966395 -0.118904
f 4615//1539 4616//1539 4617//1539
v 17.933140 13.047323 7.010315
v 18.161881 13.093938 6.950741
v 17.934777 13.040379 6.950741
vn -0.227908 0.966395 -0.118904
f 4618//1540 4619//1540 4620//1540
v 18.059385 12.512008 7.076180
v 18.286488 12.565566 7.076180
v 18.160243 13.100881 7.010315
vn -0.027293 0.115729 0.992906
f 4621//1541 4622//1541 4623//1541
v 18.059385 12.512008 7.076180
v 18.160243 13.100881 7.010315
v 17.933140 13.047323 7.010315
vn -0.027293 0.115729 0.992906
f 4624//1542 4625//1542 4626//1542
v 18.286488 12.565566 7.076180
v 18.288126 12.558622 7.016605
v 18.161881 13.093938 6.950741
vn 0.973300 0.229536 0.000000
f 4627//1543 4628//1543 4629//1543
v 18.286488 12.565566 7.076180
v 18.161881 13.093938 6.950741
v 18.160243 13.100881 7.010315
vn 0.973300 0.229536 0.000000
f 4630//1544 4631//1544 4632//1544
v 18.288126 12.558622 7.016605
v 18.061022 12.505064 7.016605
v 17.934777 13.040379 6.950741
vn 0.027293 -0.115729 -0.992906
f 4633//1545 4634//1545 4635//1545
v 18.288126 12.558622 7.016605
v 17.934777 13.040379 6.950741
v 18.161881 13.093938 6.950741
vn 0.027293 -0.115729 -0.992906
f 4636//1546 4637//1546 4638//1546
v 18.061022 12.505064 7.016605
v 18.059385 12.512008 7.076180
v 17.933140 13.047323 7.010315
vn -0.973300 -0.229536 -0.000000
f 4639//1547 4640//1547 4641//1547
v 18.061022 12.505064 7.016605
v 17.933140 13.047323 7.010315
v 17.934777 13.040379 6.950741
vn -0.973300 -0.229536 -0.000000
f 4642//1548 4643//1548 4644//1548
v 17.953843 13.061189 7.007886
v 17.959495 13.037225 6.953171
v 18.141177 13.080071 6.953171
vn 0.209319 -0.887573 0.410365
f 4645//1549 4646//1549 4647//1549
v 17.953843 13.061189 7.007886
v 18.141177 13.080071 6.953171
v 18.135526 13.104036 7.007886
vn 0.209319 -0.887573 0.410365
f 4648//1550 4649//1550 4650//1550
v 17.827598 13.596504 6.760386
v 18.009281 13.639351 6.760386
v 18.014933 13.615386 6.705671
vn -0.209319 0.887573 -0.410365
f 4651//1551 4652//1551 4653//1551
v 17.827598 13.596504 6.760386
v 18.014933 13.615386 6.705671
v 17.833250 13.572540 6.705671
vn -0.209319 0.887573 -0.410365
f 4654//1552 4655//1552 4656//1552
v 17.953843 13.061189 7.007886
v 18.135526 13.104036 7.007886
v 18.009281 13.639351 6.760386
vn -0.094193 0.399408 0.911922
f 4657//1553 4658//1553 4659//1553
v 17.953843 13.061189 7.007886
v 18.009281 13.639351 6.760386
v 17.827598 13.596504 6.760386
vn -0.094193 0.399408 0.911922
f 4660//1554 4661//1554 4662//1554
v 18.135526 13.104036 7.007886
v 18.141177 13.080071 6.953171
v 18.014933 13.615386 6.705671
vn 0.973300 0.229536 0.000000
f 4663//1555 4664//1555 4665//1555
v 18.135526 13.104036 7.007886
v 18.014933 13.615386 6.705671
v 18.009281 13.639351 6.760386
vn 0.973300 0.229536 0.000000
f 4666//1556 4667//1556 4668//1556
v 18.141177 13.080071 6.953171
v 17.959495 13.037225 6.953171
v 17.833250 13.572540 6.705671
vn 0.094193 -0.399408 -0.911922
f 4669//1557 4670//1557 4671//1557
v 18.141177 13.080071 6.953171
v 17.833250 13.572540 6.705671
v 18.014933 13.615386 6.705671
vn 0.094193 -0.399408 -0.911922
f 4672//1558 4673//1558 4674//1558
v 17.959495 13.037225 6.953171
v 17.953843 13.061189 7.007886
v 17.827598 13.596504 6.760386
vn -0.973300 -0.229536 -0.000000
f 4675//1559 4676//1559 4677//1559
v 17.959495 13.037225 6.953171
v 17.827598 13.596504 6.760386
v 17.833250 13.572540 6.705671
vn -0.973300 -0.229536 -0.000000
f 4678//1560 4679//1560 4680//1560
v 17.848898 13.607840 6.756680
v 17.857370 13.571916 6.709376
v 17.993632 13.604051 6.709376
vn 0.180968 -0.767358 0.615153
f 4681//1561 4682//1561 4683//1561
v 17.848898 13.607840 6.756680
v 17.993632 13.604051 6.709376
v 17.985160 13.639975 6.756680
vn 0.180968 -0.767358 0.615153
f 4684//1562 4685//1562 4686//1562
v 17.722654 14.143155 6.327545
v 17.858916 14.175290 6.327545
v 17.867388 14.139366 6.280240
vn -0.180968 0.767358 -0.615153
f 4687//1563 4688//1563 4689//1563
v 17.722654 14.143155 6.327545
v 17.867388 14.139366 6.280240
v 17.731126 14.107231 6.280240
vn -0.180968 0.767358 -0.615153
f 4690//1564 4691//1564 4692//1564
v 17.848898 13.607840 6.756680
v 17.985160 13.639975 6.756680
v 17.858916 14.175290 6.327545
vn -0.141200 0.598728 0.788408
f 4693//1565 4694//1565 4695//1565
v 17.848898 13.607840 6.756680
v 17.858916 14.175290 6.327545
v 17.722654 14.143155 6.327545
vn -0.141200 0.598728 0.788408
f 4696//1566 4697//1566 4698//1566
v 17.985160 13.639975 6.756680
v 17.993632 13.604051 6.709376
v 17.867388 14.139366 6.280240
vn 0.973300 0.229536 0.000000
f 4699//1567 4700//1567 4701//1567
v 17.985160 13.639975 6.756680
v 17.867388 14.139366 6.280240
v 17.858916 14.175290 6.327545
vn 0.973300 0.229536 0.000000
f 4702//1568 4703//1568 4704//1568
v 17.993632 13.604051 6.709376
v 17.857370 13.571916 6.709376
v 17.731126 14.107231 6.280240
vn 0.141200 -0.598728 -0.788408
f 4705//1569 4706//1569 4707//1569
v 17.993632 13.604051 6.709376
v 17.731126 14.107231 6.280240
v 17.867388 14.139366 6.280240
vn 0.141200 -0.598728 -0.788408
f 4708//1570 4709//1570 4710//1570
v 17.857370 13.571916 6.709376
v 17.848898 13.607840 6.756680
v 17.722654 14.143155 6.327545
vn -0.973300 -0.229536 -0.000000
f 4711//1571 4712//1571 4713//1571
v 17.857370 13.571916 6.709376
v 17.722654 14.143155 6.327545
v 17.731126 14.107231 6.280240
vn -0.973300 -0.229536 -0.000000
f 4714//1572 4715//1572 4716//1572
v 17.744769 14.151032 6.325272
v 17.754431 14.110065 6.282513
v 17.845272 14.131489 6.282513
vn 0.163581 -0.693633 0.701508
f 4717//1573 4718//1573 4719//1573
v 17.744769 14.151032 6.325272
v 17.845272 14.131489 6.282513
v 17.835611 14.172455 6.325272
vn 0.163581 -0.693633 0.701508
f 4720//1574 4721//1574 4722//1574
v 17.618524 14.686347 5.783880
v 17.709366 14.707770 5.783880
v 17.719027 14.666804 5.741120
vn -0.163581 0.693633 -0.701508
f 4723//1575 4724//1575 4725//1575
v 17.618524 14.686347 5.783880
v 17.719027 14.666804 5.741120
v 17.628186 14.645380 5.741120
vn -0.163581 0.693633 -0.701508
f 4726//1576 4727//1576 4728//1576
v 17.744769 14.151032 6.325272
v 17.835611 14.172455 6.325272
v 17.709366 14.707770 5.783880
vn -0.161021 0.682778 0.712661
f 4729//1577 4730//1577 4731//1577
v 17.744769 14.151032 6.325272
v 17.709366 14.707770 5.783880
v 17.618524 14.686347 5.783880
vn -0.161021 0.682778 0.712661
f 4732//1578 4733//1578 4734//1578
v 17.835611 14.172455 6.325272
v 17.845272 14.131489 6.282513
v 17.719027 14.666804 5.741120
vn 0.973300 0.229536 -0.000000
f 4735//1579 4736//1579 4737//1579
v 17.835611 14.172455 6.325272
v 17.719027 14.666804 5.741120
v 17.709366 14.707770 5.783880
vn 0.973300 0.229536 -0.000000
f 4738//1580 4739//1580 4740//1580
v 17.845272 14.131489 6.282513
v 17.754431 14.110065 6.282513
v 17.628186 14.645380 5.741120
vn 0.161021 -0.682778 -0.712661
f 4741//1581 4742//1581 4743//1581
v 17.845272 14.131489 6.282513
v 17.628186 14.645380 5.741120
v 17.719027 14.666804 5.741120
vn 0.161021 -0.682778 -0.712661
f 4744//1582 4745//1582 4746//1582
v 17.754431 14.110065 6.282513
v 17.744769 14.151032 6.325272
v 17.618524 14.686347 5.783880
vn -0.973300 -0.229536 0.000000
f 4747//1583 4748//1583 4749//1583
v 17.754431 14.110065 6.282513
v 17.618524 14.686347 5.783880
v 17.628186 14.645380 5.741120
vn -0.973300 -0.229536 0.000000
f 4750//1584 4751//1584 4752//1584
v 18.275099 11.862209 7.029894
v 18.270153 11.863195 6.970106
v 18.324901 12.137791 6.970106
vn 0.977227 -0.194838 -0.084052
f 4753//1585 4754//1585 4755//1585
v 18.275099 11.862209 7.029894
v 18.324901 12.137791 6.970106
v 18.329847 12.136805 7.029894
vn 0.977227 -0.194838 -0.084052
f 4756//1586 4757//1586 4758//1586
v 17.735715 11.969751 7.076286
v 17.790463 12.244346 7.076286
v 17.785518 12.245332 7.016499
vn -0.977227 0.194838 0.084052
f 4759//1587 4760//1587 4761//1587
v 17.735715 11.969751 7.076286
v 17.785518 12.245332 7.016499
v 17.730769 11.970737 7.016499
vn -0.977227 0.194838 0.084052
f 4762//1588 4763//1588 4764//1588
v 18.275099 11.862209 7.029894
v 18.329847 12.136805 7.029894
v 17.790463 12.244346 7.076286
vn 0.082429 -0.016435 0.996461
f 4765//1589 4766//1589 4767//1589
v 18.275099 11.862209 7.029894
v 17.790463 12.244346 7.076286
v 17.735715 11.969751 7.076286
vn 0.082429 -0.016435 0.996461
f 4768//1590 4769//1590 4770//1590
v 18.329847 12.136805 7.029894
v 18.324901 12.137791 6.970106
v 17.785518 12.245332 7.016499
vn 0.195530 0.980698 -0.000000
f 4771//1591 4772//1591 4773//1591
v 18.329847 12.136805 7.029894
v 17.785518 12.245332 7.016499
v 17.790463 12.244346 7.076286
vn 0.195530 0.980698 -0.000000
f 4774//1592 4775//1592 4776//1592
v 18.324901 12.137791 6.970106
v 18.270153 11.863195 6.970106
v 17.730769 11.970737 7.016499
vn -0.082429 0.016435 -0.996461
f 4777//1593 4778//1593 4779//1593
v 18.324901 12.137791 6.970106
v 17.730769 11.970737 7.016499
v 17.785518 12.245332 7.016499
vn -0.082429 0.016435 -0.996461
f 4780//1594 4781//1594 4782//1594
v 18.270153 11.863195 6.970106
v 18.275099 11.862209 7.029894
v 17.735715 11.969751 7.076286
vn -0.195530 -0.980698 0.000000
f 4783//1595 4784//1595 4785//1595
v 18.270153 11.863195 6.970106
v 17.735715 11.969751 7.076286
v 17.730769 11.970737 7.016499
vn -0.195530 -0.980698 0.000000
f 4786//1596 4787//1596 4788//1596
v 17.734306 11.993824 7.076180
v 17.741303 11.992429 7.016605
v 17.786926 12.221259 7.016605
vn 0.973740 -0.194143 0.118904
f 4789//1597 4790//1597 4791//1597
v 17.734306 11.993824 7.076180
v 17.786926 12.221259 7.016605
v 17.779930 12.222654 7.076180
vn 0.973740 -0.194143 0.118904
f 4792//1598 4793//1598 4794//1598
v 17.194922 12.101366 7.010315
v 17.240546 12.330195 7.010315
v 17.247543 12.328800 6.950741
vn -0.973740 0.194143 -0.118904
f 4795//1599 4796//1599 4797//1599
v 17.194922 12.101366 7.010315
v 17.247543 12.328800 6.950741
v 17.201919 12.099971 6.950741
vn -0.973740 0.194143 -0.118904
f 4798//1600 4799//1600 4800//1600
v 17.734306 11.993824 7.076180
v 17.779930 12.222654 7.076180
v 17.240546 12.330195 7.010315
vn -0.116609 0.023249 0.992906
f 4801//1601 4802//1601 4803//1601
v 17.734306 11.993824 7.076180
v 17.240546 12.330195 7.010315
v 17.194922 12.101366 7.010315
vn -0.116609 0.023249 0.992906
f 4804//1602 4805//1602 4806//1602
v 17.779930 12.222654 7.076180
v 17.786926 12.221259 7.016605
v 17.247543 12.328800 6.950741
vn 0.195530 0.980698 0.000000
f 4807//1603 4808//1603 4809//1603
v 17.779930 12.222654 7.076180
v 17.247543 12.328800 6.950741
v 17.240546 12.330195 7.010315
vn 0.195530 0.980698 0.000000
f 4810//1604 4811//1604 4812//1604
v 17.786926 12.221259 7.016605
v 17.741303 11.992429 7.016605
v 17.201919 12.099971 6.950741
vn 0.116609 -0.023249 -0.992906
f 4813//1605 4814//1605 4815//1605
v 17.786926 12.221259 7.016605
v 17.201919 12.099971 6.950741
v 17.247543 12.328800 6.950741
vn 0.116609 -0.023249 -0.992906
f 4816//1606 4817//1606 4818//1606
v 17.741303 11.992429 7.016605
v 17.734306 11.993824 7.076180
v 17.194922 12.101366 7.010315
vn -0.195530 -0.980698 -0.000000
f 4819//1607 4820//1607 4821//1607
v 17.741303 11.992429 7.016605
v 17.194922 12.101366 7.010315
v 17.201919 12.099971 6.950741
vn -0.195530 -0.980698 -0.000000
f 4822//1608 4823//1608 4824//1608
v 17.190910 12.125959 7.007886
v 17.215056 12.121144 6.953171
v 17.251555 12.304208 6.953171
vn 0.894319 -0.178308 0.410365
f 4825//1609 4826//1609 4827//1609
v 17.190910 12.125959 7.007886
v 17.251555 12.304208 6.953171
v 17.227409 12.309022 7.007886
vn 0.894319 -0.178308 0.410365
f 4828//1610 4829//1610 4830//1610
v 16.651526 12.233500 6.760386
v 16.688025 12.416564 6.760386
v 16.712172 12.411749 6.705671
vn -0.894319 0.178308 -0.410365
f 4831//1611 4832//1611 4833//1611
v 16.651526 12.233500 6.760386
v 16.712172 12.411749 6.705671
v 16.675673 12.228686 6.705671
vn -0.894319 0.178308 -0.410365
f 4834//1612 4835//1612 4836//1612
v 17.190910 12.125959 7.007886
v 17.227409 12.309022 7.007886
v 16.688025 12.416564 6.760386
vn -0.402444 0.080239 0.911922
f 4837//1613 4838//1613 4839//1613
v 17.190910 12.125959 7.007886
v 16.688025 12.416564 6.760386
v 16.651526 12.233500 6.760386
vn -0.402444 0.080239 0.911922
f 4840//1614 4841//1614 4842//1614
v 17.227409 12.309022 7.007886
v 17.251555 12.304208 6.953171
v 16.712172 12.411749 6.705671
vn 0.195530 0.980698 0.000000
f 4843//1615 4844//1615 4845//1615
v 17.227409 12.309022 7.007886
v 16.712172 12.411749 6.705671
v 16.688025 12.416564 6.760386
vn 0.195530 0.980698 0.000000
f 4846//1616 4847//1616 4848//1616
v 17.251555 12.304208 6.953171
v 17.215056 12.121144 6.953171
v 16.675673 12.228686 6.705671
vn 0.402444 -0.080239 -0.911922
f 4849//1617 4850//1617 4851//1617
v 17.251555 12.304208 6.953171
v 16.675673 12.228686 6.705671
v 16.712172 12.411749 6.705671
vn 0.402444 -0.080239 -0.911922
f 4852//1618 4853//1618 4854//1618
v 17.215056 12.121144 6.953171
v 17.190910 12.125959 7.007886
v 16.651526 12.233500 6.760386
vn -0.195530 -0.980698 -0.000000
f 4855//1619 4856//1619 4857//1619
v 17.215056 12.121144 6.953171
v 16.651526 12.233500 6.760386
v 16.675673 12.228686 6.705671
vn -0.195530 -0.980698 -0.000000
f 4858//1620 4859//1620 4860//1620
v 16.650063 12.257584 6.756680
v 16.686260 12.250367 6.709376
v 16.713634 12.387665 6.709376
vn 0.773190 -0.154158 0.615153
f 4861//1621 4862//1621 4863//1621
v 16.650063 12.257584 6.756680
v 16.713634 12.387665 6.709376
v 16.677438 12.394882 6.756680
vn 0.773190 -0.154158 0.615153
f 4864//1622 4865//1622 4866//1622
v 16.110680 12.365126 6.327545
v 16.138054 12.502424 6.327545
v 16.174251 12.495207 6.280240
vn -0.773190 0.154158 -0.615153
f 4867//1623 4868//1623 4869//1623
v 16.110680 12.365126 6.327545
v 16.174251 12.495207 6.280240
v 16.146876 12.357909 6.280240
vn -0.773190 0.154158 -0.615153
f 4870//1624 4871//1624 4872//1624
v 16.650063 12.257584 6.756680
v 16.677438 12.394882 6.756680
v 16.138054 12.502424 6.327545
vn -0.603279 0.120281 0.788408
f 4873//1625 4874//1625 4875//1625
v 16.650063 12.257584 6.756680
v 16.138054 12.502424 6.327545
v 16.110680 12.365126 6.327545
vn -0.603279 0.120281 0.788408
f 4876//1626 4877//1626 4878//1626
v 16.677438 12.394882 6.756680
v 16.713634 12.387665 6.709376
v 16.174251 12.495207 6.280240
vn 0.195530 0.980698 0.000000
f 4879//1627 4880//1627 4881//1627
v 16.677438 12.394882 6.756680
v 16.174251 12.495207 6.280240
v 16.138054 12.502424 6.327545
vn 0.195530 0.980698 0.000000
f 4882//1628 4883//1628 4884//1628
v 16.713634 12.387665 6.709376
v 16.686260 12.250367 6.709376
v 16.146876 12.357909 6.280240
vn 0.603279 -0.120281 -0.788408
f 4885//1629 4886//1629 4887//1629
v 16.713634 12.387665 6.709376
v 16.146876 12.357909 6.280240
v 16.174251 12.495207 6.280240
vn 0.603279 -0.120281 -0.788408
f 4888//1630 4889//1630 4890//1630
v 16.686260 12.250367 6.709376
v 16.650063 12.257584 6.756680
v 16.110680 12.365126 6.327545
vn -0.195530 -0.980698 -0.000000
f 4891//1631 4892//1631 4893//1631
v 16.686260 12.250367 6.709376
v 16.110680 12.365126 6.327545
v 16.146876 12.357909 6.280240
vn -0.195530 -0.980698 -0.000000
f 4894//1632 4895//1632 4896//1632
v 16.112701 12.388515 6.325272
v 16.153979 12.380285 6.282513
v 16.172229 12.471817 6.282513
vn 0.698905 -0.139347 0.701508
f 4897//1633 4898//1633 4899//1633
v 16.112701 12.388515 6.325272
v 16.172229 12.471817 6.282513
v 16.130951 12.480047 6.325272
vn 0.698905 -0.139347 0.701508
f 4900//1634 4901//1634 4902//1634
v 15.573318 12.496057 5.783880
v 15.591567 12.587589 5.783880
v 15.632845 12.579359 5.741120
vn -0.698905 0.139347 -0.701508
f 4903//1635 4904//1635 4905//1635
v 15.573318 12.496057 5.783880
v 15.632845 12.579359 5.741120
v 15.614596 12.487827 5.741120
vn -0.698905 0.139347 -0.701508
f 4906//1636 4907//1636 4908//1636
v 16.112701 12.388515 6.325272
v 16.130951 12.480047 6.325272
v 15.591567 12.587589 5.783880
vn -0.687968 0.137166 0.712661
f 4909//1637 4910//1637 4911//1637
v 16.112701 12.388515 6.325272
v 15.591567 12.587589 5.783880
v 15.573318 12.496057 5.783880
vn -0.687968 0.137166 0.712661
f 4912//1638 4913//1638 4914//1638
v 16.130951 12.480047 6.325272
v 16.172229 12.471817 6.282513
v 15.632845 12.579359 5.741120
vn 0.195530 0.980698 0.000000
f 4915//1639 4916//1639 4917//1639
v 16.130951 12.480047 6.325272
v 15.632845 12.579359 5.741120
v 15.591567 12.587589 5.783880
vn 0.195530 0.980698 0.000000
f 4918//1640 4919//1640 4920//1640
v 16.172229 12.471817 6.282513
v 16.153979 12.380285 6.282513
v 15.614596 12.487827 5.741120
vn 0.687968 -0.137166 -0.712661
f 4921//1641 4922//1641 4923//1641
v 16.172229 12.471817 6.282513
v 15.614596 12.487827 5.741120
v 15.632845 12.579359 5.741120
vn 0.687968 -0.137166 -0.712661
f 4924//1642 4925//1642 4926//1642
v 16.153979 12.380285 6.282513
v 16.112701 12.388515 6.325272
v 15.573318 12.496057 5.783880
vn -0.195530 -0.980698 -0.000000
f 4927//1643 4928//1643 4929//1643
v 16.153979 12.380285 6.282513
v 15.573318 12.496057 5.783880
v 15.614596 12.487827 5.741120
vn -0.195530 -0.980698 -0.000000
f 4930//1644 4931//1644 4932//1644
v 18.414994 11.920109 7.029894
v 18.412043 11.916019 6.970106
v 18.185006 12.079891 6.970106
vn 0.583186 0.807979 -0.084052
f 4933//1645 4934//1645 4935//1645
v 18.414994 11.920109 7.029894
v 18.185006 12.079891 6.970106
v 18.187957 12.083981 7.029894
vn 0.583186 0.807979 -0.084052
f 4936//1646 4937//1646 4938//1646
v 18.093103 11.474142 7.076286
v 17.866066 11.638014 7.076286
v 17.863114 11.633925 7.016499
vn -0.583186 -0.807979 0.084052
f 4939//1647 4940//1647 4941//1647
v 18.093103 11.474142 7.076286
v 17.863114 11.633925 7.016499
v 18.090152 11.470053 7.016499
vn -0.583186 -0.807979 0.084052
f 4942//1648 4943//1648 4944//1648
v 18.414994 11.920109 7.029894
v 18.187957 12.083981 7.029894
v 17.866066 11.638014 7.076286
vn 0.049192 0.068153 0.996461
f 4945//1649 4946//1649 4947//1649
v 18.414994 11.920109 7.029894
v 17.866066 11.638014 7.076286
v 18.093103 11.474142 7.076286
vn 0.049192 0.068153 0.996461
f 4948//1650 4949//1650 4950//1650
v 18.187957 12.083981 7.029894
v 18.185006 12.079891 6.970106
v 17.863114 11.633925 7.016499
vn -0.810848 0.585257 0.000000
f 4951//1651 4952//1651 4953//1651
v 18.187957 12.083981 7.029894
v 17.863114 11.633925 7.016499
v 17.866066 11.638014 7.076286
vn -0.810848 0.585257 0.000000
f 4954//1652 4955//1652 4956//1652
v 18.185006 12.079891 6.970106
v 18.412043 11.916019 6.970106
v 18.090152 11.470053 7.016499
vn -0.049192 -0.068153 -0.996461
f 4957//1653 4958//1653 4959//1653
v 18.185006 12.079891 6.970106
v 18.090152 11.470053 7.016499
v 17.863114 11.633925 7.016499
vn -0.049192 -0.068153 -0.996461
f 4960//1654 4961//1654 4962//1654
v 18.412043 11.916019 6.970106
v 18.414994 11.920109 7.029894
v 18.093103 11.474142 7.076286
vn 0.810848 -0.585257 -0.000000
f 4963//1655 4964//1655 4965//1655
v 18.412043 11.916019 6.970106
v 18.093103 11.474142 7.076286
v 18.090152 11.470053 7.016499
vn 0.810848 -0.585257 -0.000000
f 4966//1656 4967//1656 4968//1656
v 18.070620 11.482861 7.076180
v 18.074795 11.488646 7.016605
v 17.885597 11.625206 7.016605
vn 0.581105 0.805096 0.118904
f 4969//1657 4970//1657 4971//1657
v 18.070620 11.482861 7.076180
v 17.885597 11.625206 7.016605
v 17.881422 11.619421 7.076180
vn 0.581105 0.805096 0.118904
f 4972//1658 4973//1658 4974//1658
v 17.748729 11.036895 7.010315
v 17.559531 11.173455 7.010315
v 17.563706 11.179240 6.950741
vn -0.581105 -0.805096 -0.118904
f 4975//1659 4976//1659 4977//1659
v 17.748729 11.036895 7.010315
v 17.563706 11.179240 6.950741
v 17.752904 11.042680 6.950741
vn -0.581105 -0.805096 -0.118904
f 4978//1660 4979//1660 4980//1660
v 18.070620 11.482861 7.076180
v 17.881422 11.619421 7.076180
v 17.559531 11.173455 7.010315
vn -0.069589 -0.096413 0.992906
f 4981//1661 4982//1661 4983//1661
v 18.070620 11.482861 7.076180
v 17.559531 11.173455 7.010315
v 17.748729 11.036895 7.010315
vn -0.069589 -0.096413 0.992906
f 4984//1662 4985//1662 4986//1662
v 17.881422 11.619421 7.076180
v 17.885597 11.625206 7.016605
v 17.563706 11.179240 6.950741
vn -0.810848 0.585257 0.000000
f 4987//1663 4988//1663 4989//1663
v 17.881422 11.619421 7.076180
v 17.563706 11.179240 6.950741
v 17.559531 11.173455 7.010315
vn -0.810848 0.585257 0.000000
f 4990//1664 4991//1664 4992//1664
v 17.885597 11.625206 7.016605
v 18.074795 11.488646 7.016605
v 17.752904 11.042680 6.950741
vn 0.069589 0.096413 -0.992906
f 4993//1665 4994//1665 4995//1665
v 17.885597 11.625206 7.016605
v 17.752904 11.042680 6.950741
v 17.563706 11.179240 6.950741
vn 0.069589 0.096413 -0.992906
f 4996//1666 4997//1666 4998//1666
v 18.074795 11.488646 7.016605
v 18.070620 11.482861 7.076180
v 17.748729 11.036895 7.010315
vn 0.810848 -0.585257 -0.000000
f 4999//1667 5000//1667 5001//1667
v 18.074795 11.488646 7.016605
v 17.748729 11.036895 7.010315
v 17.752904 11.042680 6.950741
vn 0.810848 -0.585257 -0.000000
f 5002//1668 5003//1668 5004//1668
v 17.724691 11.043461 7.007886
v 17.739101 11.063426 6.953171
v 17.587743 11.172674 6.953171
vn 0.533708 0.739430 0.410365
f 5005//1669 5006//1669 5007//1669
v 17.724691 11.043461 7.007886
v 17.587743 11.172674 6.953171
v 17.573333 11.152709 7.007886
vn 0.533708 0.739430 0.410365
f 5008//1670 5009//1670 5010//1670
v 17.402800 10.597495 6.760386
v 17.251442 10.706743 6.760386
v 17.265852 10.726707 6.705671
vn -0.533708 -0.739430 -0.410365
f 5011//1671 5012//1671 5013//1671
v 17.402800 10.597495 6.760386
v 17.265852 10.726707 6.705671
v 17.417210 10.617459 6.705671
vn -0.533708 -0.739430 -0.410365
f 5014//1672 5015//1672 5016//1672
v 17.724691 11.043461 7.007886
v 17.573333 11.152709 7.007886
v 17.251442 10.706743 6.760386
vn -0.240169 -0.332743 0.911922
f 5017//1673 5018//1673 5019//1673
v 17.724691 11.043461 7.007886
v 17.251442 10.706743 6.760386
v 17.402800 10.597495 6.760386
vn -0.240169 -0.332743 0.911922
f 5020//1674 5021//1674 5022//1674
v 17.573333 11.152709 7.007886
v 17.587743 11.172674 6.953171
v 17.265852 10.726707 6.705671
vn -0.810848 0.585257 0.000000
f 5023//1675 5024//1675 5025//1675
v 17.573333 11.152709 7.007886
v 17.265852 10.726707 6.705671
v 17.251442 10.706743 6.760386
vn -0.810848 0.585257 0.000000
f 5026//1676 5027//1676 5028//1676
v 17.587743 11.172674 6.953171
v 17.739101 11.063426 6.953171
v 17.417210 10.617459 6.705671
vn 0.240169 0.332743 -0.911922
f 5029//1677 5030//1677 5031//1677
v 17.587743 11.172674 6.953171
v 17.417210 10.617459 6.705671
v 17.265852 10.726707 6.705671
vn 0.240169 0.332743 -0.911922
f 5032//1678 5033//1678 5034//1678
v 17.739101 11.063426 6.953171
v 17.724691 11.043461 7.007886
v 17.402800 10.597495 6.760386
vn 0.810848 -0.585257 -0.000000
f 5035//1679 5036//1679 5037//1679
v 17.739101 11.063426 6.953171
v 17.402800 10.597495 6.760386
v 17.417210 10.617459 6.705671
vn 0.810848 -0.585257 -0.000000
f 5038//1680 5039//1680 5040//1680
v 17.380285 10.606169 6.756680
v 17.401886 10.636097 6.709376
v 17.288367 10.718033 6.709376
vn 0.461421 0.639279 0.615153
f 5041//1681 5042//1681 5043//1681
v 17.380285 10.606169 6.756680
v 17.288367 10.718033 6.709376
v 17.266766 10.688105 6.756680
vn 0.461421 0.639279 0.615153
f 5044//1682 5045//1682 5046//1682
v 17.058393 10.160203 6.327545
v 16.944875 10.242139 6.327545
v 16.966476 10.272067 6.280240
vn -0.461421 -0.639279 -0.615153
f 5047//1683 5048//1683 5049//1683
v 17.058393 10.160203 6.327545
v 16.966476 10.272067 6.280240
v 17.079995 10.190131 6.280240
vn -0.461421 -0.639279 -0.615153
f 5050//1684 5051//1684 5052//1684
v 17.380285 10.606169 6.756680
v 17.266766 10.688105 6.756680
v 16.944875 10.242139 6.327545
vn -0.360022 -0.498795 0.788408
f 5053//1685 5054//1685 5055//1685
v 17.380285 10.606169 6.756680
v 16.944875 10.242139 6.327545
v 17.058393 10.160203 6.327545
vn -0.360022 -0.498795 0.788408
f 5056//1686 5057//1686 5058//1686
v 17.266766 10.688105 6.756680
v 17.288367 10.718033 6.709376
v 16.966476 10.272067 6.280240
vn -0.810848 0.585257 -0.000000
f 5059//1687 5060//1687 5061//1687
v 17.266766 10.688105 6.756680
v 16.966476 10.272067 6.280240
v 16.944875 10.242139 6.327545
vn -0.810848 0.585257 -0.000000
f 5062//1688 5063//1688 5064//1688
v 17.288367 10.718033 6.709376
v 17.401886 10.636097 6.709376
v 17.079995 10.190131 6.280240
vn 0.360022 0.498795 -0.788408
f 5065//1689 5066//1689 5067//1689
v 17.288367 10.718033 6.709376
v 17.079995 10.190131 6.280240
v 16.966476 10.272067 6.280240
vn 0.360022 0.498795 -0.788408
f 5068//1690 5069//1690 5070//1690
v 17.401886 10.636097 6.709376
v 17.380285 10.606169 6.756680
v 17.058393 10.160203 6.327545
vn 0.810848 -0.585257 0.000000
f 5071//1691 5072//1691 5073//1691
v 17.401886 10.636097 6.709376
v 17.058393 10.160203 6.327545
v 17.079995 10.190131 6.280240
vn 0.810848 -0.585257 0.000000
f 5074//1692 5075//1692 5076//1692
v 17.037957 10.171758 6.325272
v 17.062591 10.205887 6.282513
v 16.986912 10.260511 6.282513
vn 0.417090 0.577860 0.701508
f 5077//1693 5078//1693 5079//1693
v 17.037957 10.171758 6.325272
v 16.986912 10.260511 6.282513
v 16.962278 10.226382 6.325272
vn 0.417090 0.577860 0.701508
f 5080//1694 5081//1694 5082//1694
v 16.716066 9.725792 5.783880
v 16.640387 9.780416 5.783880
v 16.665021 9.814545 5.741120
vn -0.417090 -0.577860 -0.701508
f 5083//1695 5084//1695 5085//1695
v 16.716066 9.725792 5.783880
v 16.665021 9.814545 5.741120
v 16.740700 9.759921 5.741120
vn -0.417090 -0.577860 -0.701508
f 5086//1696 5087//1696 5088//1696
v 17.037957 10.171758 6.325272
v 16.962278 10.226382 6.325272
v 16.640387 9.780416 5.783880
vn -0.410563 -0.568816 0.712661
f 5089//1697 5090//1697 5091//1697
v 17.037957 10.171758 6.325272
v 16.640387 9.780416 5.783880
v 16.716066 9.725792 5.783880
vn -0.410563 -0.568816 0.712661
f 5092//1698 5093//1698 5094//1698
v 16.962278 10.226382 6.325272
v 16.986912 10.260511 6.282513
v 16.665021 9.814545 5.741120
vn -0.810848 0.585257 0.000000
f 5095//1699 5096//1699 5097//1699
v 16.962278 10.226382 6.325272
v 16.665021 9.814545 5.741120
v 16.640387 9.780416 5.783880
vn -0.810848 0.585257 0.000000
f 5098//1700 5099//1700 5100//1700
v 16.986912 10.260511 6.282513
v 17.062591 10.205887 6.282513
v 16.740700 9.759921 5.741120
vn 0.410563 0.568816 -0.712661
f 5101//1701 5102//1701 5103//1701
v 16.986912 10.260511 6.282513
v 16.740700 9.759921 5.741120
v 16.665021 9.814545 5.741120
vn 0.410563 0.568816 -0.712661
f 5104//1702 5105//1702 5106//1702
v 17.062591 10.205887 6.282513
v 17.037957 10.171758 6.325272
v 16.716066 9.725792 5.783880
vn 0.810848 -0.585257 -0.000000
f 5107//1703 5108//1703 5109//1703
v 17.062591 10.205887 6.282513
v 16.716066 9.725792 5.783880
v 16.740700 9.759921 5.741120
vn 0.810848 -0.585257 -0.000000
f 5110//1704 5111//1704 5112//1704
v 18.420442 12.071415 7.029894
v 18.422936 12.067031 6.970106
v 18.179558 11.928585 6.970106
vn -0.492699 0.866131 -0.084052
f 5113//1705 5114//1705 5115//1705
v 18.420442 12.071415 7.029894
v 18.179558 11.928585 6.970106
v 18.177064 11.932969 7.029894
vn -0.492699 0.866131 -0.084052
f 5116//1706 5117//1706 5118//1706
v 18.692389 11.593351 7.076286
v 18.449011 11.454905 7.076286
v 18.451505 11.450522 7.016499
vn 0.492699 -0.866131 0.084052
f 5119//1707 5120//1707 5121//1707
v 18.692389 11.593351 7.076286
v 18.451505 11.450522 7.016499
v 18.694882 11.588967 7.016499
vn 0.492699 -0.866131 0.084052
f 5122//1708 5123//1708 5124//1708
v 18.420442 12.071415 7.029894
v 18.177064 11.932969 7.029894
v 18.449011 11.454905 7.076286
vn -0.041559 0.073058 0.996461
f 5125//1709 5126//1709 5127//1709
v 18.420442 12.071415 7.029894
v 18.449011 11.454905 7.076286
v 18.692389 11.593351 7.076286
vn -0.041559 0.073058 0.996461
f 5128//1710 5129//1710 5130//1710
v 18.177064 11.932969 7.029894
v 18.179558 11.928585 6.970106
v 18.451505 11.450522 7.016499
vn -0.869207 -0.494449 0.000000
f 5131//1711 5132//1711 5133//1711
v 18.177064 11.932969 7.029894
v 18.451505 11.450522 7.016499
v 18.449011 11.454905 7.076286
vn -0.869207 -0.494449 0.000000
f 5134//1712 5135//1712 5136//1712
v 18.179558 11.928585 6.970106
v 18.422936 12.067031 6.970106
v 18.694882 11.588967 7.016499
vn 0.041559 -0.073058 -0.996461
f 5137//1713 5138//1713 5139//1713
v 18.179558 11.928585 6.970106
v 18.694882 11.588967 7.016499
v 18.451505 11.450522 7.016499
vn 0.041559 -0.073058 -0.996461
f 5140//1714 5141//1714 5142//1714
v 18.422936 12.067031 6.970106
v 18.420442 12.071415 7.029894
v 18.692389 11.593351 7.076286
vn 0.869207 0.494449 -0.000000
f 5143//1715 5144//1715 5145//1715
v 18.422936 12.067031 6.970106
v 18.692389 11.593351 7.076286
v 18.694882 11.588967 7.016499
vn 0.869207 0.494449 -0.000000
f 5146//1716 5147//1716 5148//1716
v 18.675118 11.576521 7.076180
v 18.671590 11.582722 7.016605
v 18.468776 11.467351 7.016605
vn -0.490941 0.863041 0.118904
f 5149//1717 5150//1717 5151//1717
v 18.675118 11.576521 7.076180
v 18.468776 11.467351 7.016605
v 18.472303 11.461150 7.076180
vn -0.490941 0.863041 0.118904
f 5152//1718 5153//1718 5154//1718
v 18.947065 11.098458 7.010315
v 18.744250 10.983086 7.010315
v 18.740722 10.989287 6.950741
vn 0.490941 -0.863041 -0.118904
f 5155//1719 5156//1719 5157//1719
v 18.947065 11.098458 7.010315
v 18.740722 10.989287 6.950741
v 18.943537 11.104659 6.950741
vn 0.490941 -0.863041 -0.118904
f 5158//1720 5159//1720 5160//1720
v 18.675118 11.576521 7.076180
v 18.472303 11.461150 7.076180
v 18.744250 10.983086 7.010315
vn 0.058792 -0.103352 0.992906
f 5161//1721 5162//1721 5163//1721
v 18.675118 11.576521 7.076180
v 18.744250 10.983086 7.010315
v 18.947065 11.098458 7.010315
vn 0.058792 -0.103352 0.992906
f 5164//1722 5165//1722 5166//1722
v 18.472303 11.461150 7.076180
v 18.468776 11.467351 7.016605
v 18.740722 10.989287 6.950741
vn -0.869207 -0.494449 -0.000000
f 5167//1723 5168//1723 5169//1723
v 18.472303 11.461150 7.076180
v 18.740722 10.989287 6.950741
v 18.744250 10.983086 7.010315
vn -0.869207 -0.494449 -0.000000
f 5170//1724 5171//1724 5172//1724
v 18.468776 11.467351 7.016605
v 18.671590 11.582722 7.016605
v 18.943537 11.104659 6.950741
vn -0.058792 0.103352 -0.992906
f 5173//1725 5174//1725 5175//1725
v 18.468776 11.467351 7.016605
v 18.943537 11.104659 6.950741
v 18.740722 10.989287 6.950741
vn -0.058792 0.103352 -0.992906
f 5176//1726 5177//1726 5178//1726
v 18.671590 11.582722 7.016605
v 18.675118 11.576521 7.076180
v 18.947065 11.098458 7.010315
vn 0.869207 0.494449 0.000000
f 5179//1727 5180//1727 5181//1727
v 18.671590 11.582722 7.016605
v 18.947065 11.098458 7.010315
v 18.943537 11.104659 6.950741
vn 0.869207 0.494449 0.000000
f 5182//1728 5183//1728 5184//1728
v 18.931107 11.079320 7.007886
v 18.918932 11.100722 6.953171
v 18.756680 11.008425 6.953171
vn -0.450898 0.792648 0.410365
f 5185//1729 5186//1729 5187//1729
v 18.931107 11.079320 7.007886
v 18.756680 11.008425 6.953171
v 18.768855 10.987023 7.007886
vn -0.450898 0.792648 0.410365
f 5188//1730 5189//1730 5190//1730
v 19.203053 10.601256 6.760386
v 19.040801 10.508959 6.760386
v 19.028627 10.530361 6.705671
vn 0.450898 -0.792648 -0.410365
f 5191//1731 5192//1731 5193//1731
v 19.203053 10.601256 6.760386
v 19.028627 10.530361 6.705671
v 19.190879 10.622658 6.705671
vn 0.450898 -0.792648 -0.410365
f 5194//1732 5195//1732 5196//1732
v 18.931107 11.079320 7.007886
v 18.768855 10.987023 7.007886
v 19.040801 10.508959 6.760386
vn 0.202904 -0.356692 0.911922
f 5197//1733 5198//1733 5199//1733
v 18.931107 11.079320 7.007886
v 19.040801 10.508959 6.760386
v 19.203053 10.601256 6.760386
vn 0.202904 -0.356692 0.911922
f 5200//1734 5201//1734 5202//1734
v 18.768855 10.987023 7.007886
v 18.756680 11.008425 6.953171
v 19.028627 10.530361 6.705671
vn -0.869207 -0.494449 -0.000000
f 5203//1735 5204//1735 5205//1735
v 18.768855 10.987023 7.007886
v 19.028627 10.530361 6.705671
v 19.040801 10.508959 6.760386
vn -0.869207 -0.494449 -0.000000
f 5206//1736 5207//1736 5208//1736
v 18.756680 11.008425 6.953171
v 18.918932 11.100722 6.953171
v 19.190879 10.622658 6.705671
vn -0.202904 0.356692 -0.911922
f 5209//1737 5210//1737 5211//1737
v 18.756680 11.008425 6.953171
v 19.190879 10.622658 6.705671
v 19.028627 10.530361 6.705671
vn -0.202904 0.356692 -0.911922
f 5212//1738 5213//1738 5214//1738
v 18.918932 11.100722 6.953171
v 18.931107 11.079320 7.007886
v 19.203053 10.601256 6.760386
vn 0.869207 0.494449 0.000000
f 5215//1739 5216//1739 5217//1739
v 18.918932 11.100722 6.953171
v 19.203053 10.601256 6.760386
v 19.190879 10.622658 6.705671
vn 0.869207 0.494449 0.000000
f 5218//1740 5219//1740 5220//1740
v 19.185809 10.584379 6.756680
v 19.167560 10.616461 6.709376
v 19.045871 10.547238 6.709376
vn -0.389827 0.685290 0.615153
f 5221//1741 5222//1741 5223//1741
v 19.185809 10.584379 6.756680
v 19.045871 10.547238 6.709376
v 19.064121 10.515156 6.756680
vn -0.389827 0.685290 0.615153
f 5224//1742 5225//1742 5226//1742
v 19.457756 10.106315 6.327545
v 19.336067 10.037093 6.327545
v 19.317818 10.069174 6.280240
vn 0.389827 -0.685290 -0.615153
f 5227//1743 5228//1743 5229//1743
v 19.457756 10.106315 6.327545
v 19.317818 10.069174 6.280240
v 19.439507 10.138397 6.280240
vn 0.389827 -0.685290 -0.615153
f 5230//1744 5231//1744 5232//1744
v 19.185809 10.584379 6.756680
v 19.064121 10.515156 6.756680
v 19.336067 10.037093 6.327545
vn 0.304161 -0.534695 0.788408
f 5233//1745 5234//1745 5235//1745
v 19.185809 10.584379 6.756680
v 19.336067 10.037093 6.327545
v 19.457756 10.106315 6.327545
vn 0.304161 -0.534695 0.788408
f 5236//1746 5237//1746 5238//1746
v 19.064121 10.515156 6.756680
v 19.045871 10.547238 6.709376
v 19.317818 10.069174 6.280240
vn -0.869207 -0.494449 -0.000000
f 5239//1747 5240//1747 5241//1747
v 19.064121 10.515156 6.756680
v 19.317818 10.069174 6.280240
v 19.336067 10.037093 6.327545
vn -0.869207 -0.494449 -0.000000
f 5242//1748 5243//1748 5244//1748
v 19.045871 10.547238 6.709376
v 19.167560 10.616461 6.709376
v 19.439507 10.138397 6.280240
vn -0.304161 0.534695 -0.788408
f 5245//1749 5246//1749 5247//1749
v 19.045871 10.547238 6.709376
v 19.439507 10.138397 6.280240
v 19.317818 10.069174 6.280240
vn -0.304161 0.534695 -0.788408
f 5248//1750 5249//1750 5250//1750
v 19.167560 10.616461 6.709376
v 19.185809 10.584379 6.756680
v 19.457756 10.106315 6.327545
vn 0.869207 0.494449 0.000000
f 5251//1751 5252//1751 5253//1751
v 19.167560 10.616461 6.709376
v 19.457756 10.106315 6.327545
v 19.439507 10.138397 6.280240
vn 0.869207 0.494449 0.000000
f 5254//1752 5255//1752 5256//1752
v 19.438756 10.092526 6.325272
v 19.417944 10.129112 6.282513
v 19.336818 10.082963 6.282513
vn -0.352374 0.619450 0.701508
f 5257//1753 5258//1753 5259//1753
v 19.438756 10.092526 6.325272
v 19.336818 10.082963 6.282513
v 19.357630 10.046378 6.325272
vn -0.352374 0.619450 0.701508
f 5260//1754 5261//1754 5262//1754
v 19.710702 9.614463 5.783880
v 19.629576 9.568314 5.783880
v 19.608765 9.604900 5.741120
vn 0.352374 -0.619450 -0.701508
f 5263//1755 5264//1755 5265//1755
v 19.710702 9.614463 5.783880
v 19.608765 9.604900 5.741120
v 19.689891 9.651048 5.741120
vn 0.352374 -0.619450 -0.701508
f 5266//1756 5267//1756 5268//1756
v 19.438756 10.092526 6.325272
v 19.357630 10.046378 6.325272
v 19.629576 9.568314 5.783880
vn 0.346860 -0.609756 0.712661
f 5269//1757 5270//1757 5271//1757
v 19.438756 10.092526 6.325272
v 19.629576 9.568314 5.783880
v 19.710702 9.614463 5.783880
vn 0.346860 -0.609756 0.712661
f 5272//1758 5273//1758 5274//1758
v 19.357630 10.046378 6.325272
v 19.336818 10.082963 6.282513
v 19.608765 9.604900 5.741120
vn -0.869207 -0.494449 -0.000000
f 5275//1759 5276//1759 5277//1759
v 19.357630 10.046378 6.325272
v 19.608765 9.604900 5.741120
v 19.629576 9.568314 5.783880
vn -0.869207 -0.494449 -0.000000
f 5278//1760 5279//1760 5280//1760
v 19.336818 10.082963 6.282513
v 19.417944 10.129112 6.282513
v 19.689891 9.651048 5.741120
vn -0.346860 0.609756 -0.712661
f 5281//1761 5282//1761 5283//1761
v 19.336818 10.082963 6.282513
v 19.689891 9.651048 5.741120
v 19.608765 9.604900 5.741120
vn -0.346860 0.609756 -0.712661
f 5284//1762 5285//1762 5286//1762
v 19.417944 10.129112 6.282513
v 19.438756 10.092526 6.325272
v 19.710702 9.614463 5.783880
vn 0.869207 0.494449 0.000000
f 5287//1763 5288//1763 5289//1763
v 19.417944 10.129112 6.282513
v 19.710702 9.614463 5.783880
v 19.689891 9.651048 5.741120
vn 0.869207 0.494449 0.000000
f 5290//1764 5291//1764 5292//1764
v 18.285073 12.139225 7.029894
v 18.290096 12.139672 6.970106
v 18.314927 11.860775 6.970106
vn -0.992535 -0.088371 -0.084052
f 5293//1765 5294//1765 5295//1765
v 18.285073 12.139225 7.029894
v 18.314927 11.860775 6.970106
v 18.309904 11.860328 7.029894
vn -0.992535 -0.088371 -0.084052
f 5296//1766 5297//1766 5298//1766
v 18.832905 12.188001 7.076286
v 18.857737 11.909105 7.076286
v 18.862760 11.909552 7.016499
vn 0.992535 0.088371 0.084052
f 5299//1767 5300//1767 5301//1767
v 18.832905 12.188001 7.076286
v 18.862760 11.909552 7.016499
v 18.837929 12.188449 7.016499
vn 0.992535 0.088371 0.084052
f 5302//1768 5303//1768 5304//1768
v 18.285073 12.139225 7.029894
v 18.309904 11.860328 7.029894
v 18.857737 11.909105 7.076286
vn -0.083721 -0.007454 0.996461
f 5305//1769 5306//1769 5307//1769
v 18.285073 12.139225 7.029894
v 18.857737 11.909105 7.076286
v 18.832905 12.188001 7.076286
vn -0.083721 -0.007454 0.996461
f 5308//1770 5309//1770 5310//1770
v 18.309904 11.860328 7.029894
v 18.314927 11.860775 6.970106
v 18.862760 11.909552 7.016499
vn 0.088685 -0.996060 0.000000
f 5311//1771 5312//1771 5313//1771
v 18.309904 11.860328 7.029894
v 18.862760 11.909552 7.016499
v 18.857737 11.909105 7.076286
vn 0.088685 -0.996060 0.000000
f 5314//1772 5315//1772 5316//1772
v 18.314927 11.860775 6.970106
v 18.290096 12.139672 6.970106
v 18.837929 12.188449 7.016499
vn 0.083721 0.007454 -0.996461
f 5317//1773 5318//1773 5319//1773
v 18.314927 11.860775 6.970106
v 18.837929 12.188449 7.016499
v 18.862760 11.909552 7.016499
vn 0.083721 0.007454 -0.996461
f 5320//1774 5321//1774 5322//1774
v 18.290096 12.139672 6.970106
v 18.285073 12.139225 7.029894
v 18.832905 12.188001 7.076286
vn -0.088685 0.996060 -0.000000
f 5323//1775 5324//1775 5325//1775
v 18.290096 12.139672 6.970106
v 18.832905 12.188001 7.076286
v 18.837929 12.188449 7.016499
vn -0.088685 0.996060 -0.000000
f 5326//1776 5327//1776 5328//1776
v 18.841039 12.165300 7.076180
v 18.833933 12.164667 7.016605
v 18.854626 11.932253 7.016605
vn -0.988993 -0.088056 0.118904
f 5329//1777 5330//1777 5331//1777
v 18.841039 12.165300 7.076180
v 18.854626 11.932253 7.016605
v 18.861732 11.932886 7.076180
vn -0.988993 -0.088056 0.118904
f 5332//1778 5333//1778 5334//1778
v 19.388872 12.214076 7.010315
v 19.409565 11.981663 7.010315
v 19.402459 11.981030 6.950741
vn 0.988993 0.088056 -0.118904
f 5335//1779 5336//1779 5337//1779
v 19.388872 12.214076 7.010315
v 19.402459 11.981030 6.950741
v 19.381766 12.213444 6.950741
vn 0.988993 0.088056 -0.118904
f 5338//1780 5339//1780 5340//1780
v 18.841039 12.165300 7.076180
v 18.861732 11.932886 7.076180
v 19.409565 11.981663 7.010315
vn 0.118435 0.010545 0.992906
f 5341//1781 5342//1781 5343//1781
v 18.841039 12.165300 7.076180
v 19.409565 11.981663 7.010315
v 19.388872 12.214076 7.010315
vn 0.118435 0.010545 0.992906
f 5344//1782 5345//1782 5346//1782
v 18.861732 11.932886 7.076180
v 18.854626 11.932253 7.016605
v 19.402459 11.981030 6.950741
vn 0.088685 -0.996060 0.000000
f 5347//1783 5348//1783 5349//1783
v 18.861732 11.932886 7.076180
v 19.402459 11.981030 6.950741
v 19.409565 11.981663 7.010315
vn 0.088685 -0.996060 0.000000
f 5350//1784 5351//1784 5352//1784
v 18.854626 11.932253 7.016605
v 18.833933 12.164667 7.016605
v 19.381766 12.213444 6.950741
vn -0.118435 -0.010545 -0.992906
f 5353//1785 5354//1785 5355//1785
v 18.854626 11.932253 7.016605
v 19.381766 12.213444 6.950741
v 19.402459 11.981030 6.950741
vn -0.118435 -0.010545 -0.992906
f 5356//1786 5357//1786 5358//1786
v 18.833933 12.164667 7.016605
v 18.841039 12.165300 7.076180
v 19.388872 12.214076 7.010315
vn -0.088685 0.996060 -0.000000
f 5359//1787 5360//1787 5361//1787
v 18.833933 12.164667 7.016605
v 19.388872 12.214076 7.010315
v 19.381766 12.213444 6.950741
vn -0.088685 0.996060 -0.000000
f 5362//1788 5363//1788 5364//1788
v 19.399651 12.191611 7.007886
v 19.375126 12.189427 6.953171
v 19.391681 12.003496 6.953171
vn -0.908328 -0.080873 0.410365
f 5365//1789 5366//1789 5367//1789
v 19.399651 12.191611 7.007886
v 19.391681 12.003496 6.953171
v 19.416205 12.005679 7.007886
vn -0.908328 -0.080873 0.410365
f 5368//1790 5369//1790 5370//1790
v 19.947484 12.240387 6.760386
v 19.964038 12.054456 6.760386
v 19.939513 12.052272 6.705671
vn 0.908328 0.080873 -0.410365
f 5371//1791 5372//1791 5373//1791
v 19.947484 12.240387 6.760386
v 19.939513 12.052272 6.705671
v 19.922959 12.238203 6.705671
vn 0.908328 0.080873 -0.410365
f 5374//1792 5375//1792 5376//1792
v 19.399651 12.191611 7.007886
v 19.416205 12.005679 7.007886
v 19.964038 12.054456 6.760386
vn 0.408748 0.036393 0.911922
f 5377//1793 5378//1793 5379//1793
v 19.399651 12.191611 7.007886
v 19.964038 12.054456 6.760386
v 19.947484 12.240387 6.760386
vn 0.408748 0.036393 0.911922
f 5380//1794 5381//1794 5382//1794
v 19.416205 12.005679 7.007886
v 19.391681 12.003496 6.953171
v 19.939513 12.052272 6.705671
vn 0.088685 -0.996060 -0.000000
f 5383//1795 5384//1795 5385//1795
v 19.416205 12.005679 7.007886
v 19.939513 12.052272 6.705671
v 19.964038 12.054456 6.760386
vn 0.088685 -0.996060 -0.000000
f 5386//1796 5387//1796 5388//1796
v 19.391681 12.003496 6.953171
v 19.375126 12.189427 6.953171
v 19.922959 12.238203 6.705671
vn -0.408748 -0.036393 -0.911922
f 5389//1797 5390//1797 5391//1797
v 19.391681 12.003496 6.953171
v 19.922959 12.238203 6.705671
v 19.939513 12.052272 6.705671
vn -0.408748 -0.036393 -0.911922
f 5392//1798 5393//1798 5394//1798
v 19.375126 12.189427 6.953171
v 19.399651 12.191611 7.007886
v 19.947484 12.240387 6.760386
vn -0.088685 0.996060 0.000000
f 5395//1799 5396//1799 5397//1799
v 19.375126 12.189427 6.953171
v 19.947484 12.240387 6.760386
v 19.922959 12.238203 6.705671
vn -0.088685 0.996060 0.000000
f 5398//1800 5399//1800 5400//1800
v 19.955673 12.217691 6.756680
v 19.918909 12.214417 6.709376
v 19.931325 12.074969 6.709376
vn -0.785301 -0.069920 0.615153
f 5401//1801 5402//1801 5403//1801
v 19.955673 12.217691 6.756680
v 19.931325 12.074969 6.709376
v 19.968088 12.078242 6.756680
vn -0.785301 -0.069920 0.615153
f 5404//1802 5405//1802 5406//1802
v 20.503505 12.266467 6.327545
v 20.515921 12.127019 6.327545
v 20.479158 12.123745 6.280240
vn 0.785301 0.069920 -0.615153
f 5407//1803 5408//1803 5409//1803
v 20.503505 12.266467 6.327545
v 20.479158 12.123745 6.280240
v 20.466742 12.263194 6.280240
vn 0.785301 0.069920 -0.615153
f 5410//1804 5411//1804 5412//1804
v 19.955673 12.217691 6.756680
v 19.968088 12.078242 6.756680
v 20.515921 12.127019 6.327545
vn 0.612729 0.054555 0.788408
f 5413//1805 5414//1805 5415//1805
v 19.955673 12.217691 6.756680
v 20.515921 12.127019 6.327545
v 20.503505 12.266467 6.327545
vn 0.612729 0.054555 0.788408
f 5416//1806 5417//1806 5418//1806
v 19.968088 12.078242 6.756680
v 19.931325 12.074969 6.709376
v 20.479158 12.123745 6.280240
vn 0.088685 -0.996060 0.000000
f 5419//1807 5420//1807 5421//1807
v 19.968088 12.078242 6.756680
v 20.479158 12.123745 6.280240
v 20.515921 12.127019 6.327545
vn 0.088685 -0.996060 0.000000
f 5422//1808 5423//1808 5424//1808
v 19.931325 12.074969 6.709376
v 19.918909 12.214417 6.709376
v 20.466742 12.263194 6.280240
vn -0.612729 -0.054555 -0.788408
f 5425//1809 5426//1809 5427//1809
v 19.931325 12.074969 6.709376
v 20.466742 12.263194 6.280240
v 20.479158 12.123745 6.280240
vn -0.612729 -0.054555 -0.788408
f 5428//1810 5429//1810 5430//1810
v 19.918909 12.214417 6.709376
v 19.955673 12.217691 6.756680
v 20.503505 12.266467 6.327545
vn -0.088685 0.996060 -0.000000
f 5431//1811 5432//1811 5433//1811
v 19.918909 12.214417 6.709376
v 20.503505 12.266467 6.327545
v 20.466742 12.263194 6.280240
vn -0.088685 0.996060 -0.000000
f 5434//1812 5435//1812 5436//1812
v 20.508155 12.243455 6.325272
v 20.466231 12.239723 6.282513
v 20.474508 12.146757 6.282513
vn -0.709853 -0.063202 0.701508
f 5437//1813 5438//1813 5439//1813
v 20.508155 12.243455 6.325272
v 20.474508 12.146757 6.282513
v 20.516432 12.150490 6.325272
vn -0.709853 -0.063202 0.701508
f 5440//1814 5441//1814 5442//1814
v 21.055988 12.292232 5.783880
v 21.064265 12.199266 5.783880
v 21.022341 12.195534 5.741120
vn 0.709853 0.063202 -0.701508
f 5443//1815 5444//1815 5445//1815
v 21.055988 12.292232 5.783880
v 21.022341 12.195534 5.741120
v 21.014063 12.288499 5.741120
vn 0.709853 0.063202 -0.701508
f 5446//1816 5447//1816 5448//1816
v 20.508155 12.243455 6.325272
v 20.516432 12.150490 6.325272
v 21.064265 12.199266 5.783880
vn 0.698744 0.062213 0.712661
f 5449//1817 5450//1817 5451//1817
v 20.508155 12.243455 6.325272
v 21.064265 12.199266 5.783880
v 21.055988 12.292232 5.783880
vn 0.698744 0.062213 0.712661
f 5452//1818 5453//1818 5454//1818
v 20.516432 12.150490 6.325272
v 20.474508 12.146757 6.282513
v 21.022341 12.195534 5.741120
vn 0.088685 -0.996060 -0.000000
f 5455//1819 5456//1819 5457//1819
v 20.516432 12.150490 6.325272
v 21.022341 12.195534 5.741120
v 21.064265 12.199266 5.783880
vn 0.088685 -0.996060 -0.000000
f 5458//1820 5459//1820 5460//1820
v 20.474508 12.146757 6.282513
v 20.466231 12.239723 6.282513
v 21.014063 12.288499 5.741120
vn -0.698744 -0.062213 -0.712661
f 5461//1821 5462//1821 5463//1821
v 20.474508 12.146757 6.282513
v 21.014063 12.288499 5.741120
v 21.022341 12.195534 5.741120
vn -0.698744 -0.062213 -0.712661
f 5464//1822 5465//1822 5466//1822
v 20.466231 12.239723 6.282513
v 20.508155 12.243455 6.325272
v 21.055988 12.292232 5.783880
vn -0.088685 0.996060 0.000000
f 5467//1823 5468//1823 5469//1823
v 20.466231 12.239723 6.282513
v 21.055988 12.292232 5.783880
v 21.014063 12.288499 5.741120
vn -0.088685 0.996060 0.000000
f 5470//1824 5471//1824 5472//1824
v -10.900000 29.000000 0.370000
v -10.937482 29.284701 0.370000
v -10.937482 29.284701 0.450000
vn 0.991445 0.130526 0.000000
f 5473//1825 5474//1825 5475//1825
v -10.900000 29.000000 0.370000
v -10.937482 29.284701 0.450000
v -10.900000 29.000000 0.450000
vn 0.991445 0.130526 -0.000000
f 5476//1826 5477//1826 5478//1826
v -12.000000 29.000000 0.370000
v -10.937482 29.284701 0.370000
v -10.900000 29.000000 0.370000
vn 0.000000 0.000000 -1.000000
f 5479//1827 5480//1827 5481//1827
v -12.000000 29.000000 0.450000
v -10.900000 29.000000 0.450000
v -10.937482 29.284701 0.450000
vn 0.000000 0.000000 1.000000
f 5482//1828 5483//1828 5484//1828
v -10.937482 29.284701 0.370000
v -11.047372 29.550000 0.370000
v -11.047372 29.550000 0.450000
vn 0.923880 0.382683 0.000000
f 5485//1829 5486//1829 5487//1829
v -10.937482 29.284701 0.370000
v -11.047372 29.550000 0.450000
v -10.937482 29.284701 0.450000
vn 0.923880 0.382683 -0.000000
f 5488//1830 5489//1830 5490//1830
v -12.000000 29.000000 0.370000
v -11.047372 29.550000 0.370000
v -10.937482 29.284701 0.370000
vn 0.000000 0.000000 -1.000000
f 5491//1831 5492//1831 5493//1831
v -12.000000 29.000000 0.450000
v -10.937482 29.284701 0.450000
v -11.047372 29.550000 0.450000
vn 0.000000 0.000000 1.000000
f 5494//1832 5495//1832 5496//1832
v -11.047372 29.550000 0.370000
v -11.222183 29.777817 0.370000
v -11.222183 29.777817 0.450000
vn 0.793353 0.608761 0.000000
f 5497//1833 5498//1833 5499//1833
v -11.047372 29.550000 0.370000
v -11.222183 29.777817 0.450000
v -11.047372 29.550000 0.450000
vn 0.793353 0.608761 -0.000000
f 5500//1834 5501//1834 5502//1834
v -12.000000 29.000000 0.370000
v -11.222183 29.777817 0.370000
v -11.047372 29.550000 0.370000
vn 0.000000 0.000000 -1.000000
f 5503//1835 5504//1835 5505//1835
v -12.000000 29.000000 0.450000
v -11.047372 29.550000 0.450000
v -11.222183 29.777817 0.450000
vn 0.000000 0.000000 1.000000
f 5506//1836 5507//1836 5508//1836
v -11.222183 29.777817 0.370000
v -11.450000 29.952628 0.370000
v -11.450000 29.952628 0.450000
vn 0.608761 0.793353 0.000000
f 5509//1837 5510//1837 5511//1837
v -11.222183 29.777817 0.370000
v -11.450000 29.952628 0.450000
v -11.222183 29.777817 0.450000
vn 0.608761 0.793353 -0.000000
f 5512//1838 5513//1838 5514//1838
v -12.000000 29.000000 0.370000
v -11.450000 29.952628 0.370000
v -11.222183 29.777817 0.370000
vn 0.000000 0.000000 -1.000000
f 5515//1839 5516//1839 5517//1839
v -12.000000 29.000000 0.450000
v -11.222183 29.777817 0.450000
v -11.450000 29.952628 0.450000
vn 0.000000 0.000000 1.000000
f 5518//1840 5519//1840 5520//1840
v -11.450000 29.952628 0.370000
v -11.715299 30.062518 0.370000
v -11.715299 30.062518 0.450000
vn 0.382683 0.923880 0.000000
f 5521//1841 5522//1841 5523//1841
v -11.450000 29.952628 0.370000
v -11.715299 30.062518 0.450000
v -11.450000 29.952628 0.450000
vn 0.382683 0.923880 -0.000000
f 5524//1842 5525//1842 5526//1842
v -12.000000 29.000000 0.370000
v -11.715299 30.062518 0.370000
v -11.450000 29.952628 0.370000
vn 0.000000 0.000000 -1.000000
f 5527//1843 5528//1843 5529//1843
v -12.000000 29.000000 0.450000
v -11.450000 29.952628 0.450000
v -11.715299 30.062518 0.450000
vn 0.000000 0.000000 1.000000
f 5530//1844 5531//1844 5532//1844
v -11.715299 30.062518 0.370000
v -12.000000 30.100000 0.370000
v -12.000000 30.100000 0.450000
vn 0.130526 0.991445 0.000000
f 5533//1845 5534//1845 5535//1845
v -11.715299 30.062518 0.370000
v -12.000000 30.100000 0.450000
v -11.715299 30.062518 0.450000
vn 0.130526 0.991445 -0.000000
f 5536//1846 5537//1846 5538//1846
v -12.000000 29.000000 0.370000
v -12.000000 30.100000 0.370000
v -11.715299 30.062518 0.370000
vn 0.000000 0.000000 -1.000000
f 5539//1847 5540//1847 5541//1847
v -12.000000 29.000000 0.450000
v -11.715299 30.062518 0.450000
v -12.000000 30.100000 0.450000
vn 0.000000 0.000000 1.000000
f 5542//1848 5543//1848 5544//1848
v -12.000000 30.100000 0.370000
v -12.284701 30.062518 0.370000
v -12.284701 30.062518 0.450000
vn -0.130526 0.991445 0.000000
f 5545//1849 5546//1849 5547//1849
v -12.000000 30.100000 0.370000
v -12.284701 30.062518 0.450000
v -12.000000 30.100000 0.450000
vn -0.130526 0.991445 0.000000
f 5548//1850 5549//1850 5550//1850
v -12.000000 29.000000 0.370000
v -12.284701 30.062518 0.370000
v -12.000000 30.100000 0.370000
vn 0.000000 0.000000 -1.000000
f 5551//1851 5552//1851 5553//1851
v -12.000000 29.000000 0.450000
v -12.000000 30.100000 0.450000
v -12.284701 30.062518 0.450000
vn 0.000000 -0.000000 1.000000
f 5554//1852 5555//1852 5556//1852
v -12.284701 30.062518 0.370000
v -12.550000 29.952628 0.370000
v -12.550000 29.952628 0.450000
vn -0.382683 0.923880 0.000000
f 5557//1853 5558//1853 5559//1853
v -12.284701 30.062518 0.370000
v -12.550000 29.952628 0.450000
v -12.284701 30.062518 0.450000
vn -0.382683 0.923880 0.000000
f 5560//1854 5561//1854 5562//1854
v -12.000000 29.000000 0.370000
v -12.550000 29.952628 0.370000
v -12.284701 30.062518 0.370000
vn 0.000000 0.000000 -1.000000
f 5563//1855 5564//1855 5565//1855
v -12.000000 29.000000 0.450000
v -12.284701 30.062518 0.450000
v -12.550000 29.952628 0.450000
vn 0.000000 0.000000 1.000000
f 5566//1856 5567//1856 5568//1856
v -12.550000 29.952628 0.370000
v -12.777817 29.777817 0.370000
v -12.777817 29.777817 0.450000
vn -0.608761 0.793353 0.000000
f 5569//1857 5570//1857 5571//1857
v -12.550000 29.952628 0.370000
v -12.777817 29.777817 0.450000
v -12.550000 29.952628 0.450000
vn -0.608761 0.793353 0.000000
f 5572//1858 5573//1858 5574//1858
v -12.000000 29.000000 0.370000
v -12.777817 29.777817 0.370000
v -12.550000 29.952628 0.370000
vn 0.000000 0.000000 -1.000000
f 5575//1859 5576//1859 5577//1859
v -12.000000 29.000000 0.450000
v -12.550000 29.952628 0.450000
v -12.777817 29.777817 0.450000
vn 0.000000 0.000000 1.000000
f 5578//1860 5579//1860 5580//1860
v -12.777817 29.777817 0.370000
v -12.952628 29.550000 0.370000
v -12.952628 29.550000 0.450000
vn -0.793353 0.608761 0.000000
f 5581//1861 5582//1861 5583//1861
v -12.777817 29.777817 0.370000
v -12.952628 29.550000 0.450000
v -12.777817 29.777817 0.450000
vn -0.793353 0.608761 0.000000
f 5584//1862 5585//1862 5586//1862
v -12.000000 29.000000 0.370000
v -12.952628 29.550000 0.370000
v -12.777817 29.777817 0.370000
vn 0.000000 0.000000 -1.000000
f 5587//1863 5588//1863 5589//1863
v -12.000000 29.000000 0.450000
v -12.777817 29.777817 0.450000
v -12.952628 29.550000 0.450000
vn 0.000000 0.000000 1.000000
f 5590//1864 5591//1864 5592//1864
v -12.952628 29.550000 0.370000
v -13.062518 29.284701 0.370000
v -13.062518 29.284701 0.450000
vn -0.923880 0.382683 0.000000
f 5593//1865 5594//1865 5595//1865
v -12.952628 29.550000 0.370000
v -13.062518 29.284701 0.450000
v -12.952628 29.550000 0.450000
vn -0.923880 0.382683 0.000000
f 5596//1866 5597//1866 5598//1866
v -12.000000 29.000000 0.370000
v -13.062518 29.284701 0.370000
v -12.952628 29.550000 0.370000
vn 0.000000 0.000000 -1.000000
f 5599//1867 5600//1867 5601//1867
v -12.000000 29.000000 0.450000
v -12.952628 29.550000 0.450000
v -13.062518 29.284701 0.450000
vn 0.000000 0.000000 1.000000
f 5602//1868 5603//1868 5604//1868
v -13.062518 29.284701 0.370000
v -13.100000 29.000000 0.370000
v -13.100000 29.000000 0.450000
vn -0.991445 0.130526 0.000000
f 5605//1869 5606//1869 5607//1869
v -13.062518 29.284701 0.370000
v -13.100000 29.000000 0.450000
v -13.062518 29.284701 0.450000
vn -0.991445 0.130526 0.000000
f 5608//1870 5609//1870 5610//1870
v -12.000000 29.000000 0.370000
v -13.100000 29.000000 0.370000
v -13.062518 29.284701 0.370000
vn 0.000000 0.000000 -1.000000
f 5611//1871 5612//1871 5613//1871
v -12.000000 29.000000 0.450000
v -13.062518 29.284701 0.450000
v -13.100000 29.000000 0.450000
vn 0.000000 0.000000 1.000000
f 5614//1872 5615//1872 5616//1872
v -13.100000 29.000000 0.370000
v -13.062518 28.715299 0.370000
v -13.062518 28.715299 0.450000
vn -0.991445 -0.130526 0.000000
f 5617//1873 5618//1873 5619//1873
v -13.100000 29.000000 0.370000
v -13.062518 28.715299 0.450000
v -13.100000 29.000000 0.450000
vn -0.991445 -0.130526 0.000000
f 5620//1874 5621//1874 5622//1874
v -12.000000 29.000000 0.370000
v -13.062518 28.715299 0.370000
v -13.100000 29.000000 0.370000
vn -0.000000 0.000000 -1.000000
f 5623//1875 5624//1875 5625//1875
v -12.000000 29.000000 0.450000
v -13.100000 29.000000 0.450000
v -13.062518 28.715299 0.450000
vn 0.000000 0.000000 1.000000
f 5626//1876 5627//1876 5628//1876
v -13.062518 28.715299 0.370000
v -12.952628 28.450000 0.370000
v -12.952628 28.450000 0.450000
vn -0.923880 -0.382683 0.000000
f 5629//1877 5630//1877 5631//1877
v -13.062518 28.715299 0.370000
v -12.952628 28.450000 0.450000
v -13.062518 28.715299 0.450000
vn -0.923880 -0.382683 0.000000
f 5632//1878 5633//1878 5634//1878
v -12.000000 29.000000 0.370000
v -12.952628 28.450000 0.370000
v -13.062518 28.715299 0.370000
vn 0.000000 0.000000 -1.000000
f 5635//1879 5636//1879 5637//1879
v -12.000000 29.000000 0.450000
v -13.062518 28.715299 0.450000
v -12.952628 28.450000 0.450000
vn 0.000000 0.000000 1.000000
f 5638//1880 5639//1880 5640//1880
v -12.952628 28.450000 0.370000
v -12.777817 28.222183 0.370000
v -12.777817 28.222183 0.450000
vn -0.793353 -0.608761 0.000000
f 5641//1881 5642//1881 5643//1881
v -12.952628 28.450000 0.370000
v -12.777817 28.222183 0.450000
v -12.952628 28.450000 0.450000
vn -0.793353 -0.608761 0.000000
f 5644//1882 5645//1882 5646//1882
v -12.000000 29.000000 0.370000
v -12.777817 28.222183 0.370000
v -12.952628 28.450000 0.370000
vn 0.000000 0.000000 -1.000000
f 5647//1883 5648//1883 5649//1883
v -12.000000 29.000000 0.450000
v -12.952628 28.450000 0.450000
v -12.777817 28.222183 0.450000
vn 0.000000 0.000000 1.000000
f 5650//1884 5651//1884 5652//1884
v -12.777817 28.222183 0.370000
v -12.550000 28.047372 0.370000
v -12.550000 28.047372 0.450000
vn -0.608761 -0.793353 0.000000
f 5653//1885 5654//1885 5655//1885
v -12.777817 28.222183 0.370000
v -12.550000 28.047372 0.450000
v -12.777817 28.222183 0.450000
vn -0.608761 -0.793353 0.000000
f 5656//1886 5657//1886 5658//1886
v -12.000000 29.000000 0.370000
v -12.550000 28.047372 0.370000
v -12.777817 28.222183 0.370000
vn 0.000000 0.000000 -1.000000
f 5659//1887 5660//1887 5661//1887
v -12.000000 29.000000 0.450000
v -12.777817 28.222183 0.450000
v -12.550000 28.047372 0.450000
vn 0.000000 0.000000 1.000000
f 5662//1888 5663//1888 5664//1888
v -12.550000 28.047372 0.370000
v -12.284701 27.937482 0.370000
v -12.284701 27.937482 0.450000
vn -0.382683 -0.923880 0.000000
f 5665//1889 5666//1889 5667//1889
v -12.550000 28.047372 0.370000
v -12.284701 27.937482 0.450000
v -12.550000 28.047372 0.450000
vn -0.382683 -0.923880 0.000000
f 5668//1890 5669//1890 5670//1890
v -12.000000 29.000000 0.370000
v -12.284701 27.937482 0.370000
v -12.550000 28.047372 0.370000
vn 0.000000 0.000000 -1.000000
f 5671//1891 5672//1891 5673//1891
v -12.000000 29.000000 0.450000
v -12.550000 28.047372 0.450000
v -12.284701 27.937482 0.450000
vn 0.000000 0.000000 1.000000
f 5674//1892 5675//1892 5676//1892
v -12.284701 27.937482 0.370000
v -12.000000 27.900000 0.370000
v -12.000000 27.900000 0.450000
vn -0.130526 -0.991445 0.000000
f 5677//1893 5678//1893 5679//1893
v -12.284701 27.937482 0.370000
v -12.000000 27.900000 0.450000
v -12.284701 27.937482 0.450000
vn -0.130526 -0.991445 0.000000
f 5680//1894 5681//1894 5682//1894
v -12.000000 29.000000 0.370000
v -12.000000 27.900000 0.370000
v -12.284701 27.937482 0.370000
vn 0.000000 -0.000000 -1.000000
f 5683//1895 5684//1895 5685//1895
v -12.000000 29.000000 0.450000
v -12.284701 27.937482 0.450000
v -12.000000 27.900000 0.450000
vn 0.000000 0.000000 1.000000
f 5686//1896 5687//1896 5688//1896
v -12.000000 27.900000 0.370000
v -11.715299 27.937482 0.370000
v -11.715299 27.937482 0.450000
vn 0.130526 -0.991445 0.000000
f 5689//1897 5690//1897 5691//1897
v -12.000000 27.900000 0.370000
v -11.715299 27.937482 0.450000
v -12.000000 27.900000 0.450000
vn 0.130526 -0.991445 0.000000
f 5692//1898 5693//1898 5694//1898
v -12.000000 29.000000 0.370000
v -11.715299 27.937482 0.370000
v -12.000000 27.900000 0.370000
vn 0.000000 0.000000 -1.000000
f 5695//1899 5696//1899 5697//1899
v -12.000000 29.000000 0.450000
v -12.000000 27.900000 0.450000
v -11.715299 27.937482 0.450000
vn 0.000000 0.000000 1.000000
f 5698//1900 5699//1900 5700//1900
v -11.715299 27.937482 0.370000
v -11.450000 28.047372 0.370000
v -11.450000 28.047372 0.450000
vn 0.382683 -0.923880 0.000000
f 5701//1901 5702//1901 5703//1901
v -11.715299 27.937482 0.370000
v -11.450000 28.047372 0.450000
v -11.715299 27.937482 0.450000
vn 0.382683 -0.923880 0.000000
f 5704//1902 5705//1902 5706//1902
v -12.000000 29.000000 0.370000
v -11.450000 28.047372 0.370000
v -11.715299 27.937482 0.370000
vn 0.000000 0.000000 -1.000000
f 5707//1903 5708//1903 5709//1903
v -12.000000 29.000000 0.450000
v -11.715299 27.937482 0.450000
v -11.450000 28.047372 0.450000
vn 0.000000 0.000000 1.000000
f 5710//1904 5711//1904 5712//1904
v -11.450000 28.047372 0.370000
v -11.222183 28.222183 0.370000
v -11.222183 28.222183 0.450000
vn 0.608761 -0.793353 0.000000
f 5713//1905 5714//1905 5715//1905
v -11.450000 28.047372 0.370000
v -11.222183 28.222183 0.450000
v -11.450000 28.047372 0.450000
vn 0.608761 -0.793353 0.000000
f 5716//1906 5717//1906 5718//1906
v -12.000000 29.000000 0.370000
v -11.222183 28.222183 0.370000
v -11.450000 28.047372 0.370000
vn 0.000000 0.000000 -1.000000
f 5719//1907 5720//1907 5721//1907
v -12.000000 29.000000 0.450000
v -11.450000 28.047372 0.450000
v -11.222183 28.222183 0.450000
vn 0.000000 0.000000 1.000000
f 5722//1908 5723//1908 5724//1908
v -11.222183 28.222183 0.370000
v -11.047372 28.450000 0.370000
v -11.047372 28.450000 0.450000
vn 0.793353 -0.608761 0.000000
f 5725//1909 5726//1909 5727//1909
v -11.222183 28.222183 0.370000
v -11.047372 28.450000 0.450000
v -11.222183 28.222183 0.450000
vn 0.793353 -0.608761 0.000000
f 5728//1910 5729//1910 5730//1910
v -12.000000 29.000000 0.370000
v -11.047372 28.450000 0.370000
v -11.222183 28.222183 0.370000
vn 0.000000 0.000000 -1.000000
f 5731//1911 5732//1911 5733//1911
v -12.000000 29.000000 0.450000
v -11.222183 28.222183 0.450000
v -11.047372 28.450000 0.450000
vn 0.000000 0.000000 1.000000
f 5734//1912 5735//1912 5736//1912
v -11.047372 28.450000 0.370000
v -10.937482 28.715299 0.370000
v -10.937482 28.715299 0.450000
vn 0.923880 -0.382683 0.000000
f 5737//1913 5738//1913 5739//1913
v -11.047372 28.450000 0.370000
v -10.937482 28.715299 0.450000
v -11.047372 28.450000 0.450000
vn 0.923880 -0.382683 0.000000
f 5740//1914 5741//1914 5742//1914
v -12.000000 29.000000 0.370000
v -10.937482 28.715299 0.370000
v -11.047372 28.450000 0.370000
vn 0.000000 0.000000 -1.000000
f 5743//1915 5744//1915 5745//1915
v -12.000000 29.000000 0.450000
v -11.047372 28.450000 0.450000
v -10.937482 28.715299 0.450000
vn 0.000000 0.000000 1.000000
f 5746//1916 5747//1916 5748//1916
v -10.937482 28.715299 0.370000
v -10.900000 29.000000 0.370000
v -10.900000 29.000000 0.450000
vn 0.991445 -0.130526 0.000000
f 5749//1917 5750//1917 5751//1917
v -10.937482 28.715299 0.370000
v -10.900000 29.000000 0.450000
v -10.937482 28.715299 0.450000
vn 0.991445 -0.130526 0.000000
f 5752//1918 5753//1918 5754//1918
v -12.000000 29.000000 0.370000
v -10.900000 29.000000 0.370000
v -10.937482 28.715299 0.370000
vn 0.000000 0.000000 -1.000000
f 5755//1919 5756//1919 5757//1919
v -12.000000 29.000000 0.450000
v -10.937482 28.715299 0.450000
v -10.900000 29.000000 0.450000
vn -0.000000 0.000000 1.000000
f 5758//1920 5759//1920 5760//1920
v -11.809510 29.087258 7.579894
v -11.806297 29.091145 7.520106
v -11.590490 28.912742 7.520106
vn -0.634897 -0.768012 -0.084052
f 5761//1921 5762//1921 5763//1921
v -11.809510 29.087258 7.579894
v -11.590490 28.912742 7.520106
v -11.593703 28.908855 7.579894
vn -0.634897 -0.768012 -0.084052
f 5764//1922 5765//1922 5766//1922
v -11.459077 29.511164 7.626286
v -11.243270 29.332762 7.626286
v -11.240057 29.336649 7.566499
vn 0.634897 0.768012 0.084052
f 5767//1923 5768//1923 5769//1923
v -11.459077 29.511164 7.626286
v -11.240057 29.336649 7.566499
v -11.455864 29.515051 7.566499
vn 0.634897 0.768012 0.084052
f 5770//1924 5771//1924 5772//1924
v -11.809510 29.087258 7.579894
v -11.593703 28.908855 7.579894
v -11.243270 29.332762 7.626286
vn -0.053554 -0.064782 0.996461
f 5773//1925 5774//1925 5775//1925
v -11.809510 29.087258 7.579894
v -11.243270 29.332762 7.626286
v -11.459077 29.511164 7.626286
vn -0.053554 -0.064782 0.996461
f 5776//1926 5777//1926 5778//1926
v -11.593703 28.908855 7.579894
v -11.590490 28.912742 7.520106
v -11.240057 29.336649 7.566499
vn 0.770739 -0.637151 0.000000
f 5779//1927 5780//1927 5781//1927
v -11.593703 28.908855 7.579894
v -11.240057 29.336649 7.566499
v -11.243270 29.332762 7.626286
vn 0.770739 -0.637151 0.000000
f 5782//1928 5783//1928 5784//1928
v -11.590490 28.912742 7.520106
v -11.806297 29.091145 7.520106
v -11.455864 29.515051 7.566499
vn 0.053554 0.064782 -0.996461
f 5785//1929 5786//1929 5787//1929
v -11.590490 28.912742 7.520106
v -11.455864 29.515051 7.566499
v -11.240057 29.336649 7.566499
vn 0.053554 0.064782 -0.996461
f 5788//1930 5789//1930 5790//1930
v -11.806297 29.091145 7.520106
v -11.809510 29.087258 7.579894
v -11.459077 29.511164 7.626286
vn -0.770739 0.637151 -0.000000
f 5791//1931 5792//1931 5793//1931
v -11.806297 29.091145 7.520106
v -11.459077 29.511164 7.626286
v -11.455864 29.515051 7.566499
vn -0.770739 0.637151 -0.000000
f 5794//1932 5795//1932 5796//1932
v -11.437214 29.500990 7.626180
v -11.441759 29.495491 7.566605
v -11.261920 29.346823 7.566605
vn -0.632631 -0.765271 0.118904
f 5797//1933 5798//1933 5799//1933
v -11.437214 29.500990 7.626180
v -11.261920 29.346823 7.566605
v -11.257375 29.352321 7.626180
vn -0.632631 -0.765271 0.118904
f 5800//1934 5801//1934 5802//1934
v -11.086780 29.924896 7.560315
v -10.906941 29.776228 7.560315
v -10.911487 29.770729 7.500741
vn 0.632631 0.765271 -0.118904
f 5803//1935 5804//1935 5805//1935
v -11.086780 29.924896 7.560315
v -10.911487 29.770729 7.500741
v -11.091326 29.919398 7.500741
vn 0.632631 0.765271 -0.118904
f 5806//1936 5807//1936 5808//1936
v -11.437214 29.500990 7.626180
v -11.257375 29.352321 7.626180
v -10.906941 29.776228 7.560315
vn 0.075760 0.091644 0.992906
f 5809//1937 5810//1937 5811//1937
v -11.437214 29.500990 7.626180
v -10.906941 29.776228 7.560315
v -11.086780 29.924896 7.560315
vn 0.075760 0.091644 0.992906
f 5812//1938 5813//1938 5814//1938
v -11.257375 29.352321 7.626180
v -11.261920 29.346823 7.566605
v -10.911487 29.770729 7.500741
vn 0.770739 -0.637151 0.000000
f 5815//1939 5816//1939 5817//1939
v -11.257375 29.352321 7.626180
v -10.911487 29.770729 7.500741
v -10.906941 29.776228 7.560315
vn 0.770739 -0.637151 0.000000
f 5818//1940 5819//1940 5820//1940
v -11.261920 29.346823 7.566605
v -11.441759 29.495491 7.566605
v -11.091326 29.919398 7.500741
vn -0.075760 -0.091644 -0.992906
f 5821//1941 5822//1941 5823//1941
v -11.261920 29.346823 7.566605
v -11.091326 29.919398 7.500741
v -10.911487 29.770729 7.500741
vn -0.075760 -0.091644 -0.992906
f 5824//1942 5825//1942 5826//1942
v -11.441759 29.495491 7.566605
v -11.437214 29.500990 7.626180
v -11.086780 29.924896 7.560315
vn -0.770739 0.637151 -0.000000
f 5827//1943 5828//1943 5829//1943
v -11.441759 29.495491 7.566605
v -11.086780 29.924896 7.560315
v -11.091326 29.919398 7.500741
vn -0.770739 0.637151 -0.000000
f 5830//1944 5831//1944 5832//1944
v -11.063225 29.916769 7.557886
v -11.078913 29.897792 7.503171
v -10.935042 29.778857 7.503171
vn -0.581032 -0.702853 0.410365
f 5833//1945 5834//1945 5835//1945
v -11.063225 29.916769 7.557886
v -10.935042 29.778857 7.503171
v -10.919354 29.797834 7.557886
vn -0.581032 -0.702853 0.410365
f 5836//1946 5837//1946 5838//1946
v -10.712792 30.340675 7.310386
v -10.568921 30.221740 7.310386
v -10.584609 30.202763 7.255671
vn 0.581032 0.702853 -0.410365
f 5839//1947 5840//1947 5841//1947
v -10.712792 30.340675 7.310386
v -10.584609 30.202763 7.255671
v -10.728480 30.321698 7.255671
vn 0.581032 0.702853 -0.410365
f 5842//1948 5843//1948 5844//1948
v -11.063225 29.916769 7.557886
v -10.919354 29.797834 7.557886
v -10.568921 30.221740 7.310386
vn 0.261464 0.316284 0.911922
f 5845//1949 5846//1949 5847//1949
v -11.063225 29.916769 7.557886
v -10.568921 30.221740 7.310386
v -10.712792 30.340675 7.310386
vn 0.261464 0.316284 0.911922
f 5848//1950 5849//1950 5850//1950
v -10.919354 29.797834 7.557886
v -10.935042 29.778857 7.503171
v -10.584609 30.202763 7.255671
vn 0.770739 -0.637151 -0.000000
f 5851//1951 5852//1951 5853//1951
v -10.919354 29.797834 7.557886
v -10.584609 30.202763 7.255671
v -10.568921 30.221740 7.310386
vn 0.770739 -0.637151 -0.000000
f 5854//1952 5855//1952 5856//1952
v -10.935042 29.778857 7.503171
v -11.078913 29.897792 7.503171
v -10.728480 30.321698 7.255671
vn -0.261464 -0.316284 -0.911922
f 5857//1953 5858//1953 5859//1953
v -10.935042 29.778857 7.503171
v -10.728480 30.321698 7.255671
v -10.584609 30.202763 7.255671
vn -0.261464 -0.316284 -0.911922
f 5860//1954 5861//1954 5862//1954
v -11.078913 29.897792 7.503171
v -11.063225 29.916769 7.557886
v -10.712792 30.340675 7.310386
vn -0.770739 0.637151 0.000000
f 5863//1955 5864//1955 5865//1955
v -11.078913 29.897792 7.503171
v -10.712792 30.340675 7.310386
v -10.728480 30.321698 7.255671
vn -0.770739 0.637151 0.000000
f 5866//1956 5867//1956 5868//1956
v -10.690894 30.330543 7.306680
v -10.714411 30.302096 7.259376
v -10.606507 30.212895 7.259376
vn -0.502335 -0.607657 0.615153
f 5869//1957 5870//1957 5871//1957
v -10.690894 30.330543 7.306680
v -10.606507 30.212895 7.259376
v -10.582991 30.241342 7.306680
vn -0.502335 -0.607657 0.615153
f 5872//1958 5873//1958 5874//1958
v -10.340461 30.754450 6.877545
v -10.232557 30.665249 6.877545
v -10.256074 30.636801 6.830240
vn 0.502335 0.607657 -0.615153
f 5875//1959 5876//1959 5877//1959
v -10.340461 30.754450 6.877545
v -10.256074 30.636801 6.830240
v -10.363978 30.726002 6.830240
vn 0.502335 0.607657 -0.615153
f 5878//1960 5879//1960 5880//1960
v -10.690894 30.330543 7.306680
v -10.582991 30.241342 7.306680
v -10.232557 30.665249 6.877545
vn 0.391945 0.474122 0.788408
f 5881//1961 5882//1961 5883//1961
v -10.690894 30.330543 7.306680
v -10.232557 30.665249 6.877545
v -10.340461 30.754450 6.877545
vn 0.391945 0.474122 0.788408
f 5884//1962 5885//1962 5886//1962
v -10.582991 30.241342 7.306680
v -10.606507 30.212895 7.259376
v -10.256074 30.636801 6.830240
vn 0.770739 -0.637151 -0.000000
f 5887//1963 5888//1963 5889//1963
v -10.582991 30.241342 7.306680
v -10.256074 30.636801 6.830240
v -10.232557 30.665249 6.877545
vn 0.770739 -0.637151 -0.000000
f 5890//1964 5891//1964 5892//1964
v -10.606507 30.212895 7.259376
v -10.714411 30.302096 7.259376
v -10.363978 30.726002 6.830240
vn -0.391945 -0.474122 -0.788408
f 5893//1965 5894//1965 5895//1965
v -10.606507 30.212895 7.259376
v -10.363978 30.726002 6.830240
v -10.256074 30.636801 6.830240
vn -0.391945 -0.474122 -0.788408
f 5896//1966 5897//1966 5898//1966
v -10.714411 30.302096 7.259376
v -10.690894 30.330543 7.306680
v -10.340461 30.754450 6.877545
vn -0.770739 0.637151 0.000000
f 5899//1967 5900//1967 5901//1967
v -10.714411 30.302096 7.259376
v -10.340461 30.754450 6.877545
v -10.363978 30.726002 6.830240
vn -0.770739 0.637151 0.000000
f 5902//1968 5903//1968 5904//1968
v -10.320826 30.741580 6.875272
v -10.347644 30.709139 6.832513
v -10.275709 30.649671 6.832513
vn -0.454073 -0.549276 0.701508
f 5905//1969 5906//1969 5907//1969
v -10.320826 30.741580 6.875272
v -10.275709 30.649671 6.832513
v -10.248891 30.682112 6.875272
vn -0.454073 -0.549276 0.701508
f 5908//1970 5909//1970 5910//1970
v -9.970393 31.165486 6.333880
v -9.898458 31.106019 6.333880
v -9.925276 31.073578 6.291120
vn 0.454073 0.549276 -0.701508
f 5911//1971 5912//1971 5913//1971
v -9.970393 31.165486 6.333880
v -9.925276 31.073578 6.291120
v -9.997211 31.133045 6.291120
vn 0.454073 0.549276 -0.701508
f 5914//1972 5915//1972 5916//1972
v -10.320826 30.741580 6.875272
v -10.248891 30.682112 6.875272
v -9.898458 31.106019 6.333880
vn 0.446967 0.540680 0.712661
f 5917//1973 5918//1973 5919//1973
v -10.320826 30.741580 6.875272
v -9.898458 31.106019 6.333880
v -9.970393 31.165486 6.333880
vn 0.446967 0.540680 0.712661
f 5920//1974 5921//1974 5922//1974
v -10.248891 30.682112 6.875272
v -10.275709 30.649671 6.832513
v -9.925276 31.073578 6.291120
vn 0.770739 -0.637151 0.000000
f 5923//1975 5924//1975 5925//1975
v -10.248891 30.682112 6.875272
v -9.925276 31.073578 6.291120
v -9.898458 31.106019 6.333880
vn 0.770739 -0.637151 0.000000
f 5926//1976 5927//1976 5928//1976
v -10.275709 30.649671 6.832513
v -10.347644 30.709139 6.832513
v -9.997211 31.133045 6.291120
vn -0.446967 -0.540680 -0.712661
f 5929//1977 5930//1977 5931//1977
v -10.275709 30.649671 6.832513
v -9.997211 31.133045 6.291120
v -9.925276 31.073578 6.291120
vn -0.446967 -0.540680 -0.712661
f 5932//1978 5933//1978 5934//1978
v -10.347644 30.709139 6.832513
v -10.320826 30.741580 6.875272
v -9.970393 31.165486 6.333880
vn -0.770739 0.637151 -0.000000
f 5935//1979 5936//1979 5937//1979
v -10.347644 30.709139 6.832513
v -9.970393 31.165486 6.333880
v -9.997211 31.133045 6.291120
vn -0.770739 0.637151 -0.000000
f 5938//1980 5939//1980 5940//1980
v -11.824865 28.936634 7.579894
v -11.827065 28.941172 7.520106
v -11.575135 29.063366 7.520106
vn 0.434862 -0.896566 -0.084052
f 5941//1981 5942//1981 5943//1981
v -11.824865 28.936634 7.579894
v -11.575135 29.063366 7.520106
v -11.572935 29.058828 7.579894
vn 0.434862 -0.896566 -0.084052
f 5944//1982 5945//1982 5946//1982
v -12.064888 29.431497 7.626286
v -11.812958 29.553690 7.626286
v -11.815159 29.558228 7.566499
vn -0.434862 0.896566 0.084052
f 5947//1983 5948//1983 5949//1983
v -12.064888 29.431497 7.626286
v -11.815159 29.558228 7.566499
v -12.067089 29.436034 7.566499
vn -0.434862 0.896566 0.084052
f 5950//1984 5951//1984 5952//1984
v -11.824865 28.936634 7.579894
v -11.572935 29.058828 7.579894
v -11.812958 29.553690 7.626286
vn 0.036681 -0.075626 0.996461
f 5953//1985 5954//1985 5955//1985
v -11.824865 28.936634 7.579894
v -11.812958 29.553690 7.626286
v -12.064888 29.431497 7.626286
vn 0.036681 -0.075626 0.996461
f 5956//1986 5957//1986 5958//1986
v -11.572935 29.058828 7.579894
v -11.575135 29.063366 7.520106
v -11.815159 29.558228 7.566499
vn 0.899750 0.436407 0.000000
f 5959//1987 5960//1987 5961//1987
v -11.572935 29.058828 7.579894
v -11.815159 29.558228 7.566499
v -11.812958 29.553690 7.626286
vn 0.899750 0.436407 0.000000
f 5962//1988 5963//1988 5964//1988
v -11.575135 29.063366 7.520106
v -11.827065 28.941172 7.520106
v -12.067089 29.436034 7.566499
vn -0.036681 0.075626 -0.996461
f 5965//1989 5966//1989 5967//1989
v -11.575135 29.063366 7.520106
v -12.067089 29.436034 7.566499
v -11.815159 29.558228 7.566499
vn -0.036681 0.075626 -0.996461
f 5968//1990 5969//1990 5970//1990
v -11.827065 28.941172 7.520106
v -11.824865 28.936634 7.579894
v -12.064888 29.431497 7.626286
vn -0.899750 -0.436407 -0.000000
f 5971//1991 5972//1991 5973//1991
v -11.827065 28.941172 7.520106
v -12.064888 29.431497 7.626286
v -12.067089 29.436034 7.566499
vn -0.899750 -0.436407 -0.000000
f 5974//1992 5975//1992 5976//1992
v -12.046551 29.447158 7.626180
v -12.043438 29.440739 7.566605
v -11.833496 29.542567 7.566605
vn 0.433311 -0.893367 0.118904
f 5977//1993 5978//1993 5979//1993
v -12.046551 29.447158 7.626180
v -11.833496 29.542567 7.566605
v -11.836610 29.548986 7.626180
vn 0.433311 -0.893367 0.118904
f 5980//1994 5981//1994 5982//1994
v -12.286575 29.942020 7.560315
v -12.076633 30.043848 7.560315
v -12.073520 30.037429 7.500741
vn -0.433311 0.893367 -0.118904
f 5983//1995 5984//1995 5985//1995
v -12.286575 29.942020 7.560315
v -12.073520 30.037429 7.500741
v -12.283461 29.935601 7.500741
vn -0.433311 0.893367 -0.118904
f 5986//1996 5987//1996 5988//1996
v -12.046551 29.447158 7.626180
v -11.836610 29.548986 7.626180
v -12.076633 30.043848 7.560315
vn -0.051890 0.106984 0.992906
f 5989//1997 5990//1997 5991//1997
v -12.046551 29.447158 7.626180
v -12.076633 30.043848 7.560315
v -12.286575 29.942020 7.560315
vn -0.051890 0.106984 0.992906
f 5992//1998 5993//1998 5994//1998
v -11.836610 29.548986 7.626180
v -11.833496 29.542567 7.566605
v -12.073520 30.037429 7.500741
vn 0.899750 0.436407 0.000000
f 5995//1999 5996//1999 5997//1999
v -11.836610 29.548986 7.626180
v -12.073520 30.037429 7.500741
v -12.076633 30.043848 7.560315
vn 0.899750 0.436407 0.000000
f 5998//2000 5999//2000 6000//2000
v -11.833496 29.542567 7.566605
v -12.043438 29.440739 7.566605
v -12.283461 29.935601 7.500741
vn 0.051890 -0.106984 -0.992906
f 6001//2001 6002//2001 6003//2001
v -11.833496 29.542567 7.566605
v -12.283461 29.935601 7.500741
v -12.073520 30.037429 7.500741
vn 0.051890 -0.106984 -0.992906
f 6004//2002 6005//2002 6006//2002
v -12.043438 29.440739 7.566605
v -12.046551 29.447158 7.626180
v -12.286575 29.942020 7.560315
vn -0.899750 -0.436407 -0.000000
f 6007//2003 6008//2003 6009//2003
v -12.043438 29.440739 7.566605
v -12.286575 29.942020 7.560315
v -12.283461 29.935601 7.500741
vn -0.899750 -0.436407 -0.000000
f 6010//2004 6011//2004 6012//2004
v -12.269396 29.960070 7.557886
v -12.258651 29.937916 7.503171
v -12.090698 30.019379 7.503171
vn 0.397969 -0.820501 0.410365
f 6013//2005 6014//2005 6015//2005
v -12.269396 29.960070 7.557886
v -12.090698 30.019379 7.503171
v -12.101443 30.041533 7.557886
vn 0.397969 -0.820501 0.410365
f 6016//2006 6017//2006 6018//2006
v -12.509420 30.454932 7.310386
v -12.341467 30.536395 7.310386
v -12.330722 30.514241 7.255671
vn -0.397969 0.820501 -0.410365
f 6019//2007 6020//2007 6021//2007
v -12.509420 30.454932 7.310386
v -12.330722 30.514241 7.255671
v -12.498675 30.432779 7.255671
vn -0.397969 0.820501 -0.410365
f 6022//2008 6023//2008 6024//2008
v -12.269396 29.960070 7.557886
v -12.101443 30.041533 7.557886
v -12.341467 30.536395 7.310386
vn -0.179086 0.369225 0.911922
f 6025//2009 6026//2009 6027//2009
v -12.269396 29.960070 7.557886
v -12.341467 30.536395 7.310386
v -12.509420 30.454932 7.310386
vn -0.179086 0.369225 0.911922
f 6028//2010 6029//2010 6030//2010
v -12.101443 30.041533 7.557886
v -12.090698 30.019379 7.503171
v -12.330722 30.514241 7.255671
vn 0.899750 0.436407 0.000000
f 6031//2011 6032//2011 6033//2011
v -12.101443 30.041533 7.557886
v -12.330722 30.514241 7.255671
v -12.341467 30.536395 7.310386
vn 0.899750 0.436407 0.000000
f 6034//2012 6035//2012 6036//2012
v -12.090698 30.019379 7.503171
v -12.258651 29.937916 7.503171
v -12.498675 30.432779 7.255671
vn 0.179086 -0.369225 -0.911922
f 6037//2013 6038//2013 6039//2013
v -12.090698 30.019379 7.503171
v -12.498675 30.432779 7.255671
v -12.330722 30.514241 7.255671
vn 0.179086 -0.369225 -0.911922
f 6040//2014 6041//2014 6042//2014
v -12.258651 29.937916 7.503171
v -12.269396 29.960070 7.557886
v -12.509420 30.454932 7.310386
vn -0.899750 -0.436407 -0.000000
f 6043//2015 6044//2015 6045//2015
v -12.258651 29.937916 7.503171
v -12.509420 30.454932 7.310386
v -12.498675 30.432779 7.255671
vn -0.899750 -0.436407 -0.000000
f 6046//2016 6047//2016 6048//2016
v -12.491107 30.470643 7.306680
v -12.475000 30.437434 7.259376
v -12.349035 30.498531 7.259376
vn 0.344066 -0.709370 0.615153
f 6049//2017 6050//2017 6051//2017
v -12.491107 30.470643 7.306680
v -12.349035 30.498531 7.259376
v -12.365142 30.531740 7.306680
vn 0.344066 -0.709370 0.615153
f 6052//2018 6053//2018 6054//2018
v -12.731131 30.965505 6.877545
v -12.605166 31.026602 6.877545
v -12.589058 30.993393 6.830240
vn -0.344066 0.709370 -0.615153
f 6055//2019 6056//2019 6057//2019
v -12.731131 30.965505 6.877545
v -12.589058 30.993393 6.830240
v -12.715023 30.932296 6.830240
vn -0.344066 0.709370 -0.615153
f 6058//2020 6059//2020 6060//2020
v -12.491107 30.470643 7.306680
v -12.365142 30.531740 7.306680
v -12.605166 31.026602 6.877545
vn -0.268457 0.553483 0.788408
f 6061//2021 6062//2021 6063//2021
v -12.491107 30.470643 7.306680
v -12.605166 31.026602 6.877545
v -12.731131 30.965505 6.877545
vn -0.268457 0.553483 0.788408
f 6064//2022 6065//2022 6066//2022
v -12.365142 30.531740 7.306680
v -12.349035 30.498531 7.259376
v -12.589058 30.993393 6.830240
vn 0.899750 0.436407 0.000000
f 6067//2023 6068//2023 6069//2023
v -12.365142 30.531740 7.306680
v -12.589058 30.993393 6.830240
v -12.605166 31.026602 6.877545
vn 0.899750 0.436407 0.000000
f 6070//2024 6071//2024 6072//2024
v -12.349035 30.498531 7.259376
v -12.475000 30.437434 7.259376
v -12.715023 30.932296 6.830240
vn 0.268457 -0.553483 -0.788408
f 6073//2025 6074//2025 6075//2025
v -12.349035 30.498531 7.259376
v -12.715023 30.932296 6.830240
v -12.589058 30.993393 6.830240
vn 0.268457 -0.553483 -0.788408
f 6076//2026 6077//2026 6078//2026
v -12.475000 30.437434 7.259376
v -12.491107 30.470643 7.306680
v -12.731131 30.965505 6.877545
vn -0.899750 -0.436407 -0.000000
f 6079//2027 6080//2027 6081//2027
v -12.475000 30.437434 7.259376
v -12.731131 30.965505 6.877545
v -12.715023 30.932296 6.830240
vn -0.899750 -0.436407 -0.000000
f 6082//2028 6083//2028 6084//2028
v -12.711267 30.978019 6.875272
v -12.692899 30.940148 6.832513
v -12.608922 30.980879 6.832513
vn 0.311010 -0.641217 0.701508
f 6085//2029 6086//2029 6087//2029
v -12.711267 30.978019 6.875272
v -12.608922 30.980879 6.832513
v -12.627290 31.018750 6.875272
vn 0.311010 -0.641217 0.701508
f 6088//2030 6089//2030 6090//2030
v -12.951291 31.472881 6.333880
v -12.867314 31.513612 6.333880
v -12.848946 31.475741 6.291120
vn -0.311010 0.641217 -0.701508
f 6091//2031 6092//2031 6093//2031
v -12.951291 31.472881 6.333880
v -12.848946 31.475741 6.291120
v -12.932922 31.435010 6.291120
vn -0.311010 0.641217 -0.701508
f 6094//2032 6095//2032 6096//2032
v -12.711267 30.978019 6.875272
v -12.627290 31.018750 6.875272
v -12.867314 31.513612 6.333880
vn -0.306143 0.631182 0.712661
f 6097//2033 6098//2033 6099//2033
v -12.711267 30.978019 6.875272
v -12.867314 31.513612 6.333880
v -12.951291 31.472881 6.333880
vn -0.306143 0.631182 0.712661
f 6100//2034 6101//2034 6102//2034
v -12.627290 31.018750 6.875272
v -12.608922 30.980879 6.832513
v -12.848946 31.475741 6.291120
vn 0.899750 0.436407 0.000000
f 6103//2035 6104//2035 6105//2035
v -12.627290 31.018750 6.875272
v -12.848946 31.475741 6.291120
v -12.867314 31.513612 6.333880
vn 0.899750 0.436407 0.000000
f 6106//2036 6107//2036 6108//2036
v -12.608922 30.980879 6.832513
v -12.692899 30.940148 6.832513
v -12.932922 31.435010 6.291120
vn 0.306143 -0.631182 -0.712661
f 6109//2037 6110//2037 6111//2037
v -12.608922 30.980879 6.832513
v -12.932922 31.435010 6.291120
v -12.848946 31.475741 6.291120
vn 0.306143 -0.631182 -0.712661
f 6112//2038 6113//2038 6114//2038
v -12.692899 30.940148 6.832513
v -12.711267 30.978019 6.875272
v -12.951291 31.472881 6.333880
vn -0.899750 -0.436407 -0.000000
f 6115//2039 6116//2039 6117//2039
v -12.692899 30.940148 6.832513
v -12.951291 31.472881 6.333880
v -12.932922 31.435010 6.291120
vn -0.899750 -0.436407 -0.000000
f 6118//2040 6119//2040 6120//2040
v -11.694231 28.860096 7.579894
v -11.699273 28.859979 7.520106
v -11.705769 29.139904 7.520106
vn 0.996193 0.023118 -0.084052
f 6121//2041 6122//2041 6123//2041
v -11.694231 28.860096 7.579894
v -11.705769 29.139904 7.520106
v -11.700727 29.140021 7.579894
vn 0.996193 0.023118 -0.084052
f 6124//2042 6125//2042 6126//2042
v -12.244083 28.847336 7.626286
v -12.250579 29.127261 7.626286
v -12.255621 29.127144 7.566499
vn -0.996193 -0.023118 0.084052
f 6127//2043 6128//2043 6129//2043
v -12.244083 28.847336 7.626286
v -12.255621 29.127144 7.566499
v -12.249125 28.847219 7.566499
vn -0.996193 -0.023118 0.084052
f 6130//2044 6131//2044 6132//2044
v -11.694231 28.860096 7.579894
v -11.700727 29.140021 7.579894
v -12.250579 29.127261 7.626286
vn 0.084029 0.001950 0.996461
f 6133//2045 6134//2045 6135//2045
v -11.694231 28.860096 7.579894
v -12.250579 29.127261 7.626286
v -12.244083 28.847336 7.626286
vn 0.084029 0.001950 0.996461
f 6136//2046 6137//2046 6138//2046
v -11.700727 29.140021 7.579894
v -11.705769 29.139904 7.520106
v -12.255621 29.127144 7.566499
vn -0.023200 0.999731 -0.000000
f 6139//2047 6140//2047 6141//2047
v -11.700727 29.140021 7.579894
v -12.255621 29.127144 7.566499
v -12.250579 29.127261 7.626286
vn -0.023200 0.999731 -0.000000
f 6142//2048 6143//2048 6144//2048
v -11.705769 29.139904 7.520106
v -11.699273 28.859979 7.520106
v -12.249125 28.847219 7.566499
vn -0.084029 -0.001950 -0.996461
f 6145//2049 6146//2049 6147//2049
v -11.705769 29.139904 7.520106
v -12.249125 28.847219 7.566499
v -12.255621 29.127144 7.566499
vn -0.084029 -0.001950 -0.996461
f 6148//2050 6149//2050 6150//2050
v -11.699273 28.859979 7.520106
v -11.694231 28.860096 7.579894
v -12.244083 28.847336 7.626286
vn 0.023200 -0.999731 0.000000
f 6151//2051 6152//2051 6153//2051
v -11.699273 28.859979 7.520106
v -12.244083 28.847336 7.626286
v -12.249125 28.847219 7.566499
vn 0.023200 -0.999731 0.000000
f 6154//2052 6155//2052 6156//2052
v -12.250711 28.870522 7.626180
v -12.243579 28.870688 7.566605
v -12.248992 29.103958 7.566605
vn 0.992639 0.023035 0.118904
f 6157//2053 6158//2053 6159//2053
v -12.250711 28.870522 7.626180
v -12.248992 29.103958 7.566605
v -12.256125 29.103793 7.626180
vn 0.992639 0.023035 0.118904
f 6160//2054 6161//2054 6162//2054
v -12.800563 28.857762 7.560315
v -12.805977 29.091033 7.560315
v -12.798844 29.091198 7.500741
vn -0.992639 -0.023035 -0.118904
f 6163//2055 6164//2055 6165//2055
v -12.800563 28.857762 7.560315
v -12.798844 29.091198 7.500741
v -12.793431 28.857928 7.500741
vn -0.992639 -0.023035 -0.118904
f 6166//2056 6167//2056 6168//2056
v -12.250711 28.870522 7.626180
v -12.256125 29.103793 7.626180
v -12.805977 29.091033 7.560315
vn -0.118872 -0.002759 0.992906
f 6169//2057 6170//2057 6171//2057
v -12.250711 28.870522 7.626180
v -12.805977 29.091033 7.560315
v -12.800563 28.857762 7.560315
vn -0.118872 -0.002759 0.992906
f 6172//2058 6173//2058 6174//2058
v -12.256125 29.103793 7.626180
v -12.248992 29.103958 7.566605
v -12.798844 29.091198 7.500741
vn -0.023200 0.999731 0.000000
f 6175//2059 6176//2059 6177//2059
v -12.256125 29.103793 7.626180
v -12.798844 29.091198 7.500741
v -12.805977 29.091033 7.560315
vn -0.023200 0.999731 0.000000
f 6178//2060 6179//2060 6180//2060
v -12.248992 29.103958 7.566605
v -12.243579 28.870688 7.566605
v -12.793431 28.857928 7.500741
vn 0.118872 0.002759 -0.992906
f 6181//2061 6182//2061 6183//2061
v -12.248992 29.103958 7.566605
v -12.793431 28.857928 7.500741
v -12.798844 29.091198 7.500741
vn 0.118872 0.002759 -0.992906
f 6184//2062 6185//2062 6186//2062
v -12.243579 28.870688 7.566605
v -12.250711 28.870522 7.626180
v -12.800563 28.857762 7.560315
vn 0.023200 -0.999731 -0.000000
f 6187//2063 6188//2063 6189//2063
v -12.243579 28.870688 7.566605
v -12.800563 28.857762 7.560315
v -12.793431 28.857928 7.500741
vn 0.023200 -0.999731 -0.000000
f 6190//2064 6191//2064 6192//2064
v -12.809846 28.880886 7.557886
v -12.785231 28.881457 7.503171
v -12.789562 29.068074 7.503171
vn 0.911676 0.021157 0.410365
f 6193//2065 6194//2065 6195//2065
v -12.809846 28.880886 7.557886
v -12.789562 29.068074 7.503171
v -12.814177 29.067503 7.557886
vn 0.911676 0.021157 0.410365
f 6196//2066 6197//2066 6198//2066
v -13.359698 28.868126 7.310386
v -13.364029 29.054743 7.310386
v -13.339414 29.055314 7.255671
vn -0.911676 -0.021157 -0.410365
f 6199//2067 6200//2067 6201//2067
v -13.359698 28.868126 7.310386
v -13.339414 29.055314 7.255671
v -13.335083 28.868698 7.255671
vn -0.911676 -0.021157 -0.410365
f 6202//2068 6203//2068 6204//2068
v -12.809846 28.880886 7.557886
v -12.814177 29.067503 7.557886
v -13.364029 29.054743 7.310386
vn -0.410254 -0.009520 0.911922
f 6205//2069 6206//2069 6207//2069
v -12.809846 28.880886 7.557886
v -13.364029 29.054743 7.310386
v -13.359698 28.868126 7.310386
vn -0.410254 -0.009520 0.911922
f 6208//2070 6209//2070 6210//2070
v -12.814177 29.067503 7.557886
v -12.789562 29.068074 7.503171
v -13.339414 29.055314 7.255671
vn -0.023200 0.999731 -0.000000
f 6211//2071 6212//2071 6213//2071
v -12.814177 29.067503 7.557886
v -13.339414 29.055314 7.255671
v -13.364029 29.054743 7.310386
vn -0.023200 0.999731 -0.000000
f 6214//2072 6215//2072 6216//2072
v -12.789562 29.068074 7.503171
v -12.785231 28.881457 7.503171
v -13.335083 28.868698 7.255671
vn 0.410254 0.009520 -0.911922
f 6217//2073 6218//2073 6219//2073
v -12.789562 29.068074 7.503171
v -13.335083 28.868698 7.255671
v -13.339414 29.055314 7.255671
vn 0.410254 0.009520 -0.911922
f 6220//2074 6221//2074 6222//2074
v -12.785231 28.881457 7.503171
v -12.809846 28.880886 7.557886
v -13.359698 28.868126 7.310386
vn 0.023200 -0.999731 0.000000
f 6223//2075 6224//2075 6225//2075
v -12.785231 28.881457 7.503171
v -13.359698 28.868126 7.310386
v -13.335083 28.868698 7.255671
vn 0.023200 -0.999731 0.000000
f 6226//2076 6227//2076 6228//2076
v -13.366382 28.891311 7.306680
v -13.329482 28.892167 7.259376
v -13.332730 29.032129 7.259376
vn 0.788196 0.018291 0.615153
f 6229//2077 6230//2077 6231//2077
v -13.366382 28.891311 7.306680
v -13.332730 29.032129 7.259376
v -13.369630 29.031273 7.306680
vn 0.788196 0.018291 0.615153
f 6232//2078 6233//2078 6234//2078
v -13.916233 28.878551 6.877545
v -13.919481 29.018513 6.877545
v -13.882582 29.019369 6.830240
vn -0.788196 -0.018291 -0.615153
f 6235//2079 6236//2079 6237//2079
v -13.916233 28.878551 6.877545
v -13.882582 29.019369 6.830240
v -13.879334 28.879407 6.830240
vn -0.788196 -0.018291 -0.615153
f 6238//2080 6239//2080 6240//2080
v -13.366382 28.891311 7.306680
v -13.369630 29.031273 7.306680
v -13.919481 29.018513 6.877545
vn -0.614987 -0.014271 0.788408
f 6241//2081 6242//2081 6243//2081
v -13.366382 28.891311 7.306680
v -13.919481 29.018513 6.877545
v -13.916233 28.878551 6.877545
vn -0.614987 -0.014271 0.788408
f 6244//2082 6245//2082 6246//2082
v -13.369630 29.031273 7.306680
v -13.332730 29.032129 7.259376
v -13.882582 29.019369 6.830240
vn -0.023200 0.999731 -0.000000
f 6247//2083 6248//2083 6249//2083
v -13.369630 29.031273 7.306680
v -13.882582 29.019369 6.830240
v -13.919481 29.018513 6.877545
vn -0.023200 0.999731 -0.000000
f 6250//2084 6251//2084 6252//2084
v -13.332730 29.032129 7.259376
v -13.329482 28.892167 7.259376
v -13.879334 28.879407 6.830240
vn 0.614987 0.014271 -0.788408
f 6253//2085 6254//2085 6255//2085
v -13.332730 29.032129 7.259376
v -13.879334 28.879407 6.830240
v -13.882582 29.019369 6.830240
vn 0.614987 0.014271 -0.788408
f 6256//2086 6257//2086 6258//2086
v -13.329482 28.892167 7.259376
v -13.366382 28.891311 7.306680
v -13.916233 28.878551 6.877545
vn 0.023200 -0.999731 0.000000
f 6259//2087 6260//2087 6261//2087
v -13.329482 28.892167 7.259376
v -13.916233 28.878551 6.877545
v -13.879334 28.879407 6.830240
vn 0.023200 -0.999731 0.000000
f 6262//2088 6263//2088 6264//2088
v -13.919365 28.901818 6.875272
v -13.877286 28.902794 6.832513
v -13.879451 28.996103 6.832513
vn 0.712469 0.016534 0.701508
f 6265//2089 6266//2089 6267//2089
v -13.919365 28.901818 6.875272
v -13.879451 28.996103 6.832513
v -13.921530 28.995126 6.875272
vn 0.712469 0.016534 0.701508
f 6268//2090 6269//2090 6270//2090
v -14.469217 28.889058 6.333880
v -14.471382 28.982366 6.333880
v -14.429303 28.983343 6.291120
vn -0.712469 -0.016534 -0.701508
f 6271//2091 6272//2091 6273//2091
v -14.469217 28.889058 6.333880
v -14.429303 28.983343 6.291120
v -14.427138 28.890034 6.291120
vn -0.712469 -0.016534 -0.701508
f 6274//2092 6275//2092 6276//2092
v -13.919365 28.901818 6.875272
v -13.921530 28.995126 6.875272
v -14.471382 28.982366 6.333880
vn -0.701319 -0.016275 0.712661
f 6277//2093 6278//2093 6279//2093
v -13.919365 28.901818 6.875272
v -14.471382 28.982366 6.333880
v -14.469217 28.889058 6.333880
vn -0.701319 -0.016275 0.712661
f 6280//2094 6281//2094 6282//2094
v -13.921530 28.995126 6.875272
v -13.879451 28.996103 6.832513
v -14.429303 28.983343 6.291120
vn -0.023200 0.999731 0.000000
f 6283//2095 6284//2095 6285//2095
v -13.921530 28.995126 6.875272
v -14.429303 28.983343 6.291120
v -14.471382 28.982366 6.333880
vn -0.023200 0.999731 0.000000
f 6286//2096 6287//2096 6288//2096
v -13.879451 28.996103 6.832513
v -13.877286 28.902794 6.832513
v -14.427138 28.890034 6.291120
vn 0.701319 0.016275 -0.712661
f 6289//2097 6290//2097 6291//2097
v -13.879451 28.996103 6.832513
v -14.427138 28.890034 6.291120
v -14.429303 28.983343 6.291120
vn 0.701319 0.016275 -0.712661
f 6292//2098 6293//2098 6294//2098
v -13.877286 28.902794 6.832513
v -13.919365 28.901818 6.875272
v -14.469217 28.889058 6.333880
vn 0.023200 -0.999731 -0.000000
f 6295//2099 6296//2099 6297//2099
v -13.877286 28.902794 6.832513
v -14.469217 28.889058 6.333880
v -14.427138 28.890034 6.291120
vn 0.023200 -0.999731 -0.000000
f 6298//2100 6299//2100 6300//2100
v -11.570343 28.947129 7.579894
v -11.572331 28.942495 7.520106
v -11.829657 29.052871 7.520106
vn 0.392805 0.915773 -0.084052
f 6301//2101 6302//2101 6303//2101
v -11.570343 28.947129 7.579894
v -11.829657 29.052871 7.520106
v -11.827669 29.057505 7.579894
vn 0.392805 0.915773 -0.084052
f 6304//2102 6305//2102 6306//2102
v -11.787152 28.441666 7.626286
v -12.044479 28.552042 7.626286
v -12.046467 28.547407 7.566499
vn -0.392805 -0.915773 0.084052
f 6307//2103 6308//2103 6309//2103
v -11.787152 28.441666 7.626286
v -12.046467 28.547407 7.566499
v -11.789140 28.437031 7.566499
vn -0.392805 -0.915773 0.084052
f 6310//2104 6311//2104 6312//2104
v -11.570343 28.947129 7.579894
v -11.827669 29.057505 7.579894
v -12.044479 28.552042 7.626286
vn 0.033133 0.077246 0.996461
f 6313//2105 6314//2105 6315//2105
v -11.570343 28.947129 7.579894
v -12.044479 28.552042 7.626286
v -11.787152 28.441666 7.626286
vn 0.033133 0.077246 0.996461
f 6316//2106 6317//2106 6318//2106
v -11.827669 29.057505 7.579894
v -11.829657 29.052871 7.520106
v -12.046467 28.547407 7.566499
vn -0.919025 0.394200 -0.000000
f 6319//2107 6320//2107 6321//2107
v -11.827669 29.057505 7.579894
v -12.046467 28.547407 7.566499
v -12.044479 28.552042 7.626286
vn -0.919025 0.394200 -0.000000
f 6322//2108 6323//2108 6324//2108
v -11.829657 29.052871 7.520106
v -11.572331 28.942495 7.520106
v -11.789140 28.437031 7.566499
vn -0.033133 -0.077246 -0.996461
f 6325//2109 6326//2109 6327//2109
v -11.829657 29.052871 7.520106
v -11.789140 28.437031 7.566499
v -12.046467 28.547407 7.566499
vn -0.033133 -0.077246 -0.996461
f 6328//2110 6329//2110 6330//2110
v -11.572331 28.942495 7.520106
v -11.570343 28.947129 7.579894
v -11.787152 28.441666 7.626286
vn 0.919025 -0.394200 0.000000
f 6331//2111 6332//2111 6333//2111
v -11.572331 28.942495 7.520106
v -11.787152 28.441666 7.626286
v -11.789140 28.437031 7.566499
vn 0.919025 -0.394200 0.000000
f 6334//2112 6335//2112 6336//2112
v -11.810996 28.445268 7.626180
v -11.808184 28.451825 7.566605
v -12.022623 28.543805 7.566605
vn 0.391403 0.912505 0.118904
f 6337//2113 6338//2113 6339//2113
v -11.810996 28.445268 7.626180
v -12.022623 28.543805 7.566605
v -12.025436 28.537248 7.626180
vn 0.391403 0.912505 0.118904
f 6340//2114 6341//2114 6342//2114
v -12.027806 27.939805 7.560315
v -12.242246 28.031784 7.560315
v -12.239433 28.038341 7.500741
vn -0.391403 -0.912505 -0.118904
f 6343//2115 6344//2115 6345//2115
v -12.027806 27.939805 7.560315
v -12.239433 28.038341 7.500741
v -12.024994 27.946361 7.500741
vn -0.391403 -0.912505 -0.118904
f 6346//2116 6347//2116 6348//2116
v -11.810996 28.445268 7.626180
v -12.025436 28.537248 7.626180
v -12.242246 28.031784 7.560315
vn -0.046872 -0.109276 0.992906
f 6349//2117 6350//2117 6351//2117
v -11.810996 28.445268 7.626180
v -12.242246 28.031784 7.560315
v -12.027806 27.939805 7.560315
vn -0.046872 -0.109276 0.992906
f 6352//2118 6353//2118 6354//2118
v -12.025436 28.537248 7.626180
v -12.022623 28.543805 7.566605
v -12.239433 28.038341 7.500741
vn -0.919025 0.394200 -0.000000
f 6355//2119 6356//2119 6357//2119
v -12.025436 28.537248 7.626180
v -12.239433 28.038341 7.500741
v -12.242246 28.031784 7.560315
vn -0.919025 0.394200 -0.000000
f 6358//2120 6359//2120 6360//2120
v -12.022623 28.543805 7.566605
v -11.808184 28.451825 7.566605
v -12.024994 27.946361 7.500741
vn 0.046872 0.109276 -0.992906
f 6361//2121 6362//2121 6363//2121
v -12.022623 28.543805 7.566605
v -12.024994 27.946361 7.500741
v -12.239433 28.038341 7.500741
vn 0.046872 0.109276 -0.992906
f 6364//2122 6365//2122 6366//2122
v -11.808184 28.451825 7.566605
v -11.810996 28.445268 7.626180
v -12.027806 27.939805 7.560315
vn 0.919025 -0.394200 0.000000
f 6367//2123 6368//2123 6369//2123
v -11.808184 28.451825 7.566605
v -12.027806 27.939805 7.560315
v -12.024994 27.946361 7.500741
vn 0.919025 -0.394200 0.000000
f 6370//2124 6371//2124 6372//2124
v -12.052697 27.940967 7.557886
v -12.042991 27.963595 7.503171
v -12.214542 28.037179 7.503171
vn 0.359479 0.838078 0.410365
f 6373//2125 6374//2125 6375//2125
v -12.052697 27.940967 7.557886
v -12.214542 28.037179 7.503171
v -12.224248 28.014551 7.557886
vn 0.359479 0.838078 0.410365
f 6376//2126 6377//2126 6378//2126
v -12.269507 27.435503 7.310386
v -12.441058 27.509087 7.310386
v -12.431352 27.531715 7.255671
vn -0.359479 -0.838078 -0.410365
f 6379//2127 6380//2127 6381//2127
v -12.269507 27.435503 7.310386
v -12.431352 27.531715 7.255671
v -12.259801 27.458131 7.255671
vn -0.359479 -0.838078 -0.410365
f 6382//2128 6383//2128 6384//2128
v -12.052697 27.940967 7.557886
v -12.224248 28.014551 7.557886
v -12.441058 27.509087 7.310386
vn -0.161766 -0.377135 0.911922
f 6385//2129 6386//2129 6387//2129
v -12.052697 27.940967 7.557886
v -12.441058 27.509087 7.310386
v -12.269507 27.435503 7.310386
vn -0.161766 -0.377135 0.911922
f 6388//2130 6389//2130 6390//2130
v -12.224248 28.014551 7.557886
v -12.214542 28.037179 7.503171
v -12.431352 27.531715 7.255671
vn -0.919025 0.394200 0.000000
f 6391//2131 6392//2131 6393//2131
v -12.224248 28.014551 7.557886
v -12.431352 27.531715 7.255671
v -12.441058 27.509087 7.310386
vn -0.919025 0.394200 0.000000
f 6394//2132 6395//2132 6396//2132
v -12.214542 28.037179 7.503171
v -12.042991 27.963595 7.503171
v -12.259801 27.458131 7.255671
vn 0.161766 0.377135 -0.911922
f 6397//2133 6398//2133 6399//2133
v -12.214542 28.037179 7.503171
v -12.259801 27.458131 7.255671
v -12.431352 27.531715 7.255671
vn 0.161766 0.377135 -0.911922
f 6400//2134 6401//2134 6402//2134
v -12.042991 27.963595 7.503171
v -12.052697 27.940967 7.557886
v -12.269507 27.435503 7.310386
vn 0.919025 -0.394200 -0.000000
f 6403//2135 6404//2135 6405//2135
v -12.042991 27.963595 7.503171
v -12.269507 27.435503 7.310386
v -12.259801 27.458131 7.255671
vn 0.919025 -0.394200 -0.000000
f 6406//2136 6407//2136 6408//2136
v -12.293373 27.439055 7.306680
v -12.278823 27.472975 7.259376
v -12.407487 27.528163 7.259376
vn 0.310790 0.724566 0.615153
f 6409//2137 6410//2137 6411//2137
v -12.293373 27.439055 7.306680
v -12.407487 27.528163 7.259376
v -12.422036 27.494243 7.306680
vn 0.310790 0.724566 0.615153
f 6412//2138 6413//2138 6414//2138
v -12.510183 26.933591 6.877545
v -12.638846 26.988779 6.877545
v -12.624297 27.022700 6.830240
vn -0.310790 -0.724566 -0.615153
f 6415//2139 6416//2139 6417//2139
v -12.510183 26.933591 6.877545
v -12.624297 27.022700 6.830240
v -12.495633 26.967512 6.830240
vn -0.310790 -0.724566 -0.615153
f 6418//2140 6419//2140 6420//2140
v -12.293373 27.439055 7.306680
v -12.422036 27.494243 7.306680
v -12.638846 26.988779 6.877545
vn -0.242493 -0.565341 0.788408
f 6421//2141 6422//2141 6423//2141
v -12.293373 27.439055 7.306680
v -12.638846 26.988779 6.877545
v -12.510183 26.933591 6.877545
vn -0.242493 -0.565341 0.788408
f 6424//2142 6425//2142 6426//2142
v -12.422036 27.494243 7.306680
v -12.407487 27.528163 7.259376
v -12.624297 27.022700 6.830240
vn -0.919025 0.394200 -0.000000
f 6427//2143 6428//2143 6429//2143
v -12.422036 27.494243 7.306680
v -12.624297 27.022700 6.830240
v -12.638846 26.988779 6.877545
vn -0.919025 0.394200 -0.000000
f 6430//2144 6431//2144 6432//2144
v -12.407487 27.528163 7.259376
v -12.278823 27.472975 7.259376
v -12.495633 26.967512 6.830240
vn 0.242493 0.565341 -0.788408
f 6433//2145 6434//2145 6435//2145
v -12.407487 27.528163 7.259376
v -12.495633 26.967512 6.830240
v -12.624297 27.022700 6.830240
vn 0.242493 0.565341 -0.788408
f 6436//2146 6437//2146 6438//2146
v -12.278823 27.472975 7.259376
v -12.293373 27.439055 7.306680
v -12.510183 26.933591 6.877545
vn 0.919025 -0.394200 0.000000
f 6439//2147 6440//2147 6441//2147
v -12.278823 27.472975 7.259376
v -12.510183 26.933591 6.877545
v -12.495633 26.967512 6.830240
vn 0.919025 -0.394200 0.000000
f 6442//2148 6443//2148 6444//2148
v -12.532648 26.940408 6.875272
v -12.516056 26.979091 6.832513
v -12.601831 27.015883 6.832513
vn 0.280931 0.654953 0.701508
f 6445//2149 6446//2149 6447//2149
v -12.532648 26.940408 6.875272
v -12.601831 27.015883 6.832513
v -12.618423 26.977200 6.875272
vn 0.280931 0.654953 0.701508
f 6448//2150 6449//2150 6450//2150
v -12.749458 26.434945 6.333880
v -12.835233 26.471737 6.333880
v -12.818641 26.510419 6.291120
vn -0.280931 -0.654953 -0.701508
f 6451//2151 6452//2151 6453//2151
v -12.749458 26.434945 6.333880
v -12.818641 26.510419 6.291120
v -12.732866 26.473627 6.291120
vn -0.280931 -0.654953 -0.701508
f 6454//2152 6455//2152 6456//2152
v -12.532648 26.940408 6.875272
v -12.618423 26.977200 6.875272
v -12.835233 26.471737 6.333880
vn -0.276534 -0.644703 0.712661
f 6457//2153 6458//2153 6459//2153
v -12.532648 26.940408 6.875272
v -12.835233 26.471737 6.333880
v -12.749458 26.434945 6.333880
vn -0.276534 -0.644703 0.712661
f 6460//2154 6461//2154 6462//2154
v -12.618423 26.977200 6.875272
v -12.601831 27.015883 6.832513
v -12.818641 26.510419 6.291120
vn -0.919025 0.394200 0.000000
f 6463//2155 6464//2155 6465//2155
v -12.618423 26.977200 6.875272
v -12.818641 26.510419 6.291120
v -12.835233 26.471737 6.333880
vn -0.919025 0.394200 0.000000
f 6466//2156 6467//2156 6468//2156
v -12.601831 27.015883 6.832513
v -12.516056 26.979091 6.832513
v -12.732866 26.473627 6.291120
vn 0.276534 0.644703 -0.712661
f 6469//2157 6470//2157 6471//2157
v -12.601831 27.015883 6.832513
v -12.732866 26.473627 6.291120
v -12.818641 26.510419 6.291120
vn 0.276534 0.644703 -0.712661
f 6472//2158 6473//2158 6474//2158
v -12.516056 26.979091 6.832513
v -12.532648 26.940408 6.875272
v -12.749458 26.434945 6.333880
vn 0.919025 -0.394200 -0.000000
f 6475//2159 6476//2159 6477//2159
v -12.516056 26.979091 6.832513
v -12.749458 26.434945 6.333880
v -12.732866 26.473627 6.291120
vn 0.919025 -0.394200 -0.000000
f 6478//2160 6479//2160 6480//2160
v -11.598046 29.095977 7.579894
v -11.594655 29.092244 7.520106
v -11.801954 28.904023 7.520106
vn -0.669839 0.737734 -0.084052
f 6481//2161 6482//2161 6483//2161
v -11.598046 29.095977 7.579894
v -11.801954 28.904023 7.520106
v -11.805345 28.907756 7.579894
vn -0.669839 0.737734 -0.084052
f 6484//2162 6485//2162 6486//2162
v -11.228326 28.688783 7.626286
v -11.435625 28.500562 7.626286
v -11.432235 28.496828 7.566499
vn 0.669839 -0.737734 0.084052
f 6487//2163 6488//2163 6489//2163
v -11.228326 28.688783 7.626286
v -11.432235 28.496828 7.566499
v -11.224936 28.685049 7.566499
vn 0.669839 -0.737734 0.084052
f 6490//2164 6491//2164 6492//2164
v -11.598046 29.095977 7.579894
v -11.805345 28.907756 7.579894
v -11.435625 28.500562 7.626286
vn -0.056501 0.062228 0.996461
f 6493//2165 6494//2165 6495//2165
v -11.598046 29.095977 7.579894
v -11.435625 28.500562 7.626286
v -11.228326 28.688783 7.626286
vn -0.056501 0.062228 0.996461
f 6496//2166 6497//2166 6498//2166
v -11.805345 28.907756 7.579894
v -11.801954 28.904023 7.520106
v -11.432235 28.496828 7.566499
vn -0.740353 -0.672218 -0.000000
f 6499//2167 6500//2167 6501//2167
v -11.805345 28.907756 7.579894
v -11.432235 28.496828 7.566499
v -11.435625 28.500562 7.626286
vn -0.740353 -0.672218 -0.000000
f 6502//2168 6503//2168 6504//2168
v -11.801954 28.904023 7.520106
v -11.594655 29.092244 7.520106
v -11.224936 28.685049 7.566499
vn 0.056501 -0.062228 -0.996461
f 6505//2169 6506//2169 6507//2169
v -11.801954 28.904023 7.520106
v -11.224936 28.685049 7.566499
v -11.432235 28.496828 7.566499
vn 0.056501 -0.062228 -0.996461
f 6508//2170 6509//2170 6510//2170
v -11.594655 29.092244 7.520106
v -11.598046 29.095977 7.579894
v -11.228326 28.688783 7.626286
vn 0.740353 0.672218 0.000000
f 6511//2171 6512//2171 6513//2171
v -11.594655 29.092244 7.520106
v -11.228326 28.688783 7.626286
v -11.224936 28.685049 7.566499
vn 0.740353 0.672218 0.000000
f 6514//2172 6515//2172 6516//2172
v -11.241508 28.668590 7.626180
v -11.246304 28.673872 7.566605
v -11.419053 28.517021 7.566605
vn -0.667449 0.735101 0.118904
f 6517//2173 6518//2173 6519//2173
v -11.241508 28.668590 7.626180
v -11.419053 28.517021 7.566605
v -11.414257 28.511739 7.626180
vn -0.667449 0.735101 0.118904
f 6520//2174 6521//2174 6522//2174
v -10.871788 28.261396 7.560315
v -11.044537 28.104545 7.560315
v -11.049333 28.109827 7.500741
vn 0.667449 -0.735101 -0.118904
f 6523//2175 6524//2175 6525//2175
v -10.871788 28.261396 7.560315
v -11.049333 28.109827 7.500741
v -10.876584 28.266678 7.500741
vn 0.667449 -0.735101 -0.118904
f 6526//2176 6527//2176 6528//2176
v -11.241508 28.668590 7.626180
v -11.414257 28.511739 7.626180
v -11.044537 28.104545 7.560315
vn 0.079929 -0.088031 0.992906
f 6529//2177 6530//2177 6531//2177
v -11.241508 28.668590 7.626180
v -11.044537 28.104545 7.560315
v -10.871788 28.261396 7.560315
vn 0.079929 -0.088031 0.992906
f 6532//2178 6533//2178 6534//2178
v -11.414257 28.511739 7.626180
v -11.419053 28.517021 7.566605
v -11.049333 28.109827 7.500741
vn -0.740353 -0.672218 0.000000
f 6535//2179 6536//2179 6537//2179
v -11.414257 28.511739 7.626180
v -11.049333 28.109827 7.500741
v -11.044537 28.104545 7.560315
vn -0.740353 -0.672218 0.000000
f 6538//2180 6539//2180 6540//2180
v -11.419053 28.517021 7.566605
v -11.246304 28.673872 7.566605
v -10.876584 28.266678 7.500741
vn -0.079929 0.088031 -0.992906
f 6541//2181 6542//2181 6543//2181
v -11.419053 28.517021 7.566605
v -10.876584 28.266678 7.500741
v -11.049333 28.109827 7.500741
vn -0.079929 0.088031 -0.992906
f 6544//2182 6545//2182 6546//2182
v -11.246304 28.673872 7.566605
v -11.241508 28.668590 7.626180
v -10.871788 28.261396 7.560315
vn 0.740353 0.672218 -0.000000
f 6547//2183 6548//2183 6549//2183
v -11.246304 28.673872 7.566605
v -10.871788 28.261396 7.560315
v -10.876584 28.266678 7.500741
vn 0.740353 0.672218 -0.000000
f 6550//2184 6551//2184 6552//2184
v -10.883185 28.239237 7.557886
v -10.899736 28.257466 7.503171
v -11.037936 28.131985 7.503171
vn -0.613010 0.675144 0.410365
f 6553//2185 6554//2185 6555//2185
v -10.883185 28.239237 7.557886
v -11.037936 28.131985 7.503171
v -11.021384 28.113756 7.557886
vn -0.613010 0.675144 0.410365
f 6556//2186 6557//2186 6558//2186
v -10.513465 27.832043 7.310386
v -10.651665 27.706562 7.310386
v -10.668216 27.724791 7.255671
vn 0.613010 -0.675144 -0.410365
f 6559//2187 6560//2187 6561//2187
v -10.513465 27.832043 7.310386
v -10.668216 27.724791 7.255671
v -10.530017 27.850272 7.255671
vn 0.613010 -0.675144 -0.410365
f 6562//2188 6563//2188 6564//2188
v -10.883185 28.239237 7.557886
v -11.021384 28.113756 7.557886
v -10.651665 27.706562 7.310386
vn 0.275854 -0.303815 0.911922
f 6565//2189 6566//2189 6567//2189
v -10.883185 28.239237 7.557886
v -10.651665 27.706562 7.310386
v -10.513465 27.832043 7.310386
vn 0.275854 -0.303815 0.911922
f 6568//2190 6569//2190 6570//2190
v -11.021384 28.113756 7.557886
v -11.037936 28.131985 7.503171
v -10.668216 27.724791 7.255671
vn -0.740353 -0.672218 0.000000
f 6571//2191 6572//2191 6573//2191
v -11.021384 28.113756 7.557886
v -10.668216 27.724791 7.255671
v -10.651665 27.706562 7.310386
vn -0.740353 -0.672218 0.000000
f 6574//2192 6575//2192 6576//2192
v -11.037936 28.131985 7.503171
v -10.899736 28.257466 7.503171
v -10.530017 27.850272 7.255671
vn -0.275854 0.303815 -0.911922
f 6577//2193 6578//2193 6579//2193
v -11.037936 28.131985 7.503171
v -10.530017 27.850272 7.255671
v -10.668216 27.724791 7.255671
vn -0.275854 0.303815 -0.911922
f 6580//2194 6581//2194 6582//2194
v -10.899736 28.257466 7.503171
v -10.883185 28.239237 7.557886
v -10.513465 27.832043 7.310386
vn 0.740353 0.672218 -0.000000
f 6583//2195 6584//2195 6585//2195
v -10.899736 28.257466 7.503171
v -10.513465 27.832043 7.310386
v -10.530017 27.850272 7.255671
vn 0.740353 0.672218 -0.000000
f 6586//2196 6587//2196 6588//2196
v -10.526610 27.811809 7.306680
v -10.551421 27.839135 7.259376
v -10.655071 27.745024 7.259376
vn -0.529982 0.583701 0.615153
f 6589//2197 6590//2197 6591//2197
v -10.526610 27.811809 7.306680
v -10.655071 27.745024 7.259376
v -10.630260 27.717699 7.306680
vn -0.529982 0.583701 0.615153
f 6592//2198 6593//2198 6594//2198
v -10.156891 27.404615 6.877545
v -10.260540 27.310504 6.877545
v -10.285351 27.337830 6.830240
vn 0.529982 -0.583701 -0.615153
f 6595//2199 6596//2199 6597//2199
v -10.156891 27.404615 6.877545
v -10.285351 27.337830 6.830240
v -10.181702 27.431941 6.830240
vn 0.529982 -0.583701 -0.615153
f 6598//2200 6599//2200 6600//2200
v -10.526610 27.811809 7.306680
v -10.630260 27.717699 7.306680
v -10.260540 27.310504 6.877545
vn 0.413517 -0.455430 0.788408
f 6601//2201 6602//2201 6603//2201
v -10.526610 27.811809 7.306680
v -10.260540 27.310504 6.877545
v -10.156891 27.404615 6.877545
vn 0.413517 -0.455430 0.788408
f 6604//2202 6605//2202 6606//2202
v -10.630260 27.717699 7.306680
v -10.655071 27.745024 7.259376
v -10.285351 27.337830 6.830240
vn -0.740353 -0.672218 0.000000
f 6607//2203 6608//2203 6609//2203
v -10.630260 27.717699 7.306680
v -10.285351 27.337830 6.830240
v -10.260540 27.310504 6.877545
vn -0.740353 -0.672218 0.000000
f 6610//2204 6611//2204 6612//2204
v -10.655071 27.745024 7.259376
v -10.551421 27.839135 7.259376
v -10.181702 27.431941 6.830240
vn -0.413517 0.455430 -0.788408
f 6613//2205 6614//2205 6615//2205
v -10.655071 27.745024 7.259376
v -10.181702 27.431941 6.830240
v -10.285351 27.337830 6.830240
vn -0.413517 0.455430 -0.788408
f 6616//2206 6617//2206 6618//2206
v -10.551421 27.839135 7.259376
v -10.526610 27.811809 7.306680
v -10.156891 27.404615 6.877545
vn 0.740353 0.672218 -0.000000
f 6619//2207 6620//2207 6621//2207
v -10.551421 27.839135 7.259376
v -10.156891 27.404615 6.877545
v -10.181702 27.431941 6.830240
vn 0.740353 0.672218 -0.000000
f 6622//2208 6623//2208 6624//2208
v -10.172424 27.387012 6.875272
v -10.200718 27.418174 6.832513
v -10.269818 27.355433 6.832513
vn -0.479064 0.527621 0.701508
f 6625//2209 6626//2209 6627//2209
v -10.172424 27.387012 6.875272
v -10.269818 27.355433 6.832513
v -10.241524 27.324271 6.875272
vn -0.479064 0.527621 0.701508
f 6628//2210 6629//2210 6630//2210
v -9.802704 26.979817 6.333880
v -9.871804 26.917077 6.333880
v -9.900098 26.948239 6.291120
vn 0.479064 -0.527621 -0.701508
f 6631//2211 6632//2211 6633//2211
v -9.802704 26.979817 6.333880
v -9.900098 26.948239 6.291120
v -9.830998 27.010979 6.291120
vn 0.479064 -0.527621 -0.701508
f 6634//2212 6635//2212 6636//2212
v -10.172424 27.387012 6.875272
v -10.241524 27.324271 6.875272
v -9.871804 26.917077 6.333880
vn 0.471566 -0.519364 0.712661
f 6637//2213 6638//2213 6639//2213
v -10.172424 27.387012 6.875272
v -9.871804 26.917077 6.333880
v -9.802704 26.979817 6.333880
vn 0.471566 -0.519364 0.712661
f 6640//2214 6641//2214 6642//2214
v -10.241524 27.324271 6.875272
v -10.269818 27.355433 6.832513
v -9.900098 26.948239 6.291120
vn -0.740353 -0.672218 -0.000000
f 6643//2215 6644//2215 6645//2215
v -10.241524 27.324271 6.875272
v -9.900098 26.948239 6.291120
v -9.871804 26.917077 6.333880
vn -0.740353 -0.672218 -0.000000
f 6646//2216 6647//2216 6648//2216
v -10.269818 27.355433 6.832513
v -10.200718 27.418174 6.832513
v -9.830998 27.010979 6.291120
vn -0.471566 0.519364 -0.712661
f 6649//2217 6650//2217 6651//2217
v -10.269818 27.355433 6.832513
v -9.830998 27.010979 6.291120
v -9.900098 26.948239 6.291120
vn -0.471566 0.519364 -0.712661
f 6652//2218 6653//2218 6654//2218
v -10.200718 27.418174 6.832513
v -10.172424 27.387012 6.875272
v -9.802704 26.979817 6.333880
vn 0.740353 0.672218 0.000000
f 6655//2219 6656//2219 6657//2219
v -10.200718 27.418174 6.832513
v -9.802704 26.979817 6.333880
v -9.830998 27.010979 6.291120
vn 0.740353 0.672218 0.000000
f 6658//2220 6659//2220 6660//2220
v -11.744951 29.132611 7.579894
v -11.740146 29.134144 7.520106
v -11.655049 28.867389 7.520106
vn -0.949327 -0.302841 -0.084052
f 6661//2221 6662//2221 6663//2221
v -11.744951 29.132611 7.579894
v -11.655049 28.867389 7.520106
v -11.659854 28.865856 7.579894
vn -0.949327 -0.302841 -0.084052
f 6664//2222 6665//2222 6666//2222
v -11.220966 29.299766 7.626286
v -11.135870 29.033010 7.626286
v -11.131065 29.034543 7.566499
vn 0.949327 0.302841 0.084052
f 6667//2223 6668//2223 6669//2223
v -11.220966 29.299766 7.626286
v -11.131065 29.034543 7.566499
v -11.216162 29.301298 7.566499
vn 0.949327 0.302841 0.084052
f 6670//2224 6671//2224 6672//2224
v -11.744951 29.132611 7.579894
v -11.659854 28.865856 7.579894
v -11.135870 29.033010 7.626286
vn -0.080076 -0.025545 0.996461
f 6673//2225 6674//2225 6675//2225
v -11.744951 29.132611 7.579894
v -11.135870 29.033010 7.626286
v -11.220966 29.299766 7.626286
vn -0.080076 -0.025545 0.996461
f 6676//2226 6677//2226 6678//2226
v -11.659854 28.865856 7.579894
v -11.655049 28.867389 7.520106
v -11.131065 29.034543 7.566499
vn 0.303917 -0.952699 -0.000000
f 6679//2227 6680//2227 6681//2227
v -11.659854 28.865856 7.579894
v -11.131065 29.034543 7.566499
v -11.135870 29.033010 7.626286
vn 0.303917 -0.952699 -0.000000
f 6682//2228 6683//2228 6684//2228
v -11.655049 28.867389 7.520106
v -11.740146 29.134144 7.520106
v -11.216162 29.301298 7.566499
vn 0.080076 0.025545 -0.996461
f 6685//2229 6686//2229 6687//2229
v -11.655049 28.867389 7.520106
v -11.216162 29.301298 7.566499
v -11.131065 29.034543 7.566499
vn 0.080076 0.025545 -0.996461
f 6688//2230 6689//2230 6690//2230
v -11.740146 29.134144 7.520106
v -11.744951 29.132611 7.579894
v -11.220966 29.299766 7.626286
vn -0.303917 0.952699 0.000000
f 6691//2231 6692//2231 6693//2231
v -11.740146 29.134144 7.520106
v -11.220966 29.299766 7.626286
v -11.216162 29.301298 7.566499
vn -0.303917 0.952699 0.000000
f 6694//2232 6695//2232 6696//2232
v -11.208074 29.279387 7.626180
v -11.214871 29.277218 7.566605
v -11.143957 29.054922 7.566605
vn -0.945940 -0.301761 0.118904
f 6697//2233 6698//2233 6699//2233
v -11.208074 29.279387 7.626180
v -11.143957 29.054922 7.566605
v -11.137160 29.057090 7.626180
vn -0.945940 -0.301761 0.118904
f 6700//2234 6701//2234 6702//2234
v -10.684090 29.446541 7.560315
v -10.613176 29.224245 7.560315
v -10.619973 29.222076 7.500741
vn 0.945940 0.301761 -0.118904
f 6703//2235 6704//2235 6705//2235
v -10.684090 29.446541 7.560315
v -10.619973 29.222076 7.500741
v -10.690887 29.444373 7.500741
vn 0.945940 0.301761 -0.118904
f 6706//2236 6707//2236 6708//2236
v -11.208074 29.279387 7.626180
v -11.137160 29.057090 7.626180
v -10.613176 29.224245 7.560315
vn 0.113280 0.036137 0.992906
f 6709//2237 6710//2237 6711//2237
v -11.208074 29.279387 7.626180
v -10.613176 29.224245 7.560315
v -10.684090 29.446541 7.560315
vn 0.113280 0.036137 0.992906
f 6712//2238 6713//2238 6714//2238
v -11.137160 29.057090 7.626180
v -11.143957 29.054922 7.566605
v -10.619973 29.222076 7.500741
vn 0.303917 -0.952699 0.000000
f 6715//2239 6716//2239 6717//2239
v -11.137160 29.057090 7.626180
v -10.619973 29.222076 7.500741
v -10.613176 29.224245 7.560315
vn 0.303917 -0.952699 0.000000
f 6718//2240 6719//2240 6720//2240
v -11.143957 29.054922 7.566605
v -11.214871 29.277218 7.566605
v -10.690887 29.444373 7.500741
vn -0.113280 -0.036137 -0.992906
f 6721//2241 6722//2241 6723//2241
v -11.143957 29.054922 7.566605
v -10.690887 29.444373 7.500741
v -10.619973 29.222076 7.500741
vn -0.113280 -0.036137 -0.992906
f 6724//2242 6725//2242 6726//2242
v -11.214871 29.277218 7.566605
v -11.208074 29.279387 7.626180
v -10.684090 29.446541 7.560315
vn -0.303917 0.952699 -0.000000
f 6727//2243 6728//2243 6729//2243
v -11.214871 29.277218 7.566605
v -10.684090 29.446541 7.560315
v -10.690887 29.444373 7.500741
vn -0.303917 0.952699 -0.000000
f 6730//2244 6731//2244 6732//2244
v -10.668669 29.426969 7.557886
v -10.692126 29.419486 7.503171
v -10.635395 29.241649 7.503171
vn -0.868786 -0.277148 0.410365
f 6733//2245 6734//2245 6735//2245
v -10.668669 29.426969 7.557886
v -10.635395 29.241649 7.503171
v -10.611937 29.249132 7.557886
vn -0.868786 -0.277148 0.410365
f 6736//2246 6737//2246 6738//2246
v -10.144684 29.594123 7.310386
v -10.087953 29.416286 7.310386
v -10.111410 29.408803 7.255671
vn 0.868786 0.277148 -0.410365
f 6739//2247 6740//2247 6741//2247
v -10.144684 29.594123 7.310386
v -10.111410 29.408803 7.255671
v -10.168142 29.586640 7.255671
vn 0.868786 0.277148 -0.410365
f 6742//2248 6743//2248 6744//2248
v -10.668669 29.426969 7.557886
v -10.611937 29.249132 7.557886
v -10.087953 29.416286 7.310386
vn 0.390954 0.124717 0.911922
f 6745//2249 6746//2249 6747//2249
v -10.668669 29.426969 7.557886
v -10.087953 29.416286 7.310386
v -10.144684 29.594123 7.310386
vn 0.390954 0.124717 0.911922
f 6748//2250 6749//2250 6750//2250
v -10.611937 29.249132 7.557886
v -10.635395 29.241649 7.503171
v -10.111410 29.408803 7.255671
vn 0.303917 -0.952699 0.000000
f 6751//2251 6752//2251 6753//2251
v -10.611937 29.249132 7.557886
v -10.111410 29.408803 7.255671
v -10.087953 29.416286 7.310386
vn 0.303917 -0.952699 0.000000
f 6754//2252 6755//2252 6756//2252
v -10.635395 29.241649 7.503171
v -10.692126 29.419486 7.503171
v -10.168142 29.586640 7.255671
vn -0.390954 -0.124717 -0.911922
f 6757//2253 6758//2253 6759//2253
v -10.635395 29.241649 7.503171
v -10.168142 29.586640 7.255671
v -10.111410 29.408803 7.255671
vn -0.390954 -0.124717 -0.911922
f 6760//2254 6761//2254 6762//2254
v -10.692126 29.419486 7.503171
v -10.668669 29.426969 7.557886
v -10.144684 29.594123 7.310386
vn -0.303917 0.952699 -0.000000
f 6763//2255 6764//2255 6765//2255
v -10.692126 29.419486 7.503171
v -10.144684 29.594123 7.310386
v -10.168142 29.586640 7.255671
vn -0.303917 0.952699 -0.000000
f 6766//2256 6767//2256 6768//2256
v -10.131740 29.573760 7.306680
v -10.166903 29.562543 7.259376
v -10.124355 29.429165 7.259376
vn -0.751115 -0.239611 0.615153
f 6769//2257 6770//2257 6771//2257
v -10.131740 29.573760 7.306680
v -10.124355 29.429165 7.259376
v -10.089192 29.440383 7.306680
vn -0.751115 -0.239611 0.615153
f 6772//2258 6773//2258 6774//2258
v -9.607756 29.740915 6.877545
v -9.565207 29.607537 6.877545
v -9.600371 29.596320 6.830240
vn 0.751115 0.239611 -0.615153
f 6775//2259 6776//2259 6777//2259
v -9.607756 29.740915 6.877545
v -9.600371 29.596320 6.830240
v -9.642919 29.729697 6.830240
vn 0.751115 0.239611 -0.615153
f 6778//2260 6779//2260 6780//2260
v -10.131740 29.573760 7.306680
v -10.089192 29.440383 7.306680
v -9.565207 29.607537 6.877545
vn 0.586055 0.186955 0.788408
f 6781//2261 6782//2261 6783//2261
v -10.131740 29.573760 7.306680
v -9.565207 29.607537 6.877545
v -9.607756 29.740915 6.877545
vn 0.586055 0.186955 0.788408
f 6784//2262 6785//2262 6786//2262
v -10.089192 29.440383 7.306680
v -10.124355 29.429165 7.259376
v -9.600371 29.596320 6.830240
vn 0.303917 -0.952699 -0.000000
f 6787//2263 6788//2263 6789//2263
v -10.089192 29.440383 7.306680
v -9.600371 29.596320 6.830240
v -9.565207 29.607537 6.877545
vn 0.303917 -0.952699 -0.000000
f 6790//2264 6791//2264 6792//2264
v -10.124355 29.429165 7.259376
v -10.166903 29.562543 7.259376
v -9.642919 29.729697 6.830240
vn -0.586055 -0.186955 -0.788408
f 6793//2265 6794//2265 6795//2265
v -10.124355 29.429165 7.259376
v -9.642919 29.729697 6.830240
v -9.600371 29.596320 6.830240
vn -0.586055 -0.186955 -0.788408
f 6796//2266 6797//2266 6798//2266
v -10.166903 29.562543 7.259376
v -10.131740 29.573760 7.306680
v -9.607756 29.740915 6.877545
vn -0.303917 0.952699 0.000000
f 6799//2267 6800//2267 6801//2267
v -10.166903 29.562543 7.259376
v -9.607756 29.740915 6.877545
v -9.642919 29.729697 6.830240
vn -0.303917 0.952699 0.000000
f 6802//2268 6803//2268 6804//2268
v -9.598196 29.719472 6.875272
v -9.638296 29.706680 6.832513
v -9.609930 29.617762 6.832513
vn -0.678951 -0.216590 0.701508
f 6805//2269 6806//2269 6807//2269
v -9.598196 29.719472 6.875272
v -9.609930 29.617762 6.832513
v -9.569831 29.630554 6.875272
vn -0.678951 -0.216590 0.701508
f 6808//2270 6809//2270 6810//2270
v -9.074212 29.886627 6.333880
v -9.045846 29.797708 6.333880
v -9.085946 29.784916 6.291120
vn 0.678951 0.216590 -0.701508
f 6811//2271 6812//2271 6813//2271
v -9.074212 29.886627 6.333880
v -9.085946 29.784916 6.291120
v -9.114312 29.873835 6.291120
vn 0.678951 0.216590 -0.701508
f 6814//2272 6815//2272 6816//2272
v -9.598196 29.719472 6.875272
v -9.569831 29.630554 6.875272
v -9.045846 29.797708 6.333880
vn 0.668326 0.213200 0.712661
f 6817//2273 6818//2273 6819//2273
v -9.598196 29.719472 6.875272
v -9.045846 29.797708 6.333880
v -9.074212 29.886627 6.333880
vn 0.668326 0.213200 0.712661
f 6820//2274 6821//2274 6822//2274
v -9.569831 29.630554 6.875272
v -9.609930 29.617762 6.832513
v -9.085946 29.784916 6.291120
vn 0.303917 -0.952699 0.000000
f 6823//2275 6824//2275 6825//2275
v -9.569831 29.630554 6.875272
v -9.085946 29.784916 6.291120
v -9.045846 29.797708 6.333880
vn 0.303917 -0.952699 0.000000
f 6826//2276 6827//2276 6828//2276
v -9.609930 29.617762 6.832513
v -9.638296 29.706680 6.832513
v -9.114312 29.873835 6.291120
vn -0.668326 -0.213200 -0.712661
f 6829//2277 6830//2277 6831//2277
v -9.609930 29.617762 6.832513
v -9.114312 29.873835 6.291120
v -9.085946 29.784916 6.291120
vn -0.668326 -0.213200 -0.712661
f 6832//2278 6833//2278 6834//2278
v -9.638296 29.706680 6.832513
v -9.598196 29.719472 6.875272
v -9.074212 29.886627 6.333880
vn -0.303917 0.952699 -0.000000
f 6835//2279 6836//2279 6837//2279
v -9.638296 29.706680 6.832513
v -9.074212 29.886627 6.333880
v -9.114312 29.873835 6.291120
vn -0.303917 0.952699 -0.000000
f 6838//2280 6839//2280 6840//2280
v 16.100000 29.000000 0.370000
v 16.062518 29.284701 0.370000
v 16.062518 29.284701 0.450000
vn 0.991445 0.130526 0.000000
f 6841//2281 6842//2281 6843//2281
v 16.100000 29.000000 0.370000
v 16.062518 29.284701 0.450000
v 16.100000 29.000000 0.450000
vn 0.991445 0.130526 -0.000000
f 6844//2282 6845//2282 6846//2282
v 15.000000 29.000000 0.370000
v 16.062518 29.284701 0.370000
v 16.100000 29.000000 0.370000
vn 0.000000 0.000000 -1.000000
f 6847//2283 6848//2283 6849//2283
v 15.000000 29.000000 0.450000
v 16.100000 29.000000 0.450000
v 16.062518 29.284701 0.450000
vn 0.000000 0.000000 1.000000
f 6850//2284 6851//2284 6852//2284
v 16.062518 29.284701 0.370000
v 15.952628 29.550000 0.370000
v 15.952628 29.550000 0.450000
vn 0.923880 0.382683 0.000000
f 6853//2285 6854//2285 6855//2285
v 16.062518 29.284701 0.370000
v 15.952628 29.550000 0.450000
v 16.062518 29.284701 0.450000
vn 0.923880 0.382683 -0.000000
f 6856//2286 6857//2286 6858//2286
v 15.000000 29.000000 0.370000
v 15.952628 29.550000 0.370000
v 16.062518 29.284701 0.370000
vn 0.000000 0.000000 -1.000000
f 6859//2287 6860//2287 6861//2287
v 15.000000 29.000000 0.450000
v 16.062518 29.284701 0.450000
v 15.952628 29.550000 0.450000
vn 0.000000 0.000000 1.000000
f 6862//2288 6863//2288 6864//2288
v 15.952628 29.550000 0.370000
v 15.777817 29.777817 0.370000
v 15.777817 29.777817 0.450000
vn 0.793353 0.608761 0.000000
f 6865//2289 6866//2289 6867//2289
v 15.952628 29.550000 0.370000
v 15.777817 29.777817 0.450000
v 15.952628 29.550000 0.450000
vn 0.793353 0.608761 -0.000000
f 6868//2290 6869//2290 6870//2290
v 15.000000 29.000000 0.370000
v 15.777817 29.777817 0.370000
v 15.952628 29.550000 0.370000
vn 0.000000 0.000000 -1.000000
f 6871//2291 6872//2291 6873//2291
v 15.000000 29.000000 0.450000
v 15.952628 29.550000 0.450000
v 15.777817 29.777817 0.450000
vn 0.000000 0.000000 1.000000
f 6874//2292 6875//2292 6876//2292
v 15.777817 29.777817 0.370000
v 15.550000 29.952628 0.370000
v 15.550000 29.952628 0.450000
vn 0.608761 0.793353 0.000000
f 6877//2293 6878//2293 6879//2293
v 15.777817 29.777817 0.370000
v 15.550000 29.952628 0.450000
v 15.777817 29.777817 0.450000
vn 0.608761 0.793353 -0.000000
f 6880//2294 6881//2294 6882//2294
v 15.000000 29.000000 0.370000
v 15.550000 29.952628 0.370000
v 15.777817 29.777817 0.370000
vn 0.000000 0.000000 -1.000000
f 6883//2295 6884//2295 6885//2295
v 15.000000 29.000000 0.450000
v 15.777817 29.777817 0.450000
v 15.550000 29.952628 0.450000
vn 0.000000 0.000000 1.000000
f 6886//2296 6887//2296 6888//2296
v 15.550000 29.952628 0.370000
v 15.284701 30.062518 0.370000
v 15.284701 30.062518 0.450000
vn 0.382683 0.923880 0.000000
f 6889//2297 6890//2297 6891//2297
v 15.550000 29.952628 0.370000
v 15.284701 30.062518 0.450000
v 15.550000 29.952628 0.450000
vn 0.382683 0.923880 -0.000000
f 6892//2298 6893//2298 6894//2298
v 15.000000 29.000000 0.370000
v 15.284701 30.062518 0.370000
v 15.550000 29.952628 0.370000
vn 0.000000 0.000000 -1.000000
f 6895//2299 6896//2299 6897//2299
v 15.000000 29.000000 0.450000
v 15.550000 29.952628 0.450000
v 15.284701 30.062518 0.450000
vn 0.000000 0.000000 1.000000
f 6898//2300 6899//2300 6900//2300
v 15.284701 30.062518 0.370000
v 15.000000 30.100000 0.370000
v 15.000000 30.100000 0.450000
vn 0.130526 0.991445 0.000000
f 6901//2301 6902//2301 6903//2301
v 15.284701 30.062518 0.370000
v 15.000000 30.100000 0.450000
v 15.284701 30.062518 0.450000
vn 0.130526 0.991445 -0.000000
f 6904//2302 6905//2302 6906//2302
v 15.000000 29.000000 0.370000
v 15.000000 30.100000 0.370000
v 15.284701 30.062518 0.370000
vn 0.000000 0.000000 -1.000000
f 6907//2303 6908//2303 6909//2303
v 15.000000 29.000000 0.450000
v 15.284701 30.062518 0.450000
v 15.000000 30.100000 0.450000
vn 0.000000 0.000000 1.000000
f 6910//2304 6911//2304 6912//2304
v 15.000000 30.100000 0.370000
v 14.715299 30.062518 0.370000
v 14.715299 30.062518 0.450000
vn -0.130526 0.991445 0.000000
f 6913//2305 6914//2305 6915//2305
v 15.000000 30.100000 0.370000
v 14.715299 30.062518 0.450000
v 15.000000 30.100000 0.450000
vn -0.130526 0.991445 0.000000
f 6916//2306 6917//2306 6918//2306
v 15.000000 29.000000 0.370000
v 14.715299 30.062518 0.370000
v 15.000000 30.100000 0.370000
vn 0.000000 0.000000 -1.000000
f 6919//2307 6920//2307 6921//2307
v 15.000000 29.000000 0.450000
v 15.000000 30.100000 0.450000
v 14.715299 30.062518 0.450000
vn 0.000000 -0.000000 1.000000
f 6922//2308 6923//2308 6924//2308
v 14.715299 30.062518 0.370000
v 14.450000 29.952628 0.370000
v 14.450000 29.952628 0.450000
vn -0.382683 0.923880 0.000000
f 6925//2309 6926//2309 6927//2309
v 14.715299 30.062518 0.370000
v 14.450000 29.952628 0.450000
v 14.715299 30.062518 0.450000
vn -0.382683 0.923880 0.000000
f 6928//2310 6929//2310 6930//2310
v 15.000000 29.000000 0.370000
v 14.450000 29.952628 0.370000
v 14.715299 30.062518 0.370000
vn 0.000000 0.000000 -1.000000
f 6931//2311 6932//2311 6933//2311
v 15.000000 29.000000 0.450000
v 14.715299 30.062518 0.450000
v 14.450000 29.952628 0.450000
vn 0.000000 0.000000 1.000000
f 6934//2312 6935//2312 6936//2312
v 14.450000 29.952628 0.370000
v 14.222183 29.777817 0.370000
v 14.222183 29.777817 0.450000
vn -0.608761 0.793353 0.000000
f 6937//2313 6938//2313 6939//2313
v 14.450000 29.952628 0.370000
v 14.222183 29.777817 0.450000
v 14.450000 29.952628 0.450000
vn -0.608761 0.793353 0.000000
f 6940//2314 6941//2314 6942//2314
v 15.000000 29.000000 0.370000
v 14.222183 29.777817 0.370000
v 14.450000 29.952628 0.370000
vn 0.000000 0.000000 -1.000000
f 6943//2315 6944//2315 6945//2315
v 15.000000 29.000000 0.450000
v 14.450000 29.952628 0.450000
v 14.222183 29.777817 0.450000
vn 0.000000 0.000000 1.000000
f 6946//2316 6947//2316 6948//2316
v 14.222183 29.777817 0.370000
v 14.047372 29.550000 0.370000
v 14.047372 29.550000 0.450000
vn -0.793353 0.608761 0.000000
f 6949//2317 6950//2317 6951//2317
v 14.222183 29.777817 0.370000
v 14.047372 29.550000 0.450000
v 14.222183 29.777817 0.450000
vn -0.793353 0.608761 0.000000
f 6952//2318 6953//2318 6954//2318
v 15.000000 29.000000 0.370000
v 14.047372 29.550000 0.370000
v 14.222183 29.777817 0.370000
vn 0.000000 0.000000 -1.000000
f 6955//2319 6956//2319 6957//2319
v 15.000000 29.000000 0.450000
v 14.222183 29.777817 0.450000
v 14.047372 29.550000 0.450000
vn 0.000000 0.000000 1.000000
f 6958//2320 6959//2320 6960//2320
v 14.047372 29.550000 0.370000
v 13.937482 29.284701 0.370000
v 13.937482 29.284701 0.450000
vn -0.923880 0.382683 0.000000
f 6961//2321 6962//2321 6963//2321
v 14.047372 29.550000 0.370000
v 13.937482 29.284701 0.450000
v 14.047372 29.550000 0.450000
vn -0.923880 0.382683 0.000000
f 6964//2322 6965//2322 6966//2322
v 15.000000 29.000000 0.370000
v 13.937482 29.284701 0.370000
v 14.047372 29.550000 0.370000
vn 0.000000 0.000000 -1.000000
f 6967//2323 6968//2323 6969//2323
v 15.000000 29.000000 0.450000
v 14.047372 29.550000 0.450000
v 13.937482 29.284701 0.450000
vn 0.000000 0.000000 1.000000
f 6970//2324 6971//2324 6972//2324
v 13.937482 29.284701 0.370000
v 13.900000 29.000000 0.370000
v 13.900000 29.000000 0.450000
vn -0.991445 0.130526 0.000000
f 6973//2325 6974//2325 6975//2325
v 13.937482 29.284701 0.370000
v 13.900000 29.000000 0.450000
v 13.937482 29.284701 0.450000
vn -0.991445 0.130526 0.000000
f 6976//2326 6977//2326 6978//2326
v 15.000000 29.000000 0.370000
v 13.900000 29.000000 0.370000
v 13.937482 29.284701 0.370000
vn 0.000000 0.000000 -1.000000
f 6979//2327 6980//2327 6981//2327
v 15.000000 29.000000 0.450000
v 13.937482 29.284701 0.450000
v 13.900000 29.000000 0.450000
vn 0.000000 0.000000 1.000000
f 6982//2328 6983//2328 6984//2328
v 13.900000 29.000000 0.370000
v 13.937482 28.715299 0.370000
v 13.937482 28.715299 0.450000
vn -0.991445 -0.130526 0.000000
f 6985//2329 6986//2329 6987//2329
v 13.900000 29.000000 0.370000
v 13.937482 28.715299 0.450000
v 13.900000 29.000000 0.450000
vn -0.991445 -0.130526 0.000000
f 6988//2330 6989//2330 6990//2330
v 15.000000 29.000000 0.370000
v 13.937482 28.715299 0.370000
v 13.900000 29.000000 0.370000
vn -0.000000 0.000000 -1.000000
f 6991//2331 6992//2331 6993//2331
v 15.000000 29.000000 0.450000
v 13.900000 29.000000 0.450000
v 13.937482 28.715299 0.450000
vn 0.000000 0.000000 1.000000
f 6994//2332 6995//2332 6996//2332
v 13.937482 28.715299 0.370000
v 14.047372 28.450000 0.370000
v 14.047372 28.450000 0.450000
vn -0.923880 -0.382683 0.000000
f 6997//2333 6998//2333 6999//2333
v 13.937482 28.715299 0.370000
v 14.047372 28.450000 0.450000
v 13.937482 28.715299 0.450000
vn -0.923880 -0.382683 0.000000
f 7000//2334 7001//2334 7002//2334
v 15.000000 29.000000 0.370000
v 14.047372 28.450000 0.370000
v 13.937482 28.715299 0.370000
vn 0.000000 0.000000 -1.000000
f 7003//2335 7004//2335 7005//2335
v 15.000000 29.000000 0.450000
v 13.937482 28.715299 0.450000
v 14.047372 28.450000 0.450000
vn 0.000000 0.000000 1.000000
f 7006//2336 7007//2336 7008//2336
v 14.047372 28.450000 0.370000
v 14.222183 28.222183 0.370000
v 14.222183 28.222183 0.450000
vn -0.793353 -0.608761 0.000000
f 7009//2337 7010//2337 7011//2337
v 14.047372 28.450000 0.370000
v 14.222183 28.222183 0.450000
v 14.047372 28.450000 0.450000
vn -0.793353 -0.608761 0.000000
f 7012//2338 7013//2338 7014//2338
v 15.000000 29.000000 0.370000
v 14.222183 28.222183 0.370000
v 14.047372 28.450000 0.370000
vn 0.000000 0.000000 -1.000000
f 7015//2339 7016//2339 7017//2339
v 15.000000 29.000000 0.450000
v 14.047372 28.450000 0.450000
v 14.222183 28.222183 0.450000
vn 0.000000 0.000000 1.000000
f 7018//2340 7019//2340 7020//2340
v 14.222183 28.222183 0.370000
v 14.450000 28.047372 0.370000
v 14.450000 28.047372 0.450000
vn -0.608761 -0.793353 0.000000
f 7021//2341 7022//2341 7023//2341
v 14.222183 28.222183 0.370000
v 14.450000 28.047372 0.450000
v 14.222183 28.222183 0.450000
vn -0.608761 -0.793353 0.000000
f 7024//2342 7025//2342 7026//2342
v 15.000000 29.000000 0.370000
v 14.450000 28.047372 0.370000
v 14.222183 28.222183 0.370000
vn 0.000000 0.000000 -1.000000
f 7027//2343 7028//2343 7029//2343
v 15.000000 29.000000 0.450000
v 14.222183 28.222183 0.450000
v 14.450000 28.047372 0.450000
vn 0.000000 0.000000 1.000000
f 7030//2344 7031//2344 7032//2344
v 14.450000 28.047372 0.370000
v 14.715299 27.937482 0.370000
v 14.715299 27.937482 0.450000
vn -0.382683 -0.923880 0.000000
f 7033//2345 7034//2345 7035//2345
v 14.450000 28.047372 0.370000
v 14.715299 27.937482 0.450000
v 14.450000 28.047372 0.450000
vn -0.382683 -0.923880 0.000000
f 7036//2346 7037//2346 7038//2346
v 15.000000 29.000000 0.370000
v 14.715299 27.937482 0.370000
v 14.450000 28.047372 0.370000
vn 0.000000 0.000000 -1.000000
f 7039//2347 7040//2347 7041//2347
v 15.000000 29.000000 0.450000
v 14.450000 28.047372 0.450000
v 14.715299 27.937482 0.450000
vn 0.000000 0.000000 1.000000
f 7042//2348 7043//2348 7044//2348
v 14.715299 27.937482 0.370000
v 15.000000 27.900000 0.370000
v 15.000000 27.900000 0.450000
vn -0.130526 -0.991445 0.000000
f 7045//2349 7046//2349 7047//2349
v 14.715299 27.937482 0.370000
v 15.000000 27.900000 0.450000
v 14.715299 27.937482 0.450000
vn -0.130526 -0.991445 0.000000
f 7048//2350 7049//2350 7050//2350
v 15.000000 29.000000 0.370000
v 15.000000 27.900000 0.370000
v 14.715299 27.937482 0.370000
vn 0.000000 -0.000000 -1.000000
f 7051//2351 7052//2351 7053//2351
v 15.000000 29.000000 0.450000
v 14.715299 27.937482 0.450000
v 15.000000 27.900000 0.450000
vn 0.000000 0.000000 1.000000
f 7054//2352 7055//2352 7056//2352
v 15.000000 27.900000 0.370000
v 15.284701 27.937482 0.370000
v 15.284701 27.937482 0.450000
vn 0.130526 -0.991445 0.000000
f 7057//2353 7058//2353 7059//2353
v 15.000000 27.900000 0.370000
v 15.284701 27.937482 0.450000
v 15.000000 27.900000 0.450000
vn 0.130526 -0.991445 0.000000
f 7060//2354 7061//2354 7062//2354
v 15.000000 29.000000 0.370000
v 15.284701 27.937482 0.370000
v 15.000000 27.900000 0.370000
vn 0.000000 0.000000 -1.000000
f 7063//2355 7064//2355 7065//2355
v 15.000000 29.000000 0.450000
v 15.000000 27.900000 0.450000
v 15.284701 27.937482 0.450000
vn 0.000000 0.000000 1.000000
f 7066//2356 7067//2356 7068//2356
v 15.284701 27.937482 0.370000
v 15.550000 28.047372 0.370000
v 15.550000 28.047372 0.450000
vn 0.382683 -0.923880 0.000000
f 7069//2357 7070//2357 7071//2357
v 15.284701 27.937482 0.370000
v 15.550000 28.047372 0.450000
v 15.284701 27.937482 0.450000
vn 0.382683 -0.923880 0.000000
f 7072//2358 7073//2358 7074//2358
v 15.000000 29.000000 0.370000
v 15.550000 28.047372 0.370000
v 15.284701 27.937482 0.370000
vn 0.000000 0.000000 -1.000000
f 7075//2359 7076//2359 7077//2359
v 15.000000 29.000000 0.450000
v 15.284701 27.937482 0.450000
v 15.550000 28.047372 0.450000
vn 0.000000 0.000000 1.000000
f 7078//2360 7079//2360 7080//2360
v 15.550000 28.047372 0.370000
v 15.777817 28.222183 0.370000
v 15.777817 28.222183 0.450000
vn 0.608761 -0.793353 0.000000
f 7081//2361 7082//2361 7083//2361
v 15.550000 28.047372 0.370000
v 15.777817 28.222183 0.450000
v 15.550000 28.047372 0.450000
vn 0.608761 -0.793353 0.000000
f 7084//2362 7085//2362 7086//2362
v 15.000000 29.000000 0.370000
v 15.777817 28.222183 0.370000
v 15.550000 28.047372 0.370000
vn 0.000000 0.000000 -1.000000
f 7087//2363 7088//2363 7089//2363
v 15.000000 29.000000 0.450000
v 15.550000 28.047372 0.450000
v 15.777817 28.222183 0.450000
vn 0.000000 0.000000 1.000000
f 7090//2364 7091//2364 7092//2364
v 15.777817 28.222183 0.370000
v 15.952628 28.450000 0.370000
v 15.952628 28.450000 0.450000
vn 0.793353 -0.608761 0.000000
f 7093//2365 7094//2365 7095//2365
v 15.777817 28.222183 0.370000
v 15.952628 28.450000 0.450000
v 15.777817 28.222183 0.450000
vn 0.793353 -0.608761 0.000000
f 7096//2366 7097//2366 7098//2366
v 15.000000 29.000000 0.370000
v 15.952628 28.450000 0.370000
v 15.777817 28.222183 0.370000
vn 0.000000 0.000000 -1.000000
f 7099//2367 7100//2367 7101//2367
v 15.000000 29.000000 0.450000
v 15.777817 28.222183 0.450000
v 15.952628 28.450000 0.450000
vn 0.000000 0.000000 1.000000
f 7102//2368 7103//2368 7104//2368
v 15.952628 28.450000 0.370000
v 16.062518 28.715299 0.370000
v 16.062518 28.715299 0.450000
vn 0.923880 -0.382683 0.000000
f 7105//2369 7106//2369 7107//2369
v 15.952628 28.450000 0.370000
v 16.062518 28.715299 0.450000
v 15.952628 28.450000 0.450000
vn 0.923880 -0.382683 0.000000
f 7108//2370 7109//2370 7110//2370
v 15.000000 29.000000 0.370000
v 16.062518 28.715299 0.370000
v 15.952628 28.450000 0.370000
vn 0.000000 0.000000 -1.000000
f 7111//2371 7112//2371 7113//2371
v 15.000000 29.000000 0.450000
v 15.952628 28.450000 0.450000
v 16.062518 28.715299 0.450000
vn 0.000000 0.000000 1.000000
f 7114//2372 7115//2372 7116//2372
v 16.062518 28.715299 0.370000
v 16.100000 29.000000 0.370000
v 16.100000 29.000000 0.450000
vn 0.991445 -0.130526 0.000000
f 7117//2373 7118//2373 7119//2373
v 16.062518 28.715299 0.370000
v 16.100000 29.000000 0.450000
v 16.062518 28.715299 0.450000
vn 0.991445 -0.130526 0.000000
f 7120//2374 7121//2374 7122//2374
v 15.000000 29.000000 0.370000
v 16.100000 29.000000 0.370000
v 16.062518 28.715299 0.370000
vn 0.000000 0.000000 -1.000000
f 7123//2375 7124//2375 7125//2375
v 15.000000 29.000000 0.450000
v 16.062518 28.715299 0.450000
v 16.100000 29.000000 0.450000
vn -0.000000 0.000000 1.000000
f 7126//2376 7127//2376 7128//2376
v 15.174087 29.061256 8.129894
v 15.176375 29.065751 8.070106
v 15.425913 28.938744 8.070106
vn -0.451991 -0.888054 -0.084052
f 7129//2377 7130//2377 7131//2377
v 15.174087 29.061256 8.129894
v 15.425913 28.938744 8.070106
v 15.423625 28.934249 8.129894
vn -0.451991 -0.888054 -0.084052
f 7132//2378 7133//2378 7134//2378
v 15.423565 29.551420 8.176286
v 15.673103 29.424413 8.176286
v 15.675391 29.428908 8.116499
vn 0.451991 0.888054 0.084052
f 7135//2379 7136//2379 7137//2379
v 15.423565 29.551420 8.176286
v 15.675391 29.428908 8.116499
v 15.425853 29.555915 8.116499
vn 0.451991 0.888054 0.084052
f 7138//2380 7139//2380 7140//2380
v 15.174087 29.061256 8.129894
v 15.423625 28.934249 8.129894
v 15.673103 29.424413 8.176286
vn -0.038126 -0.074908 0.996461
f 7141//2381 7142//2381 7143//2381
v 15.174087 29.061256 8.129894
v 15.673103 29.424413 8.176286
v 15.423565 29.551420 8.176286
vn -0.038126 -0.074908 0.996461
f 7144//2382 7145//2382 7146//2382
v 15.423625 28.934249 8.129894
v 15.425913 28.938744 8.070106
v 15.675391 29.428908 8.116499
vn 0.891207 -0.453596 0.000000
f 7147//2383 7148//2383 7149//2383
v 15.423625 28.934249 8.129894
v 15.675391 29.428908 8.116499
v 15.673103 29.424413 8.176286
vn 0.891207 -0.453596 0.000000
f 7150//2384 7151//2384 7152//2384
v 15.425913 28.938744 8.070106
v 15.176375 29.065751 8.070106
v 15.425853 29.555915 8.116499
vn 0.038126 0.074908 -0.996461
f 7153//2385 7154//2385 7155//2385
v 15.425913 28.938744 8.070106
v 15.425853 29.555915 8.116499
v 15.675391 29.428908 8.116499
vn 0.038126 0.074908 -0.996461
f 7156//2386 7157//2386 7158//2386
v 15.176375 29.065751 8.070106
v 15.174087 29.061256 8.129894
v 15.423565 29.551420 8.176286
vn -0.891207 0.453596 -0.000000
f 7159//2387 7160//2387 7161//2387
v 15.176375 29.065751 8.070106
v 15.423565 29.551420 8.176286
v 15.425853 29.555915 8.116499
vn -0.891207 0.453596 -0.000000
f 7162//2388 7163//2388 7164//2388
v 15.447122 29.546263 8.176180
v 15.443886 29.539905 8.116605
v 15.651834 29.434065 8.116605
vn -0.450378 -0.884885 0.118904
f 7165//2389 7166//2389 7167//2389
v 15.447122 29.546263 8.176180
v 15.651834 29.434065 8.116605
v 15.655070 29.440424 8.176180
vn -0.450378 -0.884885 0.118904
f 7168//2390 7169//2390 7170//2390
v 15.696600 30.036427 8.110315
v 15.904548 29.930588 8.110315
v 15.901312 29.924230 8.050741
vn 0.450378 0.884885 -0.118904
f 7171//2391 7172//2391 7173//2391
v 15.696600 30.036427 8.110315
v 15.901312 29.924230 8.050741
v 15.693364 30.030069 8.050741
vn 0.450378 0.884885 -0.118904
f 7174//2392 7175//2392 7176//2392
v 15.447122 29.546263 8.176180
v 15.655070 29.440424 8.176180
v 15.904548 29.930588 8.110315
vn 0.053934 0.105968 0.992906
f 7177//2393 7178//2393 7179//2393
v 15.447122 29.546263 8.176180
v 15.904548 29.930588 8.110315
v 15.696600 30.036427 8.110315
vn 0.053934 0.105968 0.992906
f 7180//2394 7181//2394 7182//2394
v 15.655070 29.440424 8.176180
v 15.651834 29.434065 8.116605
v 15.901312 29.924230 8.050741
vn 0.891207 -0.453596 0.000000
f 7183//2395 7184//2395 7185//2395
v 15.655070 29.440424 8.176180
v 15.901312 29.924230 8.050741
v 15.904548 29.930588 8.110315
vn 0.891207 -0.453596 0.000000
f 7186//2396 7187//2396 7188//2396
v 15.651834 29.434065 8.116605
v 15.443886 29.539905 8.116605
v 15.693364 30.030069 8.050741
vn -0.053934 -0.105968 -0.992906
f 7189//2397 7190//2397 7191//2397
v 15.651834 29.434065 8.116605
v 15.693364 30.030069 8.050741
v 15.901312 29.924230 8.050741
vn -0.053934 -0.105968 -0.992906
f 7192//2398 7193//2398 7194//2398
v 15.443886 29.539905 8.116605
v 15.447122 29.546263 8.176180
v 15.696600 30.036427 8.110315
vn -0.891207 0.453596 -0.000000
f 7195//2399 7196//2399 7197//2399
v 15.443886 29.539905 8.116605
v 15.696600 30.036427 8.110315
v 15.693364 30.030069 8.050741
vn -0.891207 0.453596 -0.000000
f 7198//2400 7199//2400 7200//2400
v 15.721361 30.033635 8.107886
v 15.710192 30.011692 8.053171
v 15.876551 29.927021 8.053171
vn -0.413644 -0.812711 0.410365
f 7201//2401 7202//2401 7203//2401
v 15.721361 30.033635 8.107886
v 15.876551 29.927021 8.053171
v 15.887719 29.948964 8.107886
vn -0.413644 -0.812711 0.410365
f 7204//2402 7205//2402 7206//2402
v 15.970838 30.523799 7.860386
v 16.137197 30.439128 7.860386
v 16.126029 30.417185 7.805671
vn 0.413644 0.812711 -0.410365
f 7207//2403 7208//2403 7209//2403
v 15.970838 30.523799 7.860386
v 16.126029 30.417185 7.805671
v 15.959670 30.501856 7.805671
vn 0.413644 0.812711 -0.410365
f 7210//2404 7211//2404 7212//2404
v 15.721361 30.033635 8.107886
v 15.887719 29.948964 8.107886
v 16.137197 30.439128 7.860386
vn 0.186140 0.365720 0.911922
f 7213//2405 7214//2405 7215//2405
v 15.721361 30.033635 8.107886
v 16.137197 30.439128 7.860386
v 15.970838 30.523799 7.860386
vn 0.186140 0.365720 0.911922
f 7216//2406 7217//2406 7218//2406
v 15.887719 29.948964 8.107886
v 15.876551 29.927021 8.053171
v 16.126029 30.417185 7.805671
vn 0.891207 -0.453596 -0.000000
f 7219//2407 7220//2407 7221//2407
v 15.887719 29.948964 8.107886
v 16.126029 30.417185 7.805671
v 16.137197 30.439128 7.860386
vn 0.891207 -0.453596 0.000000
f 7222//2408 7223//2408 7224//2408
v 15.876551 29.927021 8.053171
v 15.710192 30.011692 8.053171
v 15.959670 30.501856 7.805671
vn -0.186140 -0.365720 -0.911922
f 7225//2409 7226//2409 7227//2409
v 15.876551 29.927021 8.053171
v 15.959670 30.501856 7.805671
v 16.126029 30.417185 7.805671
vn -0.186140 -0.365720 -0.911922
f 7228//2410 7229//2410 7230//2410
v 15.710192 30.011692 8.053171
v 15.721361 30.033635 8.107886
v 15.970838 30.523799 7.860386
vn -0.891207 0.453596 0.000000
f 7231//2411 7232//2411 7233//2411
v 15.710192 30.011692 8.053171
v 15.970838 30.523799 7.860386
v 15.959670 30.501856 7.805671
vn -0.891207 0.453596 0.000000
f 7234//2412 7235//2412 7236//2412
v 15.994420 30.518691 7.856680
v 15.977678 30.485797 7.809376
v 16.102447 30.422294 7.809376
vn -0.357619 -0.702635 0.615153
f 7237//2413 7238//2413 7239//2413
v 15.994420 30.518691 7.856680
v 16.102447 30.422294 7.809376
v 16.119189 30.455187 7.856680
vn -0.357619 -0.702635 0.615153
f 7240//2414 7241//2414 7242//2414
v 16.243898 31.008855 7.427545
v 16.368667 30.945351 7.427545
v 16.351925 30.912458 7.380240
vn 0.357619 0.702635 -0.615153
f 7243//2415 7244//2415 7245//2415
v 16.243898 31.008855 7.427545
v 16.351925 30.912458 7.380240
v 16.227156 30.975961 7.380240
vn 0.357619 0.702635 -0.615153
f 7246//2416 7247//2416 7248//2416
v 15.994420 30.518691 7.856680
v 16.119189 30.455187 7.856680
v 16.368667 30.945351 7.427545
vn 0.279031 0.548229 0.788408
f 7249//2417 7250//2417 7251//2417
v 15.994420 30.518691 7.856680
v 16.368667 30.945351 7.427545
v 16.243898 31.008855 7.427545
vn 0.279031 0.548229 0.788408
f 7252//2418 7253//2418 7254//2418
v 16.119189 30.455187 7.856680
v 16.102447 30.422294 7.809376
v 16.351925 30.912458 7.380240
vn 0.891207 -0.453596 -0.000000
f 7255//2419 7256//2419 7257//2419
v 16.119189 30.455187 7.856680
v 16.351925 30.912458 7.380240
v 16.368667 30.945351 7.427545
vn 0.891207 -0.453596 -0.000000
f 7258//2420 7259//2420 7260//2420
v 16.102447 30.422294 7.809376
v 15.977678 30.485797 7.809376
v 16.227156 30.975961 7.380240
vn -0.279031 -0.548229 -0.788408
f 7261//2421 7262//2421 7263//2421
v 16.102447 30.422294 7.809376
v 16.227156 30.975961 7.380240
v 16.351925 30.912458 7.380240
vn -0.279031 -0.548229 -0.788408
f 7264//2422 7265//2422 7266//2422
v 15.977678 30.485797 7.809376
v 15.994420 30.518691 7.856680
v 16.243898 31.008855 7.427545
vn -0.891207 0.453596 0.000000
f 7267//2423 7268//2423 7269//2423
v 15.977678 30.485797 7.809376
v 16.243898 31.008855 7.427545
v 16.227156 30.975961 7.380240
vn -0.891207 0.453596 0.000000
f 7270//2424 7271//2424 7272//2424
v 16.265868 31.000580 7.425272
v 16.246776 30.963068 7.382513
v 16.329955 30.920733 7.382513
vn -0.323260 -0.635129 0.701508
f 7273//2425 7274//2425 7275//2425
v 16.265868 31.000580 7.425272
v 16.329955 30.920733 7.382513
v 16.349047 30.958244 7.425272
vn -0.323260 -0.635129 0.701508
f 7276//2426 7277//2426 7278//2426
v 16.515346 31.490744 6.883880
v 16.598525 31.448408 6.883880
v 16.579433 31.410897 6.841120
vn 0.323260 0.635129 -0.701508
f 7279//2427 7280//2427 7281//2427
v 16.515346 31.490744 6.883880
v 16.579433 31.410897 6.841120
v 16.496254 31.453232 6.841120
vn 0.323260 0.635129 -0.701508
f 7282//2428 7283//2428 7284//2428
v 16.265868 31.000580 7.425272
v 16.349047 30.958244 7.425272
v 16.598525 31.448408 6.883880
vn 0.318201 0.625189 0.712661
f 7285//2429 7286//2429 7287//2429
v 16.265868 31.000580 7.425272
v 16.598525 31.448408 6.883880
v 16.515346 31.490744 6.883880
vn 0.318201 0.625189 0.712661
f 7288//2430 7289//2430 7290//2430
v 16.349047 30.958244 7.425272
v 16.329955 30.920733 7.382513
v 16.579433 31.410897 6.841120
vn 0.891207 -0.453596 -0.000000
f 7291//2431 7292//2431 7293//2431
v 16.349047 30.958244 7.425272
v 16.579433 31.410897 6.841120
v 16.598525 31.448408 6.883880
vn 0.891207 -0.453596 -0.000000
f 7294//2432 7295//2432 7296//2432
v 16.329955 30.920733 7.382513
v 16.246776 30.963068 7.382513
v 16.496254 31.453232 6.841120
vn -0.318201 -0.625189 -0.712661
f 7297//2433 7298//2433 7299//2433
v 16.329955 30.920733 7.382513
v 16.496254 31.453232 6.841120
v 16.579433 31.410897 6.841120
vn -0.318201 -0.625189 -0.712661
f 7300//2434 7301//2434 7302//2434
v 16.246776 30.963068 7.382513
v 16.265868 31.000580 7.425272
v 16.515346 31.490744 6.883880
vn -0.891207 0.453596 0.000000
f 7303//2435 7304//2435 7305//2435
v 16.246776 30.963068 7.382513
v 16.515346 31.490744 6.883880
v 16.496254 31.453232 6.841120
vn -0.891207 0.453596 0.000000
f 7306//2436 7307//2436 7308//2436
v 15.191973 28.910912 8.129894
v 15.188835 28.914860 8.070106
v 15.408027 29.089088 8.070106
vn 0.620038 -0.780056 -0.084052
f 7309//2437 7310//2437 7311//2437
v 15.191973 28.910912 8.129894
v 15.408027 29.089088 8.070106
v 15.411165 29.085140 8.129894
vn 0.620038 -0.780056 -0.084052
f 7312//2438 7313//2438 7314//2438
v 14.849741 29.341467 8.176286
v 15.068933 29.515694 8.176286
v 15.065795 29.519642 8.116499
vn -0.620038 0.780056 0.084052
f 7315//2439 7316//2439 7317//2439
v 14.849741 29.341467 8.176286
v 15.065795 29.519642 8.116499
v 14.846603 29.345415 8.116499
vn -0.620038 0.780056 0.084052
f 7318//2440 7319//2440 7320//2440
v 15.191973 28.910912 8.129894
v 15.411165 29.085140 8.129894
v 15.068933 29.515694 8.176286
vn 0.052300 -0.065798 0.996461
f 7321//2441 7322//2441 7323//2441
v 15.191973 28.910912 8.129894
v 15.068933 29.515694 8.176286
v 14.849741 29.341467 8.176286
vn 0.052300 -0.065798 0.996461
f 7324//2442 7325//2442 7326//2442
v 15.411165 29.085140 8.129894
v 15.408027 29.089088 8.070106
v 15.065795 29.519642 8.116499
vn 0.782826 0.622240 0.000000
f 7327//2443 7328//2443 7329//2443
v 15.411165 29.085140 8.129894
v 15.065795 29.519642 8.116499
v 15.068933 29.515694 8.176286
vn 0.782826 0.622240 0.000000
f 7330//2444 7331//2444 7332//2444
v 15.408027 29.089088 8.070106
v 15.188835 28.914860 8.070106
v 14.846603 29.345415 8.116499
vn -0.052300 0.065798 -0.996461
f 7333//2445 7334//2445 7335//2445
v 15.408027 29.089088 8.070106
v 14.846603 29.345415 8.116499
v 15.065795 29.519642 8.116499
vn -0.052300 0.065798 -0.996461
f 7336//2446 7337//2446 7338//2446
v 15.188835 28.914860 8.070106
v 15.191973 28.910912 8.129894
v 14.849741 29.341467 8.176286
vn -0.782826 -0.622240 -0.000000
f 7339//2447 7340//2447 7341//2447
v 15.188835 28.914860 8.070106
v 14.849741 29.341467 8.176286
v 14.846603 29.345415 8.116499
vn -0.782826 -0.622240 -0.000000
f 7342//2448 7343//2448 7344//2448
v 14.864219 29.360752 8.176180
v 14.868658 29.355167 8.116605
v 15.051317 29.500357 8.116605
vn 0.617826 -0.777273 0.118904
f 7345//2449 7346//2449 7347//2449
v 14.864219 29.360752 8.176180
v 15.051317 29.500357 8.116605
v 15.046878 29.505942 8.176180
vn 0.617826 -0.777273 0.118904
f 7348//2450 7349//2450 7350//2450
v 14.521987 29.791307 8.110315
v 14.704646 29.936496 8.110315
v 14.709085 29.930911 8.050741
vn -0.617826 0.777273 -0.118904
f 7351//2451 7352//2451 7353//2451
v 14.521987 29.791307 8.110315
v 14.709085 29.930911 8.050741
v 14.526426 29.785722 8.050741
vn -0.617826 0.777273 -0.118904
f 7354//2452 7355//2452 7356//2452
v 14.864219 29.360752 8.176180
v 15.046878 29.505942 8.176180
v 14.704646 29.936496 8.110315
vn -0.073987 0.093081 0.992906
f 7357//2453 7358//2453 7359//2453
v 14.864219 29.360752 8.176180
v 14.704646 29.936496 8.110315
v 14.521987 29.791307 8.110315
vn -0.073987 0.093081 0.992906
f 7360//2454 7361//2454 7362//2454
v 15.046878 29.505942 8.176180
v 15.051317 29.500357 8.116605
v 14.709085 29.930911 8.050741
vn 0.782826 0.622240 0.000000
f 7363//2455 7364//2455 7365//2455
v 15.046878 29.505942 8.176180
v 14.709085 29.930911 8.050741
v 14.704646 29.936496 8.110315
vn 0.782826 0.622240 0.000000
f 7366//2456 7367//2456 7368//2456
v 15.051317 29.500357 8.116605
v 14.868658 29.355167 8.116605
v 14.526426 29.785722 8.050741
vn 0.073987 -0.093081 -0.992906
f 7369//2457 7370//2457 7371//2457
v 15.051317 29.500357 8.116605
v 14.526426 29.785722 8.050741
v 14.709085 29.930911 8.050741
vn 0.073987 -0.093081 -0.992906
f 7372//2458 7373//2458 7374//2458
v 14.868658 29.355167 8.116605
v 14.864219 29.360752 8.176180
v 14.521987 29.791307 8.110315
vn -0.782826 -0.622240 -0.000000
f 7375//2459 7376//2459 7377//2459
v 14.868658 29.355167 8.116605
v 14.521987 29.791307 8.110315
v 14.526426 29.785722 8.050741
vn -0.782826 -0.622240 -0.000000
f 7378//2460 7379//2460 7380//2460
v 14.534812 29.812671 8.107886
v 14.550132 29.793396 8.053171
v 14.696260 29.909548 8.053171
vn 0.567434 -0.713876 0.410365
f 7381//2461 7382//2461 7383//2461
v 14.534812 29.812671 8.107886
v 14.696260 29.909548 8.053171
v 14.680939 29.928822 8.107886
vn 0.567434 -0.713876 0.410365
f 7384//2462 7385//2462 7386//2462
v 14.192580 30.243225 7.860386
v 14.338707 30.359377 7.860386
v 14.354028 30.340102 7.805671
vn -0.567434 0.713876 -0.410365
f 7387//2463 7388//2463 7389//2463
v 14.192580 30.243225 7.860386
v 14.354028 30.340102 7.805671
v 14.207900 30.223951 7.805671
vn -0.567434 0.713876 -0.410365
f 7390//2464 7391//2464 7392//2464
v 14.534812 29.812671 8.107886
v 14.680939 29.928822 8.107886
v 14.338707 30.359377 7.860386
vn -0.255345 0.321244 0.911922
f 7393//2465 7394//2465 7395//2465
v 14.534812 29.812671 8.107886
v 14.338707 30.359377 7.860386
v 14.192580 30.243225 7.860386
vn -0.255345 0.321244 0.911922
f 7396//2466 7397//2466 7398//2466
v 14.680939 29.928822 8.107886
v 14.696260 29.909548 8.053171
v 14.354028 30.340102 7.805671
vn 0.782826 0.622240 -0.000000
f 7399//2467 7400//2467 7401//2467
v 14.680939 29.928822 8.107886
v 14.354028 30.340102 7.805671
v 14.338707 30.359377 7.860386
vn 0.782826 0.622240 -0.000000
f 7402//2468 7403//2468 7404//2468
v 14.696260 29.909548 8.053171
v 14.550132 29.793396 8.053171
v 14.207900 30.223951 7.805671
vn 0.255345 -0.321244 -0.911922
f 7405//2469 7406//2469 7407//2469
v 14.696260 29.909548 8.053171
v 14.207900 30.223951 7.805671
v 14.354028 30.340102 7.805671
vn 0.255345 -0.321244 -0.911922
f 7408//2470 7409//2470 7410//2470
v 14.550132 29.793396 8.053171
v 14.534812 29.812671 8.107886
v 14.192580 30.243225 7.860386
vn -0.782826 -0.622240 0.000000
f 7411//2471 7412//2471 7413//2471
v 14.550132 29.793396 8.053171
v 14.192580 30.243225 7.860386
v 14.207900 30.223951 7.805671
vn -0.782826 -0.622240 0.000000
f 7414//2472 7415//2472 7416//2472
v 14.207023 30.262554 7.856680
v 14.229989 30.233660 7.809376
v 14.339585 30.320774 7.809376
vn 0.490579 -0.617187 0.615153
f 7417//2473 7418//2473 7419//2473
v 14.207023 30.262554 7.856680
v 14.339585 30.320774 7.809376
v 14.316619 30.349667 7.856680
vn 0.490579 -0.617187 0.615153
f 7420//2474 7421//2474 7422//2474
v 13.864791 30.693108 7.427545
v 13.974386 30.780222 7.427545
v 13.997353 30.751328 7.380240
vn -0.490579 0.617187 -0.615153
f 7423//2475 7424//2475 7425//2475
v 13.864791 30.693108 7.427545
v 13.997353 30.751328 7.380240
v 13.887757 30.664215 7.380240
vn -0.490579 0.617187 -0.615153
f 7426//2476 7427//2476 7428//2476
v 14.207023 30.262554 7.856680
v 14.316619 30.349667 7.856680
v 13.974386 30.780222 7.427545
vn -0.382773 0.481558 0.788408
f 7429//2477 7430//2477 7431//2477
v 14.207023 30.262554 7.856680
v 13.974386 30.780222 7.427545
v 13.864791 30.693108 7.427545
vn -0.382773 0.481558 0.788408
f 7432//2478 7433//2478 7434//2478
v 14.316619 30.349667 7.856680
v 14.339585 30.320774 7.809376
v 13.997353 30.751328 7.380240
vn 0.782826 0.622240 0.000000
f 7435//2479 7436//2479 7437//2479
v 14.316619 30.349667 7.856680
v 13.997353 30.751328 7.380240
v 13.974386 30.780222 7.427545
vn 0.782826 0.622240 0.000000
f 7438//2480 7439//2480 7440//2480
v 14.339585 30.320774 7.809376
v 14.229989 30.233660 7.809376
v 13.887757 30.664215 7.380240
vn 0.382773 -0.481558 -0.788408
f 7441//2481 7442//2481 7443//2481
v 14.339585 30.320774 7.809376
v 13.887757 30.664215 7.380240
v 13.997353 30.751328 7.380240
vn 0.382773 -0.481558 -0.788408
f 7444//2482 7445//2482 7446//2482
v 14.229989 30.233660 7.809376
v 14.207023 30.262554 7.856680
v 13.864791 30.693108 7.427545
vn -0.782826 -0.622240 -0.000000
f 7447//2483 7448//2483 7449//2483
v 14.229989 30.233660 7.809376
v 13.864791 30.693108 7.427545
v 13.887757 30.664215 7.380240
vn -0.782826 -0.622240 -0.000000
f 7450//2484 7451//2484 7452//2484
v 13.881445 30.709655 7.425272
v 13.907635 30.676706 7.382513
v 13.980699 30.734781 7.382513
vn 0.443446 -0.557890 0.701508
f 7453//2485 7454//2485 7455//2485
v 13.881445 30.709655 7.425272
v 13.980699 30.734781 7.382513
v 13.954509 30.767731 7.425272
vn 0.443446 -0.557890 0.701508
f 7456//2486 7457//2486 7458//2486
v 13.539213 31.140210 6.883880
v 13.612276 31.198285 6.883880
v 13.638467 31.165336 6.841120
vn -0.443446 0.557890 -0.701508
f 7459//2487 7460//2487 7461//2487
v 13.539213 31.140210 6.883880
v 13.638467 31.165336 6.841120
v 13.565403 31.107260 6.841120
vn -0.443446 0.557890 -0.701508
f 7462//2488 7463//2488 7464//2488
v 13.881445 30.709655 7.425272
v 13.954509 30.767731 7.425272
v 13.612276 31.198285 6.883880
vn -0.436507 0.549159 0.712661
f 7465//2489 7466//2489 7467//2489
v 13.881445 30.709655 7.425272
v 13.612276 31.198285 6.883880
v 13.539213 31.140210 6.883880
vn -0.436507 0.549159 0.712661
f 7468//2490 7469//2490 7470//2490
v 13.954509 30.767731 7.425272
v 13.980699 30.734781 7.382513
v 13.638467 31.165336 6.841120
vn 0.782826 0.622240 -0.000000
f 7471//2491 7472//2491 7473//2491
v 13.954509 30.767731 7.425272
v 13.638467 31.165336 6.841120
v 13.612276 31.198285 6.883880
vn 0.782826 0.622240 -0.000000
f 7474//2492 7475//2492 7476//2492
v 13.980699 30.734781 7.382513
v 13.907635 30.676706 7.382513
v 13.565403 31.107260 6.841120
vn 0.436507 -0.549159 -0.712661
f 7477//2493 7478//2493 7479//2493
v 13.980699 30.734781 7.382513
v 13.565403 31.107260 6.841120
v 13.638467 31.165336 6.841120
vn 0.436507 -0.549159 -0.712661
f 7480//2494 7481//2494 7482//2494
v 13.907635 30.676706 7.382513
v 13.881445 30.709655 7.425272
v 13.539213 31.140210 6.883880
vn -0.782826 -0.622240 0.000000
f 7483//2495 7484//2495 7485//2495
v 13.907635 30.676706 7.382513
v 13.539213 31.140210 6.883880
v 13.565403 31.107260 6.841120
vn -0.782826 -0.622240 0.000000
f 7486//2496 7487//2496 7488//2496
v 15.336161 28.864727 8.129894
v 15.331266 28.863513 8.070106
v 15.263839 29.135273 8.070106
vn 0.967137 0.239959 -0.084052
f 7489//2497 7490//2497 7491//2497
v 15.336161 28.864727 8.129894
v 15.263839 29.135273 8.070106
v 15.268734 29.136487 8.129894
vn 0.967137 0.239959 -0.084052
f 7492//2498 7493//2498 7494//2498
v 14.802346 28.732281 8.176286
v 14.734919 29.004041 8.176286
v 14.730024 29.002826 8.116499
vn -0.967137 -0.239959 0.084052
f 7495//2499 7496//2499 7497//2499
v 14.802346 28.732281 8.176286
v 14.730024 29.002826 8.116499
v 14.797452 28.731066 8.116499
vn -0.967137 -0.239959 0.084052
f 7498//2500 7499//2500 7500//2500
v 15.336161 28.864727 8.129894
v 15.268734 29.136487 8.129894
v 14.734919 29.004041 8.176286
vn 0.081578 0.020241 0.996461
f 7501//2501 7502//2501 7503//2501
v 15.336161 28.864727 8.129894
v 14.734919 29.004041 8.176286
v 14.802346 28.732281 8.176286
vn 0.081578 0.020241 0.996461
f 7504//2502 7505//2502 7506//2502
v 15.268734 29.136487 8.129894
v 15.263839 29.135273 8.070106
v 14.730024 29.002826 8.116499
vn -0.240812 0.970572 0.000000
f 7507//2503 7508//2503 7509//2503
v 15.268734 29.136487 8.129894
v 14.730024 29.002826 8.116499
v 14.734919 29.004041 8.176286
vn -0.240812 0.970572 0.000000
f 7510//2504 7511//2504 7512//2504
v 15.263839 29.135273 8.070106
v 15.331266 28.863513 8.070106
v 14.797452 28.731066 8.116499
vn -0.081578 -0.020241 -0.996461
f 7513//2505 7514//2505 7515//2505
v 15.263839 29.135273 8.070106
v 14.797452 28.731066 8.116499
v 14.730024 29.002826 8.116499
vn -0.081578 -0.020241 -0.996461
f 7516//2506 7517//2506 7518//2506
v 15.331266 28.863513 8.070106
v 15.336161 28.864727 8.129894
v 14.802346 28.732281 8.176286
vn 0.240812 -0.970572 -0.000000
f 7519//2507 7520//2507 7521//2507
v 15.331266 28.863513 8.070106
v 14.802346 28.732281 8.176286
v 14.797452 28.731066 8.116499
vn 0.240812 -0.970572 -0.000000
f 7522//2508 7523//2508 7524//2508
v 14.790818 28.753461 8.176180
v 14.797742 28.755179 8.116605
v 14.741553 28.981646 8.116605
vn 0.963686 0.239103 0.118904
f 7525//2509 7526//2509 7527//2509
v 14.790818 28.753461 8.176180
v 14.741553 28.981646 8.116605
v 14.734629 28.979928 8.176180
vn 0.963686 0.239103 0.118904
f 7528//2510 7529//2510 7530//2510
v 14.257003 28.621015 8.110315
v 14.200814 28.847482 8.110315
v 14.207738 28.849200 8.050741
vn -0.963686 -0.239103 -0.118904
f 7531//2511 7532//2511 7533//2511
v 14.257003 28.621015 8.110315
v 14.207738 28.849200 8.050741
v 14.263928 28.622733 8.050741
vn -0.963686 -0.239103 -0.118904
f 7534//2512 7535//2512 7536//2512
v 14.790818 28.753461 8.176180
v 14.734629 28.979928 8.176180
v 14.200814 28.847482 8.110315
vn -0.115405 -0.028633 0.992906
f 7537//2513 7538//2513 7539//2513
v 14.790818 28.753461 8.176180
v 14.200814 28.847482 8.110315
v 14.257003 28.621015 8.110315
vn -0.115405 -0.028633 0.992906
f 7540//2514 7541//2514 7542//2514
v 14.734629 28.979928 8.176180
v 14.741553 28.981646 8.116605
v 14.207738 28.849200 8.050741
vn -0.240812 0.970572 0.000000
f 7543//2515 7544//2515 7545//2515
v 14.734629 28.979928 8.176180
v 14.207738 28.849200 8.050741
v 14.200814 28.847482 8.110315
vn -0.240812 0.970572 0.000000
f 7546//2516 7547//2516 7548//2516
v 14.741553 28.981646 8.116605
v 14.797742 28.755179 8.116605
v 14.263928 28.622733 8.050741
vn 0.115405 0.028633 -0.992906
f 7549//2517 7550//2517 7551//2517
v 14.741553 28.981646 8.116605
v 14.263928 28.622733 8.050741
v 14.207738 28.849200 8.050741
vn 0.115405 0.028633 -0.992906
f 7552//2518 7553//2518 7554//2518
v 14.797742 28.755179 8.116605
v 14.790818 28.753461 8.176180
v 14.257003 28.621015 8.110315
vn 0.240812 -0.970572 -0.000000
f 7555//2519 7556//2519 7557//2519
v 14.797742 28.755179 8.116605
v 14.257003 28.621015 8.110315
v 14.263928 28.622733 8.050741
vn 0.240812 -0.970572 -0.000000
f 7558//2520 7559//2520 7560//2520
v 14.242898 28.641556 8.107886
v 14.266795 28.647485 8.053171
v 14.221844 28.828659 8.053171
vn 0.885085 0.219601 0.410365
f 7561//2521 7562//2521 7563//2521
v 14.242898 28.641556 8.107886
v 14.221844 28.828659 8.053171
v 14.197947 28.822729 8.107886
vn 0.885085 0.219601 0.410365
f 7564//2522 7565//2522 7566//2522
v 13.709084 28.509109 7.860386
v 13.664132 28.690283 7.860386
v 13.688029 28.696212 7.805671
vn -0.885085 -0.219601 -0.410365
f 7567//2523 7568//2523 7569//2523
v 13.709084 28.509109 7.860386
v 13.688029 28.696212 7.805671
v 13.732981 28.515039 7.805671
vn -0.885085 -0.219601 -0.410365
f 7570//2524 7571//2524 7572//2524
v 14.242898 28.641556 8.107886
v 14.197947 28.822729 8.107886
v 13.664132 28.690283 7.860386
vn -0.398288 -0.098821 0.911922
f 7573//2525 7574//2525 7575//2525
v 14.242898 28.641556 8.107886
v 13.664132 28.690283 7.860386
v 13.709084 28.509109 7.860386
vn -0.398288 -0.098821 0.911922
f 7576//2526 7577//2526 7578//2526
v 14.197947 28.822729 8.107886
v 14.221844 28.828659 8.053171
v 13.688029 28.696212 7.805671
vn -0.240812 0.970572 -0.000000
f 7579//2527 7580//2527 7581//2527
v 14.197947 28.822729 8.107886
v 13.688029 28.696212 7.805671
v 13.664132 28.690283 7.860386
vn -0.240812 0.970572 -0.000000
f 7582//2528 7583//2528 7584//2528
v 14.221844 28.828659 8.053171
v 14.266795 28.647485 8.053171
v 13.732981 28.515039 7.805671
vn 0.398288 0.098821 -0.911922
f 7585//2529 7586//2529 7587//2529
v 14.221844 28.828659 8.053171
v 13.732981 28.515039 7.805671
v 13.688029 28.696212 7.805671
vn 0.398288 0.098821 -0.911922
f 7588//2530 7589//2530 7590//2530
v 14.266795 28.647485 8.053171
v 14.242898 28.641556 8.107886
v 13.709084 28.509109 7.860386
vn 0.240812 -0.970572 0.000000
f 7591//2531 7592//2531 7593//2531
v 14.266795 28.647485 8.053171
v 13.709084 28.509109 7.860386
v 13.732981 28.515039 7.805671
vn 0.240812 -0.970572 0.000000
f 7594//2532 7595//2532 7596//2532
v 13.697502 28.530277 7.856680
v 13.733325 28.539165 7.809376
v 13.699611 28.675045 7.809376
vn 0.765207 0.189858 0.615153
f 7597//2533 7598//2533 7599//2533
v 13.697502 28.530277 7.856680
v 13.699611 28.675045 7.809376
v 13.663788 28.666157 7.856680
vn 0.765207 0.189858 0.615153
f 7600//2534 7601//2534 7602//2534
v 13.163687 28.397830 7.427545
v 13.129974 28.533710 7.427545
v 13.165797 28.542599 7.380240
vn -0.765207 -0.189858 -0.615153
f 7603//2535 7604//2535 7605//2535
v 13.163687 28.397830 7.427545
v 13.165797 28.542599 7.380240
v 13.199510 28.406718 7.380240
vn -0.765207 -0.189858 -0.615153
f 7606//2536 7607//2536 7608//2536
v 13.697502 28.530277 7.856680
v 13.663788 28.666157 7.856680
v 13.129974 28.533710 7.427545
vn -0.597050 -0.148136 0.788408
f 7609//2537 7610//2537 7611//2537
v 13.697502 28.530277 7.856680
v 13.129974 28.533710 7.427545
v 13.163687 28.397830 7.427545
vn -0.597050 -0.148136 0.788408
f 7612//2538 7613//2538 7614//2538
v 13.663788 28.666157 7.856680
v 13.699611 28.675045 7.809376
v 13.165797 28.542599 7.380240
vn -0.240812 0.970572 0.000000
f 7615//2539 7616//2539 7617//2539
v 13.663788 28.666157 7.856680
v 13.165797 28.542599 7.380240
v 13.129974 28.533710 7.427545
vn -0.240812 0.970572 0.000000
f 7618//2540 7619//2540 7620//2540
v 13.699611 28.675045 7.809376
v 13.733325 28.539165 7.809376
v 13.199510 28.406718 7.380240
vn 0.597050 0.148136 -0.788408
f 7621//2541 7622//2541 7623//2541
v 13.699611 28.675045 7.809376
v 13.199510 28.406718 7.380240
v 13.165797 28.542599 7.380240
vn 0.597050 0.148136 -0.788408
f 7624//2542 7625//2542 7626//2542
v 13.733325 28.539165 7.809376
v 13.697502 28.530277 7.856680
v 13.163687 28.397830 7.427545
vn 0.240812 -0.970572 -0.000000
f 7627//2543 7628//2543 7629//2543
v 13.733325 28.539165 7.809376
v 13.163687 28.397830 7.427545
v 13.199510 28.406718 7.380240
vn 0.240812 -0.970572 -0.000000
f 7630//2544 7631//2544 7632//2544
v 13.155554 28.419853 7.425272
v 13.196406 28.429989 7.382513
v 13.173930 28.520576 7.382513
vn 0.691689 0.171617 0.701508
f 7633//2545 7634//2545 7635//2545
v 13.155554 28.419853 7.425272
v 13.173930 28.520576 7.382513
v 13.133078 28.510440 7.425272
vn 0.691689 0.171617 0.701508
f 7636//2546 7637//2546 7638//2546
v 12.621739 28.287407 6.883880
v 12.599264 28.377993 6.883880
v 12.640115 28.388129 6.841120
vn -0.691689 -0.171617 -0.701508
f 7639//2547 7640//2547 7641//2547
v 12.621739 28.287407 6.883880
v 12.640115 28.388129 6.841120
v 12.662591 28.297543 6.841120
vn -0.691689 -0.171617 -0.701508
f 7642//2548 7643//2548 7644//2548
v 13.155554 28.419853 7.425272
v 13.133078 28.510440 7.425272
v 12.599264 28.377993 6.883880
vn -0.680864 -0.168931 0.712661
f 7645//2549 7646//2549 7647//2549
v 13.155554 28.419853 7.425272
v 12.599264 28.377993 6.883880
v 12.621739 28.287407 6.883880
vn -0.680864 -0.168931 0.712661
f 7648//2550 7649//2550 7650//2550
v 13.133078 28.510440 7.425272
v 13.173930 28.520576 7.382513
v 12.640115 28.388129 6.841120
vn -0.240812 0.970572 -0.000000
f 7651//2551 7652//2551 7653//2551
v 13.133078 28.510440 7.425272
v 12.640115 28.388129 6.841120
v 12.599264 28.377993 6.883880
vn -0.240812 0.970572 -0.000000
f 7654//2552 7655//2552 7656//2552
v 13.173930 28.520576 7.382513
v 13.196406 28.429989 7.382513
v 12.662591 28.297543 6.841120
vn 0.680864 0.168931 -0.712661
f 7657//2553 7658//2553 7659//2553
v 13.173930 28.520576 7.382513
v 12.662591 28.297543 6.841120
v 12.640115 28.388129 6.841120
vn 0.680864 0.168931 -0.712661
f 7660//2554 7661//2554 7662//2554
v 13.196406 28.429989 7.382513
v 13.155554 28.419853 7.425272
v 12.621739 28.287407 6.883880
vn 0.240812 -0.970572 0.000000
f 7663//2555 7664//2555 7665//2555
v 13.196406 28.429989 7.382513
v 12.621739 28.287407 6.883880
v 12.662591 28.297543 6.841120
vn 0.240812 -0.970572 0.000000
f 7666//2556 7667//2556 7668//2556
v 15.438070 28.976699 8.129894
v 15.437142 28.971742 8.070106
v 15.161930 29.023301 8.070106
vn 0.183489 0.979422 -0.084052
f 7669//2557 7670//2557 7671//2557
v 15.438070 28.976699 8.129894
v 15.161930 29.023301 8.070106
v 15.162858 29.028258 8.129894
vn 0.183489 0.979422 -0.084052
f 7672//2558 7673//2558 7674//2558
v 15.336793 28.436104 8.176286
v 15.061581 28.487663 8.176286
v 15.060653 28.482706 8.116499
vn -0.183489 -0.979422 0.084052
f 7675//2559 7676//2559 7677//2559
v 15.336793 28.436104 8.176286
v 15.060653 28.482706 8.116499
v 15.335865 28.431147 8.116499
vn -0.183489 -0.979422 0.084052
f 7678//2560 7679//2560 7680//2560
v 15.438070 28.976699 8.129894
v 15.162858 29.028258 8.129894
v 15.061581 28.487663 8.176286
vn 0.015477 0.082614 0.996461
f 7681//2561 7682//2561 7683//2561
v 15.438070 28.976699 8.129894
v 15.061581 28.487663 8.176286
v 15.336793 28.436104 8.176286
vn 0.015477 0.082614 0.996461
f 7684//2562 7685//2562 7686//2562
v 15.162858 29.028258 8.129894
v 15.161930 29.023301 8.070106
v 15.060653 28.482706 8.116499
vn -0.982900 0.184140 -0.000000
f 7687//2563 7688//2563 7689//2563
v 15.162858 29.028258 8.129894
v 15.060653 28.482706 8.116499
v 15.061581 28.487663 8.176286
vn -0.982900 0.184140 -0.000000
f 7690//2564 7691//2564 7692//2564
v 15.161930 29.023301 8.070106
v 15.437142 28.971742 8.070106
v 15.335865 28.431147 8.116499
vn -0.015477 -0.082614 -0.996461
f 7693//2565 7694//2565 7695//2565
v 15.161930 29.023301 8.070106
v 15.335865 28.431147 8.116499
v 15.060653 28.482706 8.116499
vn -0.015477 -0.082614 -0.996461
f 7696//2566 7697//2566 7698//2566
v 15.437142 28.971742 8.070106
v 15.438070 28.976699 8.129894
v 15.336793 28.436104 8.176286
vn 0.982900 -0.184140 0.000000
f 7699//2567 7700//2567 7701//2567
v 15.437142 28.971742 8.070106
v 15.336793 28.436104 8.176286
v 15.335865 28.431147 8.116499
vn 0.982900 -0.184140 0.000000
f 7702//2568 7703//2568 7704//2568
v 15.312738 28.434416 8.176180
v 15.314051 28.441428 8.116605
v 15.084708 28.484394 8.116605
vn 0.182834 0.975927 0.118904
f 7705//2569 7706//2569 7707//2569
v 15.312738 28.434416 8.176180
v 15.084708 28.484394 8.116605
v 15.083394 28.477382 8.176180
vn 0.182834 0.975927 0.118904
f 7708//2570 7709//2570 7710//2570
v 15.211461 27.893821 8.110315
v 14.982117 27.936787 8.110315
v 14.983431 27.943799 8.050741
vn -0.182834 -0.975927 -0.118904
f 7711//2571 7712//2571 7713//2571
v 15.211461 27.893821 8.110315
v 14.983431 27.943799 8.050741
v 15.212774 27.900833 8.050741
vn -0.182834 -0.975927 -0.118904
f 7714//2572 7715//2572 7716//2572
v 15.312738 28.434416 8.176180
v 15.083394 28.477382 8.176180
v 14.982117 27.936787 8.110315
vn -0.021895 -0.116871 0.992906
f 7717//2573 7718//2573 7719//2573
v 15.312738 28.434416 8.176180
v 14.982117 27.936787 8.110315
v 15.211461 27.893821 8.110315
vn -0.021895 -0.116871 0.992906
f 7720//2574 7721//2574 7722//2574
v 15.083394 28.477382 8.176180
v 15.084708 28.484394 8.116605
v 14.983431 27.943799 8.050741
vn -0.982900 0.184140 -0.000000
f 7723//2575 7724//2575 7725//2575
v 15.083394 28.477382 8.176180
v 14.983431 27.943799 8.050741
v 14.982117 27.936787 8.110315
vn -0.982900 0.184140 -0.000000
f 7726//2576 7727//2576 7728//2576
v 15.084708 28.484394 8.116605
v 15.314051 28.441428 8.116605
v 15.212774 27.900833 8.050741
vn 0.021895 0.116871 -0.992906
f 7729//2577 7730//2577 7731//2577
v 15.084708 28.484394 8.116605
v 15.212774 27.900833 8.050741
v 14.983431 27.943799 8.050741
vn 0.021895 0.116871 -0.992906
f 7732//2578 7733//2578 7734//2578
v 15.314051 28.441428 8.116605
v 15.312738 28.434416 8.176180
v 15.211461 27.893821 8.110315
vn 0.982900 -0.184140 0.000000
f 7735//2579 7736//2579 7737//2579
v 15.314051 28.441428 8.116605
v 15.211461 27.893821 8.110315
v 15.212774 27.900833 8.050741
vn 0.982900 -0.184140 0.000000
f 7738//2580 7739//2580 7740//2580
v 15.186916 27.889523 8.107886
v 15.191450 27.913724 8.053171
v 15.007975 27.948097 8.053171
vn 0.167921 0.896328 0.410365
f 7741//2581 7742//2581 7743//2581
v 15.186916 27.889523 8.107886
v 15.007975 27.948097 8.053171
v 15.003442 27.923896 8.107886
vn 0.167921 0.896328 0.410365
f 7744//2582 7745//2582 7746//2582
v 15.085639 27.348928 7.860386
v 14.902164 27.383301 7.860386
v 14.906698 27.407502 7.805671
vn -0.167921 -0.896328 -0.410365
f 7747//2583 7748//2583 7749//2583
v 15.085639 27.348928 7.860386
v 14.906698 27.407502 7.805671
v 15.090173 27.373129 7.805671
vn -0.167921 -0.896328 -0.410365
f 7750//2584 7751//2584 7752//2584
v 15.186916 27.889523 8.107886
v 15.003442 27.923896 8.107886
v 14.902164 27.383301 7.860386
vn -0.075565 -0.403347 0.911922
f 7753//2585 7754//2585 7755//2585
v 15.186916 27.889523 8.107886
v 14.902164 27.383301 7.860386
v 15.085639 27.348928 7.860386
vn -0.075565 -0.403347 0.911922
f 7756//2586 7757//2586 7758//2586
v 15.003442 27.923896 8.107886
v 15.007975 27.948097 8.053171
v 14.906698 27.407502 7.805671
vn -0.982900 0.184140 -0.000000
f 7759//2587 7760//2587 7761//2587
v 15.003442 27.923896 8.107886
v 14.906698 27.407502 7.805671
v 14.902164 27.383301 7.860386
vn -0.982900 0.184140 -0.000000
f 7762//2588 7763//2588 7764//2588
v 15.007975 27.948097 8.053171
v 15.191450 27.913724 8.053171
v 15.090173 27.373129 7.805671
vn 0.075565 0.403347 -0.911922
f 7765//2589 7766//2589 7767//2589
v 15.007975 27.948097 8.053171
v 15.090173 27.373129 7.805671
v 14.906698 27.407502 7.805671
vn 0.075565 0.403347 -0.911922
f 7768//2590 7769//2590 7770//2590
v 15.191450 27.913724 8.053171
v 15.186916 27.889523 8.107886
v 15.085639 27.348928 7.860386
vn 0.982900 -0.184140 0.000000
f 7771//2591 7772//2591 7773//2591
v 15.191450 27.913724 8.053171
v 15.085639 27.348928 7.860386
v 15.090173 27.373129 7.805671
vn 0.982900 -0.184140 0.000000
f 7774//2592 7775//2592 7776//2592
v 15.061574 27.347186 7.856680
v 15.068370 27.383464 7.809376
v 14.930764 27.409244 7.809376
vn 0.145178 0.774926 0.615153
f 7777//2593 7778//2593 7779//2593
v 15.061574 27.347186 7.856680
v 14.930764 27.409244 7.809376
v 14.923968 27.372966 7.856680
vn 0.145178 0.774926 0.615153
f 7780//2594 7781//2594 7782//2594
v 14.960296 26.806591 7.427545
v 14.822690 26.832371 7.427545
v 14.829487 26.868649 7.380240
vn -0.145178 -0.774926 -0.615153
f 7783//2595 7784//2595 7785//2595
v 14.960296 26.806591 7.427545
v 14.829487 26.868649 7.380240
v 14.967093 26.842869 7.380240
vn -0.145178 -0.774926 -0.615153
f 7786//2596 7787//2596 7788//2596
v 15.061574 27.347186 7.856680
v 14.923968 27.372966 7.856680
v 14.822690 26.832371 7.427545
vn -0.113274 -0.604634 0.788408
f 7789//2597 7790//2597 7791//2597
v 15.061574 27.347186 7.856680
v 14.822690 26.832371 7.427545
v 14.960296 26.806591 7.427545
vn -0.113274 -0.604634 0.788408
f 7792//2598 7793//2598 7794//2598
v 14.923968 27.372966 7.856680
v 14.930764 27.409244 7.809376
v 14.829487 26.868649 7.380240
vn -0.982900 0.184140 0.000000
f 7795//2599 7796//2599 7797//2599
v 14.923968 27.372966 7.856680
v 14.829487 26.868649 7.380240
v 14.822690 26.832371 7.427545
vn -0.982900 0.184140 0.000000
f 7798//2600 7799//2600 7800//2600
v 14.930764 27.409244 7.809376
v 15.068370 27.383464 7.809376
v 14.967093 26.842869 7.380240
vn 0.113274 0.604634 -0.788408
f 7801//2601 7802//2601 7803//2601
v 14.930764 27.409244 7.809376
v 14.967093 26.842869 7.380240
v 14.829487 26.868649 7.380240
vn 0.113274 0.604634 -0.788408
f 7804//2602 7805//2602 7806//2602
v 15.068370 27.383464 7.809376
v 15.061574 27.347186 7.856680
v 14.960296 26.806591 7.427545
vn 0.982900 -0.184140 -0.000000
f 7807//2603 7808//2603 7809//2603
v 15.068370 27.383464 7.809376
v 14.960296 26.806591 7.427545
v 14.967093 26.842869 7.380240
vn 0.982900 -0.184140 -0.000000
f 7810//2604 7811//2604 7812//2604
v 14.936885 26.808341 7.425272
v 14.944636 26.849712 7.382513
v 14.852898 26.866899 7.382513
vn 0.131230 0.700475 0.701508
f 7813//2605 7814//2605 7815//2605
v 14.936885 26.808341 7.425272
v 14.852898 26.866899 7.382513
v 14.845148 26.825528 7.425272
vn 0.131230 0.700475 0.701508
f 7816//2606 7817//2606 7818//2606
v 14.835608 26.267746 6.883880
v 14.743871 26.284933 6.883880
v 14.751621 26.326304 6.841120
vn -0.131230 -0.700475 -0.701508
f 7819//2607 7820//2607 7821//2607
v 14.835608 26.267746 6.883880
v 14.751621 26.326304 6.841120
v 14.843358 26.309117 6.841120
vn -0.131230 -0.700475 -0.701508
f 7822//2608 7823//2608 7824//2608
v 14.936885 26.808341 7.425272
v 14.845148 26.825528 7.425272
v 14.743871 26.284933 6.883880
vn -0.129176 -0.689513 0.712661
f 7825//2609 7826//2609 7827//2609
v 14.936885 26.808341 7.425272
v 14.743871 26.284933 6.883880
v 14.835608 26.267746 6.883880
vn -0.129176 -0.689513 0.712661
f 7828//2610 7829//2610 7830//2610
v 14.845148 26.825528 7.425272
v 14.852898 26.866899 7.382513
v 14.751621 26.326304 6.841120
vn -0.982900 0.184140 0.000000
f 7831//2611 7832//2611 7833//2611
v 14.845148 26.825528 7.425272
v 14.751621 26.326304 6.841120
v 14.743871 26.284933 6.883880
vn -0.982900 0.184140 0.000000
f 7834//2612 7835//2612 7836//2612
v 14.852898 26.866899 7.382513
v 14.944636 26.849712 7.382513
v 14.843358 26.309117 6.841120
vn 0.129176 0.689513 -0.712661
f 7837//2613 7838//2613 7839//2613
v 14.852898 26.866899 7.382513
v 14.843358 26.309117 6.841120
v 14.751621 26.326304 6.841120
vn 0.129176 0.689513 -0.712661
f 7840//2614 7841//2614 7842//2614
v 14.944636 26.849712 7.382513
v 14.936885 26.808341 7.425272
v 14.835608 26.267746 6.883880
vn 0.982900 -0.184140 -0.000000
f 7843//2615 7844//2615 7845//2615
v 14.944636 26.849712 7.382513
v 14.835608 26.267746 6.883880
v 14.843358 26.309117 6.841120
vn 0.982900 -0.184140 -0.000000
f 7846//2616 7847//2616 7848//2616
v 15.378552 29.115914 8.129894
v 15.382675 29.113010 8.070106
v 15.221448 28.884086 8.070106
vn -0.814690 0.573774 -0.084052
f 7849//2617 7850//2617 7851//2617
v 15.378552 29.115914 8.129894
v 15.221448 28.884086 8.070106
v 15.217325 28.886990 8.129894
vn -0.814690 0.573774 -0.084052
f 7852//2618 7853//2618 7854//2618
v 15.828222 28.799217 8.176286
v 15.666995 28.570294 8.176286
v 15.671118 28.567390 8.116499
vn 0.814690 -0.573774 0.084052
f 7855//2619 7856//2619 7857//2619
v 15.828222 28.799217 8.176286
v 15.671118 28.567390 8.116499
v 15.832346 28.796313 8.116499
vn 0.814690 -0.573774 0.084052
f 7858//2620 7859//2620 7860//2620
v 15.378552 29.115914 8.129894
v 15.217325 28.886990 8.129894
v 15.666995 28.570294 8.176286
vn -0.068719 0.048398 0.996461
f 7861//2621 7862//2621 7863//2621
v 15.378552 29.115914 8.129894
v 15.666995 28.570294 8.176286
v 15.828222 28.799217 8.176286
vn -0.068719 0.048398 0.996461
f 7864//2622 7865//2622 7866//2622
v 15.217325 28.886990 8.129894
v 15.221448 28.884086 8.070106
v 15.671118 28.567390 8.116499
vn -0.575811 -0.817583 0.000000
f 7867//2623 7868//2623 7869//2623
v 15.217325 28.886990 8.129894
v 15.671118 28.567390 8.116499
v 15.666995 28.570294 8.176286
vn -0.575811 -0.817583 0.000000
f 7870//2624 7871//2624 7872//2624
v 15.221448 28.884086 8.070106
v 15.382675 29.113010 8.070106
v 15.832346 28.796313 8.116499
vn 0.068719 -0.048398 -0.996461
f 7873//2625 7874//2625 7875//2625
v 15.221448 28.884086 8.070106
v 15.832346 28.796313 8.116499
v 15.671118 28.567390 8.116499
vn 0.068719 -0.048398 -0.996461
f 7876//2626 7877//2626 7878//2626
v 15.382675 29.113010 8.070106
v 15.378552 29.115914 8.129894
v 15.828222 28.799217 8.176286
vn 0.575811 0.817583 -0.000000
f 7879//2627 7880//2627 7881//2627
v 15.382675 29.113010 8.070106
v 15.828222 28.799217 8.176286
v 15.832346 28.796313 8.116499
vn 0.575811 0.817583 -0.000000
f 7882//2628 7883//2628 7884//2628
v 15.819765 28.776635 8.176180
v 15.813932 28.780742 8.116605
v 15.679576 28.589973 8.116605
vn -0.811783 0.571726 0.118904
f 7885//2629 7886//2629 7887//2629
v 15.819765 28.776635 8.176180
v 15.679576 28.589973 8.116605
v 15.685409 28.585865 8.176180
vn -0.811783 0.571726 0.118904
f 7888//2630 7889//2630 7890//2630
v 16.269435 28.459938 8.110315
v 16.135079 28.269169 8.110315
v 16.129247 28.273277 8.050741
vn 0.811783 -0.571726 -0.118904
f 7891//2631 7892//2631 7893//2631
v 16.269435 28.459938 8.110315
v 16.129247 28.273277 8.050741
v 16.263603 28.464046 8.050741
vn 0.811783 -0.571726 -0.118904
f 7894//2632 7895//2632 7896//2632
v 15.819765 28.776635 8.176180
v 15.685409 28.585865 8.176180
v 16.135079 28.269169 8.110315
vn 0.097214 -0.068466 0.992906
f 7897//2633 7898//2633 7899//2633
v 15.819765 28.776635 8.176180
v 16.135079 28.269169 8.110315
v 16.269435 28.459938 8.110315
vn 0.097214 -0.068466 0.992906
f 7900//2634 7901//2634 7902//2634
v 15.685409 28.585865 8.176180
v 15.679576 28.589973 8.116605
v 16.129247 28.273277 8.050741
vn -0.575811 -0.817583 0.000000
f 7903//2635 7904//2635 7905//2635
v 15.685409 28.585865 8.176180
v 16.129247 28.273277 8.050741
v 16.135079 28.269169 8.110315
vn -0.575811 -0.817583 -0.000000
f 7906//2636 7907//2636 7908//2636
v 15.679576 28.589973 8.116605
v 15.813932 28.780742 8.116605
v 16.263603 28.464046 8.050741
vn -0.097214 0.068466 -0.992906
f 7909//2637 7910//2637 7911//2637
v 15.679576 28.589973 8.116605
v 16.263603 28.464046 8.050741
v 16.129247 28.273277 8.050741
vn -0.097214 0.068466 -0.992906
f 7912//2638 7913//2638 7914//2638
v 15.813932 28.780742 8.116605
v 15.819765 28.776635 8.176180
v 16.269435 28.459938 8.110315
vn 0.575811 0.817583 -0.000000
f 7915//2639 7916//2639 7917//2639
v 15.813932 28.780742 8.116605
v 16.269435 28.459938 8.110315
v 16.263603 28.464046 8.050741
vn 0.575811 0.817583 0.000000
f 7918//2640 7919//2640 7920//2640
v 16.263149 28.435827 8.107886
v 16.243018 28.450004 8.053171
v 16.135533 28.297389 8.053171
vn -0.745571 0.525095 0.410365
f 7921//2641 7922//2641 7923//2641
v 16.263149 28.435827 8.107886
v 16.135533 28.297389 8.053171
v 16.155664 28.283211 8.107886
vn -0.745571 0.525095 0.410365
f 7924//2642 7925//2642 7926//2642
v 16.712819 28.119130 7.860386
v 16.605334 27.966515 7.860386
v 16.585204 27.980693 7.805671
vn 0.745571 -0.525095 -0.410365
f 7927//2643 7928//2643 7929//2643
v 16.712819 28.119130 7.860386
v 16.585204 27.980693 7.805671
v 16.692689 28.133308 7.805671
vn 0.745571 -0.525095 -0.410365
f 7930//2644 7931//2644 7932//2644
v 16.263149 28.435827 8.107886
v 16.155664 28.283211 8.107886
v 16.605334 27.966515 7.860386
vn 0.335507 -0.236293 0.911922
f 7933//2645 7934//2645 7935//2645
v 16.263149 28.435827 8.107886
v 16.605334 27.966515 7.860386
v 16.712819 28.119130 7.860386
vn 0.335507 -0.236293 0.911922
f 7936//2646 7937//2646 7938//2646
v 16.155664 28.283211 8.107886
v 16.135533 28.297389 8.053171
v 16.585204 27.980693 7.805671
vn -0.575811 -0.817583 -0.000000
f 7939//2647 7940//2647 7941//2647
v 16.155664 28.283211 8.107886
v 16.585204 27.980693 7.805671
v 16.605334 27.966515 7.860386
vn -0.575811 -0.817583 -0.000000
f 7942//2648 7943//2648 7944//2648
v 16.135533 28.297389 8.053171
v 16.243018 28.450004 8.053171
v 16.692689 28.133308 7.805671
vn -0.335507 0.236293 -0.911922
f 7945//2649 7946//2649 7947//2649
v 16.135533 28.297389 8.053171
v 16.692689 28.133308 7.805671
v 16.585204 27.980693 7.805671
vn -0.335507 0.236293 -0.911922
f 7948//2650 7949//2650 7950//2650
v 16.243018 28.450004 8.053171
v 16.263149 28.435827 8.107886
v 16.712819 28.119130 7.860386
vn 0.575811 0.817583 0.000000
f 7951//2651 7952//2651 7953//2651
v 16.243018 28.450004 8.053171
v 16.712819 28.119130 7.860386
v 16.692689 28.133308 7.805671
vn 0.575811 0.817583 0.000000
f 7954//2652 7955//2652 7956//2652
v 16.704406 28.096516 7.856680
v 16.674230 28.117769 7.809376
v 16.593617 28.003307 7.809376
vn -0.644589 0.453974 0.615153
f 7957//2653 7958//2653 7959//2653
v 16.704406 28.096516 7.856680
v 16.593617 28.003307 7.809376
v 16.623793 27.982054 7.856680
vn -0.644589 0.453974 0.615153
f 7960//2654 7961//2654 7962//2654
v 17.154077 27.779820 7.427545
v 17.073463 27.665358 7.427545
v 17.043287 27.686611 7.380240
vn 0.644589 -0.453974 -0.615153
f 7963//2655 7964//2655 7965//2655
v 17.154077 27.779820 7.427545
v 17.043287 27.686611 7.380240
v 17.123901 27.801073 7.380240
vn 0.644589 -0.453974 -0.615153
f 7966//2656 7967//2656 7968//2656
v 16.704406 28.096516 7.856680
v 16.623793 27.982054 7.856680
v 17.073463 27.665358 7.427545
vn 0.502938 -0.354212 0.788408
f 7969//2657 7970//2657 7971//2657
v 16.704406 28.096516 7.856680
v 17.073463 27.665358 7.427545
v 17.154077 27.779820 7.427545
vn 0.502938 -0.354212 0.788408
f 7972//2658 7973//2658 7974//2658
v 16.623793 27.982054 7.856680
v 16.593617 28.003307 7.809376
v 17.043287 27.686611 7.380240
vn -0.575811 -0.817583 0.000000
f 7975//2659 7976//2659 7977//2659
v 16.623793 27.982054 7.856680
v 17.043287 27.686611 7.380240
v 17.073463 27.665358 7.427545
vn -0.575811 -0.817583 0.000000
f 7978//2660 7979//2660 7980//2660
v 16.593617 28.003307 7.809376
v 16.674230 28.117769 7.809376
v 17.123901 27.801073 7.380240
vn -0.502938 0.354212 -0.788408
f 7981//2661 7982//2661 7983//2661
v 16.593617 28.003307 7.809376
v 17.123901 27.801073 7.380240
v 17.043287 27.686611 7.380240
vn -0.502938 0.354212 -0.788408
f 7984//2662 7985//2662 7986//2662
v 16.674230 28.117769 7.809376
v 16.704406 28.096516 7.856680
v 17.154077 27.779820 7.427545
vn 0.575811 0.817583 -0.000000
f 7987//2663 7988//2663 7989//2663
v 16.674230 28.117769 7.809376
v 17.154077 27.779820 7.427545
v 17.123901 27.801073 7.380240
vn 0.575811 0.817583 -0.000000
f 7990//2664 7991//2664 7992//2664
v 17.142759 27.759251 7.425272
v 17.108347 27.783487 7.382513
v 17.054605 27.707180 7.382513
vn -0.582660 0.410358 0.701508
f 7993//2665 7994//2665 7995//2665
v 17.142759 27.759251 7.425272
v 17.054605 27.707180 7.382513
v 17.089017 27.682943 7.425272
vn -0.582660 0.410358 0.701508
f 7996//2666 7997//2666 7998//2666
v 17.592430 27.442555 6.883880
v 17.538687 27.366247 6.883880
v 17.504275 27.390483 6.841120
vn 0.582660 -0.410358 -0.701508
f 7999//2667 8000//2667 8001//2667
v 17.592430 27.442555 6.883880
v 17.504275 27.390483 6.841120
v 17.558017 27.466791 6.841120
vn 0.582660 -0.410358 -0.701508
f 8002//2668 8003//2668 8004//2668
v 17.142759 27.759251 7.425272
v 17.089017 27.682943 7.425272
v 17.538687 27.366247 6.883880
vn 0.573541 -0.403936 0.712661
f 8005//2669 8006//2669 8007//2669
v 17.142759 27.759251 7.425272
v 17.538687 27.366247 6.883880
v 17.592430 27.442555 6.883880
vn 0.573541 -0.403936 0.712661
f 8008//2670 8009//2670 8010//2670
v 17.089017 27.682943 7.425272
v 17.054605 27.707180 7.382513
v 17.504275 27.390483 6.841120
vn -0.575811 -0.817583 -0.000000
f 8011//2671 8012//2671 8013//2671
v 17.089017 27.682943 7.425272
v 17.504275 27.390483 6.841120
v 17.538687 27.366247 6.883880
vn -0.575811 -0.817583 -0.000000
f 8014//2672 8015//2672 8016//2672
v 17.054605 27.707180 7.382513
v 17.108347 27.783487 7.382513
v 17.558017 27.466791 6.841120
vn -0.573541 0.403936 -0.712661
f 8017//2673 8018//2673 8019//2673
v 17.054605 27.707180 7.382513
v 17.558017 27.466791 6.841120
v 17.504275 27.390483 6.841120
vn -0.573541 0.403936 -0.712661
f 8020//2674 8021//2674 8022//2674
v 17.108347 27.783487 7.382513
v 17.142759 27.759251 7.425272
v 17.592430 27.442555 6.883880
vn 0.575811 0.817583 0.000000
f 8023//2675 8024//2675 8025//2675
v 17.108347 27.783487 7.382513
v 17.592430 27.442555 6.883880
v 17.558017 27.466791 6.841120
vn 0.575811 0.817583 0.000000
f 8026//2676 8027//2676 8028//2676
v 15.227193 29.119606 8.129894
v 15.231547 29.122150 8.070106
v 15.372807 28.880394 8.070106
vn -0.860357 -0.502714 -0.084052
f 8029//2677 8030//2677 8031//2677
v 15.227193 29.119606 8.129894
v 15.372807 28.880394 8.070106
v 15.368453 28.877850 8.129894
vn -0.860357 -0.502714 -0.084052
f 8032//2678 8033//2678 8034//2678
v 15.702070 29.397080 8.176286
v 15.843330 29.155324 8.176286
v 15.847684 29.157869 8.116499
vn 0.860357 0.502714 0.084052
f 8035//2679 8036//2679 8037//2679
v 15.702070 29.397080 8.176286
v 15.847684 29.157869 8.116499
v 15.706424 29.399624 8.116499
vn 0.860357 0.502714 0.084052
f 8038//2680 8039//2680 8040//2680
v 15.227193 29.119606 8.129894
v 15.368453 28.877850 8.129894
v 15.843330 29.155324 8.176286
vn -0.072571 -0.042404 0.996461
f 8041//2681 8042//2681 8043//2681
v 15.227193 29.119606 8.129894
v 15.843330 29.155324 8.176286
v 15.702070 29.397080 8.176286
vn -0.072571 -0.042404 0.996461
f 8044//2682 8045//2682 8046//2682
v 15.368453 28.877850 8.129894
v 15.372807 28.880394 8.070106
v 15.847684 29.157869 8.116499
vn 0.504499 -0.863412 0.000000
f 8047//2683 8048//2683 8049//2683
v 15.368453 28.877850 8.129894
v 15.847684 29.157869 8.116499
v 15.843330 29.155324 8.176286
vn 0.504499 -0.863412 0.000000
f 8050//2684 8051//2684 8052//2684
v 15.372807 28.880394 8.070106
v 15.231547 29.122150 8.070106
v 15.706424 29.399624 8.116499
vn 0.072571 0.042404 -0.996461
f 8053//2685 8054//2685 8055//2685
v 15.372807 28.880394 8.070106
v 15.706424 29.399624 8.116499
v 15.847684 29.157869 8.116499
vn 0.072571 0.042404 -0.996461
f 8056//2686 8057//2686 8058//2686
v 15.231547 29.122150 8.070106
v 15.227193 29.119606 8.129894
v 15.702070 29.397080 8.176286
vn -0.504499 0.863412 -0.000000
f 8059//2687 8060//2687 8061//2687
v 15.231547 29.122150 8.070106
v 15.702070 29.397080 8.176286
v 15.706424 29.399624 8.116499
vn -0.504499 0.863412 -0.000000
f 8062//2688 8063//2688 8064//2688
v 15.719099 29.380005 8.176180
v 15.712939 29.376406 8.116605
v 15.830655 29.174943 8.116605
vn -0.857287 -0.500920 0.118904
f 8065//2689 8066//2689 8067//2689
v 15.719099 29.380005 8.176180
v 15.830655 29.174943 8.116605
v 15.836815 29.178542 8.176180
vn -0.857287 -0.500920 0.118904
f 8068//2690 8069//2690 8070//2690
v 16.193975 29.657480 8.110315
v 16.311692 29.456017 8.110315
v 16.305532 29.452418 8.050741
vn 0.857287 0.500920 -0.118904
f 8071//2691 8072//2691 8073//2691
v 16.193975 29.657480 8.110315
v 16.305532 29.452418 8.050741
v 16.187816 29.653880 8.050741
vn 0.857287 0.500920 -0.118904
f 8074//2692 8075//2692 8076//2692
v 15.719099 29.380005 8.176180
v 15.836815 29.178542 8.176180
v 16.311692 29.456017 8.110315
vn 0.102663 0.059987 0.992906
f 8077//2693 8078//2693 8079//2693
v 15.719099 29.380005 8.176180
v 16.311692 29.456017 8.110315
v 16.193975 29.657480 8.110315
vn 0.102663 0.059987 0.992906
f 8080//2694 8081//2694 8082//2694
v 15.836815 29.178542 8.176180
v 15.830655 29.174943 8.116605
v 16.305532 29.452418 8.050741
vn 0.504499 -0.863412 -0.000000
f 8083//2695 8084//2695 8085//2695
v 15.836815 29.178542 8.176180
v 16.305532 29.452418 8.050741
v 16.311692 29.456017 8.110315
vn 0.504499 -0.863412 -0.000000
f 8086//2696 8087//2696 8088//2696
v 15.830655 29.174943 8.116605
v 15.712939 29.376406 8.116605
v 16.187816 29.653880 8.050741
vn -0.102663 -0.059987 -0.992906
f 8089//2697 8090//2697 8091//2697
v 15.830655 29.174943 8.116605
v 16.187816 29.653880 8.050741
v 16.305532 29.452418 8.050741
vn -0.102663 -0.059987 -0.992906
f 8092//2698 8093//2698 8094//2698
v 15.712939 29.376406 8.116605
v 15.719099 29.380005 8.176180
v 16.193975 29.657480 8.110315
vn -0.504499 0.863412 0.000000
f 8095//2699 8096//2699 8097//2699
v 15.712939 29.376406 8.116605
v 16.193975 29.657480 8.110315
v 16.187816 29.653880 8.050741
vn -0.504499 0.863412 0.000000
f 8098//2700 8099//2700 8100//2700
v 16.213297 29.641745 8.107886
v 16.192038 29.629323 8.053171
v 16.286211 29.468153 8.053171
vn -0.787364 -0.460063 0.410365
f 8101//2701 8102//2701 8103//2701
v 16.213297 29.641745 8.107886
v 16.286211 29.468153 8.053171
v 16.307470 29.480574 8.107886
vn -0.787364 -0.460063 0.410365
f 8104//2702 8105//2702 8106//2702
v 16.688173 29.919219 7.860386
v 16.782346 29.758049 7.860386
v 16.761088 29.745627 7.805671
vn 0.787364 0.460063 -0.410365
f 8107//2703 8108//2703 8109//2703
v 16.688173 29.919219 7.860386
v 16.761088 29.745627 7.805671
v 16.666915 29.906797 7.805671
vn 0.787364 0.460063 -0.410365
f 8110//2704 8111//2704 8112//2704
v 16.213297 29.641745 8.107886
v 16.307470 29.480574 8.107886
v 16.782346 29.758049 7.860386
vn 0.354314 0.207028 0.911922
f 8113//2705 8114//2705 8115//2705
v 16.213297 29.641745 8.107886
v 16.782346 29.758049 7.860386
v 16.688173 29.919219 7.860386
vn 0.354314 0.207028 0.911922
f 8116//2706 8117//2706 8118//2706
v 16.307470 29.480574 8.107886
v 16.286211 29.468153 8.053171
v 16.761088 29.745627 7.805671
vn 0.504499 -0.863412 0.000000
f 8119//2707 8120//2707 8121//2707
v 16.307470 29.480574 8.107886
v 16.761088 29.745627 7.805671
v 16.782346 29.758049 7.860386
vn 0.504499 -0.863412 0.000000
f 8122//2708 8123//2708 8124//2708
v 16.286211 29.468153 8.053171
v 16.192038 29.629323 8.053171
v 16.666915 29.906797 7.805671
vn -0.354314 -0.207028 -0.911922
f 8125//2709 8126//2709 8127//2709
v 16.286211 29.468153 8.053171
v 16.666915 29.906797 7.805671
v 16.761088 29.745627 7.805671
vn -0.354314 -0.207028 -0.911922
f 8128//2710 8129//2710 8130//2710
v 16.192038 29.629323 8.053171
v 16.213297 29.641745 8.107886
v 16.688173 29.919219 7.860386
vn -0.504499 0.863412 -0.000000
f 8131//2711 8132//2711 8133//2711
v 16.192038 29.629323 8.053171
v 16.688173 29.919219 7.860386
v 16.666915 29.906797 7.805671
vn -0.504499 0.863412 -0.000000
f 8134//2712 8135//2712 8136//2712
v 16.705249 29.902172 7.856680
v 16.673382 29.883552 7.809376
v 16.744011 29.762674 7.809376
vn -0.680721 -0.397751 0.615153
f 8137//2713 8138//2713 8139//2713
v 16.705249 29.902172 7.856680
v 16.744011 29.762674 7.809376
v 16.775879 29.781294 7.856680
vn -0.680721 -0.397751 0.615153
f 8140//2714 8141//2714 8142//2714
v 17.180126 30.179646 7.427545
v 17.250756 30.058769 7.427545
v 17.218888 30.040148 7.380240
vn 0.680721 0.397751 -0.615153
f 8143//2715 8144//2715 8145//2715
v 17.180126 30.179646 7.427545
v 17.218888 30.040148 7.380240
v 17.148258 30.161026 7.380240
vn 0.680721 0.397751 -0.615153
f 8146//2716 8147//2716 8148//2716
v 16.705249 29.902172 7.856680
v 16.775879 29.781294 7.856680
v 17.250756 30.058769 7.427545
vn 0.531130 0.310344 0.788408
f 8149//2717 8150//2717 8151//2717
v 16.705249 29.902172 7.856680
v 17.250756 30.058769 7.427545
v 17.180126 30.179646 7.427545
vn 0.531130 0.310344 0.788408
f 8152//2718 8153//2718 8154//2718
v 16.775879 29.781294 7.856680
v 16.744011 29.762674 7.809376
v 17.218888 30.040148 7.380240
vn 0.504499 -0.863412 0.000000
f 8155//2719 8156//2719 8157//2719
v 16.775879 29.781294 7.856680
v 17.218888 30.040148 7.380240
v 17.250756 30.058769 7.427545
vn 0.504499 -0.863412 0.000000
f 8158//2720 8159//2720 8160//2720
v 16.744011 29.762674 7.809376
v 16.673382 29.883552 7.809376
v 17.148258 30.161026 7.380240
vn -0.531130 -0.310344 -0.788408
f 8161//2721 8162//2721 8163//2721
v 16.744011 29.762674 7.809376
v 17.148258 30.161026 7.380240
v 17.218888 30.040148 7.380240
vn -0.531130 -0.310344 -0.788408
f 8164//2722 8165//2722 8166//2722
v 16.673382 29.883552 7.809376
v 16.705249 29.902172 7.856680
v 17.180126 30.179646 7.427545
vn -0.504499 0.863412 -0.000000
f 8167//2723 8168//2723 8169//2723
v 16.673382 29.883552 7.809376
v 17.180126 30.179646 7.427545
v 17.148258 30.161026 7.380240
vn -0.504499 0.863412 -0.000000
f 8170//2724 8171//2724 8172//2724
v 17.194135 30.160807 7.425272
v 17.157793 30.139573 7.382513
v 17.204880 30.058987 7.382513
vn -0.615321 -0.359537 0.701508
f 8173//2725 8174//2725 8175//2725
v 17.194135 30.160807 7.425272
v 17.204880 30.058987 7.382513
v 17.241221 30.080222 7.425272
vn -0.615321 -0.359537 0.701508
f 8176//2726 8177//2726 8178//2726
v 17.669012 30.438281 6.883880
v 17.716098 30.357696 6.883880
v 17.679757 30.336462 6.841120
vn 0.615321 0.359537 -0.701508
f 8179//2727 8180//2727 8181//2727
v 17.669012 30.438281 6.883880
v 17.679757 30.336462 6.841120
v 17.632670 30.417047 6.841120
vn 0.615321 0.359537 -0.701508
f 8182//2728 8183//2728 8184//2728
v 17.194135 30.160807 7.425272
v 17.241221 30.080222 7.425272
v 17.716098 30.357696 6.883880
vn 0.605691 0.353910 0.712661
f 8185//2729 8186//2729 8187//2729
v 17.194135 30.160807 7.425272
v 17.716098 30.357696 6.883880
v 17.669012 30.438281 6.883880
vn 0.605691 0.353910 0.712661
f 8188//2730 8189//2730 8190//2730
v 17.241221 30.080222 7.425272
v 17.204880 30.058987 7.382513
v 17.679757 30.336462 6.841120
vn 0.504499 -0.863412 0.000000
f 8191//2731 8192//2731 8193//2731
v 17.241221 30.080222 7.425272
v 17.679757 30.336462 6.841120
v 17.716098 30.357696 6.883880
vn 0.504499 -0.863412 0.000000
f 8194//2732 8195//2732 8196//2732
v 17.204880 30.058987 7.382513
v 17.157793 30.139573 7.382513
v 17.632670 30.417047 6.841120
vn -0.605691 -0.353910 -0.712661
f 8197//2733 8198//2733 8199//2733
v 17.204880 30.058987 7.382513
v 17.632670 30.417047 6.841120
v 17.679757 30.336462 6.841120
vn -0.605691 -0.353910 -0.712661
f 8200//2734 8201//2734 8202//2734
v 17.157793 30.139573 7.382513
v 17.194135 30.160807 7.425272
v 17.669012 30.438281 6.883880
vn -0.504499 0.863412 -0.000000
f 8203//2735 8204//2735 8205//2735
v 17.157793 30.139573 7.382513
v 17.669012 30.438281 6.883880
v 17.632670 30.417047 6.841120
vn -0.504499 0.863412 -0.000000
f 8206//2736 8207//2736 8208//2736
v -13.400000 -7.500000 0.575000
v -13.400000 -6.500000 0.575000
v -10.600000 -6.500000 0.575000
vn 0.000000 0.000000 -1.000000
f 8209//2737 8210//2737 8211//2737
v -13.400000 -7.500000 0.575000
v -10.600000 -6.500000 0.575000
v -10.600000 -7.500000 0.575000
vn 0.000000 0.000000 -1.000000
f 8212//2738 8213//2738 8214//2738
v -13.400000 -7.500000 0.925000
v -10.600000 -7.500000 0.925000
v -10.600000 -6.500000 0.925000
vn 0.000000 0.000000 1.000000
f 8215//2739 8216//2739 8217//2739
v -13.400000 -7.500000 0.925000
v -10.600000 -6.500000 0.925000
v -13.400000 -6.500000 0.925000
vn 0.000000 0.000000 1.000000
f 8218//2740 8219//2740 8220//2740
v -13.400000 -7.500000 0.575000
v -10.600000 -7.500000 0.575000
v -10.600000 -7.500000 0.925000
vn 0.000000 -1.000000 0.000000
f 8221//2741 8222//2741 8223//2741
v -13.400000 -7.500000 0.575000
v -10.600000 -7.500000 0.925000
v -13.400000 -7.500000 0.925000
vn 0.000000 -1.000000 0.000000
f 8224//2742 8225//2742 8226//2742
v -10.600000 -7.500000 0.575000
v -10.600000 -6.500000 0.575000
v -10.600000 -6.500000 0.925000
vn 1.000000 0.000000 0.000000
f 8227//2743 8228//2743 8229//2743
v -10.600000 -7.500000 0.575000
v -10.600000 -6.500000 0.925000
v -10.600000 -7.500000 0.925000
vn 1.000000 0.000000 0.000000
f 8230//2744 8231//2744 8232//2744
v -10.600000 -6.500000 0.575000
v -13.400000 -6.500000 0.575000
v -13.400000 -6.500000 0.925000
vn 0.000000 1.000000 0.000000
f 8233//2745 8234//2745 8235//2745
v -10.600000 -6.500000 0.575000
v -13.400000 -6.500000 0.925000
v -10.600000 -6.500000 0.925000
vn 0.000000 1.000000 -0.000000
f 8236//2746 8237//2746 8238//2746
v -13.400000 -6.500000 0.575000
v -13.400000 -7.500000 0.575000
v -13.400000 -7.500000 0.925000
vn -1.000000 0.000000 0.000000
f 8239//2747 8240//2747 8241//2747
v -13.400000 -6.500000 0.575000
v -13.400000 -7.500000 0.925000
v -13.400000 -6.500000 0.925000
vn -1.000000 0.000000 0.000000
f 8242//2748 8243//2748 8244//2748
v 9.600000 -7.500000 0.575000
v 9.600000 -6.500000 0.575000
v 12.400000 -6.500000 0.575000
vn 0.000000 0.000000 -1.000000
f 8245//2749 8246//2749 8247//2749
v 9.600000 -7.500000 0.575000
v 12.400000 -6.500000 0.575000
v 12.400000 -7.500000 0.575000
vn 0.000000 0.000000 -1.000000
f 8248//2750 8249//2750 8250//2750
v 9.600000 -7.500000 0.925000
v 12.400000 -7.500000 0.925000
v 12.400000 -6.500000 0.925000
vn 0.000000 0.000000 1.000000
f 8251//2751 8252//2751 8253//2751
v 9.600000 -7.500000 0.925000
v 12.400000 -6.500000 0.925000
v 9.600000 -6.500000 0.925000
vn 0.000000 0.000000 1.000000
f 8254//2752 8255//2752 8256//2752
v 9.600000 -7.500000 0.575000
v 12.400000 -7.500000 0.575000
v 12.400000 -7.500000 0.925000
vn 0.000000 -1.000000 0.000000
f 8257//2753 8258//2753 8259//2753
v 9.600000 -7.500000 0.575000
v 12.400000 -7.500000 0.925000
v 9.600000 -7.500000 0.925000
vn 0.000000 -1.000000 0.000000
f 8260//2754 8261//2754 8262//2754
v 12.400000 -7.500000 0.575000
v 12.400000 -6.500000 0.575000
v 12.400000 -6.500000 0.925000
vn 1.000000 0.000000 0.000000
f 8263//2755 8264//2755 8265//2755
v 12.400000 -7.500000 0.575000
v 12.400000 -6.500000 0.925000
v 12.400000 -7.500000 0.925000
vn 1.000000 0.000000 0.000000
f 8266//2756 8267//2756 8268//2756
v 12.400000 -6.500000 0.575000
v 9.600000 -6.500000 0.575000
v 9.600000 -6.500000 0.925000
vn 0.000000 1.000000 0.000000
f 8269//2757 8270//2757 8271//2757
v 12.400000 -6.500000 0.575000
v 9.600000 -6.500000 0.925000
v 12.400000 -6.500000 0.925000
vn 0.000000 1.000000 -0.000000
f 8272//2758 8273//2758 8274//2758
v 9.600000 -6.500000 0.575000
v 9.600000 -7.500000 0.575000
v 9.600000 -7.500000 0.925000
vn -1.000000 0.000000 0.000000
f 8275//2759 8276//2759 8277//2759
v 9.600000 -6.500000 0.575000
v 9.600000 -7.500000 0.925000
v 9.600000 -6.500000 0.925000
vn -1.000000 0.000000 0.000000
f 8278//2760 8279//2760 8280//2760
v -16.400000 13.500000 0.575000
v -16.400000 14.500000 0.575000
v -13.600000 14.500000 0.575000
vn 0.000000 0.000000 -1.000000
f 8281//2761 8282//2761 8283//2761
v -16.400000 13.500000 0.575000
v -13.600000 14.500000 0.575000
v -13.600000 13.500000 0.575000
vn 0.000000 0.000000 -1.000000
f 8284//2762 8285//2762 8286//2762
v -16.400000 13.500000 0.925000
v -13.600000 13.500000 0.925000
v -13.600000 14.500000 0.925000
vn 0.000000 0.000000 1.000000
f 8287//2763 8288//2763 8289//2763
v -16.400000 13.500000 0.925000
v -13.600000 14.500000 0.925000
v -16.400000 14.500000 0.925000
vn 0.000000 0.000000 1.000000
f 8290//2764 8291//2764 8292//2764
v -16.400000 13.500000 0.575000
v -13.600000 13.500000 0.575000
v -13.600000 13.500000 0.925000
vn 0.000000 -1.000000 0.000000
f 8293//2765 8294//2765 8295//2765
v -16.400000 13.500000 0.575000
v -13.600000 13.500000 0.925000
v -16.400000 13.500000 0.925000
vn 0.000000 -1.000000 0.000000
f 8296//2766 8297//2766 8298//2766
v -13.600000 13.500000 0.575000
v -13.600000 14.500000 0.575000
v -13.600000 14.500000 0.925000
vn 1.000000 0.000000 0.000000
f 8299//2767 8300//2767 8301//2767
v -13.600000 13.500000 0.575000
v -13.600000 14.500000 0.925000
v -13.600000 13.500000 0.925000
vn 1.000000 0.000000 0.000000
f 8302//2768 8303//2768 8304//2768
v -13.600000 14.500000 0.575000
v -16.400000 14.500000 0.575000
v -16.400000 14.500000 0.925000
vn 0.000000 1.000000 0.000000
f 8305//2769 8306//2769 8307//2769
v -13.600000 14.500000 0.575000
v -16.400000 14.500000 0.925000
v -13.600000 14.500000 0.925000
vn 0.000000 1.000000 -0.000000
f 8308//2770 8309//2770 8310//2770
v -16.400000 14.500000 0.575000
v -16.400000 13.500000 0.575000
v -16.400000 13.500000 0.925000
vn -1.000000 0.000000 0.000000
f 8311//2771 8312//2771 8313//2771
v -16.400000 14.500000 0.575000
v -16.400000 13.500000 0.925000
v -16.400000 14.500000 0.925000
vn -1.000000 0.000000 0.000000
f 8314//2772 8315//2772 8316//2772
v 12.600000 14.500000 0.575000
v 12.600000 15.500000 0.575000
v 15.400000 15.500000 0.575000
vn 0.000000 0.000000 -1.000000
f 8317//2773 8318//2773 8319//2773
v 12.600000 14.500000 0.575000
v 15.400000 15.500000 0.575000
v 15.400000 14.500000 0.575000
vn 0.000000 0.000000 -1.000000
f 8320//2774 8321//2774 8322//2774
v 12.600000 14.500000 0.925000
v 15.400000 14.500000 0.925000
v 15.400000 15.500000 0.925000
vn 0.000000 0.000000 1.000000
f 8323//2775 8324//2775 8325//2775
v 12.600000 14.500000 0.925000
v 15.400000 15.500000 0.925000
v 12.600000 15.500000 0.925000
vn 0.000000 0.000000 1.000000
f 8326//2776 8327//2776 8328//2776
v 12.600000 14.500000 0.575000
v 15.400000 14.500000 0.575000
v 15.400000 14.500000 0.925000
vn 0.000000 -1.000000 0.000000
f 8329//2777 8330//2777 8331//2777
v 12.600000 14.500000 0.575000
v 15.400000 14.500000 0.925000
v 12.600000 14.500000 0.925000
vn 0.000000 -1.000000 0.000000
f 8332//2778 8333//2778 8334//2778
v 15.400000 14.500000 0.575000
v 15.400000 15.500000 0.575000
v 15.400000 15.500000 0.925000
vn 1.000000 0.000000 0.000000
f 8335//2779 8336//2779 8337//2779
v 15.400000 14.500000 0.575000
v 15.400000 15.500000 0.925000
v 15.400000 14.500000 0.925000
vn 1.000000 0.000000 0.000000
f 8338//2780 8339//2780 8340//2780
v 15.400000 15.500000 0.575000
v 12.600000 15.500000 0.575000
v 12.600000 15.500000 0.925000
vn 0.000000 1.000000 0.000000
f 8341//2781 8342//2781 8343//2781
v 15.400000 15.500000 0.575000
v 12.600000 15.500000 0.925000
v 15.400000 15.500000 0.925000
vn 0.000000 1.000000 -0.000000
f 8344//2782 8345//2782 8346//2782
v 12.600000 15.500000 0.575000
v 12.600000 14.500000 0.575000
v 12.600000 14.500000 0.925000
vn -1.000000 0.000000 0.000000
f 8347//2783 8348//2783 8349//2783
v 12.600000 15.500000 0.575000
v 12.600000 14.500000 0.925000
v 12.600000 15.500000 0.925000
vn -1.000000 0.000000 0.000000
f 8350//2784 8351//2784 8352//2784
