tick,sim_time,paused,x1,y1,z1,x2,y2,z2,phase1,phase2,status
0,0,1,-3.6000000000000001,-8.1999999999999993,0.12,3.6000000000000001,-8.1999999999999993,0.12,READY,READY,RUNNING
0,0,1,-3.6000000000000001,-8.1999999999999993,0.12,3.6000000000000001,-8.1999999999999993,0.12,READY,READY,RUNNING
0,0,1,-3.6000000000000001,-8.1999999999999993,0.12,3.6000000000000001,-8.1999999999999993,0.12,READY,READY,RUNNING
0,0,1,-3.6000000000000001,-8.1999999999999993,0.12,3.6000000000000001,-8.1999999999999993,0.12,READY,READY,RUNNING
0,0,1,-3.6000000000000001,-8.1999999999999993,0.12,3.6000000000000001,-8.1999999999999993,0.12,READY,READY,RUNNING
0,0,1,-3.6000000000000001,-8.1999999999999993,0.12,3.6000000000000001,-8.1999999999999993,0.12,READY,READY,RUNNING
0,0,1,-3.6000000000000001,-8.1999999999999993,0.12,3.6000000000000001,-8.1999999999999993,0.12,READY,READY,RUNNING
0,0,1,-3.6000000000000001,-8.1999999999999993,0.12,3.6000000000000001,-8.1999999999999993,0.12,READY,READY,RUNNING
0,0,1,-3.6000000000000001,-8.1999999999999993,0.12,3.6000000000000001,-8.1999999999999993,0.12,READY,READY,RUNNING
0,0,1,-3.6000000000000001,-8.1999999999999993,0.12,3.6000000000000001,-8.1999999999999993,0.12,READY,READY,RUNNING
0,0,1,-3.6000000000000001,-8.1999999999999993,0.12,3.6000000000000001,-8.1999999999999993,0.12,READY,READY,RUNNING
0,0,1,-3.6000000000000001,-8.1999999999999993,0.12,3.6000000000000001,-8.1999999999999993,0.12,READY,READY,RUNNING
0,0,1,-3.6000000000000001,-8.1999999999999993,0.12,3.6000000000000001,-8.1999999999999993,0.12,READY,READY,RUNNING
0,0,1,-3.6000000000000001,-8.1999999999999993,0.12,3.6000000000000001,-8.1999999999999993,0.12,READY,READY,RUNNING
0,0,1,-3.6000000000000001,-8.1999999999999993,0.12,3.6000000000000001,-8.1999999999999993,0.12,READY,READY,RUNNING
0,0,1,-3.6000000000000001,-8.1999999999999993,0.12,3.6000000000000001,-8.1999999999999993,0.12,READY,READY,RUNNING
0,0,1,-3.6000000000000001,-8.1999999999999993,0.12,3.6000000000000001,-8.1999999999999993,0.12,READY,READY,RUNNING
0,0,1,-3.6000000000000001,-8.1999999999999993,0.12,3.6000000000000001,-8.1999999999999993,0.12,READY,READY,RUNNING
0,0,1,-3.6000000000000001,-8.1999999999999993,0.12,3.6000000000000001,-8.1999999999999993,0.12,READY,READY,RUNNING
0,0,1,-3.6000000000000001,-8.1999999999999993,0.12,3.6000000000000001,-8.1999999999999993,0.12,READY,READY,RUNNING
0,0,1,-3.6000000000000001,-8.1999999999999993,0.12,3.6000000000000001,-8.1999999999999993,0.12,READY,READY,RUNNING
0,0,1,-3.6000000000000001,-8.1999999999999993,0.12,3.6000000000000001,-8.1999999999999993,0.12,READY,READY,RUNNING
0,0,1,-3.6000000000000001,-8.1999999999999993,0.12,3.6000000000000001,-8.1999999999999993,0.12,READY,READY,RUNNING
0,0,1,-3.6000000000000001,-8.1999999999999993,0.12,3.6000000000000001,-8.1999999999999993,0.12,READY,READY,RUNNING
0,0,1,-3.6000000000000001,-8.1999999999999993,0.12,3.6000000000000001,-8.1999999999999993,0.12,READY,READY,RUNNING
0,0,1,-3.6000000000000001,-8.1999999999999993,0.12,3.6000000000000001,-8.1999999999999993,0.12,READY,READY,RUNNING
0,0,1,-3.6000000000000001,-8.1999999999999993,0.12,3.6000000000000001,-8.1999999999999993,0.12,READY,READY,RUNNING
0,0,1,-3.6000000000000001,-8.1999999999999993,0.12,3.6000000000000001,-8.1999999999999993,0.12,READY,READY,RUNNING
0,0,1,-3.6000000000000001,-8.1999999999999993,0.12,3.6000000000000001,-8.1999999999999993,0.12,READY,READY,RUNNING
0,0,1,-3.6000000000000001,-8.1999999999999993,0.12,3.6000000000000001,-8.1999999999999993,0.12,READY,READY,RUNNING
0,0,1,-3.6000000000000001,-8.1999999999999993,0.12,3.6000000000000001,-8.1999999999999993,0.12,READY,READY,RUNNING
0,0,1,-3.6000000000000001,-8.1999999999999993,0.12,3.6000000000000001,-8.1999999999999993,0.12,READY,READY,RUNNING
0,0,1,-3.6000000000000001,-8.1999999999999993,0.12,3.6000000000000001,-8.1999999999999993,0.12,READY,READY,RUNNING
0,0,1,-3.6000000000000001,-8.1999999999999993,0.12,3.6000000000000001,-8.1999999999999993,0.12,READY,READY,RUNNING
0,0,1,-3.6000000000000001,-8.1999999999999993,0.12,3.6000000000000001,-8.1999999999999993,0.12,READY,READY,RUNNING
0,0,1,-3.6000000000000001,-8.1999999999999993,0.12,3.6000000000000001,-8.1999999999999993,0.12,READY,READY,RUNNING
0,0,1,-3.6000000000000001,-8.1999999999999993,0.12,3.6000000000000001,-8.1999999999999993,0.12,READY,READY,RUNNING
0,0,1,-3.6000000000000001,-8.1999999999999993,0.12,3.6000000000000001,-8.1999999999999993,0.12,READY,READY,RUNNING
0,0,1,-3.6000000000000001,-8.1999999999999993,0.12,3.6000000000000001,-8.1999999999999993,0.12,READY,READY,RUNNING
0,0,1,-3.6000000000000001,-8.1999999999999993,0.12,3.6000000000000001,-8.1999999999999993,0.12,READY,READY,RUNNING
0,0,1,-3.6000000000000001,-8.1999999999999993,0.12,3.6000000000000001,-8.1999999999999993,0.12,READY,READY,RUNNING
0,0,1,-3.6000000000000001,-8.1999999999999993,0.12,3.6000000000000001,-8.1999999999999993,0.12,READY,READY,RUNNING
0,0,1,-3.6000000000000001,-8.1999999999999993,0.12,3.6000000000000001,-8.1999999999999993,0.12,READY,READY,RUNNING
0,0,1,-3.6000000000000001,-8.1999999999999993,0.12,3.6000000000000001,-8.1999999999999993,0.12,READY,READY,RUNNING
0,0,1,-3.6000000000000001,-8.1999999999999993,0.12,3.6000000000000001,-8.1999999999999993,0.12,READY,READY,RUNNING
0,0,1,-3.6000000000000001,-8.1999999999999993,0.12,3.6000000000000001,-8.1999999999999993,0.12,READY,READY,RUNNING
0,0,1,-3.6000000000000001,-8.1999999999999993,0.12,3.6000000000000001,-8.1999999999999993,0.12,READY,READY,RUNNING
0,0,1,-3.6000000000000001,-8.1999999999999993,0.12,3.6000000000000001,-8.1999999999999993,0.12,READY,READY,RUNNING
0,0,1,-3.6000000000000001,-8.1999999999999993,0.12,3.6000000000000001,-8.1999999999999993,0.12,READY,READY,RUNNING
0,0,1,-3.6000000000000001,-8.1999999999999993,0.12,3.6000000000000001,-8.1999999999999993,0.12,READY,READY,RUNNING
0,0,1,-3.6000000000000001,-8.1999999999999993,0.12,3.6000000000000001,-8.1999999999999993,0.12,READY,READY,RUNNING
0,0,1,-3.6000000000000001,-8.1999999999999993,0.12,3.6000000000000001,-8.1999999999999993,0.12,READY,READY,RUNNING
0,0,1,-3.6000000000000001,-8.1999999999999993,0.12,3.6000000000000001,-8.1999999999999993,0.12,READY,READY,RUNNING
0,0,1,-3.6000000000000001,-8.1999999999999993,0.12,3.6000000000000001,-8.1999999999999993,0.12,READY,READY,RUNNING
0,0,1,-3.6000000000000001,-8.1999999999999993,0.12,3.6000000000000001,-8.1999999999999993,0.12,READY,READY,RUNNING
0,0,1,-3.6000000000000001,-8.1999999999999993,0.12,3.6000000000000001,-8.1999999999999993,0.12,READY,READY,RUNNING
0,0,1,-3.6000000000000001,-8.1999999999999993,0.12,3.6000000000000001,-8.1999999999999993,0.12,READY,READY,RUNNING
0,0,1,-3.6000000000000001,-8.1999999999999993,0.12,3.6000000000000001,-8.1999999999999993,0.12,READY,READY,RUNNING
0,0,1,-3.6000000000000001,-8.1999999999999993,0.12,3.6000000000000001,-8.1999999999999993,0.12,READY,READY,RUNNING
0,0,1,-3.6000000000000001,-8.1999999999999993,0.12,3.6000000000000001,-8.1999999999999993,0.12,READY,READY,RUNNING
0,0,1,-3.6000000000000001,-8.1999999999999993,0.12,3.6000000000000001,-8.1999999999999993,0.12,READY,READY,RUNNING
0,0,1,-3.6000000000000001,-8.1999999999999993,0.12,3.6000000000000001,-8.1999999999999993,0.12,READY,READY,RUNNING
0,0,1,-3.6000000000000001,-8.1999999999999993,0.12,3.6000000000000001,-8.1999999999999993,0.12,READY,READY,RUNNING
0,0,1,-3.6000000000000001,-8.1999999999999993,0.12,3.6000000000000001,-8.1999999999999993,0.12,READY,READY,RUNNING
0,0,1,-3.6000000000000001,-8.1999999999999993,0.12,3.6000000000000001,-8.1999999999999993,0.12,READY,READY,RUNNING
0,0,1,-3.6000000000000001,-8.1999999999999993,0.12,3.6000000000000001,-8.1999999999999993,0.12,READY,READY,RUNNING
0,0,1,-3.6000000000000001,-8.1999999999999993,0.12,3.6000000000000001,-8.1999999999999993,0.12,READY,READY,RUNNING
0,0,1,-3.6000000000000001,-8.1999999999999993,0.12,3.6000000000000001,-8.1999999999999993,0.12,READY,READY,RUNNING
0,0,1,-3.6000000000000001,-8.1999999999999993,0.12,3.6000000000000001,-8.1999999999999993,0.12,READY,READY,RUNNING
0,0,1,-3.6000000000000001,-8.1999999999999993,0.12,3.6000000000000001,-8.1999999999999993,0.12,READY,READY,RUNNING
0,0,1,-3.6000000000000001,-8.1999999999999993,0.12,3.6000000000000001,-8.1999999999999993,0.12,READY,READY,RUNNING
0,0,1,-3.6000000000000001,-8.1999999999999993,0.12,3.6000000000000001,-8.1999999999999993,0.12,READY,READY,RUNNING
0,0,1,-3.6000000000000001,-8.1999999999999993,0.12,3.6000000000000001,-8.1999999999999993,0.12,READY,READY,RUNNING
0,0,1,-3.6000000000000001,-8.1999999999999993,0.12,3.6000000000000001,-8.1999999999999993,0.12,READY,READY,RUNNING
0,0,1,-3.6000000000000001,-8.1999999999999993,0.12,3.6000000000000001,-8.1999999999999993,0.12,READY,READY,RUNNING
0,0,1,-3.6000000000000001,-8.1999999999999993,0.12,3.6000000000000001,-8.1999999999999993,0.12,READY,READY,RUNNING
0,0,1,-3.6000000000000001,-8.1999999999999993,0.12,3.6000000000000001,-8.1999999999999993,0.12,READY,READY,RUNNING
0,0,1,-3.6000000000000001,-8.1999999999999993,0.12,3.6000000000000001,-8.1999999999999993,0.12,READY,READY,RUNNING
0,0,1,-3.6000000000000001,-8.1999999999999993,0.12,3.6000000000000001,-8.1999999999999993,0.12,READY,READY,RUNNING
0,0,1,-3.6000000000000001,-8.1999999999999993,0.12,3.6000000000000001,-8.1999999999999993,0.12,READY,READY,RUNNING
0,0,1,-3.6000000000000001,-8.1999999999999993,0.12,3.6000000000000001,-8.1999999999999993,0.12,READY,READY,RUNNING
0,0,1,-3.6000000000000001,-8.1999999999999993,0.12,3.6000000000000001,-8.1999999999999993,0.12,READY,READY,RUNNING
0,0,1,-3.6000000000000001,-8.1999999999999993,0.12,3.6000000000000001,-8.1999999999999993,0.12,READY,READY,RUNNING
0,0,1,-3.6000000000000001,-8.1999999999999993,0.12,3.6000000000000001,-8.1999999999999993,0.12,READY,READY,RUNNING
0,0,1,-3.6000000000000001,-8.1999999999999993,0.12,3.6000000000000001,-8.1999999999999993,0.12,READY,READY,RUNNING
0,0,1,-3.6000000000000001,-8.1999999999999993,0.12,3.6000000000000001,-8.1999999999999993,0.12,READY,READY,RUNNING
0,0,1,-3.6000000000000001,-8.1999999999999993,0.12,3.6000000000000001,-8.1999999999999993,0.12,READY,READY,RUNNING
0,0,1,-3.6000000000000001,-8.1999999999999993,0.12,3.6000000000000001,-8.1999999999999993,0.12,READY,READY,RUNNING
0,0,1,-3.6000000000000001,-8.1999999999999993,0.12,3.6000000000000001,-8.1999999999999993,0.12,READY,READY,RUNNING
0,0,1,-3.6000000000000001,-8.1999999999999993,0.12,3.6000000000000001,-8.1999999999999993,0.12,READY,READY,RUNNING
0,0,1,-3.6000000000000001,-8.1999999999999993,0.12,3.6000000000000001,-8.1999999999999993,0.12,READY,READY,RUNNING
0,0,1,-3.6000000000000001,-8.1999999999999993,0.12,3.6000000000000001,-8.1999999999999993,0.12,READY,READY,RUNNING
0,0,1,-3.6000000000000001,-8.1999999999999993,0.12,3.6000000000000001,-8.1999999999999993,0.12,READY,READY,RUNNING
0,0,1,-3.6000000000000001,-8.1999999999999993,0.12,3.6000000000000001,-8.1999999999999993,0.12,READY,READY,RUNNING
0,0,1,-3.6000000000000001,-8.1999999999999993,0.12,3.6000000000000001,-8.1999999999999993,0.12,READY,READY,RUNNING
0,0,1,-3.6000000000000001,-8.1999999999999993,0.12,3.6000000000000001,-8.1999999999999993,0.12,READY,READY,RUNNING
0,0,1,-3.6000000000000001,-8.1999999999999993,0.12,3.6000000000000001,-8.1999999999999993,0.12,READY,READY,RUNNING
0,0,1,-3.6000000000000001,-8.1999999999999993,0.12,3.6000000000000001,-8.1999999999999993,0.12,READY,READY,RUNNING
0,0,1,-3.6000000000000001,-8.1999999999999993,0.12,3.6000000000000001,-8.1999999999999993,0.12,READY,READY,RUNNING
0,0,1,-3.6000000000000001,-8.1999999999999993,0.12,3.6000000000000001,-8.1999999999999993,0.12,READY,READY,RUNNING
0,0,1,-3.6000000000000001,-8.1999999999999993,0.12,3.6000000000000001,-8.1999999999999993,0.12,READY,READY,RUNNING
0,0,1,-3.6000000000000001,-8.1999999999999993,0.12,3.6000000000000001,-8.1999999999999993,0.12,READY,READY,RUNNING
0,0,1,-3.6000000000000001,-8.1999999999999993,0.12,3.6000000000000001,-8.1999999999999993,0.12,READY,READY,RUNNING
0,0,1,-3.6000000000000001,-8.1999999999999993,0.12,3.6000000000000001,-8.1999999999999993,0.12,READY,READY,RUNNING
0,0,1,-3.6000000000000001,-8.1999999999999993,0.12,3.6000000000000001,-8.1999999999999993,0.12,READY,READY,RUNNING
0,0,1,-3.6000000000000001,-8.1999999999999993,0.12,3.6000000000000001,-8.1999999999999993,0.12,READY,READY,RUNNING
0,0,1,-3.6000000000000001,-8.1999999999999993,0.12,3.6000000000000001,-8.1999999999999993,0.12,READY,READY,RUNNING
0,0,1,-3.6000000000000001,-8.1999999999999993,0.12,3.6000000000000001,-8.1999999999999993,0.12,READY,READY,RUNNING
0,0,1,-3.6000000000000001,-8.1999999999999993,0.12,3.6000000000000001,-8.1999999999999993,0.12,READY,READY,RUNNING
0,0,1,-3.6000000000000001,-8.1999999999999993,0.12,3.6000000000000001,-8.1999999999999993,0.12,READY,READY,RUNNING
0,0,1,-3.6000000000000001,-8.1999999999999993,0.12,3.6000000000000001,-8.1999999999999993,0.12,READY,READY,RUNNING
0,0,1,-3.6000000000000001,-8.1999999999999993,0.12,3.6000000000000001,-8.1999999999999993,0.12,READY,READY,RUNNING
0,0,1,-3.6000000000000001,-8.1999999999999993,0.12,3.6000000000000001,-8.1999999999999993,0.12,READY,READY,RUNNING
0,0,1,-3.6000000000000001,-8.1999999999999993,0.12,3.6000000000000001,-8.1999999999999993,0.12,READY,READY,RUNNING
0,0,1,-3.6000000000000001,-8.1999999999999993,0.12,3.6000000000000001,-8.1999999999999993,0.12,READY,READY,RUNNING
0,0,1,-3.6000000000000001,-8.1999999999999993,0.12,3.6000000000000001,-8.1999999999999993,0.12,READY,READY,RUNNING
0,0,1,-3.6000000000000001,-8.1999999999999993,0.12,3.6000000000000001,-8.1999999999999993,0.12,READY,READY,RUNNING
0,0,1,-3.6000000000000001,-8.1999999999999993,0.12,3.6000000000000001,-8.1999999999999993,0.12,READY,READY,RUNNING
0,0,1,-3.6000000000000001,-8.1999999999999993,0.12,3.6000000000000001,-8.1999999999999993,0.12,READY,READY,RUNNING
0,0,1,-3.6000000000000001,-8.1999999999999993,0.12,3.6000000000000001,-8.1999999999999993,0.12,READY,READY,RUNNING
0,0,1,-3.6000000000000001,-8.1999999999999993,0.12,3.6000000000000001,-8.1999999999999993,0.12,READY,READY,RUNNING
0,0,1,-3.6000000000000001,-8.1999999999999993,0.12,3.6000000000000001,-8.1999999999999993,0.12,READY,READY,RUNNING
0,0,1,-3.6000000000000001,-8.1999999999999993,0.12,3.6000000000000001,-8.1999999999999993,0.12,READY,READY,RUNNING
0,0,1,-3.6000000000000001,-8.1999999999999993,0.12,3.6000000000000001,-8.1999999999999993,0.12,READY,READY,RUNNING
0,0,1,-3.6000000000000001,-8.1999999999999993,0.12,3.6000000000000001,-8.1999999999999993,0.12,READY,READY,RUNNING
0,0,1,-3.6000000000000001,-8.1999999999999993,0.12,3.6000000000000001,-8.1999999999999993,0.12,READY,READY,RUNNING
0,0,1,-3.6000000000000001,-8.1999999999999993,0.12,3.6000000000000001,-8.1999999999999993,0.12,READY,READY,RUNNING
0,0,1,-3.6000000000000001,-8.1999999999999993,0.12,3.6000000000000001,-8.1999999999999993,0.12,READY,READY,RUNNING
0,0,1,-3.6000000000000001,-8.1999999999999993,0.12,3.6000000000000001,-8.1999999999999993,0.12,READY,READY,RUNNING
0,0,1,-3.6000000000000001,-8.1999999999999993,0.12,3.6000000000000001,-8.1999999999999993,0.12,READY,READY,RUNNING
0,0,1,-3.6000000000000001,-8.1999999999999993,0.12,3.6000000000000001,-8.1999999999999993,0.12,READY,READY,RUNNING
0,0,1,-3.6000000000000001,-8.1999999999999993,0.12,3.6000000000000001,-8.1999999999999993,0.12,READY,READY,RUNNING
0,0,1,-3.6000000000000001,-8.1999999999999993,0.12,3.6000000000000001,-8.1999999999999993,0.12,READY,READY,RUNNING
0,0,1,-3.6000000000000001,-8.1999999999999993,0.12,3.6000000000000001,-8.1999999999999993,0.12,READY,READY,RUNNING
0,0,1,-3.6000000000000001,-8.1999999999999993,0.12,3.6000000000000001,-8.1999999999999993,0.12,READY,READY,RUNNING
0,0,1,-3.6000000000000001,-8.1999999999999993,0.12,3.6000000000000001,-8.1999999999999993,0.12,READY,READY,RUNNING
0,0,1,-3.6000000000000001,-8.1999999999999993,0.12,3.6000000000000001,-8.1999999999999993,0.12,READY,READY,RUNNING
0,0,1,-3.6000000000000001,-8.1999999999999993,0.12,3.6000000000000001,-8.1999999999999993,0.12,READY,READY,RUNNING
0,0,1,-3.6000000000000001,-8.1999999999999993,0.12,3.6000000000000001,-8.1999999999999993,0.12,READY,READY,RUNNING
0,0,1,-3.6000000000000001,-8.1999999999999993,0.12,3.6000000000000001,-8.1999999999999993,0.12,READY,READY,RUNNING
0,0,1,-3.6000000000000001,-8.1999999999999993,0.12,3.6000000000000001,-8.1999999999999993,0.12,READY,READY,RUNNING
0,0,1,-3.6000000000000001,-8.1999999999999993,0.12,3.6000000000000001,-8.1999999999999993,0.12,READY,READY,RUNNING
0,0,1,-3.6000000000000001,-8.1999999999999993,0.12,3.6000000000000001,-8.1999999999999993,0.12,READY,READY,RUNNING
0,0,1,-3.6000000000000001,-8.1999999999999993,0.12,3.6000000000000001,-8.1999999999999993,0.12,READY,READY,RUNNING
0,0,1,-3.6000000000000001,-8.1999999999999993,0.12,3.6000000000000001,-8.1999999999999993,0.12,READY,READY,RUNNING
0,0,1,-3.6000000000000001,-8.1999999999999993,0.12,3.6000000000000001,-8.1999999999999993,0.12,READY,READY,RUNNING
0,0,1,-3.6000000000000001,-8.1999999999999993,0.12,3.6000000000000001,-8.1999999999999993,0.12,READY,READY,RUNNING
0,0,1,-3.6000000000000001,-8.1999999999999993,0.12,3.6000000000000001,-8.1999999999999993,0.12,READY,READY,RUNNING
0,0,1,-3.6000000000000001,-8.1999999999999993,0.12,3.6000000000000001,-8.1999999999999993,0.12,READY,READY,RUNNING
0,0,1,-3.6000000000000001,-8.1999999999999993,0.12,3.6000000000000001,-8.1999999999999993,0.12,READY,READY,RUNNING
0,0,1,-3.6000000000000001,-8.1999999999999993,0.12,3.6000000000000001,-8.1999999999999993,0.12,READY,READY,RUNNING
0,0,1,-3.6000000000000001,-8.1999999999999993,0.12,3.6000000000000001,-8.1999999999999993,0.12,READY,READY,RUNNING
0,0,1,-3.6000000000000001,-8.1999999999999993,0.12,3.6000000000000001,-8.1999999999999993,0.12,READY,READY,RUNNING
0,0,1,-3.6000000000000001,-8.1999999999999993,0.12,3.6000000000000001,-8.1999999999999993,0.12,READY,READY,RUNNING
0,0,1,-3.6000000000000001,-8.1999999999999993,0.12,3.6000000000000001,-8.1999999999999993,0.12,READY,READY,RUNNING
0,0,1,-3.6000000000000001,-8.1999999999999993,0.12,3.6000000000000001,-8.1999999999999993,0.12,READY,READY,RUNNING
0,0,1,-3.6000000000000001,-8.1999999999999993,0.12,3.6000000000000001,-8.1999999999999993,0.12,READY,READY,RUNNING
0,0,1,-3.6000000000000001,-8.1999999999999993,0.12,3.6000000000000001,-8.1999999999999993,0.12,READY,READY,RUNNING
0,0,1,-3.6000000000000001,-8.1999999999999993,0.12,3.6000000000000001,-8.1999999999999993,0.12,READY,READY,RUNNING
0,0,1,-3.6000000000000001,-8.1999999999999993,0.12,3.6000000000000001,-8.1999999999999993,0.12,READY,READY,RUNNING
0,0,1,-3.6000000000000001,-8.1999999999999993,0.12,3.6000000000000001,-8.1999999999999993,0.12,READY,READY,RUNNING
0,0,1,-3.6000000000000001,-8.1999999999999993,0.12,3.6000000000000001,-8.1999999999999993,0.12,READY,READY,RUNNING
0,0,1,-3.6000000000000001,-8.1999999999999993,0.12,3.6000000000000001,-8.1999999999999993,0.12,READY,READY,RUNNING
0,0,1,-3.6000000000000001,-8.1999999999999993,0.12,3.6000000000000001,-8.1999999999999993,0.12,READY,READY,RUNNING
0,0,1,-3.6000000000000001,-8.1999999999999993,0.12,3.6000000000000001,-8.1999999999999993,0.12,READY,READY,RUNNING
0,0,1,-3.6000000000000001,-8.1999999999999993,0.12,3.6000000000000001,-8.1999999999999993,0.12,READY,READY,RUNNING
0,0,1,-3.6000000000000001,-8.1999999999999993,0.12,3.6000000000000001,-8.1999999999999993,0.12,READY,READY,RUNNING
0,0,1,-3.6000000000000001,-8.1999999999999993,0.12,3.6000000000000001,-8.1999999999999993,0.12,READY,READY,RUNNING
0,0,1,-3.6000000000000001,-8.1999999999999993,0.12,3.6000000000000001,-8.1999999999999993,0.12,READY,READY,RUNNING
0,0,1,-3.6000000000000001,-8.1999999999999993,0.12,3.6000000000000001,-8.1999999999999993,0.12,READY,READY,RUNNING
0,0,1,-3.6000000000000001,-8.1999999999999993,0.12,3.6000000000000001,-8.1999999999999993,0.12,READY,READY,RUNNING
0,0,1,-3.6000000000000001,-8.1999999999999993,0.12,3.6000000000000001,-8.1999999999999993,0.12,READY,READY,RUNNING
0,0,1,-3.6000000000000001,-8.1999999999999993,0.12,3.6000000000000001,-8.1999999999999993,0.12,READY,READY,RUNNING
0,0,1,-3.6000000000000001,-8.1999999999999993,0.12,3.6000000000000001,-8.1999999999999993,0.12,READY,READY,RUNNING
0,0,1,-3.6000000000000001,-8.1999999999999993,0.12,3.6000000000000001,-8.1999999999999993,0.12,READY,READY,RUNNING
0,0,1,-3.6000000000000001,-8.1999999999999993,0.12,3.6000000000000001,-8.1999999999999993,0.12,READY,READY,RUNNING
0,0,1,-3.6000000000000001,-8.1999999999999993,0.12,3.6000000000000001,-8.1999999999999993,0.12,READY,READY,RUNNING
0,0,1,-3.6000000000000001,-8.1999999999999993,0.12,3.6000000000000001,-8.1999999999999993,0.12,READY,READY,RUNNING
0,0,1,-3.6000000000000001,-8.1999999999999993,0.12,3.6000000000000001,-8.1999999999999993,0.12,READY,READY,RUNNING
0,0,1,-3.6000000000000001,-8.1999999999999993,0.12,3.6000000000000001,-8.1999999999999993,0.12,READY,READY,RUNNING
0,0,1,-3.6000000000000001,-8.1999999999999993,0.12,3.6000000000000001,-8.1999999999999993,0.12,READY,READY,RUNNING
0,0,1,-3.6000000000000001,-8.1999999999999993,0.12,3.6000000000000001,-8.1999999999999993,0.12,READY,READY,RUNNING
0,0,1,-3.6000000000000001,-8.1999999999999993,0.12,3.6000000000000001,-8.1999999999999993,0.12,READY,READY,RUNNING
0,0,1,-3.6000000000000001,-8.1999999999999993,0.12,3.6000000000000001,-8.1999999999999993,0.12,READY,READY,RUNNING
0,0,1,-3.6000000000000001,-8.1999999999999993,0.12,3.6000000000000001,-8.1999999999999993,0.12,READY,READY,RUNNING
0,0,1,-3.6000000000000001,-8.1999999999999993,0.12,3.6000000000000001,-8.1999999999999993,0.12,READY,READY,RUNNING
0,0,1,-3.6000000000000001,-8.1999999999999993,0.12,3.6000000000000001,-8.1999999999999993,0.12,READY,READY,RUNNING
0,0,1,-3.6000000000000001,-8.1999999999999993,0.12,3.6000000000000001,-8.1999999999999993,0.12,READY,READY,RUNNING
0,0,1,-3.6000000000000001,-8.1999999999999993,0.12,3.6000000000000001,-8.1999999999999993,0.12,READY,READY,RUNNING
0,0,1,-3.6000000000000001,-8.1999999999999993,0.12,3.6000000000000001,-8.1999999999999993,0.12,READY,READY,RUNNING
0,0,1,-3.6000000000000001,-8.1999999999999993,0.12,3.6000000000000001,-8.1999999999999993,0.12,READY,READY,RUNNING
0,0,1,-3.6000000000000001,-8.1999999999999993,0.12,3.6000000000000001,-8.1999999999999993,0.12,READY,READY,RUNNING
0,0,1,-3.6000000000000001,-8.1999999999999993,0.12,3.6000000000000001,-8.1999999999999993,0.12,READY,READY,RUNNING
0,0,1,-3.6000000000000001,-8.1999999999999993,0.12,3.6000000000000001,-8.1999999999999993,0.12,READY,READY,RUNNING
0,0,1,-3.6000000000000001,-8.1999999999999993,0.12,3.6000000000000001,-8.1999999999999993,0.12,READY,READY,RUNNING
0,0,1,-3.6000000000000001,-8.1999999999999993,0.12,3.6000000000000001,-8.1999999999999993,0.12,READY,READY,RUNNING
0,0,1,-3.6000000000000001,-8.1999999999999993,0.12,3.6000000000000001,-8.1999999999999993,0.12,READY,READY,RUNNING
0,0,1,-3.6000000000000001,-8.1999999999999993,0.12,3.6000000000000001,-8.1999999999999993,0.12,READY,READY,RUNNING
0,0,1,-3.6000000000000001,-8.1999999999999993,0.12,3.6000000000000001,-8.1999999999999993,0.12,READY,READY,RUNNING
0,0,1,-3.6000000000000001,-8.1999999999999993,0.12,3.6000000000000001,-8.1999999999999993,0.12,READY,READY,RUNNING
0,0,1,-3.6000000000000001,-8.1999999999999993,0.12,3.6000000000000001,-8.1999999999999993,0.12,READY,READY,RUNNING
0,0,1,-3.6000000000000001,-8.1999999999999993,0.12,3.6000000000000001,-8.1999999999999993,0.12,READY,READY,RUNNING
0,0,1,-3.6000000000000001,-8.1999999999999993,0.12,3.6000000000000001,-8.1999999999999993,0.12,READY,READY,RUNNING
0,0,1,-3.6000000000000001,-8.1999999999999993,0.12,3.6000000000000001,-8.1999999999999993,0.12,READY,READY,RUNNING
0,0,1,-3.6000000000000001,-8.1999999999999993,0.12,3.6000000000000001,-8.1999999999999993,0.12,READY,READY,RUNNING
0,0,1,-3.6000000000000001,-8.1999999999999993,0.12,3.6000000000000001,-8.1999999999999993,0.12,READY,READY,RUNNING
0,0,1,-3.6000000000000001,-8.1999999999999993,0.12,3.6000000000000001,-8.1999999999999993,0.12,READY,READY,RUNNING
0,0,1,-3.6000000000000001,-8.1999999999999993,0.12,3.6000000000000001,-8.1999999999999993,0.12,READY,READY,RUNNING
0,0,1,-3.6000000000000001,-8.1999999999999993,0.12,3.6000000000000001,-8.1999999999999993,0.12,READY,READY,RUNNING
0,0,1,-3.6000000000000001,-8.1999999999999993,0.12,3.6000000000000001,-8.1999999999999993,0.12,READY,READY,RUNNING
0,0,1,-3.6000000000000001,-8.1999999999999993,0.12,3.6000000000000001,-8.1999999999999993,0.12,READY,READY,RUNNING
0,0,1,-3.6000000000000001,-8.1999999999999993,0.12,3.6000000000000001,-8.1999999999999993,0.12,READY,READY,RUNNING
0,0,1,-3.6000000000000001,-8.1999999999999993,0.12,3.6000000000000001,-8.1999999999999993,0.12,READY,READY,RUNNING
0,0,1,-3.6000000000000001,-8.1999999999999993,0.12,3.6000000000000001,-8.1999999999999993,0.12,READY,READY,RUNNING
0,0,1,-3.6000000000000001,-8.1999999999999993,0.12,3.6000000000000001,-8.1999999999999993,0.12,READY,READY,RUNNING
0,0,1,-3.6000000000000001,-8.1999999999999993,0.12,3.6000000000000001,-8.1999999999999993,0.12,READY,READY,RUNNING
0,0,1,-3.6000000000000001,-8.1999999999999993,0.12,3.6000000000000001,-8.1999999999999993,0.12,READY,READY,RUNNING
0,0,1,-3.6000000000000001,-8.1999999999999993,0.12,3.6000000000000001,-8.1999999999999993,0.12,READY,READY,RUNNING
0,0,1,-3.6000000000000001,-8.1999999999999993,0.12,3.6000000000000001,-8.1999999999999993,0.12,READY,READY,RUNNING
0,0,1,-3.6000000000000001,-8.1999999999999993,0.12,3.6000000000000001,-8.1999999999999993,0.12,READY,READY,RUNNING
0,0,1,-3.6000000000000001,-8.1999999999999993,0.12,3.6000000000000001,-8.1999999999999993,0.12,READY,READY,RUNNING
0,0,1,-3.6000000000000001,-8.1999999999999993,0.12,3.6000000000000001,-8.1999999999999993,0.12,READY,READY,RUNNING
0,0,1,-3.6000000000000001,-8.1999999999999993,0.12,3.6000000000000001,-8.1999999999999993,0.12,READY,READY,RUNNING
0,0,1,-3.6000000000000001,-8.1999999999999993,0.12,3.6000000000000001,-8.1999999999999993,0.12,READY,READY,RUNNING
0,0,1,-3.6000000000000001,-8.1999999999999993,0.12,3.6000000000000001,-8.1999999999999993,0.12,READY,READY,RUNNING
0,0,1,-3.6000000000000001,-8.1999999999999993,0.12,3.6000000000000001,-8.1999999999999993,0.12,READY,READY,RUNNING
0,0,1,-3.6000000000000001,-8.1999999999999993,0.12,3.6000000000000001,-8.1999999999999993,0.12,READY,READY,RUNNING
0,0,1,-3.6000000000000001,-8.1999999999999993,0.12,3.6000000000000001,-8.1999999999999993,0.12,READY,READY,RUNNING
0,0,1,-3.6000000000000001,-8.1999999999999993,0.12,3.6000000000000001,-8.1999999999999993,0.12,READY,READY,RUNNING
0,0,1,-3.6000000000000001,-8.1999999999999993,0.12,3.6000000000000001,-8.1999999999999993,0.12,READY,READY,RUNNING
0,0,1,-3.6000000000000001,-8.1999999999999993,0.12,3.6000000000000001,-8.1999999999999993,0.12,READY,READY,RUNNING
0,0,1,-3.6000000000000001,-8.1999999999999993,0.12,3.6000000000000001,-8.1999999999999993,0.12,READY,READY,RUNNING
0,0,1,-3.6000000000000001,-8.1999999999999993,0.12,3.6000000000000001,-8.1999999999999993,0.12,READY,READY,RUNNING
0,0,1,-3.6000000000000001,-8.1999999999999993,0.12,3.6000000000000001,-8.1999999999999993,0.12,READY,READY,RUNNING
0,0,1,-3.6000000000000001,-8.1999999999999993,0.12,3.6000000000000001,-8.1999999999999993,0.12,READY,READY,RUNNING
0,0,1,-3.6000000000000001,-8.1999999999999993,0.12,3.6000000000000001,-8.1999999999999993,0.12,READY,READY,RUNNING
0,0,1,-3.6000000000000001,-8.1999999999999993,0.12,3.6000000000000001,-8.1999999999999993,0.12,READY,READY,RUNNING
0,0,1,-3.6000000000000001,-8.1999999999999993,0.12,3.6000000000000001,-8.1999999999999993,0.12,READY,READY,RUNNING
0,0,1,-3.6000000000000001,-8.1999999999999993,0.12,3.6000000000000001,-8.1999999999999993,0.12,READY,READY,RUNNING
0,0,1,-3.6000000000000001,-8.1999999999999993,0.12,3.6000000000000001,-8.1999999999999993,0.12,READY,READY,RUNNING
0,0,1,-3.6000000000000001,-8.1999999999999993,0.12,3.6000000000000001,-8.1999999999999993,0.12,READY,READY,RUNNING
0,0,1,-3.6000000000000001,-8.1999999999999993,0.12,3.6000000000000001,-8.1999999999999993,0.12,READY,READY,RUNNING
0,0,1,-3.6000000000000001,-8.1999999999999993,0.12,3.6000000000000001,-8.1999999999999993,0.12,READY,READY,RUNNING
0,0,1,-3.6000000000000001,-8.1999999999999993,0.12,3.6000000000000001,-8.1999999999999993,0.12,READY,READY,RUNNING
0,0,1,-3.6000000000000001,-8.1999999999999993,0.12,3.6000000000000001,-8.1999999999999993,0.12,READY,READY,RUNNING
0,0,1,-3.6000000000000001,-8.1999999999999993,0.12,3.6000000000000001,-8.1999999999999993,0.12,READY,READY,RUNNING
0,0,1,-3.6000000000000001,-8.1999999999999993,0.12,3.6000000000000001,-8.1999999999999993,0.12,READY,READY,RUNNING
0,0,1,-3.6000000000000001,-8.1999999999999993,0.12,3.6000000000000001,-8.1999999999999993,0.12,READY,READY,RUNNING
0,0,1,-3.6000000000000001,-8.1999999999999993,0.12,3.6000000000000001,-8.1999999999999993,0.12,READY,READY,RUNNING
0,0,1,-3.6000000000000001,-8.1999999999999993,0.12,3.6000000000000001,-8.1999999999999993,0.12,READY,READY,RUNNING
0,0,1,-3.6000000000000001,-8.1999999999999993,0.12,3.6000000000000001,-8.1999999999999993,0.12,READY,READY,RUNNING
0,0,1,-3.6000000000000001,-8.1999999999999993,0.12,3.6000000000000001,-8.1999999999999993,0.12,READY,READY,RUNNING
0,0,1,-3.6000000000000001,-8.1999999999999993,0.12,3.6000000000000001,-8.1999999999999993,0.12,READY,READY,RUNNING
0,0,1,-3.6000000000000001,-8.1999999999999993,0.12,3.6000000000000001,-8.1999999999999993,0.12,READY,READY,RUNNING
0,0,1,-3.6000000000000001,-8.1999999999999993,0.12,3.6000000000000001,-8.1999999999999993,0.12,READY,READY,RUNNING
0,0,1,-3.6000000000000001,-8.1999999999999993,0.12,3.6000000000000001,-8.1999999999999993,0.12,READY,READY,RUNNING
0,0,1,-3.6000000000000001,-8.1999999999999993,0.12,3.6000000000000001,-8.1999999999999993,0.12,READY,READY,RUNNING
0,0,1,-3.6000000000000001,-8.1999999999999993,0.12,3.6000000000000001,-8.1999999999999993,0.12,READY,READY,RUNNING
0,0,1,-3.6000000000000001,-8.1999999999999993,0.12,3.6000000000000001,-8.1999999999999993,0.12,READY,READY,RUNNING
0,0,1,-3.6000000000000001,-8.1999999999999993,0.12,3.6000000000000001,-8.1999999999999993,0.12,READY,READY,RUNNING
0,0,1,-3.6000000000000001,-8.1999999999999993,0.12,3.6000000000000001,-8.1999999999999993,0.12,READY,READY,RUNNING
0,0,1,-3.6000000000000001,-8.1999999999999993,0.12,3.6000000000000001,-8.1999999999999993,0.12,READY,READY,RUNNING
0,0,1,-3.6000000000000001,-8.1999999999999993,0.12,3.6000000000000001,-8.1999999999999993,0.12,READY,READY,RUNNING
0,0,1,-3.6000000000000001,-8.1999999999999993,0.12,3.6000000000000001,-8.1999999999999993,0.12,READY,READY,RUNNING
0,0,1,-3.6000000000000001,-8.1999999999999993,0.12,3.6000000000000001,-8.1999999999999993,0.12,READY,READY,RUNNING
0,0,1,-3.6000000000000001,-8.1999999999999993,0.12,3.6000000000000001,-8.1999999999999993,0.12,READY,READY,RUNNING
0,0,1,-3.6000000000000001,-8.1999999999999993,0.12,3.6000000000000001,-8.1999999999999993,0.12,READY,READY,RUNNING
0,0,1,-3.6000000000000001,-8.1999999999999993,0.12,3.6000000000000001,-8.1999999999999993,0.12,READY,READY,RUNNING
0,0,1,-3.6000000000000001,-8.1999999999999993,0.12,3.6000000000000001,-8.1999999999999993,0.12,READY,READY,RUNNING
0,0,1,-3.6000000000000001,-8.1999999999999993,0.12,3.6000000000000001,-8.1999999999999993,0.12,READY,READY,RUNNING
0,0,1,-3.6000000000000001,-8.1999999999999993,0.12,3.6000000000000001,-8.1999999999999993,0.12,READY,READY,RUNNING
0,0,1,-3.6000000000000001,-8.1999999999999993,0.12,3.6000000000000001,-8.1999999999999993,0.12,READY,READY,RUNNING
0,0,1,-3.6000000000000001,-8.1999999999999993,0.12,3.6000000000000001,-8.1999999999999993,0.12,READY,READY,RUNNING
0,0,1,-3.6000000000000001,-8.1999999999999993,0.12,3.6000000000000001,-8.1999999999999993,0.12,READY,READY,RUNNING
0,0,1,-3.6000000000000001,-8.1999999999999993,0.12,3.6000000000000001,-8.1999999999999993,0.12,READY,READY,RUNNING
0,0,1,-3.6000000000000001,-8.1999999999999993,0.12,3.6000000000000001,-8.1999999999999993,0.12,READY,READY,RUNNING
0,0,1,-3.6000000000000001,-8.1999999999999993,0.12,3.6000000000000001,-8.1999999999999993,0.12,READY,READY,RUNNING
0,0,1,-3.6000000000000001,-8.1999999999999993,0.12,3.6000000000000001,-8.1999999999999993,0.12,READY,READY,RUNNING
0,0,1,-3.6000000000000001,-8.1999999999999993,0.12,3.6000000000000001,-8.1999999999999993,0.12,READY,READY,RUNNING
0,0,1,-3.6000000000000001,-8.1999999999999993,0.12,3.6000000000000001,-8.1999999999999993,0.12,READY,READY,RUNNING
0,0,1,-3.6000000000000001,-8.1999999999999993,0.12,3.6000000000000001,-8.1999999999999993,0.12,READY,READY,RUNNING
0,0,1,-3.6000000000000001,-8.1999999999999993,0.12,3.6000000000000001,-8.1999999999999993,0.12,READY,READY,RUNNING
0,0,1,-3.6000000000000001,-8.1999999999999993,0.12,3.6000000000000001,-8.1999999999999993,0.12,READY,READY,RUNNING
0,0,1,-3.6000000000000001,-8.1999999999999993,0.12,3.6000000000000001,-8.1999999999999993,0.12,READY,READY,RUNNING
0,0,1,-3.6000000000000001,-8.1999999999999993,0.12,3.6000000000000001,-8.1999999999999993,0.12,READY,READY,RUNNING
0,0,1,-3.6000000000000001,-8.1999999999999993,0.12,3.6000000000000001,-8.1999999999999993,0.12,READY,READY,RUNNING
0,0,1,-3.6000000000000001,-8.1999999999999993,0.12,3.6000000000000001,-8.1999999999999993,0.12,READY,READY,RUNNING
0,0,1,-3.6000000000000001,-8.1999999999999993,0.12,3.6000000000000001,-8.1999999999999993,0.12,READY,READY,RUNNING
0,0,1,-3.6000000000000001,-8.1999999999999993,0.12,3.6000000000000001,-8.1999999999999993,0.12,READY,READY,RUNNING
0,0,1,-3.6000000000000001,-8.1999999999999993,0.12,3.6000000000000001,-8.1999999999999993,0.12,READY,READY,RUNNING
0,0,1,-3.6000000000000001,-8.1999999999999993,0.12,3.6000000000000001,-8.1999999999999993,0.12,READY,READY,RUNNING
0,0,1,-3.6000000000000001,-8.1999999999999993,0.12,3.6000000000000001,-8.1999999999999993,0.12,READY,READY,RUNNING
0,0,1,-3.6000000000000001,-8.1999999999999993,0.12,3.6000000000000001,-8.1999999999999993,0.12,READY,READY,RUNNING
0,0,1,-3.6000000000000001,-8.1999999999999993,0.12,3.6000000000000001,-8.1999999999999993,0.12,READY,READY,RUNNING
0,0,1,-3.6000000000000001,-8.1999999999999993,0.12,3.6000000000000001,-8.1999999999999993,0.12,READY,READY,RUNNING
0,0,1,-3.6000000000000001,-8.1999999999999993,0.12,3.6000000000000001,-8.1999999999999993,0.12,READY,READY,RUNNING
0,0,1,-3.6000000000000001,-8.1999999999999993,0.12,3.6000000000000001,-8.1999999999999993,0.12,READY,READY,RUNNING
0,0,1,-3.6000000000000001,-8.1999999999999993,0.12,3.6000000000000001,-8.1999999999999993,0.12,READY,READY,RUNNING
0,0,1,-3.6000000000000001,-8.1999999999999993,0.12,3.6000000000000001,-8.1999999999999993,0.12,READY,READY,RUNNING
0,0,1,-3.6000000000000001,-8.1999999999999993,0.12,3.6000000000000001,-8.1999999999999993,0.12,READY,READY,RUNNING
0,0,1,-3.6000000000000001,-8.1999999999999993,0.12,3.6000000000000001,-8.1999999999999993,0.12,READY,READY,RUNNING
0,0,1,-3.6000000000000001,-8.1999999999999993,0.12,3.6000000000000001,-8.1999999999999993,0.12,READY,READY,RUNNING
0,0,1,-3.6000000000000001,-8.1999999999999993,0.12,3.6000000000000001,-8.1999999999999993,0.12,READY,READY,RUNNING
0,0,1,-3.6000000000000001,-8.1999999999999993,0.12,3.6000000000000001,-8.1999999999999993,0.12,READY,READY,RUNNING
0,0,1,-3.6000000000000001,-8.1999999999999993,0.12,3.6000000000000001,-8.1999999999999993,0.12,READY,READY,RUNNING
0,0,1,-3.6000000000000001,-8.1999999999999993,0.12,3.6000000000000001,-8.1999999999999993,0.12,READY,READY,RUNNING
0,0,1,-3.6000000000000001,-8.1999999999999993,0.12,3.6000000000000001,-8.1999999999999993,0.12,READY,READY,RUNNING
0,0,1,-3.6000000000000001,-8.1999999999999993,0.12,3.6000000000000001,-8.1999999999999993,0.12,READY,READY,RUNNING
0,0,1,-3.6000000000000001,-8.1999999999999993,0.12,3.6000000000000001,-8.1999999999999993,0.12,READY,READY,RUNNING
0,0,1,-3.6000000000000001,-8.1999999999999993,0.12,3.6000000000000001,-8.1999999999999993,0.12,READY,READY,RUNNING
0,0,1,-3.6000000000000001,-8.1999999999999993,0.12,3.6000000000000001,-8.1999999999999993,0.12,READY,READY,RUNNING
0,0,1,-3.6000000000000001,-8.1999999999999993,0.12,3.6000000000000001,-8.1999999999999993,0.12,READY,READY,RUNNING
0,0,1,-3.6000000000000001,-8.1999999999999993,0.12,3.6000000000000001,-8.1999999999999993,0.12,READY,READY,RUNNING
0,0,1,-3.6000000000000001,-8.1999999999999993,0.12,3.6000000000000001,-8.1999999999999993,0.12,READY,READY,RUNNING
0,0,1,-3.6000000000000001,-8.1999999999999993,0.12,3.6000000000000001,-8.1999999999999993,0.12,READY,READY,RUNNING
0,0,1,-3.6000000000000001,-8.1999999999999993,0.12,3.6000000000000001,-8.1999999999999993,0.12,READY,READY,RUNNING
0,0,1,-3.6000000000000001,-8.1999999999999993,0.12,3.6000000000000001,-8.1999999999999993,0.12,READY,READY,RUNNING
0,0,1,-3.6000000000000001,-8.1999999999999993,0.12,3.6000000000000001,-8.1999999999999993,0.12,READY,READY,RUNNING
0,0,1,-3.6000000000000001,-8.1999999999999993,0.12,3.6000000000000001,-8.1999999999999993,0.12,READY,READY,RUNNING
0,0,1,-3.6000000000000001,-8.1999999999999993,0.12,3.6000000000000001,-8.1999999999999993,0.12,READY,READY,RUNNING
0,0,1,-3.6000000000000001,-8.1999999999999993,0.12,3.6000000000000001,-8.1999999999999993,0.12,READY,READY,RUNNING
0,0,1,-3.6000000000000001,-8.1999999999999993,0.12,3.6000000000000001,-8.1999999999999993,0.12,READY,READY,RUNNING
0,0,1,-3.6000000000000001,-8.1999999999999993,0.12,3.6000000000000001,-8.1999999999999993,0.12,READY,READY,RUNNING
0,0,1,-3.6000000000000001,-8.1999999999999993,0.12,3.6000000000000001,-8.1999999999999993,0.12,READY,READY,RUNNING
0,0,1,-3.6000000000000001,-8.1999999999999993,0.12,3.6000000000000001,-8.1999999999999993,0.12,READY,READY,RUNNING
0,0,1,-3.6000000000000001,-8.1999999999999993,0.12,3.6000000000000001,-8.1999999999999993,0.12,READY,READY,RUNNING
0,0,1,-3.6000000000000001,-8.1999999999999993,0.12,3.6000000000000001,-8.1999999999999993,0.12,READY,READY,RUNNING
0,0,1,-3.6000000000000001,-8.1999999999999993,0.12,3.6000000000000001,-8.1999999999999993,0.12,READY,READY,RUNNING
0,0,1,-3.6000000000000001,-8.1999999999999993,0.12,3.6000000000000001,-8.1999999999999993,0.12,READY,READY,RUNNING
0,0,1,-3.6000000000000001,-8.1999999999999993,0.12,3.6000000000000001,-8.1999999999999993,0.12,READY,READY,RUNNING
0,0,1,-3.6000000000000001,-8.1999999999999993,0.12,3.6000000000000001,-8.1999999999999993,0.12,READY,READY,RUNNING
0,0,1,-3.6000000000000001,-8.1999999999999993,0.12,3.6000000000000001,-8.1999999999999993,0.12,READY,READY,RUNNING
0,0,1,-3.6000000000000001,-8.1999999999999993,0.12,3.6000000000000001,-8.1999999999999993,0.12,READY,READY,RUNNING
0,0,1,-3.6000000000000001,-8.1999999999999993,0.12,3.6000000000000001,-8.1999999999999993,0.12,READY,READY,RUNNING
0,0,1,-3.6000000000000001,-8.1999999999999993,0.12,3.6000000000000001,-8.1999999999999993,0.12,READY,READY,RUNNING
0,0,1,-3.6000000000000001,-8.1999999999999993,0.12,3.6000000000000001,-8.1999999999999993,0.12,READY,READY,RUNNING
1,0.02,0,-3.6000000000000001,-8.1999999999999993,0.12,3.6000000000000001,-8.1999999999999993,0.12,READY,READY,RUNNING
2,0.040000000000000001,0,-3.6000000000000001,-8.1999999999999993,0.12,3.6000000000000001,-8.1999999999999993,0.12,READY,READY,RUNNING
3,0.059999999999999998,0,-3.6000000000000001,-8.1999999999999993,0.12,3.6000000000000001,-8.1999999999999993,0.12,READY,READY,RUNNING
4,0.080000000000000002,0,-3.6000000000000001,-8.1999999999999993,0.12,3.6000000000000001,-8.1999999999999993,0.12,READY,READY,RUNNING
5,0.10000000000000001,0,-3.6000000000000001,-8.1999999999999993,0.12,3.6000000000000001,-8.1999999999999993,0.12,READY,READY,RUNNING
6,0.12,0,-3.6000000000000001,-8.1999999999999993,0.12,3.6000000000000001,-8.1999999999999993,0.12,READY,READY,RUNNING
7,0.14000000000000001,0,-3.6000000000000001,-8.1999999999999993,0.12,3.6000000000000001,-8.1999999999999993,0.12,READY,READY,RUNNING
8,0.16,0,-3.6000000000000001,-8.1999999999999993,0.12,3.6000000000000001,-8.1999999999999993,0.12,READY,READY,RUNNING
9,0.17999999999999999,0,-3.6000000000000001,-8.1999999999999993,0.12,3.6000000000000001,-8.1999999999999993,0.12,READY,READY,RUNNING
10,0.20000000000000001,0,-3.6000000000000001,-8.1999999999999993,0.12,3.6000000000000001,-8.1999999999999993,0.12,READY,READY,RUNNING
11,0.22,0,-3.6000000000000001,-8.1999999999999993,0.12,3.6000000000000001,-8.1999999999999993,0.12,READY,READY,RUNNING
12,0.23999999999999999,0,-3.6000000000000001,-8.1999999999999993,0.12,3.6000000000000001,-8.1999999999999993,0.12,READY,READY,RUNNING
13,0.26000000000000001,0,-3.6000000000000001,-8.1999999999999993,0.12,3.6000000000000001,-8.1999999999999993,0.12,READY,READY,RUNNING
14,0.28000000000000003,0,-3.6000000000000001,-8.1999999999999993,0.12,3.6000000000000001,-8.1999999999999993,0.12,READY,READY,RUNNING
15,0.29999999999999999,0,-3.6000000000000001,-8.1999999999999993,0.12,3.6000000000000001,-8.1999999999999993,0.12,READY,READY,RUNNING
16,0.32000000000000001,0,-3.6000000000000001,-8.1999999999999993,0.12,3.6000000000000001,-8.1999999999999993,0.12,READY,READY,RUNNING
17,0.34000000000000002,0,-3.6000000000000001,-8.1999999999999993,0.12,3.6000000000000001,-8.1999999999999993,0.12,READY,READY,RUNNING
18,0.35999999999999999,0,-3.6000000000000001,-8.1999999999999993,0.12,3.6000000000000001,-8.1999999999999993,0.12,READY,READY,RUNNING
19,0.38,0,-3.6000000000000001,-8.1999999999999993,0.12,3.6000000000000001,-8.1999999999999993,0.12,READY,READY,RUNNING
20,0.40000000000000002,0,-3.6000000000000001,-8.1999999999999993,0.12,3.6000000000000001,-8.1999999999999993,0.12,READY,READY,RUNNING
21,0.41999999999999998,0,-3.6000000000000001,-8.1999999999999993,0.12,3.6000000000000001,-8.1999999999999993,0.12,READY,READY,RUNNING
22,0.44,0,-3.6000000000000001,-8.1999999999999993,0.12,3.6000000000000001,-8.1999999999999993,0.12,READY,READY,RUNNING
23,0.46000000000000002,0,-3.6000000000000001,-8.1999999999999993,0.12,3.6000000000000001,-8.1999999999999993,0.12,READY,READY,RUNNING
24,0.47999999999999998,0,-3.6000000000000001,-8.1999999999999993,0.12,3.6000000000000001,-8.1999999999999993,0.12,READY,READY,RUNNING
25,0.5,0,-3.6000000000000001,-8.1999999999999993,0.12,3.6000000000000001,-8.1999999999999993,0.12,READY,READY,RUNNING
26,0.52000000000000002,0,-3.6000000000000001,-8.1999999999999993,0.12,3.6000000000000001,-8.1999999999999993,0.12,READY,READY,RUNNING
27,0.54000000000000004,0,-3.6000000000000001,-8.1999999999999993,0.12,3.6000000000000001,-8.1999999999999993,0.12,READY,READY,RUNNING
28,0.56000000000000005,0,-3.6000000000000001,-8.1999999999999993,0.12,3.6000000000000001,-8.1999999999999993,0.12,READY,READY,RUNNING
29,0.57999999999999996,0,-3.6000000000000001,-8.1999999999999993,0.12,3.6000000000000001,-8.1999999999999993,0.12,READY,READY,RUNNING
30,0.59999999999999998,0,-3.6000000000000001,-8.1999999999999993,0.12,3.6000000000000001,-8.1999999999999993,0.12,READY,READY,RUNNING
31,0.62,0,-3.6000000000000001,-8.1999999999999993,0.12,3.6000000000000001,-8.1999999999999993,0.12,READY,READY,RUNNING
32,0.64000000000000001,0,-3.6000000000000001,-8.1999999999999993,0.12,3.6000000000000001,-8.1999999999999993,0.12,READY,READY,RUNNING
33,0.66000000000000003,0,-3.6000000000000001,-8.1999999999999993,0.12,3.6000000000000001,-8.1999999999999993,0.12,READY,READY,RUNNING
34,0.68000000000000005,0,-3.6000000000000001,-8.1999999999999993,0.12,3.6000000000000001,-8.1999999999999993,0.12,READY,READY,RUNNING
35,0.69999999999999996,0,-3.6000000000000001,-8.1999999999999993,0.12,3.6000000000000001,-8.1999999999999993,0.12,READY,READY,RUNNING
36,0.71999999999999997,0,-3.6000000000000001,-8.1999999999999993,0.12,3.6000000000000001,-8.1999999999999993,0.12,READY,READY,RUNNING
37,0.73999999999999999,0,-3.6000000000000001,-8.1999999999999993,0.12,3.6000000000000001,-8.1999999999999993,0.12,READY,READY,RUNNING
38,0.76000000000000001,0,-3.6000000000000001,-8.1999999999999993,0.12,3.6000000000000001,-8.1999999999999993,0.12,READY,READY,RUNNING
39,0.78000000000000003,0,-3.6000000000000001,-8.1999999999999993,0.12,3.6000000000000001,-8.1999999999999993,0.12,READY,READY,RUNNING
40,0.80000000000000004,0,-3.6000000000000001,-8.1999999999999993,0.12,3.6000000000000001,-8.1999999999999993,0.12,READY,READY,RUNNING
41,0.81999999999999995,0,-3.6000000000000001,-8.1999999999999993,0.12,3.6000000000000001,-8.1999999999999993,0.12,READY,READY,RUNNING
42,0.83999999999999997,0,-3.6000000000000001,-8.1999999999999993,0.12,3.6000000000000001,-8.1999999999999993,0.12,READY,READY,RUNNING
43,0.85999999999999999,0,-3.6000000000000001,-8.1999999999999993,0.12,3.6000000000000001,-8.1999999999999993,0.12,READY,READY,RUNNING
44,0.88,0,-3.6000000000000001,-8.1999999999999993,0.12,3.6000000000000001,-8.1999999999999993,0.12,READY,READY,RUNNING
45,0.90000000000000002,0,-3.6000000000000001,-8.1999999999999993,0.12,3.6000000000000001,-8.1999999999999993,0.12,READY,READY,RUNNING
46,0.92000000000000004,0,-3.6000000000000001,-8.1999999999999993,0.12,3.6000000000000001,-8.1999999999999993,0.12,READY,READY,RUNNING
47,0.93999999999999995,0,-3.6000000000000001,-8.1999999999999993,0.12,3.6000000000000001,-8.1999999999999993,0.12,READY,READY,RUNNING
48,0.95999999999999996,0,-3.6000000000000001,-8.1999999999999993,0.12,3.6000000000000001,-8.1999999999999993,0.12,READY,READY,RUNNING
49,0.97999999999999998,0,-3.6000000000000001,-8.1999999999999993,0.12,3.6000000000000001,-8.1999999999999993,0.12,READY,READY,RUNNING
50,1,0,-3.6000000000000001,-8.1999999999999993,0.12,3.6000000000000001,-8.1999999999999993,0.12,READY,READY,RUNNING
51,1.02,0,-3.6000000000000001,-8.1999999999999993,0.12,3.6000000000000001,-8.1999999999999993,0.12,READY,READY,RUNNING
52,1.04,0,-3.6000000000000001,-8.1999999999999993,0.12,3.6000000000000001,-8.1999999999999993,0.12,READY,READY,RUNNING
53,1.0600000000000001,0,-3.6000000000000001,-8.1999999999999993,0.12,3.6000000000000001,-8.1999999999999993,0.12,READY,READY,RUNNING
54,1.0800000000000001,0,-3.6000000000000001,-8.1999999999999993,0.12,3.6000000000000001,-8.1999999999999993,0.12,READY,READY,RUNNING
55,1.1000000000000001,0,-3.6000000000000001,-8.1999999999999993,0.12,3.6000000000000001,-8.1999999999999993,0.12,READY,READY,RUNNING
56,1.1200000000000001,0,-3.6000000000000001,-8.1999999999999993,0.12,3.6000000000000001,-8.1999999999999993,0.12,READY,READY,RUNNING
57,1.1399999999999999,0,-3.6000000000000001,-8.1999999999999993,0.12,3.6000000000000001,-8.1999999999999993,0.12,READY,READY,RUNNING
58,1.1599999999999999,0,-3.6000000000000001,-8.1999999999999993,0.12,3.6000000000000001,-8.1999999999999993,0.12,READY,READY,RUNNING
59,1.1799999999999999,0,-3.6000000000000001,-8.1999999999999993,0.12,3.6000000000000001,-8.1999999999999993,0.12,READY,READY,RUNNING
60,1.2,0,-3.6000000000000001,-8.1999999999999993,0.12,3.6000000000000001,-8.1999999999999993,0.12,READY,READY,RUNNING
61,1.22,0,-3.6000000000000001,-8.1999999999999993,0.12,3.6000000000000001,-8.1999999999999993,0.12,READY,READY,RUNNING
62,1.24,0,-3.6000000000000001,-8.1999999999999993,0.12,3.6000000000000001,-8.1999999999999993,0.12,READY,READY,RUNNING
63,1.26,0,-3.6000000000000001,-8.1999999999999993,0.12,3.6000000000000001,-8.1999999999999993,0.12,READY,READY,RUNNING
64,1.28,0,-3.6000000000000001,-8.1999999999999993,0.12,3.6000000000000001,-8.1999999999999993,0.12,READY,READY,RUNNING
65,1.3,0,-3.6000000000000001,-8.1999999999999993,0.12,3.6000000000000001,-8.1999999999999993,0.12,READY,READY,RUNNING
66,1.3200000000000001,0,-3.6000000000000001,-8.1999999999999993,0.12,3.6000000000000001,-8.1999999999999993,0.12,READY,READY,RUNNING
67,1.3400000000000001,0,-3.6000000000000001,-8.1999999999999993,0.12,3.6000000000000001,-8.1999999999999993,0.12,READY,READY,RUNNING
68,1.3600000000000001,0,-3.6000000000000001,-8.1999999999999993,0.12,3.6000000000000001,-8.1999999999999993,0.12,READY,READY,RUNNING
69,1.3799999999999999,0,-3.6000000000000001,-8.1999999999999993,0.12,3.6000000000000001,-8.1999999999999993,0.12,READY,READY,RUNNING
70,1.3999999999999999,0,-3.6000000000000001,-8.1999999999999993,0.12,3.6000000000000001,-8.1999999999999993,0.12,READY,READY,RUNNING
71,1.4199999999999999,0,-3.6000000000000001,-8.1999999999999993,0.12,3.6000000000000001,-8.1999999999999993,0.12,READY,READY,RUNNING
72,1.4399999999999999,0,-3.6000000000000001,-8.1999999999999993,0.12,3.6000000000000001,-8.1999999999999993,0.12,READY,READY,RUNNING
73,1.46,0,-3.6000000000000001,-8.1999999999999993,0.12,3.6000000000000001,-8.1999999999999993,0.12,READY,READY,RUNNING
74,1.48,0,-3.6000000000000001,-8.1999999999999993,0.12,3.6000000000000001,-8.1999999999999993,0.12,READY,READY,RUNNING
75,1.5,0,-3.6000000000000001,-8.1999999999999993,0.12,3.6000000000000001,-8.1999999999999993,0.12,READY,READY,RUNNING
76,1.52,0,-3.6000000000000001,-8.1999999999999993,0.12,3.6000000000000001,-8.1999999999999993,0.12,READY,READY,RUNNING
77,1.54,0,-3.6000000000000001,-8.1999999999999993,0.12,3.6000000000000001,-8.1999999999999993,0.12,READY,READY,RUNNING
78,1.5600000000000001,0,-3.6000000000000001,-8.1999999999999993,0.12,3.6000000000000001,-8.1999999999999993,0.12,READY,READY,RUNNING
79,1.5800000000000001,0,-3.6000000000000001,-8.1999999999999993,0.12,3.6000000000000001,-8.1999999999999993,0.12,READY,READY,RUNNING
80,1.6000000000000001,0,-3.6000000000000001,-8.1999999999999993,0.12,3.6000000000000001,-8.1999999999999993,0.12,READY,READY,RUNNING
81,1.6200000000000001,0,-3.6000000000000001,-8.1999999999999993,0.12,3.6000000000000001,-8.1999999999999993,0.12,READY,READY,RUNNING
82,1.6399999999999999,0,-3.6000000000000001,-8.1999999999999993,0.12,3.6000000000000001,-8.1999999999999993,0.12,READY,READY,RUNNING
83,1.6599999999999999,0,-3.6000000000000001,-8.1999999999999993,0.12,3.6000000000000001,-8.1999999999999993,0.12,READY,READY,RUNNING
84,1.6799999999999999,0,-3.6000000000000001,-8.1999999999999993,0.12,3.6000000000000001,-8.1999999999999993,0.12,READY,READY,RUNNING
85,1.7,0,-3.6000000000000001,-8.1999999999999993,0.12,3.6000000000000001,-8.1999999999999993,0.12,READY,READY,RUNNING
86,1.72,0,-3.6000000000000001,-8.1999999999999993,0.12,3.6000000000000001,-8.1999999999999993,0.12,READY,READY,RUNNING
87,1.74,0,-3.6000000000000001,-8.1999999999999993,0.12,3.6000000000000001,-8.1999999999999993,0.12,READY,READY,RUNNING
88,1.76,0,-3.6000000000000001,-8.1999999999999993,0.12,3.6000000000000001,-8.1999999999999993,0.12,READY,READY,RUNNING
89,1.78,0,-3.6000000000000001,-8.1999999999999993,0.12,3.6000000000000001,-8.1999999999999993,0.12,READY,READY,RUNNING
90,1.8,0,-3.6000000000000001,-8.1999999999999993,0.12,3.6000000000000001,-8.1999999999999993,0.12,READY,READY,RUNNING
91,1.8200000000000001,0,-3.6000000000000001,-8.1999999999999993,0.12,3.6000000000000001,-8.1999999999999993,0.12,READY,READY,RUNNING
92,1.8400000000000001,0,-3.6000000000000001,-8.1999999999999993,0.12,3.6000000000000001,-8.1999999999999993,0.12,READY,READY,RUNNING
93,1.8600000000000001,0,-3.6000000000000001,-8.1999999999999993,0.12,3.6000000000000001,-8.1999999999999993,0.12,READY,READY,RUNNING
94,1.8799999999999999,0,-3.6000000000000001,-8.1999999999999993,0.12,3.6000000000000001,-8.1999999999999993,0.12,READY,READY,RUNNING
95,1.8999999999999999,0,-3.6000000000000001,-8.1999999999999993,0.12,3.6000000000000001,-8.1999999999999993,0.12,READY,READY,RUNNING
96,1.9199999999999999,0,-3.6000000000000001,-8.1999999999999993,0.12,3.6000000000000001,-8.1999999999999993,0.12,READY,READY,RUNNING
97,1.9399999999999999,0,-3.6000000000000001,-8.1999999999999993,0.12,3.6000000000000001,-8.1999999999999993,0.12,READY,READY,RUNNING
98,1.96,0,-3.6000000000000001,-8.1999999999999993,0.12,3.6000000000000001,-8.1999999999999993,0.12,READY,READY,RUNNING
99,1.98,0,-3.6000000000000001,-8.1999999999999993,0.12,3.6000000000000001,-8.1999999999999993,0.12,READY,READY,RUNNING
100,2,0,-3.6000000000000001,-8.1999999999999993,0.12,3.6000000000000001,-8.1999999999999993,0.12,READY,READY,RUNNING
101,2.02,0,-3.6000000000000001,-8.1999999999999993,0.12,3.6000000000000001,-8.1999999999999993,0.12,READY,READY,RUNNING
102,2.04,0,-3.6000000000000001,-8.1999999999999993,0.12,3.6000000000000001,-8.1999999999999993,0.12,READY,READY,RUNNING
103,2.0600000000000001,0,-3.6000000000000001,-8.1999999999999993,0.12,3.6000000000000001,-8.1999999999999993,0.12,READY,READY,RUNNING
104,2.0800000000000001,0,-3.6000000000000001,-8.1999999999999993,0.12,3.6000000000000001,-8.1999999999999993,0.12,READY,READY,RUNNING
105,2.1000000000000001,0,-3.6000000000000001,-8.1999999999999993,0.12,3.6000000000000001,-8.1999999999999993,0.12,READY,READY,RUNNING
106,2.1200000000000001,0,-3.6000000000000001,-8.1999999999999993,0.12,3.6000000000000001,-8.1999999999999993,0.12,READY,READY,RUNNING
107,2.1400000000000001,0,-3.6000000000000001,-8.1999999999999993,0.12,3.6000000000000001,-8.1999999999999993,0.12,READY,READY,RUNNING
108,2.1600000000000001,0,-3.6000000000000001,-8.1999999999999993,0.12,3.6000000000000001,-8.1999999999999993,0.12,READY,READY,RUNNING
109,2.1800000000000002,0,-3.6000000000000001,-8.1999999999999993,0.12,3.6000000000000001,-8.1999999999999993,0.12,READY,READY,RUNNING
110,2.2000000000000002,0,-3.6000000000000001,-8.1999999999999993,0.12,3.6000000000000001,-8.1999999999999993,0.12,READY,READY,RUNNING
111,2.2200000000000002,0,-3.6000000000000001,-8.1999999999999993,0.12,3.6000000000000001,-8.1999999999999993,0.12,READY,READY,RUNNING
112,2.2400000000000002,0,-3.6000000000000001,-8.1999999999999993,0.12,3.6000000000000001,-8.1999999999999993,0.12,READY,READY,RUNNING
113,2.2599999999999998,0,-3.6000000000000001,-8.1999999999999993,0.12,3.6000000000000001,-8.1999999999999993,0.12,READY,READY,RUNNING
114,2.2799999999999998,0,-3.6000000000000001,-8.1999999999999993,0.12,3.6000000000000001,-8.1999999999999993,0.12,READY,READY,RUNNING
115,2.2999999999999998,0,-3.6000000000000001,-8.1999999999999993,0.12,3.6000000000000001,-8.1999999999999993,0.12,READY,READY,RUNNING
116,2.3199999999999998,0,-3.6000000000000001,-8.1999999999999993,0.12,3.6000000000000001,-8.1999999999999993,0.12,READY,READY,RUNNING
117,2.3399999999999999,0,-3.6000000000000001,-8.1999999999999993,0.12,3.6000000000000001,-8.1999999999999993,0.12,READY,READY,RUNNING
118,2.3599999999999999,0,-3.6000000000000001,-8.1999999999999993,0.12,3.6000000000000001,-8.1999999999999993,0.12,READY,READY,RUNNING
119,2.3799999999999999,0,-3.6000000000000001,-8.1999999999999993,0.12,3.6000000000000001,-8.1999999999999993,0.12,READY,READY,RUNNING
120,2.3999999999999999,0,-3.6000000000000001,-8.1999999999999993,0.12,3.6000000000000001,-8.1999999999999993,0.12,READY,READY,RUNNING
121,2.4199999999999999,0,-3.6000000000000001,-8.1999999999999993,0.12,3.6000000000000001,-8.1999999999999993,0.12,READY,READY,RUNNING
122,2.4399999999999999,0,-3.6000000000000001,-8.1999999999999993,0.12,3.6000000000000001,-8.1999999999999993,0.12,READY,READY,RUNNING
123,2.46,0,-3.6000000000000001,-8.1999999999999993,0.12,3.6000000000000001,-8.1999999999999993,0.12,READY,READY,RUNNING
124,2.48,0,-3.6000000000000001,-8.1999999999999993,0.12,3.6000000000000001,-8.1999999999999993,0.12,READY,READY,RUNNING
125,2.5,0,-3.6000000000000001,-8.1999999999999993,0.12,3.6000000000000001,-8.1999999999999993,0.12,READY,READY,RUNNING
126,2.52,0,-3.6000000000000001,-8.1999999999999993,0.12,3.6000000000000001,-8.1999999999999993,0.12,READY,READY,RUNNING
127,2.54,0,-3.6000000000000001,-8.1999999999999993,0.12,3.6000000000000001,-8.1999999999999993,0.12,READY,READY,RUNNING
128,2.5600000000000001,0,-3.6000000000000001,-8.1999999999999993,0.12,3.6000000000000001,-8.1999999999999993,0.12,READY,READY,RUNNING
129,2.5800000000000001,0,-3.6000000000000001,-8.1999999999999993,0.12,3.6000000000000001,-8.1999999999999993,0.12,READY,READY,RUNNING
130,2.6000000000000001,0,-3.6000000000000001,-8.1999999999999993,0.12,3.6000000000000001,-8.1999999999999993,0.12,READY,READY,RUNNING
131,2.6200000000000001,0,-3.6000000000000001,-8.1999999999999993,0.12,3.6000000000000001,-8.1999999999999993,0.12,READY,READY,RUNNING
132,2.6400000000000001,0,-3.6000000000000001,-8.1999999999999993,0.12,3.6000000000000001,-8.1999999999999993,0.12,READY,READY,RUNNING
133,2.6600000000000001,0,-3.6000000000000001,-8.1999999999999993,0.12,3.6000000000000001,-8.1999999999999993,0.12,READY,READY,RUNNING
134,2.6800000000000002,0,-3.6000000000000001,-8.1999999999999993,0.12,3.6000000000000001,-8.1999999999999993,0.12,READY,READY,RUNNING
135,2.7000000000000002,0,-3.6000000000000001,-8.1999999999999993,0.12,3.6000000000000001,-8.1999999999999993,0.12,READY,READY,RUNNING
136,2.7200000000000002,0,-3.6000000000000001,-8.1999999999999993,0.12,3.6000000000000001,-8.1999999999999993,0.12,READY,READY,RUNNING
137,2.7400000000000002,0,-3.6000000000000001,-8.1999999999999993,0.12,3.6000000000000001,-8.1999999999999993,0.12,READY,READY,RUNNING
138,2.7599999999999998,0,-3.6000000000000001,-8.1999999999999993,0.12,3.6000000000000001,-8.1999999999999993,0.12,READY,READY,RUNNING
139,2.7799999999999998,0,-3.6000000000000001,-8.1999999999999993,0.12,3.6000000000000001,-8.1999999999999993,0.12,READY,READY,RUNNING
140,2.7999999999999998,0,-3.6000000000000001,-8.1999999999999993,0.12,3.6000000000000001,-8.1999999999999993,0.12,READY,READY,RUNNING
141,2.8199999999999998,0,-3.6000000000000001,-8.1999999999999993,0.12,3.6000000000000001,-8.1999999999999993,0.12,READY,READY,RUNNING
142,2.8399999999999999,0,-3.6000000000000001,-8.1999999999999993,0.12,3.6000000000000001,-8.1999999999999993,0.12,READY,READY,RUNNING
143,2.8599999999999999,0,-3.6000000000000001,-8.1999999999999993,0.12,3.6000000000000001,-8.1999999999999993,0.12,READY,READY,RUNNING
144,2.8799999999999999,0,-3.6000000000000001,-8.1999999999999993,0.12,3.6000000000000001,-8.1999999999999993,0.12,READY,READY,RUNNING
145,2.8999999999999999,0,-3.6000000000000001,-8.1999999999999993,0.12,3.6000000000000001,-8.1999999999999993,0.12,READY,READY,RUNNING
146,2.9199999999999999,0,-3.6000000000000001,-8.1999999999999993,0.12,3.6000000000000001,-8.1999999999999993,0.12,READY,READY,RUNNING
147,2.9399999999999999,0,-3.6000000000000001,-8.1999999999999993,0.12,3.6000000000000001,-8.1999999999999993,0.12,READY,READY,RUNNING
148,2.96,0,-3.6000000000000001,-8.1999999999999993,0.12,3.6000000000000001,-8.1999999999999993,0.12,READY,READY,RUNNING
149,2.98,0,-3.6000000000000001,-8.1999999999999993,0.12,3.6000000000000001,-8.1999999999999993,0.12,READY,READY,RUNNING
150,3,0,-3.6000000000000001,-8.1999999999999993,0.13700000000000001,3.6000000000000001,-8.1999999999999993,0.13700000000000001,TAKEOFF,TAKEOFF,RUNNING
151,3.02,0,-3.6000000000000001,-8.1999999999999993,0.15400000000000003,3.6000000000000001,-8.1999999999999993,0.15400000000000003,TAKEOFF,TAKEOFF,RUNNING
152,3.04,0,-3.6000000000000001,-8.1999999999999993,0.17100000000000004,3.6000000000000001,-8.1999999999999993,0.17100000000000004,TAKEOFF,TAKEOFF,RUNNING
153,3.0600000000000001,0,-3.6000000000000001,-8.1999999999999993,0.18800000000000006,3.6000000000000001,-8.1999999999999993,0.18800000000000006,TAKEOFF,TAKEOFF,RUNNING
154,3.0800000000000001,0,-3.6000000000000001,-8.1999999999999993,0.20500000000000007,3.6000000000000001,-8.1999999999999993,0.20500000000000007,TAKEOFF,TAKEOFF,RUNNING
155,3.1000000000000001,0,-3.6000000000000001,-8.1999999999999993,0.22200000000000009,3.6000000000000001,-8.1999999999999993,0.22200000000000009,TAKEOFF,TAKEOFF,RUNNING
156,3.1200000000000001,0,-3.6000000000000001,-8.1999999999999993,0.2390000000000001,3.6000000000000001,-8.1999999999999993,0.2390000000000001,TAKEOFF,TAKEOFF,RUNNING
157,3.1400000000000001,0,-3.6000000000000001,-8.1999999999999993,0.25600000000000012,3.6000000000000001,-8.1999999999999993,0.25600000000000012,TAKEOFF,TAKEOFF,RUNNING
158,3.1600000000000001,0,-3.6000000000000001,-8.1999999999999993,0.27300000000000013,3.6000000000000001,-8.1999999999999993,0.27300000000000013,TAKEOFF,TAKEOFF,RUNNING
159,3.1800000000000002,0,-3.6000000000000001,-8.1999999999999993,0.29000000000000015,3.6000000000000001,-8.1999999999999993,0.29000000000000015,TAKEOFF,TAKEOFF,RUNNING
160,3.2000000000000002,0,-3.6000000000000001,-8.1999999999999993,0.30700000000000016,3.6000000000000001,-8.1999999999999993,0.30700000000000016,TAKEOFF,TAKEOFF,RUNNING
161,3.2200000000000002,0,-3.6000000000000001,-8.1999999999999993,0.32400000000000018,3.6000000000000001,-8.1999999999999993,0.32400000000000018,TAKEOFF,TAKEOFF,RUNNING
162,3.2400000000000002,0,-3.6000000000000001,-8.1999999999999993,0.34100000000000019,3.6000000000000001,-8.1999999999999993,0.34100000000000019,TAKEOFF,TAKEOFF,RUNNING
163,3.2599999999999998,0,-3.6000000000000001,-8.1999999999999993,0.35800000000000021,3.6000000000000001,-8.1999999999999993,0.35800000000000021,TAKEOFF,TAKEOFF,RUNNING
164,3.2799999999999998,0,-3.6000000000000001,-8.1999999999999993,0.37500000000000022,3.6000000000000001,-8.1999999999999993,0.37500000000000022,TAKEOFF,TAKEOFF,RUNNING
165,3.2999999999999998,0,-3.6000000000000001,-8.1999999999999993,0.39200000000000024,3.6000000000000001,-8.1999999999999993,0.39200000000000024,TAKEOFF,TAKEOFF,RUNNING
166,3.3199999999999998,0,-3.6000000000000001,-8.1999999999999993,0.40900000000000025,3.6000000000000001,-8.1999999999999993,0.40900000000000025,TAKEOFF,TAKEOFF,RUNNING
167,3.3399999999999999,0,-3.6000000000000001,-8.1999999999999993,0.42600000000000027,3.6000000000000001,-8.1999999999999993,0.42600000000000027,TAKEOFF,TAKEOFF,RUNNING
168,3.3599999999999999,0,-3.6000000000000001,-8.1999999999999993,0.44300000000000028,3.6000000000000001,-8.1999999999999993,0.44300000000000028,TAKEOFF,TAKEOFF,RUNNING
169,3.3799999999999999,0,-3.6000000000000001,-8.1999999999999993,0.4600000000000003,3.6000000000000001,-8.1999999999999993,0.4600000000000003,TAKEOFF,TAKEOFF,RUNNING
170,3.3999999999999999,0,-3.6000000000000001,-8.1999999999999993,0.47700000000000031,3.6000000000000001,-8.1999999999999993,0.47700000000000031,TAKEOFF,TAKEOFF,RUNNING
171,3.4199999999999999,0,-3.6000000000000001,-8.1999999999999993,0.49400000000000033,3.6000000000000001,-8.1999999999999993,0.49400000000000033,TAKEOFF,TAKEOFF,RUNNING
172,3.4399999999999999,0,-3.6000000000000001,-8.1999999999999993,0.51100000000000034,3.6000000000000001,-8.1999999999999993,0.51100000000000034,TAKEOFF,TAKEOFF,RUNNING
173,3.46,0,-3.6000000000000001,-8.1999999999999993,0.52800000000000036,3.6000000000000001,-8.1999999999999993,0.52800000000000036,TAKEOFF,TAKEOFF,RUNNING
174,3.48,0,-3.6000000000000001,-8.1999999999999993,0.54500000000000037,3.6000000000000001,-8.1999999999999993,0.54500000000000037,TAKEOFF,TAKEOFF,RUNNING
175,3.5,0,-3.6000000000000001,-8.1999999999999993,0.56200000000000039,3.6000000000000001,-8.1999999999999993,0.56200000000000039,TAKEOFF,TAKEOFF,RUNNING
176,3.52,0,-3.6000000000000001,-8.1999999999999993,0.5790000000000004,3.6000000000000001,-8.1999999999999993,0.5790000000000004,TAKEOFF,TAKEOFF,RUNNING
177,3.54,0,-3.6000000000000001,-8.1999999999999993,0.59600000000000042,3.6000000000000001,-8.1999999999999993,0.59600000000000042,TAKEOFF,TAKEOFF,RUNNING
178,3.5600000000000001,0,-3.6000000000000001,-8.1999999999999993,0.61300000000000043,3.6000000000000001,-8.1999999999999993,0.61300000000000043,TAKEOFF,TAKEOFF,RUNNING
179,3.5800000000000001,0,-3.6000000000000001,-8.1999999999999993,0.63000000000000045,3.6000000000000001,-8.1999999999999993,0.63000000000000045,TAKEOFF,TAKEOFF,RUNNING
180,3.6000000000000001,0,-3.6000000000000001,-8.1999999999999993,0.64700000000000046,3.6000000000000001,-8.1999999999999993,0.64700000000000046,TAKEOFF,TAKEOFF,RUNNING
181,3.6200000000000001,0,-3.6000000000000001,-8.1999999999999993,0.66400000000000048,3.6000000000000001,-8.1999999999999993,0.66400000000000048,TAKEOFF,TAKEOFF,RUNNING
182,3.6400000000000001,0,-3.6000000000000001,-8.1999999999999993,0.68100000000000049,3.6000000000000001,-8.1999999999999993,0.68100000000000049,TAKEOFF,TAKEOFF,RUNNING
183,3.6600000000000001,0,-3.6000000000000001,-8.1999999999999993,0.69800000000000051,3.6000000000000001,-8.1999999999999993,0.69800000000000051,TAKEOFF,TAKEOFF,RUNNING
184,3.6800000000000002,0,-3.6000000000000001,-8.1999999999999993,0.71500000000000052,3.6000000000000001,-8.1999999999999993,0.71500000000000052,TAKEOFF,TAKEOFF,RUNNING
185,3.7000000000000002,0,-3.6000000000000001,-8.1999999999999993,0.73200000000000054,3.6000000000000001,-8.1999999999999993,0.73200000000000054,TAKEOFF,TAKEOFF,RUNNING
186,3.7200000000000002,0,-3.6000000000000001,-8.1999999999999993,0.74900000000000055,3.6000000000000001,-8.1999999999999993,0.74900000000000055,TAKEOFF,TAKEOFF,RUNNING
187,3.7400000000000002,0,-3.6000000000000001,-8.1999999999999993,0.76600000000000057,3.6000000000000001,-8.1999999999999993,0.76600000000000057,TAKEOFF,TAKEOFF,RUNNING
188,3.7599999999999998,0,-3.6000000000000001,-8.1999999999999993,0.78300000000000058,3.6000000000000001,-8.1999999999999993,0.78300000000000058,TAKEOFF,TAKEOFF,RUNNING
189,3.7799999999999998,0,-3.6000000000000001,-8.1999999999999993,0.8000000000000006,3.6000000000000001,-8.1999999999999993,0.8000000000000006,TAKEOFF,TAKEOFF,RUNNING
190,3.7999999999999998,0,-3.6000000000000001,-8.1999999999999993,0.81700000000000061,3.6000000000000001,-8.1999999999999993,0.81700000000000061,TAKEOFF,TAKEOFF,RUNNING
191,3.8199999999999998,0,-3.6000000000000001,-8.1999999999999993,0.83400000000000063,3.6000000000000001,-8.1999999999999993,0.83400000000000063,TAKEOFF,TAKEOFF,RUNNING
192,3.8399999999999999,0,-3.6000000000000001,-8.1999999999999993,0.85100000000000064,3.6000000000000001,-8.1999999999999993,0.85100000000000064,TAKEOFF,TAKEOFF,RUNNING
193,3.8599999999999999,0,-3.6000000000000001,-8.1999999999999993,0.86800000000000066,3.6000000000000001,-8.1999999999999993,0.86800000000000066,TAKEOFF,TAKEOFF,RUNNING
194,3.8799999999999999,0,-3.6000000000000001,-8.1999999999999993,0.88500000000000068,3.6000000000000001,-8.1999999999999993,0.88500000000000068,TAKEOFF,TAKEOFF,RUNNING
195,3.8999999999999999,0,-3.6000000000000001,-8.1999999999999993,0.90200000000000069,3.6000000000000001,-8.1999999999999993,0.90200000000000069,TAKEOFF,TAKEOFF,RUNNING
196,3.9199999999999999,0,-3.6000000000000001,-8.1999999999999993,0.91900000000000071,3.6000000000000001,-8.1999999999999993,0.91900000000000071,TAKEOFF,TAKEOFF,RUNNING
197,3.9399999999999999,0,-3.6000000000000001,-8.1999999999999993,0.93600000000000072,3.6000000000000001,-8.1999999999999993,0.93600000000000072,TAKEOFF,TAKEOFF,RUNNING
198,3.96,0,-3.6000000000000001,-8.1999999999999993,0.95300000000000074,3.6000000000000001,-8.1999999999999993,0.95300000000000074,TAKEOFF,TAKEOFF,RUNNING
199,3.98,0,-3.6000000000000001,-8.1999999999999993,0.97000000000000075,3.6000000000000001,-8.1999999999999993,0.97000000000000075,TAKEOFF,TAKEOFF,RUNNING
200,4,0,-3.6000000000000001,-8.1999999999999993,0.98700000000000077,3.6000000000000001,-8.1999999999999993,0.98700000000000077,TAKEOFF,TAKEOFF,RUNNING
201,4.0199999999999996,0,-3.6000000000000001,-8.1999999999999993,1.0040000000000007,3.6000000000000001,-8.1999999999999993,1.0040000000000007,TAKEOFF,TAKEOFF,RUNNING
202,4.04,0,-3.6000000000000001,-8.1999999999999993,1.0210000000000006,3.6000000000000001,-8.1999999999999993,1.0210000000000006,TAKEOFF,TAKEOFF,RUNNING
203,4.0599999999999996,0,-3.6000000000000001,-8.1999999999999993,1.0380000000000005,3.6000000000000001,-8.1999999999999993,1.0380000000000005,TAKEOFF,TAKEOFF,RUNNING
204,4.0800000000000001,0,-3.6000000000000001,-8.1999999999999993,1.0550000000000004,3.6000000000000001,-8.1999999999999993,1.0550000000000004,TAKEOFF,TAKEOFF,RUNNING
205,4.0999999999999996,0,-3.6000000000000001,-8.1999999999999993,1.0720000000000003,3.6000000000000001,-8.1999999999999993,1.0720000000000003,TAKEOFF,TAKEOFF,RUNNING
206,4.1200000000000001,0,-3.6000000000000001,-8.1999999999999993,1.0890000000000002,3.6000000000000001,-8.1999999999999993,1.0890000000000002,TAKEOFF,TAKEOFF,RUNNING
207,4.1399999999999997,0,-3.6000000000000001,-8.1999999999999993,1.1060000000000001,3.6000000000000001,-8.1999999999999993,1.1060000000000001,TAKEOFF,TAKEOFF,RUNNING
208,4.1600000000000001,0,-3.6000000000000001,-8.1999999999999993,1.123,3.6000000000000001,-8.1999999999999993,1.123,TAKEOFF,TAKEOFF,RUNNING
209,4.1799999999999997,0,-3.6000000000000001,-8.1999999999999993,1.1399999999999999,3.6000000000000001,-8.1999999999999993,1.1399999999999999,TAKEOFF,TAKEOFF,RUNNING
210,4.2000000000000002,0,-3.6000000000000001,-8.1999999999999993,1.1569999999999998,3.6000000000000001,-8.1999999999999993,1.1569999999999998,TAKEOFF,TAKEOFF,RUNNING
211,4.2199999999999998,0,-3.6000000000000001,-8.1999999999999993,1.1739999999999997,3.6000000000000001,-8.1999999999999993,1.1739999999999997,TAKEOFF,TAKEOFF,RUNNING
212,4.2400000000000002,0,-3.6000000000000001,-8.1999999999999993,1.1909999999999996,3.6000000000000001,-8.1999999999999993,1.1909999999999996,TAKEOFF,TAKEOFF,RUNNING
213,4.2599999999999998,0,-3.6000000000000001,-8.1999999999999993,1.2079999999999995,3.6000000000000001,-8.1999999999999993,1.2079999999999995,TAKEOFF,TAKEOFF,RUNNING
214,4.2800000000000002,0,-3.6000000000000001,-8.1999999999999993,1.2249999999999994,3.6000000000000001,-8.1999999999999993,1.2249999999999994,TAKEOFF,TAKEOFF,RUNNING
215,4.2999999999999998,0,-3.6000000000000001,-8.1999999999999993,1.2419999999999993,3.6000000000000001,-8.1999999999999993,1.2419999999999993,TAKEOFF,TAKEOFF,RUNNING
216,4.3200000000000003,0,-3.6000000000000001,-8.1999999999999993,1.2589999999999992,3.6000000000000001,-8.1999999999999993,1.2589999999999992,TAKEOFF,TAKEOFF,RUNNING
217,4.3399999999999999,0,-3.6000000000000001,-8.1999999999999993,1.2759999999999991,3.6000000000000001,-8.1999999999999993,1.2759999999999991,TAKEOFF,TAKEOFF,RUNNING
218,4.3600000000000003,0,-3.6000000000000001,-8.1999999999999993,1.292999999999999,3.6000000000000001,-8.1999999999999993,1.292999999999999,TAKEOFF,TAKEOFF,RUNNING
219,4.3799999999999999,0,-3.6000000000000001,-8.1999999999999993,1.3099999999999989,3.6000000000000001,-8.1999999999999993,1.3099999999999989,TAKEOFF,TAKEOFF,RUNNING
220,4.4000000000000004,0,-3.6000000000000001,-8.1999999999999993,1.3269999999999988,3.6000000000000001,-8.1999999999999993,1.3269999999999988,TAKEOFF,TAKEOFF,RUNNING
221,4.4199999999999999,0,-3.6000000000000001,-8.1999999999999993,1.3439999999999988,3.6000000000000001,-8.1999999999999993,1.3439999999999988,TAKEOFF,TAKEOFF,RUNNING
222,4.4400000000000004,0,-3.6000000000000001,-8.1999999999999993,1.3609999999999987,3.6000000000000001,-8.1999999999999993,1.3609999999999987,TAKEOFF,TAKEOFF,RUNNING
223,4.46,0,-3.6000000000000001,-8.1999999999999993,1.3779999999999986,3.6000000000000001,-8.1999999999999993,1.3779999999999986,TAKEOFF,TAKEOFF,RUNNING
224,4.4800000000000004,0,-3.6000000000000001,-8.1999999999999993,1.3949999999999985,3.6000000000000001,-8.1999999999999993,1.3949999999999985,TAKEOFF,TAKEOFF,RUNNING
225,4.5,0,-3.6000000000000001,-8.1999999999999993,1.4119999999999984,3.6000000000000001,-8.1999999999999993,1.4119999999999984,TAKEOFF,TAKEOFF,RUNNING
226,4.5199999999999996,0,-3.6000000000000001,-8.1999999999999993,1.4289999999999983,3.6000000000000001,-8.1999999999999993,1.4289999999999983,TAKEOFF,TAKEOFF,RUNNING
227,4.54,0,-3.6000000000000001,-8.1999999999999993,1.4459999999999982,3.6000000000000001,-8.1999999999999993,1.4459999999999982,TAKEOFF,TAKEOFF,RUNNING
228,4.5599999999999996,0,-3.6000000000000001,-8.1999999999999993,1.4629999999999981,3.6000000000000001,-8.1999999999999993,1.4629999999999981,TAKEOFF,TAKEOFF,RUNNING
229,4.5800000000000001,0,-3.6000000000000001,-8.1999999999999993,1.479999999999998,3.6000000000000001,-8.1999999999999993,1.479999999999998,TAKEOFF,TAKEOFF,RUNNING
230,4.5999999999999996,0,-3.6000000000000001,-8.1999999999999993,1.4969999999999979,3.6000000000000001,-8.1999999999999993,1.4969999999999979,TAKEOFF,TAKEOFF,RUNNING
231,4.6200000000000001,0,-3.6000000000000001,-8.1999999999999993,1.5139999999999978,3.6000000000000001,-8.1999999999999993,1.5139999999999978,TAKEOFF,TAKEOFF,RUNNING
232,4.6399999999999997,0,-3.6000000000000001,-8.1999999999999993,1.5309999999999977,3.6000000000000001,-8.1999999999999993,1.5309999999999977,TAKEOFF,TAKEOFF,RUNNING
233,4.6600000000000001,0,-3.6000000000000001,-8.1999999999999993,1.5479999999999976,3.6000000000000001,-8.1999999999999993,1.5479999999999976,TAKEOFF,TAKEOFF,RUNNING
234,4.6799999999999997,0,-3.6000000000000001,-8.1999999999999993,1.5649999999999975,3.6000000000000001,-8.1999999999999993,1.5649999999999975,TAKEOFF,TAKEOFF,RUNNING
235,4.7000000000000002,0,-3.6000000000000001,-8.1999999999999993,1.5819999999999974,3.6000000000000001,-8.1999999999999993,1.5819999999999974,TAKEOFF,TAKEOFF,RUNNING
236,4.7199999999999998,0,-3.6000000000000001,-8.1999999999999993,1.5989999999999973,3.6000000000000001,-8.1999999999999993,1.5989999999999973,TAKEOFF,TAKEOFF,RUNNING
237,4.7400000000000002,0,-3.6000000000000001,-8.1999999999999993,1.6159999999999972,3.6000000000000001,-8.1999999999999993,1.6159999999999972,TAKEOFF,TAKEOFF,RUNNING
238,4.7599999999999998,0,-3.6000000000000001,-8.1999999999999993,1.6329999999999971,3.6000000000000001,-8.1999999999999993,1.6329999999999971,TAKEOFF,TAKEOFF,RUNNING
239,4.7800000000000002,0,-3.6000000000000001,-8.1999999999999993,1.649999999999997,3.6000000000000001,-8.1999999999999993,1.649999999999997,TAKEOFF,TAKEOFF,RUNNING
240,4.7999999999999998,0,-3.6000000000000001,-8.1999999999999993,1.6669999999999969,3.6000000000000001,-8.1999999999999993,1.6669999999999969,TAKEOFF,TAKEOFF,RUNNING
241,4.8200000000000003,0,-3.6000000000000001,-8.1999999999999993,1.6839999999999968,3.6000000000000001,-8.1999999999999993,1.6839999999999968,TAKEOFF,TAKEOFF,RUNNING
242,4.8399999999999999,0,-3.6000000000000001,-8.1999999999999993,1.7009999999999967,3.6000000000000001,-8.1999999999999993,1.7009999999999967,TAKEOFF,TAKEOFF,RUNNING
243,4.8600000000000003,0,-3.6000000000000001,-8.1999999999999993,1.7179999999999966,3.6000000000000001,-8.1999999999999993,1.7179999999999966,TAKEOFF,TAKEOFF,RUNNING
244,4.8799999999999999,0,-3.6000000000000001,-8.1999999999999993,1.7349999999999965,3.6000000000000001,-8.1999999999999993,1.7349999999999965,TAKEOFF,TAKEOFF,RUNNING
245,4.9000000000000004,0,-3.6000000000000001,-8.1999999999999993,1.7519999999999964,3.6000000000000001,-8.1999999999999993,1.7519999999999964,TAKEOFF,TAKEOFF,RUNNING
246,4.9199999999999999,0,-3.6000000000000001,-8.1999999999999993,1.7689999999999964,3.6000000000000001,-8.1999999999999993,1.7689999999999964,TAKEOFF,TAKEOFF,RUNNING
247,4.9400000000000004,0,-3.6000000000000001,-8.1999999999999993,1.7859999999999963,3.6000000000000001,-8.1999999999999993,1.7859999999999963,TAKEOFF,TAKEOFF,RUNNING
248,4.96,0,-3.6000000000000001,-8.1999999999999993,1.8029999999999962,3.6000000000000001,-8.1999999999999993,1.8029999999999962,TAKEOFF,TAKEOFF,RUNNING
249,4.9800000000000004,0,-3.6000000000000001,-8.1999999999999993,1.8199999999999961,3.6000000000000001,-8.1999999999999993,1.8199999999999961,TAKEOFF,TAKEOFF,RUNNING
250,5,0,-3.6000000000000001,-8.1999999999999993,1.836999999999996,3.6000000000000001,-8.1999999999999993,1.836999999999996,TAKEOFF,TAKEOFF,RUNNING
251,5.0199999999999996,0,-3.6000000000000001,-8.1999999999999993,1.8539999999999959,3.6000000000000001,-8.1999999999999993,1.8539999999999959,TAKEOFF,TAKEOFF,RUNNING
252,5.04,0,-3.6000000000000001,-8.1999999999999993,1.8709999999999958,3.6000000000000001,-8.1999999999999993,1.8709999999999958,TAKEOFF,TAKEOFF,RUNNING
253,5.0599999999999996,0,-3.6000000000000001,-8.1999999999999993,1.8879999999999957,3.6000000000000001,-8.1999999999999993,1.8879999999999957,TAKEOFF,TAKEOFF,RUNNING
254,5.0800000000000001,0,-3.6000000000000001,-8.1999999999999993,1.9049999999999956,3.6000000000000001,-8.1999999999999993,1.9049999999999956,TAKEOFF,TAKEOFF,RUNNING
255,5.0999999999999996,0,-3.6000000000000001,-8.1999999999999993,1.9219999999999955,3.6000000000000001,-8.1999999999999993,1.9219999999999955,TAKEOFF,TAKEOFF,RUNNING
256,5.1200000000000001,0,-3.6000000000000001,-8.1999999999999993,1.9389999999999954,3.6000000000000001,-8.1999999999999993,1.9389999999999954,TAKEOFF,TAKEOFF,RUNNING
257,5.1399999999999997,0,-3.6000000000000001,-8.1999999999999993,1.9559999999999953,3.6000000000000001,-8.1999999999999993,1.9559999999999953,TAKEOFF,TAKEOFF,RUNNING
258,5.1600000000000001,0,-3.6000000000000001,-8.1999999999999993,1.9729999999999952,3.6000000000000001,-8.1999999999999993,1.9729999999999952,TAKEOFF,TAKEOFF,RUNNING
259,5.1799999999999997,0,-3.6000000000000001,-8.1999999999999993,1.9899999999999951,3.6000000000000001,-8.1999999999999993,1.9899999999999951,TAKEOFF,TAKEOFF,RUNNING
260,5.2000000000000002,0,-3.6000000000000001,-8.1999999999999993,2.0069999999999952,3.6000000000000001,-8.1999999999999993,2.0069999999999952,TAKEOFF,TAKEOFF,RUNNING
261,5.2199999999999998,0,-3.6000000000000001,-8.1999999999999993,2.0239999999999951,3.6000000000000001,-8.1999999999999993,2.0239999999999951,TAKEOFF,TAKEOFF,RUNNING
262,5.2400000000000002,0,-3.6000000000000001,-8.1999999999999993,2.040999999999995,3.6000000000000001,-8.1999999999999993,2.040999999999995,TAKEOFF,TAKEOFF,RUNNING
263,5.2599999999999998,0,-3.6000000000000001,-8.1999999999999993,2.0579999999999949,3.6000000000000001,-8.1999999999999993,2.0579999999999949,TAKEOFF,TAKEOFF,RUNNING
264,5.2800000000000002,0,-3.6000000000000001,-8.1999999999999993,2.0749999999999948,3.6000000000000001,-8.1999999999999993,2.0749999999999948,TAKEOFF,TAKEOFF,RUNNING
265,5.2999999999999998,0,-3.6000000000000001,-8.1999999999999993,2.0919999999999948,3.6000000000000001,-8.1999999999999993,2.0919999999999948,TAKEOFF,TAKEOFF,RUNNING
266,5.3200000000000003,0,-3.6000000000000001,-8.1999999999999993,2.1089999999999947,3.6000000000000001,-8.1999999999999993,2.1089999999999947,TAKEOFF,TAKEOFF,RUNNING
267,5.3399999999999999,0,-3.6000000000000001,-8.1999999999999993,2.1259999999999946,3.6000000000000001,-8.1999999999999993,2.1259999999999946,TAKEOFF,TAKEOFF,RUNNING
268,5.3600000000000003,0,-3.6000000000000001,-8.1999999999999993,2.1429999999999945,3.6000000000000001,-8.1999999999999993,2.1429999999999945,TAKEOFF,TAKEOFF,RUNNING
269,5.3799999999999999,0,-3.6000000000000001,-8.1999999999999993,2.1599999999999944,3.6000000000000001,-8.1999999999999993,2.1599999999999944,TAKEOFF,TAKEOFF,RUNNING
270,5.4000000000000004,0,-3.6000000000000001,-8.1999999999999993,2.1769999999999943,3.6000000000000001,-8.1999999999999993,2.1769999999999943,TAKEOFF,TAKEOFF,RUNNING
271,5.4199999999999999,0,-3.6000000000000001,-8.1999999999999993,2.1939999999999942,3.6000000000000001,-8.1999999999999993,2.1939999999999942,TAKEOFF,TAKEOFF,RUNNING
272,5.4400000000000004,0,-3.6000000000000001,-8.1999999999999993,2.2109999999999941,3.6000000000000001,-8.1999999999999993,2.2109999999999941,TAKEOFF,TAKEOFF,RUNNING
273,5.46,0,-3.6000000000000001,-8.1999999999999993,2.227999999999994,3.6000000000000001,-8.1999999999999993,2.227999999999994,TAKEOFF,TAKEOFF,RUNNING
274,5.4800000000000004,0,-3.6000000000000001,-8.1999999999999993,2.2449999999999939,3.6000000000000001,-8.1999999999999993,2.2449999999999939,TAKEOFF,TAKEOFF,RUNNING
275,5.5,0,-3.6000000000000001,-8.1999999999999993,2.2619999999999938,3.6000000000000001,-8.1999999999999993,2.2619999999999938,TAKEOFF,TAKEOFF,RUNNING
276,5.5199999999999996,0,-3.6000000000000001,-8.1999999999999993,2.2789999999999937,3.6000000000000001,-8.1999999999999993,2.2789999999999937,TAKEOFF,TAKEOFF,RUNNING
277,5.54,0,-3.6000000000000001,-8.1999999999999993,2.2959999999999936,3.6000000000000001,-8.1999999999999993,2.2959999999999936,TAKEOFF,TAKEOFF,RUNNING
278,5.5599999999999996,0,-3.6000000000000001,-8.1999999999999993,2.3129999999999935,3.6000000000000001,-8.1999999999999993,2.3129999999999935,TAKEOFF,TAKEOFF,RUNNING
279,5.5800000000000001,0,-3.6000000000000001,-8.1999999999999993,2.3299999999999934,3.6000000000000001,-8.1999999999999993,2.3299999999999934,TAKEOFF,TAKEOFF,RUNNING
280,5.5999999999999996,0,-3.6000000000000001,-8.1999999999999993,2.3469999999999933,3.6000000000000001,-8.1999999999999993,2.3469999999999933,TAKEOFF,TAKEOFF,RUNNING
281,5.6200000000000001,0,-3.6000000000000001,-8.1999999999999993,2.3639999999999932,3.6000000000000001,-8.1999999999999993,2.3639999999999932,TAKEOFF,TAKEOFF,RUNNING
282,5.6399999999999997,0,-3.6000000000000001,-8.1999999999999993,2.3809999999999931,3.6000000000000001,-8.1999999999999993,2.3809999999999931,TAKEOFF,TAKEOFF,RUNNING
283,5.6600000000000001,0,-3.6000000000000001,-8.1999999999999993,2.397999999999993,3.6000000000000001,-8.1999999999999993,2.397999999999993,TAKEOFF,TAKEOFF,RUNNING
284,5.6799999999999997,0,-3.6000000000000001,-8.1999999999999993,2.4149999999999929,3.6000000000000001,-8.1999999999999993,2.4149999999999929,TAKEOFF,TAKEOFF,RUNNING
285,5.7000000000000002,0,-3.6000000000000001,-8.1999999999999993,2.4319999999999928,3.6000000000000001,-8.1999999999999993,2.4319999999999928,TAKEOFF,TAKEOFF,RUNNING
286,5.7199999999999998,0,-3.6000000000000001,-8.1999999999999993,2.4489999999999927,3.6000000000000001,-8.1999999999999993,2.4489999999999927,TAKEOFF,TAKEOFF,RUNNING
287,5.7400000000000002,0,-3.6000000000000001,-8.1999999999999993,2.4659999999999926,3.6000000000000001,-8.1999999999999993,2.4659999999999926,TAKEOFF,TAKEOFF,RUNNING
288,5.7599999999999998,0,-3.6000000000000001,-8.1999999999999993,2.4829999999999925,3.6000000000000001,-8.1999999999999993,2.4829999999999925,TAKEOFF,TAKEOFF,RUNNING
289,5.7800000000000002,0,-3.6000000000000001,-8.1999999999999993,2.4999999999999925,3.6000000000000001,-8.1999999999999993,2.4999999999999925,TAKEOFF,TAKEOFF,RUNNING
290,5.7999999999999998,0,-3.6000000000000001,-8.1999999999999993,2.5169999999999924,3.6000000000000001,-8.1999999999999993,2.5169999999999924,TAKEOFF,TAKEOFF,RUNNING
291,5.8200000000000003,0,-3.6000000000000001,-8.1999999999999993,2.5339999999999923,3.6000000000000001,-8.1999999999999993,2.5339999999999923,TAKEOFF,TAKEOFF,RUNNING
292,5.8399999999999999,0,-3.6000000000000001,-8.1999999999999993,2.5509999999999922,3.6000000000000001,-8.1999999999999993,2.5509999999999922,TAKEOFF,TAKEOFF,RUNNING
293,5.8600000000000003,0,-3.6000000000000001,-8.1999999999999993,2.5679999999999921,3.6000000000000001,-8.1999999999999993,2.5679999999999921,TAKEOFF,TAKEOFF,RUNNING
294,5.8799999999999999,0,-3.6000000000000001,-8.1999999999999993,2.584999999999992,3.6000000000000001,-8.1999999999999993,2.584999999999992,TAKEOFF,TAKEOFF,RUNNING
295,5.9000000000000004,0,-3.6000000000000001,-8.1999999999999993,2.6019999999999919,3.6000000000000001,-8.1999999999999993,2.6019999999999919,TAKEOFF,TAKEOFF,RUNNING
296,5.9199999999999999,0,-3.6000000000000001,-8.1999999999999993,2.6189999999999918,3.6000000000000001,-8.1999999999999993,2.6189999999999918,TAKEOFF,TAKEOFF,RUNNING
297,5.9400000000000004,0,-3.6000000000000001,-8.1999999999999993,2.6359999999999917,3.6000000000000001,-8.1999999999999993,2.6359999999999917,TAKEOFF,TAKEOFF,RUNNING
298,5.96,0,-3.6000000000000001,-8.1999999999999993,2.6529999999999916,3.6000000000000001,-8.1999999999999993,2.6529999999999916,TAKEOFF,TAKEOFF,RUNNING
299,5.9800000000000004,0,-3.6000000000000001,-8.1999999999999993,2.6699999999999915,3.6000000000000001,-8.1999999999999993,2.6699999999999915,TAKEOFF,TAKEOFF,RUNNING
300,6,0,-3.6000000000000001,-8.1999999999999993,2.6869999999999914,3.6000000000000001,-8.1999999999999993,2.6869999999999914,TAKEOFF,TAKEOFF,RUNNING
301,6.0199999999999996,0,-3.6000000000000001,-8.1999999999999993,2.7039999999999913,3.6000000000000001,-8.1999999999999993,2.7039999999999913,TAKEOFF,TAKEOFF,RUNNING
302,6.04,0,-3.6000000000000001,-8.1999999999999993,2.7209999999999912,3.6000000000000001,-8.1999999999999993,2.7209999999999912,TAKEOFF,TAKEOFF,RUNNING
303,6.0599999999999996,0,-3.6000000000000001,-8.1999999999999993,2.7379999999999911,3.6000000000000001,-8.1999999999999993,2.7379999999999911,TAKEOFF,TAKEOFF,RUNNING
304,6.0800000000000001,0,-3.6000000000000001,-8.1999999999999993,2.754999999999991,3.6000000000000001,-8.1999999999999993,2.754999999999991,TAKEOFF,TAKEOFF,RUNNING
305,6.0999999999999996,0,-3.6000000000000001,-8.1999999999999993,2.7719999999999909,3.6000000000000001,-8.1999999999999993,2.7719999999999909,TAKEOFF,TAKEOFF,RUNNING
306,6.1200000000000001,0,-3.6000000000000001,-8.1999999999999993,2.7889999999999908,3.6000000000000001,-8.1999999999999993,2.7889999999999908,TAKEOFF,TAKEOFF,RUNNING
307,6.1399999999999997,0,-3.6000000000000001,-8.1999999999999993,2.7999999999999998,3.6000000000000001,-8.1999999999999993,2.7999999999999998,BYPASS,BYPASS,RUNNING
308,6.1600000000000001,0,-3.6010995447006016,-8.2169644039521383,2.7999999999999998,3.6010995447006016,-8.2169644039521383,2.7999999999999998,BYPASS,BYPASS,RUNNING
309,6.1799999999999997,0,-3.602199089401203,-8.2339288079042774,2.7999999999999998,3.602199089401203,-8.2339288079042774,2.7999999999999998,BYPASS,BYPASS,RUNNING
310,6.2000000000000002,0,-3.6032986341018045,-8.2508932118564164,2.7999999999999998,3.6032986341018045,-8.2508932118564164,2.7999999999999998,BYPASS,BYPASS,RUNNING
311,6.2199999999999998,0,-3.604398178802406,-8.2678576158085555,2.7999999999999998,3.604398178802406,-8.2678576158085555,2.7999999999999998,BYPASS,BYPASS,RUNNING
312,6.2400000000000002,0,-3.6054977235030075,-8.2848220197606945,2.7999999999999998,3.6054977235030075,-8.2848220197606945,2.7999999999999998,BYPASS,BYPASS,RUNNING
313,6.2599999999999998,0,-3.6065972682036089,-8.3017864237128336,2.7999999999999998,3.6065972682036089,-8.3017864237128336,2.7999999999999998,BYPASS,BYPASS,RUNNING
314,6.2800000000000002,0,-3.6076968129042104,-8.3187508276649726,2.7999999999999998,3.6076968129042104,-8.3187508276649726,2.7999999999999998,BYPASS,BYPASS,RUNNING
315,6.2999999999999998,0,-3.6087963576048119,-8.3357152316171117,2.7999999999999998,3.6087963576048119,-8.3357152316171117,2.7999999999999998,BYPASS,BYPASS,RUNNING
316,6.3200000000000003,0,-3.6098959023054134,-8.3526796355692507,2.7999999999999998,3.6098959023054134,-8.3526796355692507,2.7999999999999998,BYPASS,BYPASS,RUNNING
317,6.3399999999999999,0,-3.6109954470060148,-8.3696440395213898,2.7999999999999998,3.6109954470060148,-8.3696440395213898,2.7999999999999998,BYPASS,BYPASS,RUNNING
318,6.3600000000000003,0,-3.6120949917066163,-8.3866084434735289,2.7999999999999998,3.6120949917066163,-8.3866084434735289,2.7999999999999998,BYPASS,BYPASS,RUNNING
319,6.3799999999999999,0,-3.6131945364072178,-8.4035728474256679,2.7999999999999998,3.6131945364072178,-8.4035728474256679,2.7999999999999998,BYPASS,BYPASS,RUNNING
320,6.4000000000000004,0,-3.6142940811078192,-8.420537251377807,2.7999999999999998,3.6142940811078192,-8.420537251377807,2.7999999999999998,BYPASS,BYPASS,RUNNING
321,6.4199999999999999,0,-3.6153936258084207,-8.437501655329946,2.7999999999999998,3.6153936258084207,-8.437501655329946,2.7999999999999998,BYPASS,BYPASS,RUNNING
322,6.4400000000000004,0,-3.6164931705090222,-8.4544660592820851,2.7999999999999998,3.6164931705090222,-8.4544660592820851,2.7999999999999998,BYPASS,BYPASS,RUNNING
323,6.46,0,-3.6175927152096237,-8.4714304632342241,2.7999999999999998,3.6175927152096237,-8.4714304632342241,2.7999999999999998,BYPASS,BYPASS,RUNNING
324,6.4800000000000004,0,-3.6186922599102251,-8.4883948671863632,2.7999999999999998,3.6186922599102251,-8.4883948671863632,2.7999999999999998,BYPASS,BYPASS,RUNNING
325,6.5,0,-3.6197918046108266,-8.5053592711385022,2.7999999999999998,3.6197918046108266,-8.5053592711385022,2.7999999999999998,BYPASS,BYPASS,RUNNING
326,6.5199999999999996,0,-3.6208913493114281,-8.5223236750906413,2.7999999999999998,3.6208913493114281,-8.5223236750906413,2.7999999999999998,BYPASS,BYPASS,RUNNING
327,6.54,0,-3.6219908940120296,-8.5392880790427803,2.7999999999999998,3.6219908940120296,-8.5392880790427803,2.7999999999999998,BYPASS,BYPASS,RUNNING
328,6.5599999999999996,0,-3.623090438712631,-8.5562524829949194,2.7999999999999998,3.623090438712631,-8.5562524829949194,2.7999999999999998,BYPASS,BYPASS,RUNNING
329,6.5800000000000001,0,-3.6241899834132325,-8.5732168869470584,2.7999999999999998,3.6241899834132325,-8.5732168869470584,2.7999999999999998,BYPASS,BYPASS,RUNNING
330,6.5999999999999996,0,-3.625289528113834,-8.5901812908991975,2.7999999999999998,3.625289528113834,-8.5901812908991975,2.7999999999999998,BYPASS,BYPASS,RUNNING
331,6.6200000000000001,0,-3.6263890728144355,-8.6071456948513365,2.7999999999999998,3.6263890728144355,-8.6071456948513365,2.7999999999999998,BYPASS,BYPASS,RUNNING
332,6.6399999999999997,0,-3.6274886175150369,-8.6241100988034756,2.7999999999999998,3.6274886175150369,-8.6241100988034756,2.7999999999999998,BYPASS,BYPASS,RUNNING
333,6.6600000000000001,0,-3.6285881622156384,-8.6410745027556146,2.7999999999999998,3.6285881622156384,-8.6410745027556146,2.7999999999999998,BYPASS,BYPASS,RUNNING
334,6.6799999999999997,0,-3.6296877069162399,-8.6580389067077537,2.7999999999999998,3.6296877069162399,-8.6580389067077537,2.7999999999999998,BYPASS,BYPASS,RUNNING
335,6.7000000000000002,0,-3.6307872516168413,-8.6750033106598927,2.7999999999999998,3.6307872516168413,-8.6750033106598927,2.7999999999999998,BYPASS,BYPASS,RUNNING
336,6.7199999999999998,0,-3.6318867963174428,-8.6919677146120318,2.7999999999999998,3.6318867963174428,-8.6919677146120318,2.7999999999999998,BYPASS,BYPASS,RUNNING
337,6.7400000000000002,0,-3.6329863410180443,-8.7089321185641708,2.7999999999999998,3.6329863410180443,-8.7089321185641708,2.7999999999999998,BYPASS,BYPASS,RUNNING
338,6.7599999999999998,0,-3.6340858857186458,-8.7258965225163099,2.7999999999999998,3.6340858857186458,-8.7258965225163099,2.7999999999999998,BYPASS,BYPASS,RUNNING
339,6.7800000000000002,0,-3.6351854304192472,-8.7428609264684489,2.7999999999999998,3.6351854304192472,-8.7428609264684489,2.7999999999999998,BYPASS,BYPASS,RUNNING
340,6.7999999999999998,0,-3.6362849751198487,-8.759825330420588,2.7999999999999998,3.6362849751198487,-8.759825330420588,2.7999999999999998,BYPASS,BYPASS,RUNNING
341,6.8200000000000003,0,-3.6373845198204502,-8.776789734372727,2.7999999999999998,3.6373845198204502,-8.776789734372727,2.7999999999999998,BYPASS,BYPASS,RUNNING
342,6.8399999999999999,0,-3.6384840645210517,-8.7937541383248661,2.7999999999999998,3.6384840645210517,-8.7937541383248661,2.7999999999999998,BYPASS,BYPASS,RUNNING
343,6.8600000000000003,0,-3.6395836092216531,-8.8107185422770051,2.7999999999999998,3.6395836092216531,-8.8107185422770051,2.7999999999999998,BYPASS,BYPASS,RUNNING
344,6.8799999999999999,0,-3.6406831539222546,-8.8276829462291442,2.7999999999999998,3.6406831539222546,-8.8276829462291442,2.7999999999999998,BYPASS,BYPASS,RUNNING
345,6.9000000000000004,0,-3.6417826986228561,-8.8446473501812832,2.7999999999999998,3.6417826986228561,-8.8446473501812832,2.7999999999999998,BYPASS,BYPASS,RUNNING
346,6.9199999999999999,0,-3.6428822433234576,-8.8616117541334223,2.7999999999999998,3.6428822433234576,-8.8616117541334223,2.7999999999999998,BYPASS,BYPASS,RUNNING
347,6.9400000000000004,0,-3.643981788024059,-8.8785761580855613,2.7999999999999998,3.643981788024059,-8.8785761580855613,2.7999999999999998,BYPASS,BYPASS,RUNNING
348,6.96,0,-3.6450813327246605,-8.8955405620377004,2.7999999999999998,3.6450813327246605,-8.8955405620377004,2.7999999999999998,BYPASS,BYPASS,RUNNING
349,6.9800000000000004,0,-3.646180877425262,-8.9125049659898394,2.7999999999999998,3.646180877425262,-8.9125049659898394,2.7999999999999998,BYPASS,BYPASS,RUNNING
350,7,0,-3.6472804221258635,-8.9294693699419785,2.7999999999999998,3.6472804221258635,-8.9294693699419785,2.7999999999999998,BYPASS,BYPASS,RUNNING
351,7.0199999999999996,0,-3.6483799668264649,-8.9464337738941175,2.7999999999999998,3.6483799668264649,-8.9464337738941175,2.7999999999999998,BYPASS,BYPASS,RUNNING
352,7.04,0,-3.6494795115270664,-8.9633981778462566,2.7999999999999998,3.6494795115270664,-8.9633981778462566,2.7999999999999998,BYPASS,BYPASS,RUNNING
353,7.0599999999999996,0,-3.6505790562276679,-8.9803625817983956,2.7999999999999998,3.6505790562276679,-8.9803625817983956,2.7999999999999998,BYPASS,BYPASS,RUNNING
354,7.0800000000000001,0,-3.6516786009282693,-8.9973269857505347,2.7999999999999998,3.6516786009282693,-8.9973269857505347,2.7999999999999998,BYPASS,BYPASS,RUNNING
355,7.0999999999999996,0,-3.6527781456288708,-9.0142913897026737,2.7999999999999998,3.6527781456288708,-9.0142913897026737,2.7999999999999998,BYPASS,BYPASS,RUNNING
356,7.1200000000000001,0,-3.6538776903294723,-9.0312557936548128,2.7999999999999998,3.6538776903294723,-9.0312557936548128,2.7999999999999998,BYPASS,BYPASS,RUNNING
357,7.1399999999999997,0,-3.6549772350300738,-9.0482201976069518,2.7999999999999998,3.6549772350300738,-9.0482201976069518,2.7999999999999998,BYPASS,BYPASS,RUNNING
358,7.1600000000000001,0,-3.6560767797306752,-9.0651846015590909,2.7999999999999998,3.6560767797306752,-9.0651846015590909,2.7999999999999998,BYPASS,BYPASS,RUNNING
359,7.1799999999999997,0,-3.6571763244312767,-9.0821490055112299,2.7999999999999998,3.6571763244312767,-9.0821490055112299,2.7999999999999998,BYPASS,BYPASS,RUNNING
360,7.2000000000000002,0,-3.6582758691318782,-9.099113409463369,2.7999999999999998,3.6582758691318782,-9.099113409463369,2.7999999999999998,BYPASS,BYPASS,RUNNING
361,7.2199999999999998,0,-3.6593754138324797,-9.116077813415508,2.7999999999999998,3.6593754138324797,-9.116077813415508,2.7999999999999998,BYPASS,BYPASS,RUNNING
362,7.2400000000000002,0,-3.6604749585330811,-9.1330422173676471,2.7999999999999998,3.6604749585330811,-9.1330422173676471,2.7999999999999998,BYPASS,BYPASS,RUNNING
363,7.2599999999999998,0,-3.6615745032336826,-9.1500066213197861,2.7999999999999998,3.6615745032336826,-9.1500066213197861,2.7999999999999998,BYPASS,BYPASS,RUNNING
364,7.2800000000000002,0,-3.6626740479342841,-9.1669710252719252,2.7999999999999998,3.6626740479342841,-9.1669710252719252,2.7999999999999998,BYPASS,BYPASS,RUNNING
365,7.2999999999999998,0,-3.6637735926348856,-9.1839354292240643,2.7999999999999998,3.6637735926348856,-9.1839354292240643,2.7999999999999998,BYPASS,BYPASS,RUNNING
366,7.3200000000000003,0,-3.664873137335487,-9.2008998331762033,2.7999999999999998,3.664873137335487,-9.2008998331762033,2.7999999999999998,BYPASS,BYPASS,RUNNING
367,7.3399999999999999,0,-3.6659726820360885,-9.2178642371283424,2.7999999999999998,3.6659726820360885,-9.2178642371283424,2.7999999999999998,BYPASS,BYPASS,RUNNING
368,7.3600000000000003,0,-3.66707222673669,-9.2348286410804814,2.7999999999999998,3.66707222673669,-9.2348286410804814,2.7999999999999998,BYPASS,BYPASS,RUNNING
369,7.3799999999999999,0,-3.6681717714372915,-9.2517930450326205,2.7999999999999998,3.6681717714372915,-9.2517930450326205,2.7999999999999998,BYPASS,BYPASS,RUNNING
370,7.4000000000000004,0,-3.6692713161378929,-9.2687574489847595,2.7999999999999998,3.6692713161378929,-9.2687574489847595,2.7999999999999998,BYPASS,BYPASS,RUNNING
371,7.4199999999999999,0,-3.6703708608384944,-9.2857218529368986,2.7999999999999998,3.6703708608384944,-9.2857218529368986,2.7999999999999998,BYPASS,BYPASS,RUNNING
372,7.4400000000000004,0,-3.6714704055390959,-9.3026862568890376,2.7999999999999998,3.6714704055390959,-9.3026862568890376,2.7999999999999998,BYPASS,BYPASS,RUNNING
373,7.46,0,-3.6725699502396973,-9.3196506608411767,2.7999999999999998,3.6725699502396973,-9.3196506608411767,2.7999999999999998,BYPASS,BYPASS,RUNNING
374,7.4800000000000004,0,-3.6736694949402988,-9.3366150647933157,2.7999999999999998,3.6736694949402988,-9.3366150647933157,2.7999999999999998,BYPASS,BYPASS,RUNNING
375,7.5,0,-3.6747690396409003,-9.3535794687454548,2.7999999999999998,3.6747690396409003,-9.3535794687454548,2.7999999999999998,BYPASS,BYPASS,RUNNING
376,7.5199999999999996,0,-3.6758685843415018,-9.3705438726975938,2.7999999999999998,3.6758685843415018,-9.3705438726975938,2.7999999999999998,BYPASS,BYPASS,RUNNING
377,7.54,0,-3.6769681290421032,-9.3875082766497329,2.7999999999999998,3.6769681290421032,-9.3875082766497329,2.7999999999999998,BYPASS,BYPASS,RUNNING
378,7.5599999999999996,0,-3.6780676737427047,-9.4044726806018719,2.7999999999999998,3.6780676737427047,-9.4044726806018719,2.7999999999999998,BYPASS,BYPASS,RUNNING
379,7.5800000000000001,0,-3.6791672184433062,-9.421437084554011,2.7999999999999998,3.6791672184433062,-9.421437084554011,2.7999999999999998,BYPASS,BYPASS,RUNNING
380,7.5999999999999996,0,-3.6802667631439077,-9.43840148850615,2.7999999999999998,3.6802667631439077,-9.43840148850615,2.7999999999999998,BYPASS,BYPASS,RUNNING
381,7.6200000000000001,0,-3.6813663078445091,-9.4553658924582891,2.7999999999999998,3.6813663078445091,-9.4553658924582891,2.7999999999999998,BYPASS,BYPASS,RUNNING
382,7.6399999999999997,0,-3.6824658525451106,-9.4723302964104281,2.7999999999999998,3.6824658525451106,-9.4723302964104281,2.7999999999999998,BYPASS,BYPASS,RUNNING
383,7.6600000000000001,0,-3.6835653972457121,-9.4892947003625672,2.7999999999999998,3.6835653972457121,-9.4892947003625672,2.7999999999999998,BYPASS,BYPASS,RUNNING
384,7.6799999999999997,0,-3.6846649419463136,-9.5062591043147062,2.7999999999999998,3.6846649419463136,-9.5062591043147062,2.7999999999999998,BYPASS,BYPASS,RUNNING
385,7.7000000000000002,0,-3.685764486646915,-9.5232235082668453,2.7999999999999998,3.685764486646915,-9.5232235082668453,2.7999999999999998,BYPASS,BYPASS,RUNNING
386,7.7199999999999998,0,-3.6868640313475165,-9.5401879122189843,2.7999999999999998,3.6868640313475165,-9.5401879122189843,2.7999999999999998,BYPASS,BYPASS,RUNNING
387,7.7400000000000002,0,-3.687963576048118,-9.5571523161711234,2.7999999999999998,3.687963576048118,-9.5571523161711234,2.7999999999999998,BYPASS,BYPASS,RUNNING
388,7.7599999999999998,0,-3.6890631207487194,-9.5741167201232624,2.7999999999999998,3.6890631207487194,-9.5741167201232624,2.7999999999999998,BYPASS,BYPASS,RUNNING
389,7.7800000000000002,0,-3.6901626654493209,-9.5910811240754015,2.7999999999999998,3.6901626654493209,-9.5910811240754015,2.7999999999999998,BYPASS,BYPASS,RUNNING
390,7.7999999999999998,0,-3.6912622101499224,-9.6080455280275405,2.7999999999999998,3.6912622101499224,-9.6080455280275405,2.7999999999999998,BYPASS,BYPASS,RUNNING
391,7.8200000000000003,0,-3.6923617548505239,-9.6250099319796796,2.7999999999999998,3.6923617548505239,-9.6250099319796796,2.7999999999999998,BYPASS,BYPASS,RUNNING
392,7.8399999999999999,0,-3.6934612995511253,-9.6419743359318186,2.7999999999999998,3.6934612995511253,-9.6419743359318186,2.7999999999999998,BYPASS,BYPASS,RUNNING
393,7.8600000000000003,0,-3.6945608442517268,-9.6589387398839577,2.7999999999999998,3.6945608442517268,-9.6589387398839577,2.7999999999999998,BYPASS,BYPASS,RUNNING
394,7.8799999999999999,0,-3.6956603889523283,-9.6759031438360967,2.7999999999999998,3.6956603889523283,-9.6759031438360967,2.7999999999999998,BYPASS,BYPASS,RUNNING
395,7.9000000000000004,0,-3.6967599336529298,-9.6928675477882358,2.7999999999999998,3.6967599336529298,-9.6928675477882358,2.7999999999999998,BYPASS,BYPASS,RUNNING
396,7.9199999999999999,0,-3.6978594783535312,-9.7098319517403748,2.7999999999999998,3.6978594783535312,-9.7098319517403748,2.7999999999999998,BYPASS,BYPASS,RUNNING
397,7.9400000000000004,0,-3.6989590230541327,-9.7267963556925139,2.7999999999999998,3.6989590230541327,-9.7267963556925139,2.7999999999999998,BYPASS,BYPASS,RUNNING
398,7.96,0,-3.7000585677547342,-9.7437607596446529,2.7999999999999998,3.7000585677547342,-9.7437607596446529,2.7999999999999998,BYPASS,BYPASS,RUNNING
399,7.9800000000000004,0,-3.7011581124553357,-9.760725163596792,2.7999999999999998,3.7011581124553357,-9.760725163596792,2.7999999999999998,BYPASS,BYPASS,RUNNING
400,8,0,-3.7022576571559371,-9.777689567548931,2.7999999999999998,3.7022576571559371,-9.777689567548931,2.7999999999999998,BYPASS,BYPASS,RUNNING
401,8.0199999999999996,0,-3.7033572018565386,-9.7946539715010701,2.7999999999999998,3.7033572018565386,-9.7946539715010701,2.7999999999999998,BYPASS,BYPASS,RUNNING
402,8.0399999999999991,0,-3.7044567465571401,-9.8116183754532091,2.7999999999999998,3.7044567465571401,-9.8116183754532091,2.7999999999999998,BYPASS,BYPASS,RUNNING
403,8.0600000000000005,0,-3.7055562912577416,-9.8285827794053482,2.7999999999999998,3.7055562912577416,-9.8285827794053482,2.7999999999999998,BYPASS,BYPASS,RUNNING
404,8.0800000000000001,0,-3.706655835958343,-9.8455471833574872,2.7999999999999998,3.706655835958343,-9.8455471833574872,2.7999999999999998,BYPASS,BYPASS,RUNNING
405,8.0999999999999996,0,-3.7077553806589445,-9.8625115873096263,2.7999999999999998,3.7077553806589445,-9.8625115873096263,2.7999999999999998,BYPASS,BYPASS,RUNNING
406,8.1199999999999992,0,-3.708854925359546,-9.8794759912617653,2.7999999999999998,3.708854925359546,-9.8794759912617653,2.7999999999999998,BYPASS,BYPASS,RUNNING
407,8.1400000000000006,0,-3.7099544700601474,-9.8964403952139044,2.7999999999999998,3.7099544700601474,-9.8964403952139044,2.7999999999999998,BYPASS,BYPASS,RUNNING
408,8.1600000000000001,0,-3.7110540147607489,-9.9134047991660434,2.7999999999999998,3.7110540147607489,-9.9134047991660434,2.7999999999999998,BYPASS,BYPASS,RUNNING
409,8.1799999999999997,0,-3.7121535594613504,-9.9303692031181825,2.7999999999999998,3.7121535594613504,-9.9303692031181825,2.7999999999999998,BYPASS,BYPASS,RUNNING
410,8.1999999999999993,0,-3.7132531041619519,-9.9473336070703215,2.7999999999999998,3.7132531041619519,-9.9473336070703215,2.7999999999999998,BYPASS,BYPASS,RUNNING
411,8.2200000000000006,0,-3.7143526488625533,-9.9642980110224606,2.7999999999999998,3.7143526488625533,-9.9642980110224606,2.7999999999999998,BYPASS,BYPASS,RUNNING
412,8.2400000000000002,0,-3.7154521935631548,-9.9812624149745997,2.7999999999999998,3.7154521935631548,-9.9812624149745997,2.7999999999999998,BYPASS,BYPASS,RUNNING
413,8.2599999999999998,0,-3.7165517382637563,-9.9982268189267387,2.7999999999999998,3.7165517382637563,-9.9982268189267387,2.7999999999999998,BYPASS,BYPASS,RUNNING
414,8.2799999999999994,0,-3.7176512829643578,-10.015191222878878,2.7999999999999998,3.7176512829643578,-10.015191222878878,2.7999999999999998,BYPASS,BYPASS,RUNNING
415,8.3000000000000007,0,-3.7187508276649592,-10.032155626831017,2.7999999999999998,3.7187508276649592,-10.032155626831017,2.7999999999999998,BYPASS,BYPASS,RUNNING
416,8.3200000000000003,0,-3.7198503723655607,-10.049120030783156,2.7999999999999998,3.7198503723655607,-10.049120030783156,2.7999999999999998,BYPASS,BYPASS,RUNNING
417,8.3399999999999999,0,-3.7209499170661622,-10.066084434735295,2.7999999999999998,3.7209499170661622,-10.066084434735295,2.7999999999999998,BYPASS,BYPASS,RUNNING
418,8.3599999999999994,0,-3.7220494617667637,-10.083048838687434,2.7999999999999998,3.7220494617667637,-10.083048838687434,2.7999999999999998,BYPASS,BYPASS,RUNNING
419,8.3800000000000008,0,-3.7231490064673651,-10.100013242639573,2.7999999999999998,3.7231490064673651,-10.100013242639573,2.7999999999999998,BYPASS,BYPASS,RUNNING
420,8.4000000000000004,0,-3.7242485511679666,-10.116977646591712,2.7999999999999998,3.7242485511679666,-10.116977646591712,2.7999999999999998,BYPASS,BYPASS,RUNNING
421,8.4199999999999999,0,-3.7253480958685681,-10.133942050543851,2.7999999999999998,3.7253480958685681,-10.133942050543851,2.7999999999999998,BYPASS,BYPASS,RUNNING
422,8.4399999999999995,0,-3.7264476405691696,-10.15090645449599,2.7999999999999998,3.7264476405691696,-10.15090645449599,2.7999999999999998,BYPASS,BYPASS,RUNNING
423,8.4600000000000009,0,-3.727547185269771,-10.167870858448129,2.7999999999999998,3.727547185269771,-10.167870858448129,2.7999999999999998,BYPASS,BYPASS,RUNNING
424,8.4800000000000004,0,-3.7286467299703725,-10.184835262400268,2.7999999999999998,3.7286467299703725,-10.184835262400268,2.7999999999999998,BYPASS,BYPASS,RUNNING
425,8.5,0,-3.729746274670974,-10.201799666352407,2.7999999999999998,3.729746274670974,-10.201799666352407,2.7999999999999998,BYPASS,BYPASS,RUNNING
426,8.5199999999999996,0,-3.7308458193715754,-10.218764070304546,2.7999999999999998,3.7308458193715754,-10.218764070304546,2.7999999999999998,BYPASS,BYPASS,RUNNING
427,8.5399999999999991,0,-3.7319453640721769,-10.235728474256685,2.7999999999999998,3.7319453640721769,-10.235728474256685,2.7999999999999998,BYPASS,BYPASS,RUNNING
428,8.5600000000000005,0,-3.7330449087727784,-10.252692878208824,2.7999999999999998,3.7330449087727784,-10.252692878208824,2.7999999999999998,BYPASS,BYPASS,RUNNING
429,8.5800000000000001,0,-3.7341444534733799,-10.269657282160964,2.7999999999999998,3.7341444534733799,-10.269657282160964,2.7999999999999998,BYPASS,BYPASS,RUNNING
430,8.5999999999999996,0,-3.7352439981739813,-10.286621686113103,2.7999999999999998,3.7352439981739813,-10.286621686113103,2.7999999999999998,BYPASS,BYPASS,RUNNING
431,8.6199999999999992,0,-3.7363435428745828,-10.303586090065242,2.7999999999999998,3.7363435428745828,-10.303586090065242,2.7999999999999998,BYPASS,BYPASS,RUNNING
432,8.6400000000000006,0,-3.7374430875751843,-10.320550494017381,2.7999999999999998,3.7374430875751843,-10.320550494017381,2.7999999999999998,BYPASS,BYPASS,RUNNING
433,8.6600000000000001,0,-3.7385426322757858,-10.33751489796952,2.7999999999999998,3.7385426322757858,-10.33751489796952,2.7999999999999998,BYPASS,BYPASS,RUNNING
434,8.6799999999999997,0,-3.7396421769763872,-10.354479301921659,2.7999999999999998,3.7396421769763872,-10.354479301921659,2.7999999999999998,BYPASS,BYPASS,RUNNING
435,8.6999999999999993,0,-3.7407417216769887,-10.371443705873798,2.7999999999999998,3.7407417216769887,-10.371443705873798,2.7999999999999998,BYPASS,BYPASS,RUNNING
436,8.7200000000000006,0,-3.7418412663775902,-10.388408109825937,2.7999999999999998,3.7418412663775902,-10.388408109825937,2.7999999999999998,BYPASS,BYPASS,RUNNING
437,8.7400000000000002,0,-3.7429408110781917,-10.405372513778076,2.7999999999999998,3.7429408110781917,-10.405372513778076,2.7999999999999998,BYPASS,BYPASS,RUNNING
438,8.7599999999999998,0,-3.7440403557787931,-10.422336917730215,2.7999999999999998,3.7440403557787931,-10.422336917730215,2.7999999999999998,BYPASS,BYPASS,RUNNING
439,8.7799999999999994,0,-3.7451399004793946,-10.439301321682354,2.7999999999999998,3.7451399004793946,-10.439301321682354,2.7999999999999998,BYPASS,BYPASS,RUNNING
440,8.8000000000000007,0,-3.7462394451799961,-10.456265725634493,2.7999999999999998,3.7462394451799961,-10.456265725634493,2.7999999999999998,BYPASS,BYPASS,RUNNING
441,8.8200000000000003,0,-3.7473389898805975,-10.473230129586632,2.7999999999999998,3.7473389898805975,-10.473230129586632,2.7999999999999998,BYPASS,BYPASS,RUNNING
442,8.8399999999999999,0,-3.748438534581199,-10.490194533538771,2.7999999999999998,3.748438534581199,-10.490194533538771,2.7999999999999998,BYPASS,BYPASS,RUNNING
443,8.8599999999999994,0,-3.7495380792818005,-10.50715893749091,2.7999999999999998,3.7495380792818005,-10.50715893749091,2.7999999999999998,BYPASS,BYPASS,RUNNING
444,8.8800000000000008,0,-3.750637623982402,-10.524123341443049,2.7999999999999998,3.750637623982402,-10.524123341443049,2.7999999999999998,BYPASS,BYPASS,RUNNING
445,8.9000000000000004,0,-3.7517371686830034,-10.541087745395188,2.7999999999999998,3.7517371686830034,-10.541087745395188,2.7999999999999998,BYPASS,BYPASS,RUNNING
446,8.9199999999999999,0,-3.7528367133836049,-10.558052149347327,2.7999999999999998,3.7528367133836049,-10.558052149347327,2.7999999999999998,BYPASS,BYPASS,RUNNING
447,8.9399999999999995,0,-3.7539362580842064,-10.575016553299466,2.7999999999999998,3.7539362580842064,-10.575016553299466,2.7999999999999998,BYPASS,BYPASS,RUNNING
448,8.9600000000000009,0,-3.7550358027848079,-10.591980957251605,2.7999999999999998,3.7550358027848079,-10.591980957251605,2.7999999999999998,BYPASS,BYPASS,RUNNING
449,8.9800000000000004,0,-3.7561353474854093,-10.608945361203745,2.7999999999999998,3.7561353474854093,-10.608945361203745,2.7999999999999998,BYPASS,BYPASS,RUNNING
450,9,0,-3.7572348921860108,-10.625909765155884,2.7999999999999998,3.7572348921860108,-10.625909765155884,2.7999999999999998,BYPASS,BYPASS,RUNNING
451,9.0199999999999996,0,-3.7583344368866127,-10.642874169108023,2.7999999999999998,3.7583344368866127,-10.642874169108023,2.7999999999999998,BYPASS,BYPASS,RUNNING
452,9.0399999999999991,0,-3.7594339815872142,-10.659838573060162,2.7999999999999998,3.7594339815872142,-10.659838573060162,2.7999999999999998,BYPASS,BYPASS,RUNNING
453,9.0600000000000005,0,-3.7605335262878157,-10.676802977012301,2.7999999999999998,3.7605335262878157,-10.676802977012301,2.7999999999999998,BYPASS,BYPASS,RUNNING
454,9.0800000000000001,0,-3.7616330709884176,-10.69376738096444,2.7999999999999998,3.7616330709884176,-10.69376738096444,2.7999999999999998,BYPASS,BYPASS,RUNNING
455,9.0999999999999996,0,-3.7627326156890191,-10.710731784916579,2.7999999999999998,3.7627326156890191,-10.710731784916579,2.7999999999999998,BYPASS,BYPASS,RUNNING
456,9.1199999999999992,0,-3.7638321603896205,-10.727696188868718,2.7999999999999998,3.7638321603896205,-10.727696188868718,2.7999999999999998,BYPASS,BYPASS,RUNNING
457,9.1400000000000006,0,-3.7649317050902225,-10.744660592820857,2.7999999999999998,3.7649317050902225,-10.744660592820857,2.7999999999999998,BYPASS,BYPASS,RUNNING
458,9.1600000000000001,0,-3.7660312497908239,-10.761624996772996,2.7999999999999998,3.7660312497908239,-10.761624996772996,2.7999999999999998,BYPASS,BYPASS,RUNNING
459,9.1799999999999997,0,-3.7671307944914254,-10.778589400725135,2.7999999999999998,3.7671307944914254,-10.778589400725135,2.7999999999999998,BYPASS,BYPASS,RUNNING
460,9.1999999999999993,0,-3.7682303391920273,-10.795553804677274,2.7999999999999998,3.7682303391920273,-10.795553804677274,2.7999999999999998,BYPASS,BYPASS,RUNNING
461,9.2200000000000006,0,-3.7693298838926288,-10.812518208629413,2.7999999999999998,3.7693298838926288,-10.812518208629413,2.7999999999999998,BYPASS,BYPASS,RUNNING
462,9.2400000000000002,0,-3.7704294285932307,-10.829482612581552,2.7999999999999998,3.7704294285932307,-10.829482612581552,2.7999999999999998,BYPASS,BYPASS,RUNNING
463,9.2599999999999998,0,-3.7715289732938322,-10.846447016533691,2.7999999999999998,3.7715289732938322,-10.846447016533691,2.7999999999999998,BYPASS,BYPASS,RUNNING
464,9.2799999999999994,0,-3.7726285179944341,-10.86341142048583,2.7999999999999998,3.7726285179944341,-10.86341142048583,2.7999999999999998,BYPASS,BYPASS,RUNNING
465,9.3000000000000007,0,-3.7737280626950356,-10.880375824437969,2.7999999999999998,3.7737280626950356,-10.880375824437969,2.7999999999999998,BYPASS,BYPASS,RUNNING
466,9.3200000000000003,0,-3.7748276073956371,-10.897340228390108,2.7999999999999998,3.7748276073956371,-10.897340228390108,2.7999999999999998,BYPASS,BYPASS,RUNNING
467,9.3399999999999999,0,-3.775927152096239,-10.914304632342247,2.7999999999999998,3.775927152096239,-10.914304632342247,2.7999999999999998,BYPASS,BYPASS,RUNNING
468,9.3599999999999994,0,-3.7770266967968404,-10.931269036294387,2.7999999999999998,3.7770266967968404,-10.931269036294387,2.7999999999999998,BYPASS,BYPASS,RUNNING
469,9.3800000000000008,0,-3.7781262414974419,-10.948233440246526,2.7999999999999998,3.7781262414974419,-10.948233440246526,2.7999999999999998,BYPASS,BYPASS,RUNNING
470,9.4000000000000004,0,-3.7792257861980438,-10.965197844198665,2.7999999999999998,3.7792257861980438,-10.965197844198665,2.7999999999999998,BYPASS,BYPASS,RUNNING
471,9.4199999999999999,0,-3.7803253308986453,-10.982162248150804,2.7999999999999998,3.7803253308986453,-10.982162248150804,2.7999999999999998,BYPASS,BYPASS,RUNNING
472,9.4399999999999995,0,-3.7814248755992468,-10.999126652102943,2.7999999999999998,3.7814248755992468,-10.999126652102943,2.7999999999999998,BYPASS,BYPASS,RUNNING
473,9.4600000000000009,0,-3.7825244202998487,-11.016091056055082,2.7999999999999998,3.7825244202998487,-11.016091056055082,2.7999999999999998,BYPASS,BYPASS,RUNNING
474,9.4800000000000004,0,-3.7836239650004502,-11.033055460007221,2.7999999999999998,3.7836239650004502,-11.033055460007221,2.7999999999999998,BYPASS,BYPASS,RUNNING
475,9.5,0,-3.7847235097010521,-11.05001986395936,2.7999999999999998,3.7847235097010521,-11.05001986395936,2.7999999999999998,BYPASS,BYPASS,RUNNING
476,9.5199999999999996,0,-3.7858230544016536,-11.066984267911499,2.7999999999999998,3.7858230544016536,-11.066984267911499,2.7999999999999998,BYPASS,BYPASS,RUNNING
477,9.5399999999999991,0,-3.7869225991022555,-11.083948671863638,2.7999999999999998,3.7869225991022555,-11.083948671863638,2.7999999999999998,BYPASS,BYPASS,RUNNING
478,9.5600000000000005,0,-3.788022143802857,-11.100913075815777,2.7999999999999998,3.788022143802857,-11.100913075815777,2.7999999999999998,BYPASS,BYPASS,RUNNING
479,9.5800000000000001,0,-3.7891216885034584,-11.117877479767916,2.7999999999999998,3.7891216885034584,-11.117877479767916,2.7999999999999998,BYPASS,BYPASS,RUNNING
480,9.5999999999999996,0,-3.7902212332040603,-11.134841883720055,2.7999999999999998,3.7902212332040603,-11.134841883720055,2.7999999999999998,BYPASS,BYPASS,RUNNING
481,9.6199999999999992,0,-3.7913207779046618,-11.151806287672194,2.7999999999999998,3.7913207779046618,-11.151806287672194,2.7999999999999998,BYPASS,BYPASS,RUNNING
482,9.6400000000000006,0,-3.7924203226052633,-11.168770691624333,2.7999999999999998,3.7924203226052633,-11.168770691624333,2.7999999999999998,BYPASS,BYPASS,RUNNING
483,9.6600000000000001,0,-3.7935198673058652,-11.185735095576472,2.7999999999999998,3.7935198673058652,-11.185735095576472,2.7999999999999998,BYPASS,BYPASS,RUNNING
484,9.6799999999999997,0,-3.7946194120064667,-11.202699499528611,2.7999999999999998,3.7946194120064667,-11.202699499528611,2.7999999999999998,BYPASS,BYPASS,RUNNING
485,9.6999999999999993,0,-3.7957189567070682,-11.21966390348075,2.7999999999999998,3.7957189567070682,-11.21966390348075,2.7999999999999998,BYPASS,BYPASS,RUNNING
486,9.7200000000000006,0,-3.7968185014076701,-11.236628307432889,2.7999999999999998,3.7968185014076701,-11.236628307432889,2.7999999999999998,BYPASS,BYPASS,RUNNING
487,9.7400000000000002,0,-3.7979180461082716,-11.253592711385028,2.7999999999999998,3.7979180461082716,-11.253592711385028,2.7999999999999998,BYPASS,BYPASS,RUNNING
488,9.7599999999999998,0,-3.799017590808873,-11.270557115337168,2.7999999999999998,3.799017590808873,-11.270557115337168,2.7999999999999998,BYPASS,BYPASS,RUNNING
489,9.7799999999999994,0,-3.8001171355094749,-11.287521519289307,2.7999999999999998,3.8001171355094749,-11.287521519289307,2.7999999999999998,BYPASS,BYPASS,RUNNING
490,9.8000000000000007,0,-3.8012166802100764,-11.304485923241446,2.7999999999999998,3.8012166802100764,-11.304485923241446,2.7999999999999998,BYPASS,BYPASS,RUNNING
491,9.8200000000000003,0,-3.8023162249106783,-11.321450327193585,2.7999999999999998,3.8023162249106783,-11.321450327193585,2.7999999999999998,BYPASS,BYPASS,RUNNING
492,9.8399999999999999,0,-3.8034157696112798,-11.338414731145724,2.7999999999999998,3.8034157696112798,-11.338414731145724,2.7999999999999998,BYPASS,BYPASS,RUNNING
493,9.8599999999999994,0,-3.8045153143118817,-11.355379135097863,2.7999999999999998,3.8045153143118817,-11.355379135097863,2.7999999999999998,BYPASS,BYPASS,RUNNING
494,9.8800000000000008,0,-3.8056148590124832,-11.372343539050002,2.7999999999999998,3.8056148590124832,-11.372343539050002,2.7999999999999998,BYPASS,BYPASS,RUNNING
495,9.9000000000000004,0,-3.8067144037130847,-11.389307943002141,2.7999999999999998,3.8067144037130847,-11.389307943002141,2.7999999999999998,BYPASS,BYPASS,RUNNING
496,9.9199999999999999,0,-3.8078139484136866,-11.40627234695428,2.7999999999999998,3.8078139484136866,-11.40627234695428,2.7999999999999998,BYPASS,BYPASS,RUNNING
497,9.9399999999999995,0,-3.8089134931142881,-11.423236750906419,2.7999999999999998,3.8089134931142881,-11.423236750906419,2.7999999999999998,BYPASS,BYPASS,RUNNING
498,9.9600000000000009,0,-3.8100130378148895,-11.440201154858558,2.7999999999999998,3.8100130378148895,-11.440201154858558,2.7999999999999998,BYPASS,BYPASS,RUNNING
499,9.9800000000000004,0,-3.8111125825154915,-11.457165558810697,2.7999999999999998,3.8111125825154915,-11.457165558810697,2.7999999999999998,BYPASS,BYPASS,RUNNING
500,10,0,-3.8122121272160929,-11.474129962762836,2.7999999999999998,3.8122121272160929,-11.474129962762836,2.7999999999999998,BYPASS,BYPASS,RUNNING
501,10.02,0,-3.8133116719166944,-11.491094366714975,2.7999999999999998,3.8133116719166944,-11.491094366714975,2.7999999999999998,BYPASS,BYPASS,RUNNING
502,10.039999999999999,0,-3.8144112166172963,-11.508058770667114,2.7999999999999998,3.8144112166172963,-11.508058770667114,2.7999999999999998,BYPASS,BYPASS,RUNNING
503,10.06,0,-3.8155107613178978,-11.525023174619253,2.7999999999999998,3.8155107613178978,-11.525023174619253,2.7999999999999998,BYPASS,BYPASS,RUNNING
504,10.08,0,-3.8166103060184997,-11.541987578571392,2.7999999999999998,3.8166103060184997,-11.541987578571392,2.7999999999999998,BYPASS,BYPASS,RUNNING
505,10.1,0,-3.8177098507191012,-11.558951982523531,2.7999999999999998,3.8177098507191012,-11.558951982523531,2.7999999999999998,BYPASS,BYPASS,RUNNING
506,10.119999999999999,0,-3.8188093954197031,-11.57591638647567,2.7999999999999998,3.8188093954197031,-11.57591638647567,2.7999999999999998,BYPASS,BYPASS,RUNNING
507,10.140000000000001,0,-3.8199089401203046,-11.59288079042781,2.7999999999999998,3.8199089401203046,-11.59288079042781,2.7999999999999998,BYPASS,BYPASS,RUNNING
508,10.16,0,-3.821008484820906,-11.609845194379949,2.7999999999999998,3.821008484820906,-11.609845194379949,2.7999999999999998,BYPASS,BYPASS,RUNNING
509,10.18,0,-3.822108029521508,-11.626809598332088,2.7999999999999998,3.822108029521508,-11.626809598332088,2.7999999999999998,BYPASS,BYPASS,RUNNING
510,10.199999999999999,0,-3.8232075742221094,-11.643774002284227,2.7999999999999998,3.8232075742221094,-11.643774002284227,2.7999999999999998,BYPASS,BYPASS,RUNNING
511,10.220000000000001,0,-3.8243071189227109,-11.660738406236366,2.7999999999999998,3.8243071189227109,-11.660738406236366,2.7999999999999998,BYPASS,BYPASS,RUNNING
512,10.24,0,-3.8254066636233128,-11.677702810188505,2.7999999999999998,3.8254066636233128,-11.677702810188505,2.7999999999999998,BYPASS,BYPASS,RUNNING
513,10.26,0,-3.8265062083239143,-11.694667214140644,2.7999999999999998,3.8265062083239143,-11.694667214140644,2.7999999999999998,BYPASS,BYPASS,RUNNING
514,10.279999999999999,0,-3.8276057530245158,-11.711631618092783,2.7999999999999998,3.8276057530245158,-11.711631618092783,2.7999999999999998,BYPASS,BYPASS,RUNNING
515,10.300000000000001,0,-3.8287052977251177,-11.728596022044922,2.7999999999999998,3.8287052977251177,-11.728596022044922,2.7999999999999998,BYPASS,BYPASS,RUNNING
516,10.32,0,-3.8298048424257192,-11.745560425997061,2.7999999999999998,3.8298048424257192,-11.745560425997061,2.7999999999999998,BYPASS,BYPASS,RUNNING
517,10.34,0,-3.8309043871263206,-11.7625248299492,2.7999999999999998,3.8309043871263206,-11.7625248299492,2.7999999999999998,BYPASS,BYPASS,RUNNING
518,10.359999999999999,0,-3.8320039318269226,-11.779489233901339,2.7999999999999998,3.8320039318269226,-11.779489233901339,2.7999999999999998,BYPASS,BYPASS,RUNNING
519,10.380000000000001,0,-3.8331034765275245,-11.796453637853478,2.7999999999999998,3.8331034765275245,-11.796453637853478,2.7999999999999998,BYPASS,BYPASS,RUNNING
520,10.4,0,-3.834203021228126,-11.813418041805617,2.7999999999999998,3.834203021228126,-11.813418041805617,2.7999999999999998,BYPASS,BYPASS,RUNNING
521,10.42,0,-3.8353025659287274,-11.830382445757756,2.7999999999999998,3.8353025659287274,-11.830382445757756,2.7999999999999998,BYPASS,BYPASS,RUNNING
522,10.44,0,-3.8364021106293293,-11.847346849709895,2.7999999999999998,3.8364021106293293,-11.847346849709895,2.7999999999999998,BYPASS,BYPASS,RUNNING
523,10.460000000000001,0,-3.8375016553299308,-11.864311253662034,2.7999999999999998,3.8375016553299308,-11.864311253662034,2.7999999999999998,BYPASS,BYPASS,RUNNING
524,10.48,0,-3.8386012000305323,-11.881275657614173,2.7999999999999998,3.8386012000305323,-11.881275657614173,2.7999999999999998,BYPASS,BYPASS,RUNNING
525,10.5,0,-3.8397007447311342,-11.898240061566312,2.7999999999999998,3.8397007447311342,-11.898240061566312,2.7999999999999998,BYPASS,BYPASS,RUNNING
526,10.52,0,-3.8408002894317357,-11.915204465518451,2.7999999999999998,3.8408002894317357,-11.915204465518451,2.7999999999999998,BYPASS,BYPASS,RUNNING
527,10.539999999999999,0,-3.8418998341323372,-11.932168869470591,2.7999999999999998,3.8418998341323372,-11.932168869470591,2.7999999999999998,BYPASS,BYPASS,RUNNING
528,10.56,0,-3.8429993788329391,-11.94913327342273,2.7999999999999998,3.8429993788329391,-11.94913327342273,2.7999999999999998,BYPASS,BYPASS,RUNNING
529,10.58,0,-3.8440989235335405,-11.966097677374869,2.7999999999999998,3.8440989235335405,-11.966097677374869,2.7999999999999998,BYPASS,BYPASS,RUNNING
530,10.6,0,-3.845198468234142,-11.983062081327008,2.7999999999999998,3.845198468234142,-11.983062081327008,2.7999999999999998,BYPASS,BYPASS,RUNNING
531,10.619999999999999,0,-3.8462980129347439,-12.000026485279147,2.7999999999999998,3.8462980129347439,-12.000026485279147,2.7999999999999998,BYPASS,BYPASS,RUNNING
532,10.640000000000001,0,-3.8473975576353454,-12.016990889231286,2.7999999999999998,3.8473975576353454,-12.016990889231286,2.7999999999999998,BYPASS,BYPASS,RUNNING
533,10.66,0,-3.8484971023359473,-12.033955293183425,2.7999999999999998,3.8484971023359473,-12.033955293183425,2.7999999999999998,BYPASS,BYPASS,RUNNING
534,10.68,0,-3.8495966470365488,-12.050919697135564,2.7999999999999998,3.8495966470365488,-12.050919697135564,2.7999999999999998,BYPASS,BYPASS,RUNNING
535,10.699999999999999,0,-3.8506961917371507,-12.067884101087703,2.7999999999999998,3.8506961917371507,-12.067884101087703,2.7999999999999998,BYPASS,BYPASS,RUNNING
536,10.720000000000001,0,-3.8517957364377522,-12.084848505039842,2.7999999999999998,3.8517957364377522,-12.084848505039842,2.7999999999999998,BYPASS,BYPASS,RUNNING
537,10.74,0,-3.8528952811383537,-12.101812908991981,2.7999999999999998,3.8528952811383537,-12.101812908991981,2.7999999999999998,BYPASS,BYPASS,RUNNING
538,10.76,0,-3.8539948258389556,-12.11877731294412,2.7999999999999998,3.8539948258389556,-12.11877731294412,2.7999999999999998,BYPASS,BYPASS,RUNNING
539,10.779999999999999,0,-3.8550943705395571,-12.135741716896259,2.7999999999999998,3.8550943705395571,-12.135741716896259,2.7999999999999998,BYPASS,BYPASS,RUNNING
540,10.800000000000001,0,-3.8561939152401585,-12.152706120848398,2.7999999999999998,3.8561939152401585,-12.152706120848398,2.7999999999999998,BYPASS,BYPASS,RUNNING
541,10.82,0,-3.8572934599407604,-12.169670524800537,2.7999999999999998,3.8572934599407604,-12.169670524800537,2.7999999999999998,BYPASS,BYPASS,RUNNING
542,10.84,0,-3.8583930046413619,-12.186634928752676,2.7999999999999998,3.8583930046413619,-12.186634928752676,2.7999999999999998,BYPASS,BYPASS,RUNNING
543,10.859999999999999,0,-3.8594925493419634,-12.203599332704815,2.7999999999999998,3.8594925493419634,-12.203599332704815,2.7999999999999998,BYPASS,BYPASS,RUNNING
544,10.880000000000001,0,-3.8605920940425653,-12.220563736656954,2.7999999999999998,3.8605920940425653,-12.220563736656954,2.7999999999999998,BYPASS,BYPASS,RUNNING
545,10.9,0,-3.8616916387431668,-12.237528140609093,2.7999999999999998,3.8616916387431668,-12.237528140609093,2.7999999999999998,BYPASS,BYPASS,RUNNING
546,10.92,0,-3.8627911834437687,-12.254492544561232,2.7999999999999998,3.8627911834437687,-12.254492544561232,2.7999999999999998,BYPASS,BYPASS,RUNNING
547,10.94,0,-3.8638907281443702,-12.271456948513372,2.7999999999999998,3.8638907281443702,-12.271456948513372,2.7999999999999998,BYPASS,BYPASS,RUNNING
548,10.960000000000001,0,-3.8649902728449721,-12.288421352465511,2.7999999999999998,3.8649902728449721,-12.288421352465511,2.7999999999999998,BYPASS,BYPASS,RUNNING
549,10.98,0,-3.8660898175455736,-12.30538575641765,2.7999999999999998,3.8660898175455736,-12.30538575641765,2.7999999999999998,BYPASS,BYPASS,RUNNING
550,11,0,-3.867189362246175,-12.322350160369789,2.7999999999999998,3.867189362246175,-12.322350160369789,2.7999999999999998,BYPASS,BYPASS,RUNNING
551,11.02,0,-3.868288906946777,-12.339314564321928,2.7999999999999998,3.868288906946777,-12.339314564321928,2.7999999999999998,BYPASS,BYPASS,RUNNING
552,11.039999999999999,0,-3.8693884516473784,-12.356278968274067,2.7999999999999998,3.8693884516473784,-12.356278968274067,2.7999999999999998,BYPASS,BYPASS,RUNNING
553,11.06,0,-3.8704879963479799,-12.373243372226206,2.7999999999999998,3.8704879963479799,-12.373243372226206,2.7999999999999998,BYPASS,BYPASS,RUNNING
554,11.08,0,-3.8715875410485818,-12.390207776178345,2.7999999999999998,3.8715875410485818,-12.390207776178345,2.7999999999999998,BYPASS,BYPASS,RUNNING
555,11.1,0,-3.8726870857491833,-12.407172180130484,2.7999999999999998,3.8726870857491833,-12.407172180130484,2.7999999999999998,BYPASS,BYPASS,RUNNING
556,11.119999999999999,0,-3.8737866304497848,-12.424136584082623,2.7999999999999998,3.8737866304497848,-12.424136584082623,2.7999999999999998,BYPASS,BYPASS,RUNNING
557,11.140000000000001,0,-3.8748861751503867,-12.441100988034762,2.7999999999999998,3.8748861751503867,-12.441100988034762,2.7999999999999998,BYPASS,BYPASS,RUNNING
558,11.16,0,-3.8759857198509882,-12.458065391986901,2.7999999999999998,3.8759857198509882,-12.458065391986901,2.7999999999999998,BYPASS,BYPASS,RUNNING
559,11.18,0,-3.8770852645515896,-12.47502979593904,2.7999999999999998,3.8770852645515896,-12.47502979593904,2.7999999999999998,BYPASS,BYPASS,RUNNING
560,11.199999999999999,0,-3.8781848092521916,-12.491994199891179,2.7999999999999998,3.8781848092521916,-12.491994199891179,2.7999999999999998,BYPASS,BYPASS,RUNNING
561,11.220000000000001,0,-3.879284353952793,-12.508958603843318,2.7999999999999998,3.879284353952793,-12.508958603843318,2.7999999999999998,BYPASS,BYPASS,RUNNING
562,11.24,0,-3.8803838986533949,-12.525923007795457,2.7999999999999998,3.8803838986533949,-12.525923007795457,2.7999999999999998,BYPASS,BYPASS,RUNNING
563,11.26,0,-3.8814834433539964,-12.542887411747596,2.7999999999999998,3.8814834433539964,-12.542887411747596,2.7999999999999998,BYPASS,BYPASS,RUNNING
564,11.279999999999999,0,-3.8825829880545979,-12.559851815699735,2.7999999999999998,3.8825829880545979,-12.559851815699735,2.7999999999999998,BYPASS,BYPASS,RUNNING
565,11.300000000000001,0,-3.8836825327551998,-12.576816219651874,2.7999999999999998,3.8836825327551998,-12.576816219651874,2.7999999999999998,BYPASS,BYPASS,RUNNING
566,11.32,0,-3.8847820774558013,-12.593780623604014,2.7999999999999998,3.8847820774558013,-12.593780623604014,2.7999999999999998,BYPASS,BYPASS,RUNNING
567,11.34,0,-3.8858816221564032,-12.610745027556153,2.7999999999999998,3.8858816221564032,-12.610745027556153,2.7999999999999998,BYPASS,BYPASS,RUNNING
568,11.359999999999999,0,-3.8869811668570047,-12.627709431508292,2.7999999999999998,3.8869811668570047,-12.627709431508292,2.7999999999999998,BYPASS,BYPASS,RUNNING
569,11.380000000000001,0,-3.8880807115576062,-12.644673835460431,2.7999999999999998,3.8880807115576062,-12.644673835460431,2.7999999999999998,BYPASS,BYPASS,RUNNING
570,11.4,0,-3.8891802562582081,-12.66163823941257,2.7999999999999998,3.8891802562582081,-12.66163823941257,2.7999999999999998,BYPASS,BYPASS,RUNNING
571,11.42,0,-3.8902798009588095,-12.678602643364709,2.7999999999999998,3.8902798009588095,-12.678602643364709,2.7999999999999998,BYPASS,BYPASS,RUNNING
572,11.44,0,-3.8913793456594115,-12.695567047316848,2.7999999999999998,3.8913793456594115,-12.695567047316848,2.7999999999999998,BYPASS,BYPASS,RUNNING
573,11.460000000000001,0,-3.8924788903600129,-12.712531451268987,2.7999999999999998,3.8924788903600129,-12.712531451268987,2.7999999999999998,BYPASS,BYPASS,RUNNING
574,11.48,0,-3.8935784350606144,-12.729495855221126,2.7999999999999998,3.8935784350606144,-12.729495855221126,2.7999999999999998,BYPASS,BYPASS,RUNNING
575,11.5,0,-3.8946779797612163,-12.746460259173265,2.7999999999999998,3.8946779797612163,-12.746460259173265,2.7999999999999998,BYPASS,BYPASS,RUNNING
576,11.52,0,-3.8957775244618178,-12.763424663125404,2.7999999999999998,3.8957775244618178,-12.763424663125404,2.7999999999999998,BYPASS,BYPASS,RUNNING
577,11.539999999999999,0,-3.8968770691624197,-12.780389067077543,2.7999999999999998,3.8968770691624197,-12.780389067077543,2.7999999999999998,BYPASS,BYPASS,RUNNING
578,11.56,0,-3.8979766138630212,-12.797353471029682,2.7999999999999998,3.8979766138630212,-12.797353471029682,2.7999999999999998,BYPASS,BYPASS,RUNNING
579,11.58,0,-3.8990761585636227,-12.814317874981821,2.7999999999999998,3.8990761585636227,-12.814317874981821,2.7999999999999998,BYPASS,BYPASS,RUNNING
580,11.6,0,-3.9001757032642246,-12.83128227893396,2.7999999999999998,3.9001757032642246,-12.83128227893396,2.7999999999999998,BYPASS,BYPASS,RUNNING
581,11.619999999999999,0,-3.9012752479648261,-12.848246682886099,2.7999999999999998,3.9012752479648261,-12.848246682886099,2.7999999999999998,BYPASS,BYPASS,RUNNING
582,11.640000000000001,0,-3.9023747926654275,-12.865211086838238,2.7999999999999998,3.9023747926654275,-12.865211086838238,2.7999999999999998,BYPASS,BYPASS,RUNNING
583,11.66,0,-3.9034743373660294,-12.882175490790377,2.7999999999999998,3.9034743373660294,-12.882175490790377,2.7999999999999998,BYPASS,BYPASS,RUNNING
584,11.68,0,-3.9045738820666309,-12.899139894742516,2.7999999999999998,3.9045738820666309,-12.899139894742516,2.7999999999999998,BYPASS,BYPASS,RUNNING
585,11.699999999999999,0,-3.9056734267672324,-12.916104298694655,2.7999999999999998,3.9056734267672324,-12.916104298694655,2.7999999999999998,BYPASS,BYPASS,RUNNING
586,11.720000000000001,0,-3.9067729714678343,-12.933068702646795,2.7999999999999998,3.9067729714678343,-12.933068702646795,2.7999999999999998,BYPASS,BYPASS,RUNNING
587,11.74,0,-3.9078725161684358,-12.950033106598934,2.7999999999999998,3.9078725161684358,-12.950033106598934,2.7999999999999998,BYPASS,BYPASS,RUNNING
588,11.76,0,-3.9089720608690377,-12.966997510551073,2.7999999999999998,3.9089720608690377,-12.966997510551073,2.7999999999999998,BYPASS,BYPASS,RUNNING
589,11.779999999999999,0,-3.9100716055696392,-12.983961914503212,2.7999999999999998,3.9100716055696392,-12.983961914503212,2.7999999999999998,BYPASS,BYPASS,RUNNING
590,11.800000000000001,0,-3.9111711502702406,-13.000926318455351,2.7999999999999998,3.9111711502702406,-13.000926318455351,2.7999999999999998,BYPASS,BYPASS,RUNNING
591,11.82,0,-3.9122706949708426,-13.01789072240749,2.7999999999999998,3.9122706949708426,-13.01789072240749,2.7999999999999998,BYPASS,BYPASS,RUNNING
592,11.84,0,-3.913370239671444,-13.034855126359629,2.7999999999999998,3.913370239671444,-13.034855126359629,2.7999999999999998,BYPASS,BYPASS,RUNNING
593,11.859999999999999,0,-3.914469784372046,-13.051819530311768,2.7999999999999998,3.914469784372046,-13.051819530311768,2.7999999999999998,BYPASS,BYPASS,RUNNING
594,11.880000000000001,0,-3.9155693290726474,-13.068783934263907,2.7999999999999998,3.9155693290726474,-13.068783934263907,2.7999999999999998,BYPASS,BYPASS,RUNNING
595,11.9,0,-3.9166688737732489,-13.085748338216046,2.7999999999999998,3.9166688737732489,-13.085748338216046,2.7999999999999998,BYPASS,BYPASS,RUNNING
596,11.92,0,-3.9177684184738508,-13.102712742168185,2.7999999999999998,3.9177684184738508,-13.102712742168185,2.7999999999999998,BYPASS,BYPASS,RUNNING
597,11.94,0,-3.9188679631744523,-13.119677146120324,2.7999999999999998,3.9188679631744523,-13.119677146120324,2.7999999999999998,BYPASS,BYPASS,RUNNING
598,11.960000000000001,0,-3.9199675078750538,-13.136641550072463,2.7999999999999998,3.9199675078750538,-13.136641550072463,2.7999999999999998,BYPASS,BYPASS,RUNNING
599,11.98,0,-3.9210670525756557,-13.153605954024602,2.7999999999999998,3.9210670525756557,-13.153605954024602,2.7999999999999998,BYPASS,BYPASS,RUNNING
600,12,0,-3.9221665972762572,-13.170570357976741,2.7999999999999998,3.9221665972762572,-13.170570357976741,2.7999999999999998,BYPASS,BYPASS,RUNNING
601,12.02,0,-3.9232661419768586,-13.18753476192888,2.7999999999999998,3.9232661419768586,-13.18753476192888,2.7999999999999998,BYPASS,BYPASS,RUNNING
602,12.039999999999999,0,-3.9243656866774606,-13.204499165881019,2.7999999999999998,3.9243656866774606,-13.204499165881019,2.7999999999999998,BYPASS,BYPASS,RUNNING
603,12.06,0,-3.925465231378062,-13.221463569833158,2.7999999999999998,3.925465231378062,-13.221463569833158,2.7999999999999998,BYPASS,BYPASS,RUNNING
604,12.08,0,-3.9265647760786639,-13.238427973785297,2.7999999999999998,3.9265647760786639,-13.238427973785297,2.7999999999999998,BYPASS,BYPASS,RUNNING
605,12.1,0,-3.9276643207792654,-13.255392377737437,2.7999999999999998,3.9276643207792654,-13.255392377737437,2.7999999999999998,BYPASS,BYPASS,RUNNING
606,12.119999999999999,0,-3.9287638654798673,-13.272356781689576,2.7999999999999998,3.9287638654798673,-13.272356781689576,2.7999999999999998,BYPASS,BYPASS,RUNNING
607,12.140000000000001,0,-3.9298634101804688,-13.289321185641715,2.7999999999999998,3.9298634101804688,-13.289321185641715,2.7999999999999998,BYPASS,BYPASS,RUNNING
608,12.16,0,-3.9309629548810703,-13.306285589593854,2.7999999999999998,3.9309629548810703,-13.306285589593854,2.7999999999999998,BYPASS,BYPASS,RUNNING
609,12.18,0,-3.9320624995816722,-13.323249993545993,2.7999999999999998,3.9320624995816722,-13.323249993545993,2.7999999999999998,BYPASS,BYPASS,RUNNING
610,12.199999999999999,0,-3.9331620442822737,-13.340214397498132,2.7999999999999998,3.9331620442822737,-13.340214397498132,2.7999999999999998,BYPASS,BYPASS,RUNNING
611,12.220000000000001,0,-3.9342615889828751,-13.357178801450271,2.7999999999999998,3.9342615889828751,-13.357178801450271,2.7999999999999998,BYPASS,BYPASS,RUNNING
612,12.24,0,-3.9353611336834771,-13.37414320540241,2.7999999999999998,3.9353611336834771,-13.37414320540241,2.7999999999999998,BYPASS,BYPASS,RUNNING
613,12.26,0,-3.9364606783840785,-13.391107609354549,2.7999999999999998,3.9364606783840785,-13.391107609354549,2.7999999999999998,BYPASS,BYPASS,RUNNING
614,12.279999999999999,0,-3.9375602230846805,-13.408072013306688,2.7999999999999998,3.9375602230846805,-13.408072013306688,2.7999999999999998,BYPASS,BYPASS,RUNNING
615,12.300000000000001,0,-3.9386597677852819,-13.425036417258827,2.7999999999999998,3.9386597677852819,-13.425036417258827,2.7999999999999998,BYPASS,BYPASS,RUNNING
616,12.32,0,-3.9397593124858834,-13.442000821210966,2.7999999999999998,3.9397593124858834,-13.442000821210966,2.7999999999999998,BYPASS,BYPASS,RUNNING
617,12.34,0,-3.9408588571864853,-13.458965225163105,2.7999999999999998,3.9408588571864853,-13.458965225163105,2.7999999999999998,BYPASS,BYPASS,RUNNING
618,12.359999999999999,0,-3.9419584018870868,-13.475929629115244,2.7999999999999998,3.9419584018870868,-13.475929629115244,2.7999999999999998,BYPASS,BYPASS,RUNNING
619,12.380000000000001,0,-3.9430579465876883,-13.492894033067383,2.7999999999999998,3.9430579465876883,-13.492894033067383,2.7999999999999998,BYPASS,BYPASS,RUNNING
620,12.4,0,-3.9441574912882902,-13.509858437019522,2.7999999999999998,3.9441574912882902,-13.509858437019522,2.7999999999999998,BYPASS,BYPASS,RUNNING
621,12.42,0,-3.9452570359888917,-13.526822840971661,2.7999999999999998,3.9452570359888917,-13.526822840971661,2.7999999999999998,BYPASS,BYPASS,RUNNING
622,12.44,0,-3.9463565806894936,-13.5437872449238,2.7999999999999998,3.9463565806894936,-13.5437872449238,2.7999999999999998,BYPASS,BYPASS,RUNNING
623,12.460000000000001,0,-3.947456125390095,-13.560751648875939,2.7999999999999998,3.947456125390095,-13.560751648875939,2.7999999999999998,BYPASS,BYPASS,RUNNING
624,12.48,0,-3.9485556700906965,-13.577716052828078,2.7999999999999998,3.9485556700906965,-13.577716052828078,2.7999999999999998,BYPASS,BYPASS,RUNNING
625,12.5,0,-3.9496552147912984,-13.594680456780218,2.7999999999999998,3.9496552147912984,-13.594680456780218,2.7999999999999998,BYPASS,BYPASS,RUNNING
626,12.52,0,-3.9507547594918999,-13.611644860732357,2.7999999999999998,3.9507547594918999,-13.611644860732357,2.7999999999999998,BYPASS,BYPASS,RUNNING
627,12.539999999999999,0,-3.9518543041925014,-13.628609264684496,2.7999999999999998,3.9518543041925014,-13.628609264684496,2.7999999999999998,BYPASS,BYPASS,RUNNING
628,12.56,0,-3.9529538488931033,-13.645573668636635,2.7999999999999998,3.9529538488931033,-13.645573668636635,2.7999999999999998,BYPASS,BYPASS,RUNNING
629,12.58,0,-3.9540533935937048,-13.662538072588774,2.7999999999999998,3.9540533935937048,-13.662538072588774,2.7999999999999998,BYPASS,BYPASS,RUNNING
630,12.6,0,-3.9551529382943067,-13.679502476540913,2.7999999999999998,3.9551529382943067,-13.679502476540913,2.7999999999999998,BYPASS,BYPASS,RUNNING
631,12.619999999999999,0,-3.9562524829949082,-13.696466880493052,2.7999999999999998,3.9562524829949082,-13.696466880493052,2.7999999999999998,BYPASS,BYPASS,RUNNING
632,12.640000000000001,0,-3.9573520276955096,-13.713431284445191,2.7999999999999998,3.9573520276955096,-13.713431284445191,2.7999999999999998,BYPASS,BYPASS,RUNNING
633,12.66,0,-3.9584515723961116,-13.73039568839733,2.7999999999999998,3.9584515723961116,-13.73039568839733,2.7999999999999998,BYPASS,BYPASS,RUNNING
634,12.68,0,-3.959551117096713,-13.747360092349469,2.7999999999999998,3.959551117096713,-13.747360092349469,2.7999999999999998,BYPASS,BYPASS,RUNNING
635,12.699999999999999,0,-3.960650661797315,-13.764324496301608,2.7999999999999998,3.960650661797315,-13.764324496301608,2.7999999999999998,BYPASS,BYPASS,RUNNING
636,12.720000000000001,0,-3.9617502064979164,-13.781288900253747,2.7999999999999998,3.9617502064979164,-13.781288900253747,2.7999999999999998,BYPASS,BYPASS,RUNNING
637,12.74,0,-3.9628497511985179,-13.798253304205886,2.7999999999999998,3.9628497511985179,-13.798253304205886,2.7999999999999998,BYPASS,BYPASS,RUNNING
638,12.76,0,-3.9639492958991198,-13.815217708158025,2.7999999999999998,3.9639492958991198,-13.815217708158025,2.7999999999999998,BYPASS,BYPASS,RUNNING
639,12.779999999999999,0,-3.9650488405997213,-13.832182112110164,2.7999999999999998,3.9650488405997213,-13.832182112110164,2.7999999999999998,BYPASS,BYPASS,RUNNING
640,12.800000000000001,0,-3.9661483853003228,-13.849146516062303,2.7999999999999998,3.9661483853003228,-13.849146516062303,2.7999999999999998,BYPASS,BYPASS,RUNNING
641,12.82,0,-3.9672479300009247,-13.866110920014442,2.7999999999999998,3.9672479300009247,-13.866110920014442,2.7999999999999998,BYPASS,BYPASS,RUNNING
642,12.84,0,-3.9683474747015262,-13.883075323966581,2.7999999999999998,3.9683474747015262,-13.883075323966581,2.7999999999999998,BYPASS,BYPASS,RUNNING
643,12.859999999999999,0,-3.9694470194021281,-13.90003972791872,2.7999999999999998,3.9694470194021281,-13.90003972791872,2.7999999999999998,BYPASS,BYPASS,RUNNING
644,12.880000000000001,0,-3.9705465641027295,-13.917004131870859,2.7999999999999998,3.9705465641027295,-13.917004131870859,2.7999999999999998,BYPASS,BYPASS,RUNNING
645,12.9,0,-3.971646108803331,-13.933968535822999,2.7999999999999998,3.971646108803331,-13.933968535822999,2.7999999999999998,BYPASS,BYPASS,RUNNING
646,12.92,0,-3.9727456535039329,-13.950932939775138,2.7999999999999998,3.9727456535039329,-13.950932939775138,2.7999999999999998,BYPASS,BYPASS,RUNNING
647,12.94,0,-3.9738451982045344,-13.967897343727277,2.7999999999999998,3.9738451982045344,-13.967897343727277,2.7999999999999998,BYPASS,BYPASS,RUNNING
648,12.960000000000001,0,-3.9749447429051363,-13.984861747679416,2.7999999999999998,3.9749447429051363,-13.984861747679416,2.7999999999999998,BYPASS,BYPASS,RUNNING
649,12.98,0,-3.9760442876057378,-14.001826151631555,2.7999999999999998,3.9760442876057378,-14.001826151631555,2.7999999999999998,BYPASS,BYPASS,RUNNING
650,13,0,-3.9771438323063393,-14.018790555583694,2.7999999999999998,3.9771438323063393,-14.018790555583694,2.7999999999999998,BYPASS,BYPASS,RUNNING
651,13.02,0,-3.9782433770069412,-14.035754959535833,2.7999999999999998,3.9782433770069412,-14.035754959535833,2.7999999999999998,BYPASS,BYPASS,RUNNING
652,13.039999999999999,0,-3.9793429217075427,-14.052719363487972,2.7999999999999998,3.9793429217075427,-14.052719363487972,2.7999999999999998,BYPASS,BYPASS,RUNNING
653,13.06,0,-3.9804424664081441,-14.069683767440111,2.7999999999999998,3.9804424664081441,-14.069683767440111,2.7999999999999998,BYPASS,BYPASS,RUNNING
654,13.08,0,-3.9815420111087461,-14.08664817139225,2.7999999999999998,3.9815420111087461,-14.08664817139225,2.7999999999999998,BYPASS,BYPASS,RUNNING
655,13.1,0,-3.9826415558093475,-14.103612575344389,2.7999999999999998,3.9826415558093475,-14.103612575344389,2.7999999999999998,BYPASS,BYPASS,RUNNING
656,13.119999999999999,0,-3.983741100509949,-14.120576979296528,2.7999999999999998,3.983741100509949,-14.120576979296528,2.7999999999999998,BYPASS,BYPASS,RUNNING
657,13.140000000000001,0,-3.9848406452105509,-14.137541383248667,2.7999999999999998,3.9848406452105509,-14.137541383248667,2.7999999999999998,BYPASS,BYPASS,RUNNING
658,13.16,0,-3.9859401899111524,-14.154505787200806,2.7999999999999998,3.9859401899111524,-14.154505787200806,2.7999999999999998,BYPASS,BYPASS,RUNNING
659,13.18,0,-3.9870397346117543,-14.171470191152945,2.7999999999999998,3.9870397346117543,-14.171470191152945,2.7999999999999998,BYPASS,BYPASS,RUNNING
660,13.199999999999999,0,-3.9881392793123558,-14.188434595105084,2.7999999999999998,3.9881392793123558,-14.188434595105084,2.7999999999999998,BYPASS,BYPASS,RUNNING
661,13.220000000000001,0,-3.9892388240129573,-14.205398999057223,2.7999999999999998,3.9892388240129573,-14.205398999057223,2.7999999999999998,BYPASS,BYPASS,RUNNING
662,13.24,0,-3.9903383687135592,-14.222363403009362,2.7999999999999998,3.9903383687135592,-14.222363403009362,2.7999999999999998,BYPASS,BYPASS,RUNNING
663,13.26,0,-3.9914379134141607,-14.239327806961501,2.7999999999999998,3.9914379134141607,-14.239327806961501,2.7999999999999998,BYPASS,BYPASS,RUNNING
664,13.279999999999999,0,-3.9925374581147626,-14.256292210913641,2.7999999999999998,3.9925374581147626,-14.256292210913641,2.7999999999999998,BYPASS,BYPASS,RUNNING
665,13.300000000000001,0,-3.993637002815364,-14.27325661486578,2.7999999999999998,3.993637002815364,-14.27325661486578,2.7999999999999998,BYPASS,BYPASS,RUNNING
666,13.32,0,-3.9947365475159655,-14.290221018817919,2.7999999999999998,3.9947365475159655,-14.290221018817919,2.7999999999999998,BYPASS,BYPASS,RUNNING
667,13.34,0,-3.9958360922165674,-14.307185422770058,2.7999999999999998,3.9958360922165674,-14.307185422770058,2.7999999999999998,BYPASS,BYPASS,RUNNING
668,13.359999999999999,0,-3.9969356369171689,-14.324149826722197,2.7999999999999998,3.9969356369171689,-14.324149826722197,2.7999999999999998,BYPASS,BYPASS,RUNNING
669,13.380000000000001,0,-3.9980351816177704,-14.341114230674336,2.7999999999999998,3.9980351816177704,-14.341114230674336,2.7999999999999998,BYPASS,BYPASS,RUNNING
670,13.4,0,-3.9991347263183723,-14.358078634626475,2.7999999999999998,3.9991347263183723,-14.358078634626475,2.7999999999999998,BYPASS,BYPASS,RUNNING
671,13.42,0,-4.0002342710189742,-14.375043038578614,2.7999999999999998,4.0002342710189742,-14.375043038578614,2.7999999999999998,BYPASS,BYPASS,RUNNING
672,13.44,0,-4.0013338157195761,-14.392007442530753,2.7999999999999998,4.0013338157195761,-14.392007442530753,2.7999999999999998,BYPASS,BYPASS,RUNNING
673,13.460000000000001,0,-4.0024333604201781,-14.408971846482892,2.7999999999999998,4.0024333604201781,-14.408971846482892,2.7999999999999998,BYPASS,BYPASS,RUNNING
674,13.48,0,-4.00353290512078,-14.425936250435031,2.7999999999999998,4.00353290512078,-14.425936250435031,2.7999999999999998,BYPASS,BYPASS,RUNNING
675,13.5,0,-4.0046324498213819,-14.44290065438717,2.7999999999999998,4.0046324498213819,-14.44290065438717,2.7999999999999998,BYPASS,BYPASS,RUNNING
676,13.52,0,-4.0057319945219838,-14.459865058339309,2.7999999999999998,4.0057319945219838,-14.459865058339309,2.7999999999999998,BYPASS,BYPASS,RUNNING
677,13.539999999999999,0,-4.0068315392225857,-14.476829462291448,2.7999999999999998,4.0068315392225857,-14.476829462291448,2.7999999999999998,BYPASS,BYPASS,RUNNING
678,13.56,0,-4.0079310839231876,-14.493793866243587,2.7999999999999998,4.0079310839231876,-14.493793866243587,2.7999999999999998,BYPASS,BYPASS,RUNNING
679,13.58,0,-4.0090306286237896,-14.510758270195726,2.7999999999999998,4.0090306286237896,-14.510758270195726,2.7999999999999998,BYPASS,BYPASS,RUNNING
680,13.6,0,-4.0101301733243915,-14.527722674147865,2.7999999999999998,4.0101301733243915,-14.527722674147865,2.7999999999999998,BYPASS,BYPASS,RUNNING
681,13.619999999999999,0,-4.0112297180249934,-14.544687078100004,2.7999999999999998,4.0112297180249934,-14.544687078100004,2.7999999999999998,BYPASS,BYPASS,RUNNING
682,13.640000000000001,0,-4.0123292627255953,-14.561651482052143,2.7999999999999998,4.0123292627255953,-14.561651482052143,2.7999999999999998,BYPASS,BYPASS,RUNNING
683,13.66,0,-4.0134288074261972,-14.578615886004282,2.7999999999999998,4.0134288074261972,-14.578615886004282,2.7999999999999998,BYPASS,BYPASS,RUNNING
684,13.68,0,-4.0145283521267991,-14.595580289956422,2.7999999999999998,4.0145283521267991,-14.595580289956422,2.7999999999999998,BYPASS,BYPASS,RUNNING
685,13.699999999999999,0,-4.0156278968274011,-14.612544693908561,2.7999999999999998,4.0156278968274011,-14.612544693908561,2.7999999999999998,BYPASS,BYPASS,RUNNING
686,13.720000000000001,0,-4.016727441528003,-14.6295090978607,2.7999999999999998,4.016727441528003,-14.6295090978607,2.7999999999999998,BYPASS,BYPASS,RUNNING
687,13.74,0,-4.0178269862286049,-14.646473501812839,2.7999999999999998,4.0178269862286049,-14.646473501812839,2.7999999999999998,BYPASS,BYPASS,RUNNING
688,13.76,0,-4.0189265309292068,-14.663437905764978,2.7999999999999998,4.0189265309292068,-14.663437905764978,2.7999999999999998,BYPASS,BYPASS,RUNNING
689,13.779999999999999,0,-4.0200260756298087,-14.680402309717117,2.7999999999999998,4.0200260756298087,-14.680402309717117,2.7999999999999998,BYPASS,BYPASS,RUNNING
690,13.800000000000001,0,-4.0211256203304107,-14.697366713669256,2.7999999999999998,4.0211256203304107,-14.697366713669256,2.7999999999999998,BYPASS,BYPASS,RUNNING
691,13.82,0,-4.0222251650310126,-14.714331117621395,2.7999999999999998,4.0222251650310126,-14.714331117621395,2.7999999999999998,BYPASS,BYPASS,RUNNING
692,13.84,0,-4.0233247097316145,-14.731295521573534,2.7999999999999998,4.0233247097316145,-14.731295521573534,2.7999999999999998,BYPASS,BYPASS,RUNNING
693,13.859999999999999,0,-4.0244242544322164,-14.748259925525673,2.7999999999999998,4.0244242544322164,-14.748259925525673,2.7999999999999998,BYPASS,BYPASS,RUNNING
694,13.880000000000001,0,-4.0255237991328183,-14.765224329477812,2.7999999999999998,4.0255237991328183,-14.765224329477812,2.7999999999999998,BYPASS,BYPASS,RUNNING
695,13.9,0,-4.0266233438334202,-14.782188733429951,2.7999999999999998,4.0266233438334202,-14.782188733429951,2.7999999999999998,BYPASS,BYPASS,RUNNING
696,13.92,0,-4.0277228885340222,-14.79915313738209,2.7999999999999998,4.0277228885340222,-14.79915313738209,2.7999999999999998,BYPASS,BYPASS,RUNNING
697,13.94,0,-4.0288224332346241,-14.816117541334229,2.7999999999999998,4.0288224332346241,-14.816117541334229,2.7999999999999998,BYPASS,BYPASS,RUNNING
698,13.960000000000001,0,-4.029921977935226,-14.833081945286368,2.7999999999999998,4.029921977935226,-14.833081945286368,2.7999999999999998,BYPASS,BYPASS,RUNNING
699,13.98,0,-4.0310215226358279,-14.850046349238507,2.7999999999999998,4.0310215226358279,-14.850046349238507,2.7999999999999998,BYPASS,BYPASS,RUNNING
700,14,0,-4.0321210673364298,-14.867010753190646,2.7999999999999998,4.0321210673364298,-14.867010753190646,2.7999999999999998,BYPASS,BYPASS,RUNNING
701,14.02,0,-4.0332206120370317,-14.883975157142785,2.7999999999999998,4.0332206120370317,-14.883975157142785,2.7999999999999998,BYPASS,BYPASS,RUNNING
702,14.039999999999999,0,-4.0343201567376337,-14.900939561094924,2.7999999999999998,4.0343201567376337,-14.900939561094924,2.7999999999999998,BYPASS,BYPASS,RUNNING
703,14.06,0,-4.0354197014382356,-14.917903965047064,2.7999999999999998,4.0354197014382356,-14.917903965047064,2.7999999999999998,BYPASS,BYPASS,RUNNING
704,14.08,0,-4.0365192461388375,-14.934868368999203,2.7999999999999998,4.0365192461388375,-14.934868368999203,2.7999999999999998,BYPASS,BYPASS,RUNNING
705,14.1,0,-4.0376187908394394,-14.951832772951342,2.7999999999999998,4.0376187908394394,-14.951832772951342,2.7999999999999998,BYPASS,BYPASS,RUNNING
706,14.119999999999999,0,-4.0387183355400413,-14.968797176903481,2.7999999999999998,4.0387183355400413,-14.968797176903481,2.7999999999999998,BYPASS,BYPASS,RUNNING
707,14.140000000000001,0,-4.0398178802406433,-14.98576158085562,2.7999999999999998,4.0398178802406433,-14.98576158085562,2.7999999999999998,BYPASS,BYPASS,RUNNING
708,14.16,0,-4.0409174249412452,-15.002725984807759,2.7999999999999998,4.0409174249412452,-15.002725984807759,2.7999999999999998,BYPASS,BYPASS,RUNNING
709,14.18,0,-4.0420169696418471,-15.019690388759898,2.7999999999999998,4.0420169696418471,-15.019690388759898,2.7999999999999998,BYPASS,BYPASS,RUNNING
710,14.199999999999999,0,-4.043116514342449,-15.036654792712037,2.7999999999999998,4.043116514342449,-15.036654792712037,2.7999999999999998,BYPASS,BYPASS,RUNNING
711,14.220000000000001,0,-4.0442160590430509,-15.053619196664176,2.7999999999999998,4.0442160590430509,-15.053619196664176,2.7999999999999998,BYPASS,BYPASS,RUNNING
712,14.24,0,-4.0453156037436528,-15.070583600616315,2.7999999999999998,4.0453156037436528,-15.070583600616315,2.7999999999999998,BYPASS,BYPASS,RUNNING
713,14.26,0,-4.0464151484442548,-15.087548004568454,2.7999999999999998,4.0464151484442548,-15.087548004568454,2.7999999999999998,BYPASS,BYPASS,RUNNING
714,14.279999999999999,0,-4.0475146931448567,-15.104512408520593,2.7999999999999998,4.0475146931448567,-15.104512408520593,2.7999999999999998,BYPASS,BYPASS,RUNNING
715,14.300000000000001,0,-4.0486142378454586,-15.121476812472732,2.7999999999999998,4.0486142378454586,-15.121476812472732,2.7999999999999998,BYPASS,BYPASS,RUNNING
716,14.32,0,-4.0497137825460605,-15.138441216424871,2.7999999999999998,4.0497137825460605,-15.138441216424871,2.7999999999999998,BYPASS,BYPASS,RUNNING
717,14.34,0,-4.0508133272466624,-15.15540562037701,2.7999999999999998,4.0508133272466624,-15.15540562037701,2.7999999999999998,BYPASS,BYPASS,RUNNING
718,14.359999999999999,0,-4.0519128719472643,-15.172370024329149,2.7999999999999998,4.0519128719472643,-15.172370024329149,2.7999999999999998,BYPASS,BYPASS,RUNNING
719,14.380000000000001,0,-4.0530124166478663,-15.189334428281288,2.7999999999999998,4.0530124166478663,-15.189334428281288,2.7999999999999998,BYPASS,BYPASS,RUNNING
720,14.4,0,-4.0541119613484682,-15.206298832233427,2.7999999999999998,4.0541119613484682,-15.206298832233427,2.7999999999999998,BYPASS,BYPASS,RUNNING
721,14.42,0,-4.0552115060490701,-15.223263236185566,2.7999999999999998,4.0552115060490701,-15.223263236185566,2.7999999999999998,BYPASS,BYPASS,RUNNING
722,14.44,0,-4.056311050749672,-15.240227640137705,2.7999999999999998,4.056311050749672,-15.240227640137705,2.7999999999999998,BYPASS,BYPASS,RUNNING
723,14.460000000000001,0,-4.0574105954502739,-15.257192044089845,2.7999999999999998,4.0574105954502739,-15.257192044089845,2.7999999999999998,BYPASS,BYPASS,RUNNING
724,14.48,0,-4.0585101401508759,-15.274156448041984,2.7999999999999998,4.0585101401508759,-15.274156448041984,2.7999999999999998,BYPASS,BYPASS,RUNNING
725,14.5,0,-4.0596096848514778,-15.291120851994123,2.7999999999999998,4.0596096848514778,-15.291120851994123,2.7999999999999998,BYPASS,BYPASS,RUNNING
726,14.52,0,-4.0607092295520797,-15.308085255946262,2.7999999999999998,4.0607092295520797,-15.308085255946262,2.7999999999999998,BYPASS,BYPASS,RUNNING
727,14.539999999999999,0,-4.0618087742526816,-15.325049659898401,2.7999999999999998,4.0618087742526816,-15.325049659898401,2.7999999999999998,BYPASS,BYPASS,RUNNING
728,14.56,0,-4.0629083189532835,-15.34201406385054,2.7999999999999998,4.0629083189532835,-15.34201406385054,2.7999999999999998,BYPASS,BYPASS,RUNNING
729,14.58,0,-4.0640078636538854,-15.358978467802679,2.7999999999999998,4.0640078636538854,-15.358978467802679,2.7999999999999998,BYPASS,BYPASS,RUNNING
730,14.6,0,-4.0651074083544874,-15.375942871754818,2.7999999999999998,4.0651074083544874,-15.375942871754818,2.7999999999999998,BYPASS,BYPASS,RUNNING
731,14.619999999999999,0,-4.0662069530550893,-15.392907275706957,2.7999999999999998,4.0662069530550893,-15.392907275706957,2.7999999999999998,BYPASS,BYPASS,RUNNING
732,14.640000000000001,0,-4.0673064977556912,-15.409871679659096,2.7999999999999998,4.0673064977556912,-15.409871679659096,2.7999999999999998,BYPASS,BYPASS,RUNNING
733,14.66,0,-4.0684060424562931,-15.426836083611235,2.7999999999999998,4.0684060424562931,-15.426836083611235,2.7999999999999998,BYPASS,BYPASS,RUNNING
734,14.68,0,-4.069505587156895,-15.443800487563374,2.7999999999999998,4.069505587156895,-15.443800487563374,2.7999999999999998,BYPASS,BYPASS,RUNNING
735,14.699999999999999,0,-4.0706051318574969,-15.460764891515513,2.7999999999999998,4.0706051318574969,-15.460764891515513,2.7999999999999998,BYPASS,BYPASS,RUNNING
736,14.720000000000001,0,-4.0717046765580989,-15.477729295467652,2.7999999999999998,4.0717046765580989,-15.477729295467652,2.7999999999999998,BYPASS,BYPASS,RUNNING
737,14.74,0,-4.0728042212587008,-15.494693699419791,2.7999999999999998,4.0728042212587008,-15.494693699419791,2.7999999999999998,BYPASS,BYPASS,RUNNING
738,14.76,0,-4.0739037659593027,-15.51165810337193,2.7999999999999998,4.0739037659593027,-15.51165810337193,2.7999999999999998,BYPASS,BYPASS,RUNNING
739,14.779999999999999,0,-4.0750033106599046,-15.528622507324069,2.7999999999999998,4.0750033106599046,-15.528622507324069,2.7999999999999998,BYPASS,BYPASS,RUNNING
740,14.800000000000001,0,-4.0761028553605065,-15.545586911276208,2.7999999999999998,4.0761028553605065,-15.545586911276208,2.7999999999999998,BYPASS,BYPASS,RUNNING
741,14.82,0,-4.0772024000611085,-15.562551315228347,2.7999999999999998,4.0772024000611085,-15.562551315228347,2.7999999999999998,BYPASS,BYPASS,RUNNING
742,14.84,0,-4.0783019447617104,-15.579515719180486,2.7999999999999998,4.0783019447617104,-15.579515719180486,2.7999999999999998,BYPASS,BYPASS,RUNNING
743,14.859999999999999,0,-4.0794014894623123,-15.596480123132626,2.7999999999999998,4.0794014894623123,-15.596480123132626,2.7999999999999998,BYPASS,BYPASS,RUNNING
744,14.880000000000001,0,-4.0805010341629142,-15.613444527084765,2.7999999999999998,4.0805010341629142,-15.613444527084765,2.7999999999999998,BYPASS,BYPASS,RUNNING
745,14.9,0,-4.0816005788635161,-15.630408931036904,2.7999999999999998,4.0816005788635161,-15.630408931036904,2.7999999999999998,BYPASS,BYPASS,RUNNING
746,14.92,0,-4.082700123564118,-15.647373334989043,2.7999999999999998,4.082700123564118,-15.647373334989043,2.7999999999999998,BYPASS,BYPASS,RUNNING
747,14.94,0,-4.08379966826472,-15.664337738941182,2.7999999999999998,4.08379966826472,-15.664337738941182,2.7999999999999998,BYPASS,BYPASS,RUNNING
748,14.960000000000001,0,-4.0848992129653219,-15.681302142893321,2.7999999999999998,4.0848992129653219,-15.681302142893321,2.7999999999999998,BYPASS,BYPASS,RUNNING
749,14.98,0,-4.0859987576659238,-15.69826654684546,2.7999999999999998,4.0859987576659238,-15.69826654684546,2.7999999999999998,BYPASS,BYPASS,RUNNING
750,15,0,-4.0870983023665257,-15.715230950797599,2.7999999999999998,4.0870983023665257,-15.715230950797599,2.7999999999999998,BYPASS,BYPASS,RUNNING
751,15.02,0,-4.0881978470671276,-15.732195354749738,2.7999999999999998,4.0881978470671276,-15.732195354749738,2.7999999999999998,BYPASS,BYPASS,RUNNING
752,15.039999999999999,0,-4.0892973917677296,-15.749159758701877,2.7999999999999998,4.0892973917677296,-15.749159758701877,2.7999999999999998,BYPASS,BYPASS,RUNNING
753,15.06,0,-4.0903969364683315,-15.766124162654016,2.7999999999999998,4.0903969364683315,-15.766124162654016,2.7999999999999998,BYPASS,BYPASS,RUNNING
754,15.08,0,-4.0914964811689334,-15.783088566606155,2.7999999999999998,4.0914964811689334,-15.783088566606155,2.7999999999999998,BYPASS,BYPASS,RUNNING
755,15.1,0,-4.0925960258695353,-15.800052970558294,2.7999999999999998,4.0925960258695353,-15.800052970558294,2.7999999999999998,BYPASS,BYPASS,RUNNING
756,15.119999999999999,0,-4.0936955705701372,-15.817017374510433,2.7999999999999998,4.0936955705701372,-15.817017374510433,2.7999999999999998,BYPASS,BYPASS,RUNNING
757,15.140000000000001,0,-4.0947951152707391,-15.833981778462572,2.7999999999999998,4.0947951152707391,-15.833981778462572,2.7999999999999998,BYPASS,BYPASS,RUNNING
758,15.16,0,-4.0958946599713411,-15.850946182414711,2.7999999999999998,4.0958946599713411,-15.850946182414711,2.7999999999999998,BYPASS,BYPASS,RUNNING
759,15.18,0,-4.096994204671943,-15.86791058636685,2.7999999999999998,4.096994204671943,-15.86791058636685,2.7999999999999998,BYPASS,BYPASS,RUNNING
760,15.199999999999999,0,-4.0980937493725449,-15.884874990318989,2.7999999999999998,4.0980937493725449,-15.884874990318989,2.7999999999999998,BYPASS,BYPASS,RUNNING
761,15.220000000000001,0,-4.0991932940731468,-15.901839394271128,2.7999999999999998,4.0991932940731468,-15.901839394271128,2.7999999999999998,BYPASS,BYPASS,RUNNING
762,15.24,0,-4.1002928387737487,-15.918803798223268,2.7999999999999998,4.1002928387737487,-15.918803798223268,2.7999999999999998,BYPASS,BYPASS,RUNNING
763,15.26,0,-4.1013923834743506,-15.935768202175407,2.7999999999999998,4.1013923834743506,-15.935768202175407,2.7999999999999998,BYPASS,BYPASS,RUNNING
764,15.279999999999999,0,-4.1024919281749526,-15.952732606127546,2.7999999999999998,4.1024919281749526,-15.952732606127546,2.7999999999999998,BYPASS,BYPASS,RUNNING
765,15.300000000000001,0,-4.1035914728755545,-15.969697010079685,2.7999999999999998,4.1035914728755545,-15.969697010079685,2.7999999999999998,BYPASS,BYPASS,RUNNING
766,15.32,0,-4.1046910175761564,-15.986661414031824,2.7999999999999998,4.1046910175761564,-15.986661414031824,2.7999999999999998,BYPASS,BYPASS,RUNNING
767,15.34,0,-4.1057905622767583,-16.003625817983963,2.7999999999999998,4.1057905622767583,-16.003625817983963,2.7999999999999998,BYPASS,BYPASS,RUNNING
768,15.359999999999999,0,-4.1068901069773602,-16.020590221936104,2.7999999999999998,4.1068901069773602,-16.020590221936104,2.7999999999999998,BYPASS,BYPASS,RUNNING
769,15.380000000000001,0,-4.1079896516779622,-16.037554625888244,2.7999999999999998,4.1079896516779622,-16.037554625888244,2.7999999999999998,BYPASS,BYPASS,RUNNING
770,15.4,0,-4.1090891963785641,-16.054519029840385,2.7999999999999998,4.1090891963785641,-16.054519029840385,2.7999999999999998,BYPASS,BYPASS,RUNNING
771,15.42,0,-4.110188741079166,-16.071483433792526,2.7999999999999998,4.110188741079166,-16.071483433792526,2.7999999999999998,BYPASS,BYPASS,RUNNING
772,15.44,0,-4.1112882857797679,-16.088447837744667,2.7999999999999998,4.1112882857797679,-16.088447837744667,2.7999999999999998,BYPASS,BYPASS,RUNNING
773,15.460000000000001,0,-4.1123878304803698,-16.105412241696808,2.7999999999999998,4.1123878304803698,-16.105412241696808,2.7999999999999998,BYPASS,BYPASS,RUNNING
774,15.48,0,-4.1134873751809717,-16.122376645648949,2.7999999999999998,4.1134873751809717,-16.122376645648949,2.7999999999999998,BYPASS,BYPASS,RUNNING
775,15.5,0,-4.1145869198815737,-16.139341049601089,2.7999999999999998,4.1145869198815737,-16.139341049601089,2.7999999999999998,BYPASS,BYPASS,RUNNING
776,15.52,0,-4.1156864645821756,-16.15630545355323,2.7999999999999998,4.1156864645821756,-16.15630545355323,2.7999999999999998,BYPASS,BYPASS,RUNNING
777,15.539999999999999,0,-4.1167860092827775,-16.173269857505371,2.7999999999999998,4.1167860092827775,-16.173269857505371,2.7999999999999998,BYPASS,BYPASS,RUNNING
778,15.56,0,-4.1178855539833794,-16.190234261457512,2.7999999999999998,4.1178855539833794,-16.190234261457512,2.7999999999999998,BYPASS,BYPASS,RUNNING
779,15.58,0,-4.1189850986839813,-16.207198665409653,2.7999999999999998,4.1189850986839813,-16.207198665409653,2.7999999999999998,BYPASS,BYPASS,RUNNING
780,15.6,0,-4.1200846433845832,-16.224163069361794,2.7999999999999998,4.1200846433845832,-16.224163069361794,2.7999999999999998,BYPASS,BYPASS,RUNNING
781,15.619999999999999,0,-4.1211841880851852,-16.241127473313934,2.7999999999999998,4.1211841880851852,-16.241127473313934,2.7999999999999998,BYPASS,BYPASS,RUNNING
782,15.640000000000001,0,-4.1222837327857871,-16.258091877266075,2.7999999999999998,4.1222837327857871,-16.258091877266075,2.7999999999999998,BYPASS,BYPASS,RUNNING
783,15.66,0,-4.123383277486389,-16.275056281218216,2.7999999999999998,4.123383277486389,-16.275056281218216,2.7999999999999998,BYPASS,BYPASS,RUNNING
784,15.68,0,-4.1244828221869909,-16.292020685170357,2.7999999999999998,4.1244828221869909,-16.292020685170357,2.7999999999999998,BYPASS,BYPASS,RUNNING
785,15.699999999999999,0,-4.1255823668875928,-16.308985089122498,2.7999999999999998,4.1255823668875928,-16.308985089122498,2.7999999999999998,BYPASS,BYPASS,RUNNING
786,15.720000000000001,0,-4.1266819115881948,-16.325949493074638,2.7999999999999998,4.1266819115881948,-16.325949493074638,2.7999999999999998,BYPASS,BYPASS,RUNNING
787,15.74,0,-4.1277814562887967,-16.342913897026779,2.7999999999999998,4.1277814562887967,-16.342913897026779,2.7999999999999998,BYPASS,BYPASS,RUNNING
788,15.76,0,-4.1288810009893986,-16.35987830097892,2.7999999999999998,4.1288810009893986,-16.35987830097892,2.7999999999999998,BYPASS,BYPASS,RUNNING
789,15.779999999999999,0,-4.1299805456900005,-16.376842704931061,2.7999999999999998,4.1299805456900005,-16.376842704931061,2.7999999999999998,BYPASS,BYPASS,RUNNING
790,15.800000000000001,0,-4.1310800903906024,-16.393807108883202,2.7999999999999998,4.1310800903906024,-16.393807108883202,2.7999999999999998,BYPASS,BYPASS,RUNNING
791,15.82,0,-4.1321796350912043,-16.410771512835343,2.7999999999999998,4.1321796350912043,-16.410771512835343,2.7999999999999998,BYPASS,BYPASS,RUNNING
792,15.84,0,-4.1332791797918063,-16.427735916787483,2.7999999999999998,4.1332791797918063,-16.427735916787483,2.7999999999999998,BYPASS,BYPASS,RUNNING
793,15.859999999999999,0,-4.1343787244924082,-16.444700320739624,2.7999999999999998,4.1343787244924082,-16.444700320739624,2.7999999999999998,BYPASS,BYPASS,RUNNING
794,15.880000000000001,0,-4.1354782691930101,-16.461664724691765,2.7999999999999998,4.1354782691930101,-16.461664724691765,2.7999999999999998,BYPASS,BYPASS,RUNNING
795,15.9,0,-4.136577813893612,-16.478629128643906,2.7999999999999998,4.136577813893612,-16.478629128643906,2.7999999999999998,BYPASS,BYPASS,RUNNING
796,15.92,0,-4.1376773585942139,-16.495593532596047,2.7999999999999998,4.1376773585942139,-16.495593532596047,2.7999999999999998,BYPASS,BYPASS,RUNNING
797,15.94,0,-4.1387769032948158,-16.512557936548188,2.7999999999999998,4.1387769032948158,-16.512557936548188,2.7999999999999998,BYPASS,BYPASS,RUNNING
798,15.960000000000001,0,-4.1398764479954178,-16.529522340500328,2.7999999999999998,4.1398764479954178,-16.529522340500328,2.7999999999999998,BYPASS,BYPASS,RUNNING
799,15.98,0,-4.1409759926960197,-16.546486744452469,2.7999999999999998,4.1409759926960197,-16.546486744452469,2.7999999999999998,BYPASS,BYPASS,RUNNING
800,16,0,-4.1420755373966216,-16.56345114840461,2.7999999999999998,4.1420755373966216,-16.56345114840461,2.7999999999999998,BYPASS,BYPASS,RUNNING
801,16.02,0,-4.1431750820972226,-16.580415552356751,2.7999999999999998,4.1431750820972226,-16.580415552356751,2.7999999999999998,BYPASS,BYPASS,RUNNING
802,16.039999999999999,0,-4.1442746267978245,-16.597379956308892,2.7999999999999998,4.1442746267978245,-16.597379956308892,2.7999999999999998,BYPASS,BYPASS,RUNNING
803,16.059999999999999,0,-4.1453741714984265,-16.614344360261033,2.7999999999999998,4.1453741714984265,-16.614344360261033,2.7999999999999998,BYPASS,BYPASS,RUNNING
804,16.079999999999998,0,-4.1464737161990275,-16.631308764213173,2.7999999999999998,4.1464737161990275,-16.631308764213173,2.7999999999999998,BYPASS,BYPASS,RUNNING
805,16.100000000000001,0,-4.1475732608996294,-16.648273168165314,2.7999999999999998,4.1475732608996294,-16.648273168165314,2.7999999999999998,BYPASS,BYPASS,RUNNING
806,16.120000000000001,0,-4.1486728056002304,-16.665237572117455,2.7999999999999998,4.1486728056002304,-16.665237572117455,2.7999999999999998,BYPASS,BYPASS,RUNNING
807,16.140000000000001,0,-4.1497723503008324,-16.682201976069596,2.7999999999999998,4.1497723503008324,-16.682201976069596,2.7999999999999998,BYPASS,BYPASS,RUNNING
808,16.16,0,-4.1508718950014334,-16.699166380021737,2.7999999999999998,4.1508718950014334,-16.699166380021737,2.7999999999999998,BYPASS,BYPASS,RUNNING
809,16.18,0,-4.1519714397020353,-16.716130783973878,2.7999999999999998,4.1519714397020353,-16.716130783973878,2.7999999999999998,BYPASS,BYPASS,RUNNING
810,16.199999999999999,0,-4.1530709844026372,-16.733095187926018,2.7999999999999998,4.1530709844026372,-16.733095187926018,2.7999999999999998,BYPASS,BYPASS,RUNNING
811,16.219999999999999,0,-4.1541705291032383,-16.750059591878159,2.7999999999999998,4.1541705291032383,-16.750059591878159,2.7999999999999998,BYPASS,BYPASS,RUNNING
812,16.239999999999998,0,-4.1552700738038402,-16.7670239958303,2.7999999999999998,4.1552700738038402,-16.7670239958303,2.7999999999999998,BYPASS,BYPASS,RUNNING
813,16.260000000000002,0,-4.1563696185044412,-16.783988399782441,2.7999999999999998,4.1563696185044412,-16.783988399782441,2.7999999999999998,BYPASS,BYPASS,RUNNING
814,16.280000000000001,0,-4.1574691632050431,-16.800952803734582,2.7999999999999998,4.1574691632050431,-16.800952803734582,2.7999999999999998,BYPASS,BYPASS,RUNNING
815,16.300000000000001,0,-4.1585687079056441,-16.817917207686722,2.7999999999999998,4.1585687079056441,-16.817917207686722,2.7999999999999998,BYPASS,BYPASS,RUNNING
816,16.32,0,-4.1596682526062461,-16.834881611638863,2.7999999999999998,4.1596682526062461,-16.834881611638863,2.7999999999999998,BYPASS,BYPASS,RUNNING
817,16.34,0,-4.160767797306848,-16.851846015591004,2.7999999999999998,4.160767797306848,-16.851846015591004,2.7999999999999998,BYPASS,BYPASS,RUNNING
818,16.359999999999999,0,-4.161867342007449,-16.868810419543145,2.7999999999999998,4.161867342007449,-16.868810419543145,2.7999999999999998,BYPASS,BYPASS,RUNNING
819,16.379999999999999,0,-4.1629668867080509,-16.885774823495286,2.7999999999999998,4.1629668867080509,-16.885774823495286,2.7999999999999998,BYPASS,BYPASS,RUNNING
820,16.399999999999999,0,-4.164066431408652,-16.902739227447427,2.7999999999999998,4.164066431408652,-16.902739227447427,2.7999999999999998,BYPASS,BYPASS,RUNNING
821,16.420000000000002,0,-4.1651659761092539,-16.919703631399567,2.7999999999999998,4.1651659761092539,-16.919703631399567,2.7999999999999998,BYPASS,BYPASS,RUNNING
822,16.440000000000001,0,-4.1662655208098549,-16.936668035351708,2.7999999999999998,4.1662655208098549,-16.936668035351708,2.7999999999999998,BYPASS,BYPASS,RUNNING
823,16.460000000000001,0,-4.1673650655104568,-16.953632439303849,2.7999999999999998,4.1673650655104568,-16.953632439303849,2.7999999999999998,BYPASS,BYPASS,RUNNING
824,16.48,0,-4.1684646102110587,-16.97059684325599,2.7999999999999998,4.1684646102110587,-16.97059684325599,2.7999999999999998,BYPASS,BYPASS,RUNNING
825,16.5,0,-4.1695641549116598,-16.987561247208131,2.7999999999999998,4.1695641549116598,-16.987561247208131,2.7999999999999998,BYPASS,BYPASS,RUNNING
826,16.52,0,-4.1706636996122617,-17.004525651160272,2.7999999999999998,4.1706636996122617,-17.004525651160272,2.7999999999999998,BYPASS,BYPASS,RUNNING
827,16.539999999999999,0,-4.1717632443128627,-17.021490055112412,2.7999999999999998,4.1717632443128627,-17.021490055112412,2.7999999999999998,BYPASS,BYPASS,RUNNING
828,16.559999999999999,0,-4.1728627890134646,-17.038454459064553,2.7999999999999998,4.1728627890134646,-17.038454459064553,2.7999999999999998,BYPASS,BYPASS,RUNNING
829,16.579999999999998,0,-4.1739623337140657,-17.055418863016694,2.7999999999999998,4.1739623337140657,-17.055418863016694,2.7999999999999998,BYPASS,BYPASS,RUNNING
830,16.600000000000001,0,-4.1750618784146676,-17.072383266968835,2.7999999999999998,4.1750618784146676,-17.072383266968835,2.7999999999999998,BYPASS,BYPASS,RUNNING
831,16.620000000000001,0,-4.1761614231152695,-17.089347670920976,2.7999999999999998,4.1761614231152695,-17.089347670920976,2.7999999999999998,BYPASS,BYPASS,RUNNING
832,16.640000000000001,0,-4.1772609678158705,-17.106312074873117,2.7999999999999998,4.1772609678158705,-17.106312074873117,2.7999999999999998,BYPASS,BYPASS,RUNNING
833,16.66,0,-4.1783605125164724,-17.123276478825257,2.7999999999999998,4.1783605125164724,-17.123276478825257,2.7999999999999998,BYPASS,BYPASS,RUNNING
834,16.68,0,-4.1794600572170735,-17.140240882777398,2.7999999999999998,4.1794600572170735,-17.140240882777398,2.7999999999999998,BYPASS,BYPASS,RUNNING
835,16.699999999999999,0,-4.1805596019176754,-17.157205286729539,2.7999999999999998,4.1805596019176754,-17.157205286729539,2.7999999999999998,BYPASS,BYPASS,RUNNING
836,16.719999999999999,0,-4.1816591466182764,-17.17416969068168,2.7999999999999998,4.1816591466182764,-17.17416969068168,2.7999999999999998,BYPASS,BYPASS,RUNNING
837,16.739999999999998,0,-4.1827586913188783,-17.191134094633821,2.7999999999999998,4.1827586913188783,-17.191134094633821,2.7999999999999998,BYPASS,BYPASS,RUNNING
838,16.760000000000002,0,-4.1838582360194803,-17.208098498585962,2.7999999999999998,4.1838582360194803,-17.208098498585962,2.7999999999999998,BYPASS,BYPASS,RUNNING
839,16.780000000000001,0,-4.1849577807200813,-17.225062902538102,2.7999999999999998,4.1849577807200813,-17.225062902538102,2.7999999999999998,BYPASS,BYPASS,RUNNING
840,16.800000000000001,0,-4.1860573254206832,-17.242027306490243,2.7999999999999998,4.1860573254206832,-17.242027306490243,2.7999999999999998,BYPASS,BYPASS,RUNNING
841,16.82,0,-4.1871568701212842,-17.258991710442384,2.7999999999999998,4.1871568701212842,-17.258991710442384,2.7999999999999998,BYPASS,BYPASS,RUNNING
842,16.84,0,-4.1882564148218862,-17.275956114394525,2.7999999999999998,4.1882564148218862,-17.275956114394525,2.7999999999999998,BYPASS,BYPASS,RUNNING
843,16.859999999999999,0,-4.1893559595224872,-17.292920518346666,2.7999999999999998,4.1893559595224872,-17.292920518346666,2.7999999999999998,BYPASS,BYPASS,RUNNING
844,16.879999999999999,0,-4.1904555042230891,-17.309884922298806,2.7999999999999998,4.1904555042230891,-17.309884922298806,2.7999999999999998,BYPASS,BYPASS,RUNNING
845,16.899999999999999,0,-4.1915550489236901,-17.326849326250947,2.7999999999999998,4.1915550489236901,-17.326849326250947,2.7999999999999998,BYPASS,BYPASS,RUNNING
846,16.920000000000002,0,-4.192654593624292,-17.343813730203088,2.7999999999999998,4.192654593624292,-17.343813730203088,2.7999999999999998,BYPASS,BYPASS,RUNNING
847,16.940000000000001,0,-4.193754138324894,-17.360778134155229,2.7999999999999998,4.193754138324894,-17.360778134155229,2.7999999999999998,BYPASS,BYPASS,RUNNING
848,16.960000000000001,0,-4.194853683025495,-17.37774253810737,2.7999999999999998,4.194853683025495,-17.37774253810737,2.7999999999999998,BYPASS,BYPASS,RUNNING
849,16.98,0,-4.1959532277260969,-17.394706942059511,2.7999999999999998,4.1959532277260969,-17.394706942059511,2.7999999999999998,BYPASS,BYPASS,RUNNING
850,17,0,-4.1970527724266979,-17.411671346011651,2.7999999999999998,4.1970527724266979,-17.411671346011651,2.7999999999999998,BYPASS,BYPASS,RUNNING
851,17.02,0,-4.1981523171272999,-17.428635749963792,2.7999999999999998,4.1981523171272999,-17.428635749963792,2.7999999999999998,BYPASS,BYPASS,RUNNING
852,17.039999999999999,0,-4.1992518618279009,-17.445600153915933,2.7999999999999998,4.1992518618279009,-17.445600153915933,2.7999999999999998,BYPASS,BYPASS,RUNNING
853,17.059999999999999,0,-4.2003514065285028,-17.462564557868074,2.7999999999999998,4.2003514065285028,-17.462564557868074,2.7999999999999998,BYPASS,BYPASS,RUNNING
854,17.079999999999998,0,-4.2014509512291047,-17.479528961820215,2.7999999999999998,4.2014509512291047,-17.479528961820215,2.7999999999999998,BYPASS,BYPASS,RUNNING
855,17.100000000000001,0,-4.2025504959297058,-17.496493365772356,2.7999999999999998,4.2025504959297058,-17.496493365772356,2.7999999999999998,BYPASS,BYPASS,RUNNING
856,17.120000000000001,0,-4.2036500406303077,-17.513457769724496,2.7999999999999998,4.2036500406303077,-17.513457769724496,2.7999999999999998,BYPASS,BYPASS,RUNNING
857,17.140000000000001,0,-4.2047495853309087,-17.530422173676637,2.7999999999999998,4.2047495853309087,-17.530422173676637,2.7999999999999998,BYPASS,BYPASS,RUNNING
858,17.16,0,-4.2058491300315106,-17.547386577628778,2.7999999999999998,4.2058491300315106,-17.547386577628778,2.7999999999999998,BYPASS,BYPASS,RUNNING
859,17.18,0,-4.2069486747321116,-17.564350981580919,2.7999999999999998,4.2069486747321116,-17.564350981580919,2.7999999999999998,BYPASS,BYPASS,RUNNING
860,17.199999999999999,0,-4.2080482194327136,-17.58131538553306,2.7999999999999998,4.2080482194327136,-17.58131538553306,2.7999999999999998,BYPASS,BYPASS,RUNNING
861,17.219999999999999,0,-4.2091477641333155,-17.598279789485201,2.7999999999999998,4.2091477641333155,-17.598279789485201,2.7999999999999998,BYPASS,BYPASS,RUNNING
862,17.239999999999998,0,-4.2102473088339165,-17.615244193437341,2.7999999999999998,4.2102473088339165,-17.615244193437341,2.7999999999999998,BYPASS,BYPASS,RUNNING
863,17.260000000000002,0,-4.2113468535345184,-17.632208597389482,2.7999999999999998,4.2113468535345184,-17.632208597389482,2.7999999999999998,BYPASS,BYPASS,RUNNING
864,17.280000000000001,0,-4.2124463982351195,-17.649173001341623,2.7999999999999998,4.2124463982351195,-17.649173001341623,2.7999999999999998,BYPASS,BYPASS,RUNNING
865,17.300000000000001,0,-4.2135459429357214,-17.666137405293764,2.7999999999999998,4.2135459429357214,-17.666137405293764,2.7999999999999998,BYPASS,BYPASS,RUNNING
866,17.32,0,-4.2146454876363224,-17.683101809245905,2.7999999999999998,4.2146454876363224,-17.683101809245905,2.7999999999999998,BYPASS,BYPASS,RUNNING
867,17.34,0,-4.2157450323369243,-17.700066213198046,2.7999999999999998,4.2157450323369243,-17.700066213198046,2.7999999999999998,BYPASS,BYPASS,RUNNING
868,17.359999999999999,0,-4.2168445770375262,-17.717030617150186,2.7999999999999998,4.2168445770375262,-17.717030617150186,2.7999999999999998,BYPASS,BYPASS,RUNNING
869,17.379999999999999,0,-4.2179441217381273,-17.733995021102327,2.7999999999999998,4.2179441217381273,-17.733995021102327,2.7999999999999998,BYPASS,BYPASS,RUNNING
870,17.399999999999999,0,-4.2190436664387292,-17.750959425054468,2.7999999999999998,4.2190436664387292,-17.750959425054468,2.7999999999999998,BYPASS,BYPASS,RUNNING
871,17.420000000000002,0,-4.2201432111393302,-17.767923829006609,2.7999999999999998,4.2201432111393302,-17.767923829006609,2.7999999999999998,BYPASS,BYPASS,RUNNING
872,17.440000000000001,0,-4.2212427558399321,-17.78488823295875,2.7999999999999998,4.2212427558399321,-17.78488823295875,2.7999999999999998,BYPASS,BYPASS,RUNNING
873,17.460000000000001,0,-4.2223423005405332,-17.80185263691089,2.7999999999999998,4.2223423005405332,-17.80185263691089,2.7999999999999998,BYPASS,BYPASS,RUNNING
874,17.48,0,-4.2234418452411351,-17.818817040863031,2.7999999999999998,4.2234418452411351,-17.818817040863031,2.7999999999999998,BYPASS,BYPASS,RUNNING
875,17.5,0,-4.224541389941737,-17.835781444815172,2.7999999999999998,4.224541389941737,-17.835781444815172,2.7999999999999998,BYPASS,BYPASS,RUNNING
876,17.52,0,-4.225640934642338,-17.852745848767313,2.7999999999999998,4.225640934642338,-17.852745848767313,2.7999999999999998,BYPASS,BYPASS,RUNNING
877,17.539999999999999,0,-4.2267404793429399,-17.869710252719454,2.7999999999999998,4.2267404793429399,-17.869710252719454,2.7999999999999998,BYPASS,BYPASS,RUNNING
878,17.559999999999999,0,-4.227840024043541,-17.886674656671595,2.7999999999999998,4.227840024043541,-17.886674656671595,2.7999999999999998,BYPASS,BYPASS,RUNNING
879,17.579999999999998,0,-4.2289395687441429,-17.903639060623735,2.7999999999999998,4.2289395687441429,-17.903639060623735,2.7999999999999998,BYPASS,BYPASS,RUNNING
880,17.600000000000001,0,-4.2300391134447439,-17.920603464575876,2.7999999999999998,4.2300391134447439,-17.920603464575876,2.7999999999999998,BYPASS,BYPASS,RUNNING
881,17.620000000000001,0,-4.2311386581453458,-17.937567868528017,2.7999999999999998,4.2311386581453458,-17.937567868528017,2.7999999999999998,BYPASS,BYPASS,RUNNING
882,17.640000000000001,0,-4.2322382028459478,-17.954532272480158,2.7999999999999998,4.2322382028459478,-17.954532272480158,2.7999999999999998,BYPASS,BYPASS,RUNNING
883,17.66,0,-4.2333377475465488,-17.971496676432299,2.7999999999999998,4.2333377475465488,-17.971496676432299,2.7999999999999998,BYPASS,BYPASS,RUNNING
884,17.68,0,-4.2344372922471507,-17.98846108038444,2.7999999999999998,4.2344372922471507,-17.98846108038444,2.7999999999999998,BYPASS,BYPASS,RUNNING
885,17.699999999999999,0,-4.2355368369477517,-18.00542548433658,2.7999999999999998,4.2355368369477517,-18.00542548433658,2.7999999999999998,BYPASS,BYPASS,RUNNING
886,17.719999999999999,0,-4.2366363816483537,-18.022389888288721,2.7999999999999998,4.2366363816483537,-18.022389888288721,2.7999999999999998,BYPASS,BYPASS,RUNNING
887,17.739999999999998,0,-4.2377359263489547,-18.039354292240862,2.7999999999999998,4.2377359263489547,-18.039354292240862,2.7999999999999998,BYPASS,BYPASS,RUNNING
888,17.760000000000002,0,-4.2388354710495566,-18.056318696193003,2.7999999999999998,4.2388354710495566,-18.056318696193003,2.7999999999999998,BYPASS,BYPASS,RUNNING
889,17.780000000000001,0,-4.2399350157501585,-18.073283100145144,2.7999999999999998,4.2399350157501585,-18.073283100145144,2.7999999999999998,BYPASS,BYPASS,RUNNING
890,17.800000000000001,0,-4.2410345604507595,-18.090247504097285,2.7999999999999998,4.2410345604507595,-18.090247504097285,2.7999999999999998,BYPASS,BYPASS,RUNNING
891,17.82,0,-4.2421341051513615,-18.107211908049425,2.7999999999999998,4.2421341051513615,-18.107211908049425,2.7999999999999998,BYPASS,BYPASS,RUNNING
892,17.84,0,-4.2432336498519625,-18.124176312001566,2.7999999999999998,4.2432336498519625,-18.124176312001566,2.7999999999999998,BYPASS,BYPASS,RUNNING
893,17.859999999999999,0,-4.2443331945525644,-18.141140715953707,2.7999999999999998,4.2443331945525644,-18.141140715953707,2.7999999999999998,BYPASS,BYPASS,RUNNING
894,17.879999999999999,0,-4.2454327392531654,-18.158105119905848,2.7999999999999998,4.2454327392531654,-18.158105119905848,2.7999999999999998,BYPASS,BYPASS,RUNNING
895,17.899999999999999,0,-4.2465322839537674,-18.175069523857989,2.7999999999999998,4.2465322839537674,-18.175069523857989,2.7999999999999998,BYPASS,BYPASS,RUNNING
896,17.920000000000002,0,-4.2476318286543684,-18.19203392781013,2.7999999999999998,4.2476318286543684,-18.19203392781013,2.7999999999999998,BYPASS,BYPASS,RUNNING
897,17.940000000000001,0,-4.2487313733549703,-18.20899833176227,2.7999999999999998,4.2487313733549703,-18.20899833176227,2.7999999999999998,BYPASS,BYPASS,RUNNING
898,17.960000000000001,0,-4.2498309180555722,-18.225962735714411,2.7999999999999998,4.2498309180555722,-18.225962735714411,2.7999999999999998,BYPASS,BYPASS,RUNNING
899,17.98,0,-4.2509304627561733,-18.242927139666552,2.7999999999999998,4.2509304627561733,-18.242927139666552,2.7999999999999998,BYPASS,BYPASS,RUNNING
900,18,0,-4.2520300074567752,-18.259891543618693,2.7999999999999998,4.2520300074567752,-18.259891543618693,2.7999999999999998,BYPASS,BYPASS,RUNNING
901,18.02,0,-4.2531295521573762,-18.276855947570834,2.7999999999999998,4.2531295521573762,-18.276855947570834,2.7999999999999998,BYPASS,BYPASS,RUNNING
902,18.039999999999999,0,-4.2542290968579781,-18.293820351522974,2.7999999999999998,4.2542290968579781,-18.293820351522974,2.7999999999999998,BYPASS,BYPASS,RUNNING
903,18.059999999999999,0,-4.2553286415585792,-18.310784755475115,2.7999999999999998,4.2553286415585792,-18.310784755475115,2.7999999999999998,BYPASS,BYPASS,RUNNING
904,18.079999999999998,0,-4.2564281862591811,-18.327749159427256,2.7999999999999998,4.2564281862591811,-18.327749159427256,2.7999999999999998,BYPASS,BYPASS,RUNNING
905,18.100000000000001,0,-4.257527730959783,-18.344713563379397,2.7999999999999998,4.257527730959783,-18.344713563379397,2.7999999999999998,BYPASS,BYPASS,RUNNING
906,18.120000000000001,0,-4.258627275660384,-18.361677967331538,2.7999999999999998,4.258627275660384,-18.361677967331538,2.7999999999999998,BYPASS,BYPASS,RUNNING
907,18.140000000000001,0,-4.2597268203609859,-18.378642371283679,2.7999999999999998,4.2597268203609859,-18.378642371283679,2.7999999999999998,BYPASS,BYPASS,RUNNING
908,18.16,0,-4.260826365061587,-18.395606775235819,2.7999999999999998,4.260826365061587,-18.395606775235819,2.7999999999999998,BYPASS,BYPASS,RUNNING
909,18.18,0,-4.2619259097621889,-18.41257117918796,2.7999999999999998,4.2619259097621889,-18.41257117918796,2.7999999999999998,BYPASS,BYPASS,RUNNING
910,18.199999999999999,0,-4.2630254544627899,-18.429535583140101,2.7999999999999998,4.2630254544627899,-18.429535583140101,2.7999999999999998,BYPASS,BYPASS,RUNNING
911,18.219999999999999,0,-4.2641249991633918,-18.446499987092242,2.7999999999999998,4.2641249991633918,-18.446499987092242,2.7999999999999998,BYPASS,BYPASS,RUNNING
912,18.239999999999998,0,-4.2652245438639937,-18.463464391044383,2.7999999999999998,4.2652245438639937,-18.463464391044383,2.7999999999999998,BYPASS,BYPASS,RUNNING
913,18.260000000000002,0,-4.2663240885645948,-18.480428794996524,2.7999999999999998,4.2663240885645948,-18.480428794996524,2.7999999999999998,BYPASS,BYPASS,RUNNING
914,18.280000000000001,0,-4.2674236332651967,-18.497393198948664,2.7999999999999998,4.2674236332651967,-18.497393198948664,2.7999999999999998,BYPASS,BYPASS,RUNNING
915,18.300000000000001,0,-4.2685231779657977,-18.514357602900805,2.7999999999999998,4.2685231779657977,-18.514357602900805,2.7999999999999998,BYPASS,BYPASS,RUNNING
916,18.32,0,-4.2696227226663996,-18.531322006852946,2.7999999999999998,4.2696227226663996,-18.531322006852946,2.7999999999999998,BYPASS,BYPASS,RUNNING
917,18.34,0,-4.2707222673670007,-18.548286410805087,2.7999999999999998,4.2707222673670007,-18.548286410805087,2.7999999999999998,BYPASS,BYPASS,RUNNING
918,18.359999999999999,0,-4.2718218120676026,-18.565250814757228,2.7999999999999998,4.2718218120676026,-18.565250814757228,2.7999999999999998,BYPASS,BYPASS,RUNNING
919,18.379999999999999,0,-4.2729213567682045,-18.582215218709369,2.7999999999999998,4.2729213567682045,-18.582215218709369,2.7999999999999998,BYPASS,BYPASS,RUNNING
920,18.399999999999999,0,-4.2740209014688055,-18.599179622661509,2.7999999999999998,4.2740209014688055,-18.599179622661509,2.7999999999999998,BYPASS,BYPASS,RUNNING
921,18.420000000000002,0,-4.2751204461694075,-18.61614402661365,2.7999999999999998,4.2751204461694075,-18.61614402661365,2.7999999999999998,BYPASS,BYPASS,RUNNING
922,18.440000000000001,0,-4.2762199908700085,-18.633108430565791,2.7999999999999998,4.2762199908700085,-18.633108430565791,2.7999999999999998,BYPASS,BYPASS,RUNNING
923,18.460000000000001,0,-4.2773195355706104,-18.650072834517932,2.7999999999999998,4.2773195355706104,-18.650072834517932,2.7999999999999998,BYPASS,BYPASS,RUNNING
924,18.48,0,-4.2784190802712114,-18.667037238470073,2.7999999999999998,4.2784190802712114,-18.667037238470073,2.7999999999999998,BYPASS,BYPASS,RUNNING
925,18.5,0,-4.2795186249718133,-18.684001642422214,2.7999999999999998,4.2795186249718133,-18.684001642422214,2.7999999999999998,BYPASS,BYPASS,RUNNING
926,18.52,0,-4.2806181696724153,-18.700966046374354,2.7999999999999998,4.2806181696724153,-18.700966046374354,2.7999999999999998,BYPASS,BYPASS,RUNNING
927,18.539999999999999,0,-4.2817177143730163,-18.717930450326495,2.7999999999999998,4.2817177143730163,-18.717930450326495,2.7999999999999998,BYPASS,BYPASS,RUNNING
928,18.559999999999999,0,-4.2828172590736182,-18.734894854278636,2.7999999999999998,4.2828172590736182,-18.734894854278636,2.7999999999999998,BYPASS,BYPASS,RUNNING
929,18.579999999999998,0,-4.2839168037742192,-18.751859258230777,2.7999999999999998,4.2839168037742192,-18.751859258230777,2.7999999999999998,BYPASS,BYPASS,RUNNING
930,18.600000000000001,0,-4.2850163484748212,-18.768823662182918,2.7999999999999998,4.2850163484748212,-18.768823662182918,2.7999999999999998,BYPASS,BYPASS,RUNNING
931,18.620000000000001,0,-4.2861158931754222,-18.785788066135058,2.7999999999999998,4.2861158931754222,-18.785788066135058,2.7999999999999998,BYPASS,BYPASS,RUNNING
932,18.640000000000001,0,-4.2872154378760241,-18.802752470087199,2.7999999999999998,4.2872154378760241,-18.802752470087199,2.7999999999999998,BYPASS,BYPASS,RUNNING
933,18.66,0,-4.288314982576626,-18.81971687403934,2.7999999999999998,4.288314982576626,-18.81971687403934,2.7999999999999998,BYPASS,BYPASS,RUNNING
934,18.68,0,-4.2894145272772271,-18.836681277991481,2.7999999999999998,4.2894145272772271,-18.836681277991481,2.7999999999999998,BYPASS,BYPASS,RUNNING
935,18.699999999999999,0,-4.290514071977829,-18.853645681943622,2.7999999999999998,4.290514071977829,-18.853645681943622,2.7999999999999998,BYPASS,BYPASS,RUNNING
936,18.719999999999999,0,-4.29161361667843,-18.870610085895763,2.7999999999999998,4.29161361667843,-18.870610085895763,2.7999999999999998,BYPASS,BYPASS,RUNNING
937,18.739999999999998,0,-4.2927131613790319,-18.887574489847903,2.7999999999999998,4.2927131613790319,-18.887574489847903,2.7999999999999998,BYPASS,BYPASS,RUNNING
938,18.760000000000002,0,-4.2938127060796329,-18.904538893800044,2.7999999999999998,4.2938127060796329,-18.904538893800044,2.7999999999999998,BYPASS,BYPASS,RUNNING
939,18.780000000000001,0,-4.2949122507802349,-18.921503297752185,2.7999999999999998,4.2949122507802349,-18.921503297752185,2.7999999999999998,BYPASS,BYPASS,RUNNING
940,18.800000000000001,0,-4.2960117954808368,-18.938467701704326,2.7999999999999998,4.2960117954808368,-18.938467701704326,2.7999999999999998,BYPASS,BYPASS,RUNNING
941,18.82,0,-4.2971113401814378,-18.955432105656467,2.7999999999999998,4.2971113401814378,-18.955432105656467,2.7999999999999998,BYPASS,BYPASS,RUNNING
942,18.84,0,-4.2982108848820397,-18.972396509608608,2.7999999999999998,4.2982108848820397,-18.972396509608608,2.7999999999999998,BYPASS,BYPASS,RUNNING
943,18.859999999999999,0,-4.2993104295826408,-18.989360913560748,2.7999999999999998,4.2993104295826408,-18.989360913560748,2.7999999999999998,BYPASS,BYPASS,RUNNING
944,18.879999999999999,0,-4.2999999999999998,-19,2.7999999999999998,4.2999999999999998,-19,2.7999999999999998,BYPASS,BYPASS,RUNNING
945,18.899999999999999,0,-4.2999999999999998,-19.016999999999999,2.7999999999999998,4.2999999999999998,-19.016999999999999,2.7999999999999998,BYPASS,BYPASS,RUNNING
946,18.920000000000002,0,-4.2999999999999998,-19.033999999999999,2.7999999999999998,4.2999999999999998,-19.033999999999999,2.7999999999999998,BYPASS,BYPASS,RUNNING
947,18.940000000000001,0,-4.2999999999999998,-19.050999999999998,2.7999999999999998,4.2999999999999998,-19.050999999999998,2.7999999999999998,BYPASS,BYPASS,RUNNING
948,18.960000000000001,0,-4.2999999999999998,-19.067999999999998,2.7999999999999998,4.2999999999999998,-19.067999999999998,2.7999999999999998,BYPASS,BYPASS,RUNNING
949,18.98,0,-4.2999999999999998,-19.084999999999997,2.7999999999999998,4.2999999999999998,-19.084999999999997,2.7999999999999998,BYPASS,BYPASS,RUNNING
950,19,0,-4.2999999999999998,-19.101999999999997,2.7999999999999998,4.2999999999999998,-19.101999999999997,2.7999999999999998,BYPASS,BYPASS,RUNNING
951,19.02,0,-4.2999999999999998,-19.118999999999996,2.7999999999999998,4.2999999999999998,-19.118999999999996,2.7999999999999998,BYPASS,BYPASS,RUNNING
952,19.039999999999999,0,-4.2999999999999998,-19.135999999999996,2.7999999999999998,4.2999999999999998,-19.135999999999996,2.7999999999999998,BYPASS,BYPASS,RUNNING
953,19.059999999999999,0,-4.2999999999999998,-19.152999999999995,2.7999999999999998,4.2999999999999998,-19.152999999999995,2.7999999999999998,BYPASS,BYPASS,RUNNING
954,19.079999999999998,0,-4.2999999999999998,-19.169999999999995,2.7999999999999998,4.2999999999999998,-19.169999999999995,2.7999999999999998,BYPASS,BYPASS,RUNNING
955,19.100000000000001,0,-4.2999999999999998,-19.186999999999994,2.7999999999999998,4.2999999999999998,-19.186999999999994,2.7999999999999998,BYPASS,BYPASS,RUNNING
956,19.120000000000001,0,-4.2999999999999998,-19.203999999999994,2.7999999999999998,4.2999999999999998,-19.203999999999994,2.7999999999999998,BYPASS,BYPASS,RUNNING
957,19.140000000000001,0,-4.2999999999999998,-19.220999999999993,2.7999999999999998,4.2999999999999998,-19.220999999999993,2.7999999999999998,BYPASS,BYPASS,RUNNING
958,19.16,0,-4.2999999999999998,-19.237999999999992,2.7999999999999998,4.2999999999999998,-19.237999999999992,2.7999999999999998,BYPASS,BYPASS,RUNNING
959,19.18,0,-4.2999999999999998,-19.254999999999992,2.7999999999999998,4.2999999999999998,-19.254999999999992,2.7999999999999998,BYPASS,BYPASS,RUNNING
960,19.199999999999999,0,-4.2999999999999998,-19.271999999999991,2.7999999999999998,4.2999999999999998,-19.271999999999991,2.7999999999999998,BYPASS,BYPASS,RUNNING
961,19.219999999999999,0,-4.2999999999999998,-19.288999999999991,2.7999999999999998,4.2999999999999998,-19.288999999999991,2.7999999999999998,BYPASS,BYPASS,RUNNING
962,19.239999999999998,0,-4.2999999999999998,-19.30599999999999,2.7999999999999998,4.2999999999999998,-19.30599999999999,2.7999999999999998,BYPASS,BYPASS,RUNNING
963,19.260000000000002,0,-4.2999999999999998,-19.32299999999999,2.7999999999999998,4.2999999999999998,-19.32299999999999,2.7999999999999998,BYPASS,BYPASS,RUNNING
964,19.280000000000001,0,-4.2999999999999998,-19.339999999999989,2.7999999999999998,4.2999999999999998,-19.339999999999989,2.7999999999999998,BYPASS,BYPASS,RUNNING
965,19.300000000000001,0,-4.2999999999999998,-19.356999999999989,2.7999999999999998,4.2999999999999998,-19.356999999999989,2.7999999999999998,BYPASS,BYPASS,RUNNING
966,19.32,0,-4.2999999999999998,-19.373999999999988,2.7999999999999998,4.2999999999999998,-19.373999999999988,2.7999999999999998,BYPASS,BYPASS,RUNNING
967,19.34,0,-4.2999999999999998,-19.390999999999988,2.7999999999999998,4.2999999999999998,-19.390999999999988,2.7999999999999998,BYPASS,BYPASS,RUNNING
968,19.359999999999999,0,-4.2999999999999998,-19.407999999999987,2.7999999999999998,4.2999999999999998,-19.407999999999987,2.7999999999999998,BYPASS,BYPASS,RUNNING
969,19.379999999999999,0,-4.2999999999999998,-19.424999999999986,2.7999999999999998,4.2999999999999998,-19.424999999999986,2.7999999999999998,BYPASS,BYPASS,RUNNING
970,19.399999999999999,0,-4.2999999999999998,-19.441999999999986,2.7999999999999998,4.2999999999999998,-19.441999999999986,2.7999999999999998,BYPASS,BYPASS,RUNNING
971,19.420000000000002,0,-4.2999999999999998,-19.458999999999985,2.7999999999999998,4.2999999999999998,-19.458999999999985,2.7999999999999998,BYPASS,BYPASS,RUNNING
972,19.440000000000001,0,-4.2999999999999998,-19.475999999999985,2.7999999999999998,4.2999999999999998,-19.475999999999985,2.7999999999999998,BYPASS,BYPASS,RUNNING
973,19.460000000000001,0,-4.2999999999999998,-19.492999999999984,2.7999999999999998,4.2999999999999998,-19.492999999999984,2.7999999999999998,BYPASS,BYPASS,RUNNING
974,19.48,0,-4.2999999999999998,-19.509999999999984,2.7999999999999998,4.2999999999999998,-19.509999999999984,2.7999999999999998,BYPASS,BYPASS,RUNNING
975,19.5,0,-4.2999999999999998,-19.526999999999983,2.7999999999999998,4.2999999999999998,-19.526999999999983,2.7999999999999998,BYPASS,BYPASS,RUNNING
976,19.52,0,-4.2999999999999998,-19.543999999999983,2.7999999999999998,4.2999999999999998,-19.543999999999983,2.7999999999999998,BYPASS,BYPASS,RUNNING
977,19.539999999999999,0,-4.2999999999999998,-19.560999999999982,2.7999999999999998,4.2999999999999998,-19.560999999999982,2.7999999999999998,BYPASS,BYPASS,RUNNING
978,19.559999999999999,0,-4.2999999999999998,-19.577999999999982,2.7999999999999998,4.2999999999999998,-19.577999999999982,2.7999999999999998,BYPASS,BYPASS,RUNNING
979,19.579999999999998,0,-4.2999999999999998,-19.594999999999981,2.7999999999999998,4.2999999999999998,-19.594999999999981,2.7999999999999998,BYPASS,BYPASS,RUNNING
980,19.600000000000001,0,-4.2999999999999998,-19.611999999999981,2.7999999999999998,4.2999999999999998,-19.611999999999981,2.7999999999999998,BYPASS,BYPASS,RUNNING
981,19.620000000000001,0,-4.2999999999999998,-19.62899999999998,2.7999999999999998,4.2999999999999998,-19.62899999999998,2.7999999999999998,BYPASS,BYPASS,RUNNING
982,19.640000000000001,0,-4.2999999999999998,-19.645999999999979,2.7999999999999998,4.2999999999999998,-19.645999999999979,2.7999999999999998,BYPASS,BYPASS,RUNNING
983,19.66,0,-4.2999999999999998,-19.662999999999979,2.7999999999999998,4.2999999999999998,-19.662999999999979,2.7999999999999998,BYPASS,BYPASS,RUNNING
984,19.68,0,-4.2999999999999998,-19.679999999999978,2.7999999999999998,4.2999999999999998,-19.679999999999978,2.7999999999999998,BYPASS,BYPASS,RUNNING
985,19.699999999999999,0,-4.2999999999999998,-19.696999999999978,2.7999999999999998,4.2999999999999998,-19.696999999999978,2.7999999999999998,BYPASS,BYPASS,RUNNING
986,19.719999999999999,0,-4.2999999999999998,-19.713999999999977,2.7999999999999998,4.2999999999999998,-19.713999999999977,2.7999999999999998,BYPASS,BYPASS,RUNNING
987,19.739999999999998,0,-4.2999999999999998,-19.730999999999977,2.7999999999999998,4.2999999999999998,-19.730999999999977,2.7999999999999998,BYPASS,BYPASS,RUNNING
988,19.760000000000002,0,-4.2999999999999998,-19.747999999999976,2.7999999999999998,4.2999999999999998,-19.747999999999976,2.7999999999999998,BYPASS,BYPASS,RUNNING
989,19.780000000000001,0,-4.2999999999999998,-19.764999999999976,2.7999999999999998,4.2999999999999998,-19.764999999999976,2.7999999999999998,BYPASS,BYPASS,RUNNING
990,19.800000000000001,0,-4.2999999999999998,-19.781999999999975,2.7999999999999998,4.2999999999999998,-19.781999999999975,2.7999999999999998,BYPASS,BYPASS,RUNNING
991,19.82,0,-4.2999999999999998,-19.798999999999975,2.7999999999999998,4.2999999999999998,-19.798999999999975,2.7999999999999998,BYPASS,BYPASS,RUNNING
992,19.84,0,-4.2999999999999998,-19.815999999999974,2.7999999999999998,4.2999999999999998,-19.815999999999974,2.7999999999999998,BYPASS,BYPASS,RUNNING
993,19.859999999999999,0,-4.2999999999999998,-19.832999999999974,2.7999999999999998,4.2999999999999998,-19.832999999999974,2.7999999999999998,BYPASS,BYPASS,RUNNING
994,19.879999999999999,0,-4.2999999999999998,-19.849999999999973,2.7999999999999998,4.2999999999999998,-19.849999999999973,2.7999999999999998,BYPASS,BYPASS,RUNNING
995,19.899999999999999,0,-4.2999999999999998,-19.866999999999972,2.7999999999999998,4.2999999999999998,-19.866999999999972,2.7999999999999998,BYPASS,BYPASS,RUNNING
996,19.920000000000002,0,-4.2999999999999998,-19.883999999999972,2.7999999999999998,4.2999999999999998,-19.883999999999972,2.7999999999999998,BYPASS,BYPASS,RUNNING
997,19.940000000000001,0,-4.2999999999999998,-19.900999999999971,2.7999999999999998,4.2999999999999998,-19.900999999999971,2.7999999999999998,BYPASS,BYPASS,RUNNING
998,19.960000000000001,0,-4.2999999999999998,-19.917999999999971,2.7999999999999998,4.2999999999999998,-19.917999999999971,2.7999999999999998,BYPASS,BYPASS,RUNNING
999,19.98,0,-4.2999999999999998,-19.93499999999997,2.7999999999999998,4.2999999999999998,-19.93499999999997,2.7999999999999998,BYPASS,BYPASS,RUNNING
1000,20,0,-4.2999999999999998,-19.95199999999997,2.7999999999999998,4.2999999999999998,-19.95199999999997,2.7999999999999998,BYPASS,BYPASS,RUNNING
1001,20.02,0,-4.2999999999999998,-19.968999999999969,2.7999999999999998,4.2999999999999998,-19.968999999999969,2.7999999999999998,BYPASS,BYPASS,RUNNING
1002,20.039999999999999,0,-4.2999999999999998,-19.985999999999969,2.7999999999999998,4.2999999999999998,-19.985999999999969,2.7999999999999998,BYPASS,BYPASS,RUNNING
1003,20.059999999999999,0,-4.2999999999999998,-20.002999999999968,2.7999999999999998,4.2999999999999998,-20.002999999999968,2.7999999999999998,BYPASS,BYPASS,RUNNING
1004,20.079999999999998,0,-4.2999999999999998,-20.019999999999968,2.7999999999999998,4.2999999999999998,-20.019999999999968,2.7999999999999998,BYPASS,BYPASS,RUNNING
1005,20.100000000000001,0,-4.2999999999999998,-20.036999999999967,2.7999999999999998,4.2999999999999998,-20.036999999999967,2.7999999999999998,BYPASS,BYPASS,RUNNING
1006,20.120000000000001,0,-4.2999999999999998,-20.053999999999967,2.7999999999999998,4.2999999999999998,-20.053999999999967,2.7999999999999998,BYPASS,BYPASS,RUNNING
1007,20.140000000000001,0,-4.2999999999999998,-20.070999999999966,2.7999999999999998,4.2999999999999998,-20.070999999999966,2.7999999999999998,BYPASS,BYPASS,RUNNING
1008,20.16,0,-4.2999999999999998,-20.087999999999965,2.7999999999999998,4.2999999999999998,-20.087999999999965,2.7999999999999998,BYPASS,BYPASS,RUNNING
1009,20.18,0,-4.2999999999999998,-20.104999999999965,2.7999999999999998,4.2999999999999998,-20.104999999999965,2.7999999999999998,BYPASS,BYPASS,RUNNING
1010,20.199999999999999,0,-4.2999999999999998,-20.121999999999964,2.7999999999999998,4.2999999999999998,-20.121999999999964,2.7999999999999998,BYPASS,BYPASS,RUNNING
1011,20.219999999999999,0,-4.2999999999999998,-20.138999999999964,2.7999999999999998,4.2999999999999998,-20.138999999999964,2.7999999999999998,BYPASS,BYPASS,RUNNING
1012,20.239999999999998,0,-4.2999999999999998,-20.155999999999963,2.7999999999999998,4.2999999999999998,-20.155999999999963,2.7999999999999998,BYPASS,BYPASS,RUNNING
1013,20.260000000000002,0,-4.2999999999999998,-20.172999999999963,2.7999999999999998,4.2999999999999998,-20.172999999999963,2.7999999999999998,BYPASS,BYPASS,RUNNING
1014,20.280000000000001,0,-4.2999999999999998,-20.189999999999962,2.7999999999999998,4.2999999999999998,-20.189999999999962,2.7999999999999998,BYPASS,BYPASS,RUNNING
1015,20.300000000000001,0,-4.2999999999999998,-20.206999999999962,2.7999999999999998,4.2999999999999998,-20.206999999999962,2.7999999999999998,BYPASS,BYPASS,RUNNING
1016,20.32,0,-4.2999999999999998,-20.223999999999961,2.7999999999999998,4.2999999999999998,-20.223999999999961,2.7999999999999998,BYPASS,BYPASS,RUNNING
1017,20.34,0,-4.2999999999999998,-20.240999999999961,2.7999999999999998,4.2999999999999998,-20.240999999999961,2.7999999999999998,BYPASS,BYPASS,RUNNING
1018,20.359999999999999,0,-4.2999999999999998,-20.25799999999996,2.7999999999999998,4.2999999999999998,-20.25799999999996,2.7999999999999998,BYPASS,BYPASS,RUNNING
1019,20.379999999999999,0,-4.2999999999999998,-20.274999999999959,2.7999999999999998,4.2999999999999998,-20.274999999999959,2.7999999999999998,BYPASS,BYPASS,RUNNING
1020,20.399999999999999,0,-4.2999999999999998,-20.291999999999959,2.7999999999999998,4.2999999999999998,-20.291999999999959,2.7999999999999998,BYPASS,BYPASS,RUNNING
1021,20.420000000000002,0,-4.2999999999999998,-20.308999999999958,2.7999999999999998,4.2999999999999998,-20.308999999999958,2.7999999999999998,BYPASS,BYPASS,RUNNING
1022,20.440000000000001,0,-4.2999999999999998,-20.325999999999958,2.7999999999999998,4.2999999999999998,-20.325999999999958,2.7999999999999998,BYPASS,BYPASS,RUNNING
1023,20.460000000000001,0,-4.2999999999999998,-20.342999999999957,2.7999999999999998,4.2999999999999998,-20.342999999999957,2.7999999999999998,BYPASS,BYPASS,RUNNING
1024,20.48,0,-4.2999999999999998,-20.359999999999957,2.7999999999999998,4.2999999999999998,-20.359999999999957,2.7999999999999998,BYPASS,BYPASS,RUNNING
1025,20.5,0,-4.2999999999999998,-20.376999999999956,2.7999999999999998,4.2999999999999998,-20.376999999999956,2.7999999999999998,BYPASS,BYPASS,RUNNING
1026,20.52,0,-4.2999999999999998,-20.393999999999956,2.7999999999999998,4.2999999999999998,-20.393999999999956,2.7999999999999998,BYPASS,BYPASS,RUNNING
1027,20.539999999999999,0,-4.2999999999999998,-20.410999999999955,2.7999999999999998,4.2999999999999998,-20.410999999999955,2.7999999999999998,BYPASS,BYPASS,RUNNING
1028,20.559999999999999,0,-4.2999999999999998,-20.427999999999955,2.7999999999999998,4.2999999999999998,-20.427999999999955,2.7999999999999998,BYPASS,BYPASS,RUNNING
1029,20.579999999999998,0,-4.2999999999999998,-20.444999999999954,2.7999999999999998,4.2999999999999998,-20.444999999999954,2.7999999999999998,BYPASS,BYPASS,RUNNING
1030,20.600000000000001,0,-4.2999999999999998,-20.461999999999954,2.7999999999999998,4.2999999999999998,-20.461999999999954,2.7999999999999998,BYPASS,BYPASS,RUNNING
1031,20.620000000000001,0,-4.2999999999999998,-20.478999999999953,2.7999999999999998,4.2999999999999998,-20.478999999999953,2.7999999999999998,BYPASS,BYPASS,RUNNING
1032,20.640000000000001,0,-4.2999999999999998,-20.495999999999952,2.7999999999999998,4.2999999999999998,-20.495999999999952,2.7999999999999998,BYPASS,BYPASS,RUNNING
1033,20.66,0,-4.2999999999999998,-20.512999999999952,2.7999999999999998,4.2999999999999998,-20.512999999999952,2.7999999999999998,BYPASS,BYPASS,RUNNING
1034,20.68,0,-4.2999999999999998,-20.529999999999951,2.7999999999999998,4.2999999999999998,-20.529999999999951,2.7999999999999998,BYPASS,BYPASS,RUNNING
1035,20.699999999999999,0,-4.2999999999999998,-20.546999999999951,2.7999999999999998,4.2999999999999998,-20.546999999999951,2.7999999999999998,BYPASS,BYPASS,RUNNING
1036,20.719999999999999,0,-4.2999999999999998,-20.56399999999995,2.7999999999999998,4.2999999999999998,-20.56399999999995,2.7999999999999998,BYPASS,BYPASS,RUNNING
1037,20.739999999999998,0,-4.2999999999999998,-20.58099999999995,2.7999999999999998,4.2999999999999998,-20.58099999999995,2.7999999999999998,BYPASS,BYPASS,RUNNING
1038,20.760000000000002,0,-4.2999999999999998,-20.597999999999949,2.7999999999999998,4.2999999999999998,-20.597999999999949,2.7999999999999998,BYPASS,BYPASS,RUNNING
1039,20.780000000000001,0,-4.2999999999999998,-20.614999999999949,2.7999999999999998,4.2999999999999998,-20.614999999999949,2.7999999999999998,BYPASS,BYPASS,RUNNING
1040,20.800000000000001,0,-4.2999999999999998,-20.631999999999948,2.7999999999999998,4.2999999999999998,-20.631999999999948,2.7999999999999998,BYPASS,BYPASS,RUNNING
1041,20.82,0,-4.2999999999999998,-20.648999999999948,2.7999999999999998,4.2999999999999998,-20.648999999999948,2.7999999999999998,BYPASS,BYPASS,RUNNING
1042,20.84,0,-4.2999999999999998,-20.665999999999947,2.7999999999999998,4.2999999999999998,-20.665999999999947,2.7999999999999998,BYPASS,BYPASS,RUNNING
1043,20.859999999999999,0,-4.2999999999999998,-20.682999999999947,2.7999999999999998,4.2999999999999998,-20.682999999999947,2.7999999999999998,BYPASS,BYPASS,RUNNING
1044,20.879999999999999,0,-4.2999999999999998,-20.699999999999946,2.7999999999999998,4.2999999999999998,-20.699999999999946,2.7999999999999998,BYPASS,BYPASS,RUNNING
1045,20.899999999999999,0,-4.2999999999999998,-20.716999999999945,2.7999999999999998,4.2999999999999998,-20.716999999999945,2.7999999999999998,BYPASS,BYPASS,RUNNING
1046,20.920000000000002,0,-4.2999999999999998,-20.733999999999945,2.7999999999999998,4.2999999999999998,-20.733999999999945,2.7999999999999998,BYPASS,BYPASS,RUNNING
1047,20.940000000000001,0,-4.2999999999999998,-20.750999999999944,2.7999999999999998,4.2999999999999998,-20.750999999999944,2.7999999999999998,BYPASS,BYPASS,RUNNING
1048,20.960000000000001,0,-4.2999999999999998,-20.767999999999944,2.7999999999999998,4.2999999999999998,-20.767999999999944,2.7999999999999998,BYPASS,BYPASS,RUNNING
1049,20.98,0,-4.2999999999999998,-20.784999999999943,2.7999999999999998,4.2999999999999998,-20.784999999999943,2.7999999999999998,BYPASS,BYPASS,RUNNING
1050,21,0,-4.2999999999999998,-20.801999999999943,2.7999999999999998,4.2999999999999998,-20.801999999999943,2.7999999999999998,BYPASS,BYPASS,RUNNING
1051,21.02,0,-4.2999999999999998,-20.818999999999942,2.7999999999999998,4.2999999999999998,-20.818999999999942,2.7999999999999998,BYPASS,BYPASS,RUNNING
1052,21.039999999999999,0,-4.2999999999999998,-20.835999999999942,2.7999999999999998,4.2999999999999998,-20.835999999999942,2.7999999999999998,BYPASS,BYPASS,RUNNING
1053,21.059999999999999,0,-4.2999999999999998,-20.852999999999941,2.7999999999999998,4.2999999999999998,-20.852999999999941,2.7999999999999998,BYPASS,BYPASS,RUNNING
1054,21.079999999999998,0,-4.2999999999999998,-20.869999999999941,2.7999999999999998,4.2999999999999998,-20.869999999999941,2.7999999999999998,BYPASS,BYPASS,RUNNING
1055,21.100000000000001,0,-4.2999999999999998,-20.88699999999994,2.7999999999999998,4.2999999999999998,-20.88699999999994,2.7999999999999998,BYPASS,BYPASS,RUNNING
1056,21.120000000000001,0,-4.2999999999999998,-20.90399999999994,2.7999999999999998,4.2999999999999998,-20.90399999999994,2.7999999999999998,BYPASS,BYPASS,RUNNING
1057,21.140000000000001,0,-4.2999999999999998,-20.920999999999939,2.7999999999999998,4.2999999999999998,-20.920999999999939,2.7999999999999998,BYPASS,BYPASS,RUNNING
1058,21.16,0,-4.2999999999999998,-20.937999999999938,2.7999999999999998,4.2999999999999998,-20.937999999999938,2.7999999999999998,BYPASS,BYPASS,RUNNING
1059,21.18,0,-4.2999999999999998,-20.954999999999938,2.7999999999999998,4.2999999999999998,-20.954999999999938,2.7999999999999998,BYPASS,BYPASS,RUNNING
1060,21.199999999999999,0,-4.2999999999999998,-20.971999999999937,2.7999999999999998,4.2999999999999998,-20.971999999999937,2.7999999999999998,BYPASS,BYPASS,RUNNING
1061,21.219999999999999,0,-4.2999999999999998,-20.988999999999937,2.7999999999999998,4.2999999999999998,-20.988999999999937,2.7999999999999998,BYPASS,BYPASS,RUNNING
1062,21.239999999999998,0,-4.2999999999999998,-21.005999999999936,2.7999999999999998,4.2999999999999998,-21.005999999999936,2.7999999999999998,BYPASS,BYPASS,RUNNING
1063,21.260000000000002,0,-4.2999999999999998,-21.022999999999936,2.7999999999999998,4.2999999999999998,-21.022999999999936,2.7999999999999998,BYPASS,BYPASS,RUNNING
1064,21.280000000000001,0,-4.2999999999999998,-21.039999999999935,2.7999999999999998,4.2999999999999998,-21.039999999999935,2.7999999999999998,BYPASS,BYPASS,RUNNING
1065,21.300000000000001,0,-4.2999999999999998,-21.056999999999935,2.7999999999999998,4.2999999999999998,-21.056999999999935,2.7999999999999998,BYPASS,BYPASS,RUNNING
1066,21.32,0,-4.2999999999999998,-21.073999999999934,2.7999999999999998,4.2999999999999998,-21.073999999999934,2.7999999999999998,BYPASS,BYPASS,RUNNING
1067,21.34,0,-4.2999999999999998,-21.090999999999934,2.7999999999999998,4.2999999999999998,-21.090999999999934,2.7999999999999998,BYPASS,BYPASS,RUNNING
1068,21.359999999999999,0,-4.2999999999999998,-21.107999999999933,2.7999999999999998,4.2999999999999998,-21.107999999999933,2.7999999999999998,BYPASS,BYPASS,RUNNING
1069,21.379999999999999,0,-4.2999999999999998,-21.124999999999932,2.7999999999999998,4.2999999999999998,-21.124999999999932,2.7999999999999998,BYPASS,BYPASS,RUNNING
1069,21.379999999999999,1,-4.2999999999999998,-21.124999999999932,2.7999999999999998,4.2999999999999998,-21.124999999999932,2.7999999999999998,BYPASS,BYPASS,RUNNING
1069,21.379999999999999,1,-4.2999999999999998,-21.124999999999932,2.7999999999999998,4.2999999999999998,-21.124999999999932,2.7999999999999998,BYPASS,BYPASS,RUNNING
1069,21.379999999999999,1,-4.2999999999999998,-21.124999999999932,2.7999999999999998,4.2999999999999998,-21.124999999999932,2.7999999999999998,BYPASS,BYPASS,RUNNING
1069,21.379999999999999,1,-4.2999999999999998,-21.124999999999932,2.7999999999999998,4.2999999999999998,-21.124999999999932,2.7999999999999998,BYPASS,BYPASS,RUNNING
1069,21.379999999999999,1,-4.2999999999999998,-21.124999999999932,2.7999999999999998,4.2999999999999998,-21.124999999999932,2.7999999999999998,BYPASS,BYPASS,RUNNING
1069,21.379999999999999,1,-4.2999999999999998,-21.124999999999932,2.7999999999999998,4.2999999999999998,-21.124999999999932,2.7999999999999998,BYPASS,BYPASS,RUNNING
1069,21.379999999999999,1,-4.2999999999999998,-21.124999999999932,2.7999999999999998,4.2999999999999998,-21.124999999999932,2.7999999999999998,BYPASS,BYPASS,RUNNING
1069,21.379999999999999,1,-4.2999999999999998,-21.124999999999932,2.7999999999999998,4.2999999999999998,-21.124999999999932,2.7999999999999998,BYPASS,BYPASS,RUNNING
1069,21.379999999999999,1,-4.2999999999999998,-21.124999999999932,2.7999999999999998,4.2999999999999998,-21.124999999999932,2.7999999999999998,BYPASS,BYPASS,RUNNING
1069,21.379999999999999,1,-4.2999999999999998,-21.124999999999932,2.7999999999999998,4.2999999999999998,-21.124999999999932,2.7999999999999998,BYPASS,BYPASS,RUNNING
1069,21.379999999999999,1,-4.2999999999999998,-21.124999999999932,2.7999999999999998,4.2999999999999998,-21.124999999999932,2.7999999999999998,BYPASS,BYPASS,RUNNING
1069,21.379999999999999,1,-4.2999999999999998,-21.124999999999932,2.7999999999999998,4.2999999999999998,-21.124999999999932,2.7999999999999998,BYPASS,BYPASS,RUNNING
1069,21.379999999999999,1,-4.2999999999999998,-21.124999999999932,2.7999999999999998,4.2999999999999998,-21.124999999999932,2.7999999999999998,BYPASS,BYPASS,RUNNING
1069,21.379999999999999,1,-4.2999999999999998,-21.124999999999932,2.7999999999999998,4.2999999999999998,-21.124999999999932,2.7999999999999998,BYPASS,BYPASS,RUNNING
1069,21.379999999999999,1,-4.2999999999999998,-21.124999999999932,2.7999999999999998,4.2999999999999998,-21.124999999999932,2.7999999999999998,BYPASS,BYPASS,RUNNING
1069,21.379999999999999,1,-4.2999999999999998,-21.124999999999932,2.7999999999999998,4.2999999999999998,-21.124999999999932,2.7999999999999998,BYPASS,BYPASS,RUNNING
1069,21.379999999999999,1,-4.2999999999999998,-21.124999999999932,2.7999999999999998,4.2999999999999998,-21.124999999999932,2.7999999999999998,BYPASS,BYPASS,RUNNING
1069,21.379999999999999,1,-4.2999999999999998,-21.124999999999932,2.7999999999999998,4.2999999999999998,-21.124999999999932,2.7999999999999998,BYPASS,BYPASS,RUNNING
1069,21.379999999999999,1,-4.2999999999999998,-21.124999999999932,2.7999999999999998,4.2999999999999998,-21.124999999999932,2.7999999999999998,BYPASS,BYPASS,RUNNING
1069,21.379999999999999,1,-4.2999999999999998,-21.124999999999932,2.7999999999999998,4.2999999999999998,-21.124999999999932,2.7999999999999998,BYPASS,BYPASS,RUNNING
1069,21.379999999999999,1,-4.2999999999999998,-21.124999999999932,2.7999999999999998,4.2999999999999998,-21.124999999999932,2.7999999999999998,BYPASS,BYPASS,RUNNING
1069,21.379999999999999,1,-4.2999999999999998,-21.124999999999932,2.7999999999999998,4.2999999999999998,-21.124999999999932,2.7999999999999998,BYPASS,BYPASS,RUNNING
1069,21.379999999999999,1,-4.2999999999999998,-21.124999999999932,2.7999999999999998,4.2999999999999998,-21.124999999999932,2.7999999999999998,BYPASS,BYPASS,RUNNING
1069,21.379999999999999,1,-4.2999999999999998,-21.124999999999932,2.7999999999999998,4.2999999999999998,-21.124999999999932,2.7999999999999998,BYPASS,BYPASS,RUNNING
1069,21.379999999999999,1,-4.2999999999999998,-21.124999999999932,2.7999999999999998,4.2999999999999998,-21.124999999999932,2.7999999999999998,BYPASS,BYPASS,RUNNING
1069,21.379999999999999,1,-4.2999999999999998,-21.124999999999932,2.7999999999999998,4.2999999999999998,-21.124999999999932,2.7999999999999998,BYPASS,BYPASS,RUNNING
1069,21.379999999999999,1,-4.2999999999999998,-21.124999999999932,2.7999999999999998,4.2999999999999998,-21.124999999999932,2.7999999999999998,BYPASS,BYPASS,RUNNING
1069,21.379999999999999,1,-4.2999999999999998,-21.124999999999932,2.7999999999999998,4.2999999999999998,-21.124999999999932,2.7999999999999998,BYPASS,BYPASS,RUNNING
1069,21.379999999999999,1,-4.2999999999999998,-21.124999999999932,2.7999999999999998,4.2999999999999998,-21.124999999999932,2.7999999999999998,BYPASS,BYPASS,RUNNING
1069,21.379999999999999,1,-4.2999999999999998,-21.124999999999932,2.7999999999999998,4.2999999999999998,-21.124999999999932,2.7999999999999998,BYPASS,BYPASS,RUNNING
1069,21.379999999999999,1,-4.2999999999999998,-21.124999999999932,2.7999999999999998,4.2999999999999998,-21.124999999999932,2.7999999999999998,BYPASS,BYPASS,RUNNING
1069,21.379999999999999,1,-4.2999999999999998,-21.124999999999932,2.7999999999999998,4.2999999999999998,-21.124999999999932,2.7999999999999998,BYPASS,BYPASS,RUNNING
1069,21.379999999999999,1,-4.2999999999999998,-21.124999999999932,2.7999999999999998,4.2999999999999998,-21.124999999999932,2.7999999999999998,BYPASS,BYPASS,RUNNING
1069,21.379999999999999,1,-4.2999999999999998,-21.124999999999932,2.7999999999999998,4.2999999999999998,-21.124999999999932,2.7999999999999998,BYPASS,BYPASS,RUNNING
1069,21.379999999999999,1,-4.2999999999999998,-21.124999999999932,2.7999999999999998,4.2999999999999998,-21.124999999999932,2.7999999999999998,BYPASS,BYPASS,RUNNING
1069,21.379999999999999,1,-4.2999999999999998,-21.124999999999932,2.7999999999999998,4.2999999999999998,-21.124999999999932,2.7999999999999998,BYPASS,BYPASS,RUNNING
1069,21.379999999999999,1,-4.2999999999999998,-21.124999999999932,2.7999999999999998,4.2999999999999998,-21.124999999999932,2.7999999999999998,BYPASS,BYPASS,RUNNING
1069,21.379999999999999,1,-4.2999999999999998,-21.124999999999932,2.7999999999999998,4.2999999999999998,-21.124999999999932,2.7999999999999998,BYPASS,BYPASS,RUNNING
1069,21.379999999999999,1,-4.2999999999999998,-21.124999999999932,2.7999999999999998,4.2999999999999998,-21.124999999999932,2.7999999999999998,BYPASS,BYPASS,RUNNING
1069,21.379999999999999,1,-4.2999999999999998,-21.124999999999932,2.7999999999999998,4.2999999999999998,-21.124999999999932,2.7999999999999998,BYPASS,BYPASS,RUNNING
1069,21.379999999999999,1,-4.2999999999999998,-21.124999999999932,2.7999999999999998,4.2999999999999998,-21.124999999999932,2.7999999999999998,BYPASS,BYPASS,RUNNING
1069,21.379999999999999,1,-4.2999999999999998,-21.124999999999932,2.7999999999999998,4.2999999999999998,-21.124999999999932,2.7999999999999998,BYPASS,BYPASS,RUNNING
1069,21.379999999999999,1,-4.2999999999999998,-21.124999999999932,2.7999999999999998,4.2999999999999998,-21.124999999999932,2.7999999999999998,BYPASS,BYPASS,RUNNING
1069,21.379999999999999,1,-4.2999999999999998,-21.124999999999932,2.7999999999999998,4.2999999999999998,-21.124999999999932,2.7999999999999998,BYPASS,BYPASS,RUNNING
1069,21.379999999999999,1,-4.2999999999999998,-21.124999999999932,2.7999999999999998,4.2999999999999998,-21.124999999999932,2.7999999999999998,BYPASS,BYPASS,RUNNING
1069,21.379999999999999,1,-4.2999999999999998,-21.124999999999932,2.7999999999999998,4.2999999999999998,-21.124999999999932,2.7999999999999998,BYPASS,BYPASS,RUNNING
1069,21.379999999999999,1,-4.2999999999999998,-21.124999999999932,2.7999999999999998,4.2999999999999998,-21.124999999999932,2.7999999999999998,BYPASS,BYPASS,RUNNING
1069,21.379999999999999,1,-4.2999999999999998,-21.124999999999932,2.7999999999999998,4.2999999999999998,-21.124999999999932,2.7999999999999998,BYPASS,BYPASS,RUNNING
1069,21.379999999999999,1,-4.2999999999999998,-21.124999999999932,2.7999999999999998,4.2999999999999998,-21.124999999999932,2.7999999999999998,BYPASS,BYPASS,RUNNING
1069,21.379999999999999,1,-4.2999999999999998,-21.124999999999932,2.7999999999999998,4.2999999999999998,-21.124999999999932,2.7999999999999998,BYPASS,BYPASS,RUNNING
1069,21.379999999999999,1,-4.2999999999999998,-21.124999999999932,2.7999999999999998,4.2999999999999998,-21.124999999999932,2.7999999999999998,BYPASS,BYPASS,RUNNING
1069,21.379999999999999,1,-4.2999999999999998,-21.124999999999932,2.7999999999999998,4.2999999999999998,-21.124999999999932,2.7999999999999998,BYPASS,BYPASS,RUNNING
1069,21.379999999999999,1,-4.2999999999999998,-21.124999999999932,2.7999999999999998,4.2999999999999998,-21.124999999999932,2.7999999999999998,BYPASS,BYPASS,RUNNING
1069,21.379999999999999,1,-4.2999999999999998,-21.124999999999932,2.7999999999999998,4.2999999999999998,-21.124999999999932,2.7999999999999998,BYPASS,BYPASS,RUNNING
1069,21.379999999999999,1,-4.2999999999999998,-21.124999999999932,2.7999999999999998,4.2999999999999998,-21.124999999999932,2.7999999999999998,BYPASS,BYPASS,RUNNING
1069,21.379999999999999,1,-4.2999999999999998,-21.124999999999932,2.7999999999999998,4.2999999999999998,-21.124999999999932,2.7999999999999998,BYPASS,BYPASS,RUNNING
1069,21.379999999999999,1,-4.2999999999999998,-21.124999999999932,2.7999999999999998,4.2999999999999998,-21.124999999999932,2.7999999999999998,BYPASS,BYPASS,RUNNING
1069,21.379999999999999,1,-4.2999999999999998,-21.124999999999932,2.7999999999999998,4.2999999999999998,-21.124999999999932,2.7999999999999998,BYPASS,BYPASS,RUNNING
1069,21.379999999999999,1,-4.2999999999999998,-21.124999999999932,2.7999999999999998,4.2999999999999998,-21.124999999999932,2.7999999999999998,BYPASS,BYPASS,RUNNING
1069,21.379999999999999,1,-4.2999999999999998,-21.124999999999932,2.7999999999999998,4.2999999999999998,-21.124999999999932,2.7999999999999998,BYPASS,BYPASS,RUNNING
1069,21.379999999999999,1,-4.2999999999999998,-21.124999999999932,2.7999999999999998,4.2999999999999998,-21.124999999999932,2.7999999999999998,BYPASS,BYPASS,RUNNING
1069,21.379999999999999,1,-4.2999999999999998,-21.124999999999932,2.7999999999999998,4.2999999999999998,-21.124999999999932,2.7999999999999998,BYPASS,BYPASS,RUNNING
1069,21.379999999999999,1,-4.2999999999999998,-21.124999999999932,2.7999999999999998,4.2999999999999998,-21.124999999999932,2.7999999999999998,BYPASS,BYPASS,RUNNING
1069,21.379999999999999,1,-4.2999999999999998,-21.124999999999932,2.7999999999999998,4.2999999999999998,-21.124999999999932,2.7999999999999998,BYPASS,BYPASS,RUNNING
1069,21.379999999999999,1,-4.2999999999999998,-21.124999999999932,2.7999999999999998,4.2999999999999998,-21.124999999999932,2.7999999999999998,BYPASS,BYPASS,RUNNING
1069,21.379999999999999,1,-4.2999999999999998,-21.124999999999932,2.7999999999999998,4.2999999999999998,-21.124999999999932,2.7999999999999998,BYPASS,BYPASS,RUNNING
1069,21.379999999999999,1,-4.2999999999999998,-21.124999999999932,2.7999999999999998,4.2999999999999998,-21.124999999999932,2.7999999999999998,BYPASS,BYPASS,RUNNING
1069,21.379999999999999,1,-4.2999999999999998,-21.124999999999932,2.7999999999999998,4.2999999999999998,-21.124999999999932,2.7999999999999998,BYPASS,BYPASS,RUNNING
1069,21.379999999999999,1,-4.2999999999999998,-21.124999999999932,2.7999999999999998,4.2999999999999998,-21.124999999999932,2.7999999999999998,BYPASS,BYPASS,RUNNING
1069,21.379999999999999,1,-4.2999999999999998,-21.124999999999932,2.7999999999999998,4.2999999999999998,-21.124999999999932,2.7999999999999998,BYPASS,BYPASS,RUNNING
1069,21.379999999999999,1,-4.2999999999999998,-21.124999999999932,2.7999999999999998,4.2999999999999998,-21.124999999999932,2.7999999999999998,BYPASS,BYPASS,RUNNING
1069,21.379999999999999,1,-4.2999999999999998,-21.124999999999932,2.7999999999999998,4.2999999999999998,-21.124999999999932,2.7999999999999998,BYPASS,BYPASS,RUNNING
1069,21.379999999999999,1,-4.2999999999999998,-21.124999999999932,2.7999999999999998,4.2999999999999998,-21.124999999999932,2.7999999999999998,BYPASS,BYPASS,RUNNING
1069,21.379999999999999,1,-4.2999999999999998,-21.124999999999932,2.7999999999999998,4.2999999999999998,-21.124999999999932,2.7999999999999998,BYPASS,BYPASS,RUNNING
1069,21.379999999999999,1,-4.2999999999999998,-21.124999999999932,2.7999999999999998,4.2999999999999998,-21.124999999999932,2.7999999999999998,BYPASS,BYPASS,RUNNING
1069,21.379999999999999,1,-4.2999999999999998,-21.124999999999932,2.7999999999999998,4.2999999999999998,-21.124999999999932,2.7999999999999998,BYPASS,BYPASS,RUNNING
1069,21.379999999999999,1,-4.2999999999999998,-21.124999999999932,2.7999999999999998,4.2999999999999998,-21.124999999999932,2.7999999999999998,BYPASS,BYPASS,RUNNING
1069,21.379999999999999,1,-4.2999999999999998,-21.124999999999932,2.7999999999999998,4.2999999999999998,-21.124999999999932,2.7999999999999998,BYPASS,BYPASS,RUNNING
1069,21.379999999999999,1,-4.2999999999999998,-21.124999999999932,2.7999999999999998,4.2999999999999998,-21.124999999999932,2.7999999999999998,BYPASS,BYPASS,RUNNING
1069,21.379999999999999,1,-4.2999999999999998,-21.124999999999932,2.7999999999999998,4.2999999999999998,-21.124999999999932,2.7999999999999998,BYPASS,BYPASS,RUNNING
1069,21.379999999999999,1,-4.2999999999999998,-21.124999999999932,2.7999999999999998,4.2999999999999998,-21.124999999999932,2.7999999999999998,BYPASS,BYPASS,RUNNING
1069,21.379999999999999,1,-4.2999999999999998,-21.124999999999932,2.7999999999999998,4.2999999999999998,-21.124999999999932,2.7999999999999998,BYPASS,BYPASS,RUNNING
1069,21.379999999999999,1,-4.2999999999999998,-21.124999999999932,2.7999999999999998,4.2999999999999998,-21.124999999999932,2.7999999999999998,BYPASS,BYPASS,RUNNING
1069,21.379999999999999,1,-4.2999999999999998,-21.124999999999932,2.7999999999999998,4.2999999999999998,-21.124999999999932,2.7999999999999998,BYPASS,BYPASS,RUNNING
1069,21.379999999999999,1,-4.2999999999999998,-21.124999999999932,2.7999999999999998,4.2999999999999998,-21.124999999999932,2.7999999999999998,BYPASS,BYPASS,RUNNING
1069,21.379999999999999,1,-4.2999999999999998,-21.124999999999932,2.7999999999999998,4.2999999999999998,-21.124999999999932,2.7999999999999998,BYPASS,BYPASS,RUNNING
1069,21.379999999999999,1,-4.2999999999999998,-21.124999999999932,2.7999999999999998,4.2999999999999998,-21.124999999999932,2.7999999999999998,BYPASS,BYPASS,RUNNING
1069,21.379999999999999,1,-4.2999999999999998,-21.124999999999932,2.7999999999999998,4.2999999999999998,-21.124999999999932,2.7999999999999998,BYPASS,BYPASS,RUNNING
1069,21.379999999999999,1,-4.2999999999999998,-21.124999999999932,2.7999999999999998,4.2999999999999998,-21.124999999999932,2.7999999999999998,BYPASS,BYPASS,RUNNING
1069,21.379999999999999,1,-4.2999999999999998,-21.124999999999932,2.7999999999999998,4.2999999999999998,-21.124999999999932,2.7999999999999998,BYPASS,BYPASS,RUNNING
1069,21.379999999999999,1,-4.2999999999999998,-21.124999999999932,2.7999999999999998,4.2999999999999998,-21.124999999999932,2.7999999999999998,BYPASS,BYPASS,RUNNING
1069,21.379999999999999,1,-4.2999999999999998,-21.124999999999932,2.7999999999999998,4.2999999999999998,-21.124999999999932,2.7999999999999998,BYPASS,BYPASS,RUNNING
1069,21.379999999999999,1,-4.2999999999999998,-21.124999999999932,2.7999999999999998,4.2999999999999998,-21.124999999999932,2.7999999999999998,BYPASS,BYPASS,RUNNING
1069,21.379999999999999,1,-4.2999999999999998,-21.124999999999932,2.7999999999999998,4.2999999999999998,-21.124999999999932,2.7999999999999998,BYPASS,BYPASS,RUNNING
1069,21.379999999999999,1,-4.2999999999999998,-21.124999999999932,2.7999999999999998,4.2999999999999998,-21.124999999999932,2.7999999999999998,BYPASS,BYPASS,RUNNING
1069,21.379999999999999,1,-4.2999999999999998,-21.124999999999932,2.7999999999999998,4.2999999999999998,-21.124999999999932,2.7999999999999998,BYPASS,BYPASS,RUNNING
1069,21.379999999999999,1,-4.2999999999999998,-21.124999999999932,2.7999999999999998,4.2999999999999998,-21.124999999999932,2.7999999999999998,BYPASS,BYPASS,RUNNING
1069,21.379999999999999,1,-4.2999999999999998,-21.124999999999932,2.7999999999999998,4.2999999999999998,-21.124999999999932,2.7999999999999998,BYPASS,BYPASS,RUNNING
1069,21.379999999999999,1,-4.2999999999999998,-21.124999999999932,2.7999999999999998,4.2999999999999998,-21.124999999999932,2.7999999999999998,BYPASS,BYPASS,RUNNING
1069,21.379999999999999,1,-4.2999999999999998,-21.124999999999932,2.7999999999999998,4.2999999999999998,-21.124999999999932,2.7999999999999998,BYPASS,BYPASS,RUNNING
1069,21.379999999999999,1,-4.2999999999999998,-21.124999999999932,2.7999999999999998,4.2999999999999998,-21.124999999999932,2.7999999999999998,BYPASS,BYPASS,RUNNING
1069,21.379999999999999,1,-4.2999999999999998,-21.124999999999932,2.7999999999999998,4.2999999999999998,-21.124999999999932,2.7999999999999998,BYPASS,BYPASS,RUNNING
1069,21.379999999999999,1,-4.2999999999999998,-21.124999999999932,2.7999999999999998,4.2999999999999998,-21.124999999999932,2.7999999999999998,BYPASS,BYPASS,RUNNING
1069,21.379999999999999,1,-4.2999999999999998,-21.124999999999932,2.7999999999999998,4.2999999999999998,-21.124999999999932,2.7999999999999998,BYPASS,BYPASS,RUNNING
1069,21.379999999999999,1,-4.2999999999999998,-21.124999999999932,2.7999999999999998,4.2999999999999998,-21.124999999999932,2.7999999999999998,BYPASS,BYPASS,RUNNING
1069,21.379999999999999,1,-4.2999999999999998,-21.124999999999932,2.7999999999999998,4.2999999999999998,-21.124999999999932,2.7999999999999998,BYPASS,BYPASS,RUNNING
1069,21.379999999999999,1,-4.2999999999999998,-21.124999999999932,2.7999999999999998,4.2999999999999998,-21.124999999999932,2.7999999999999998,BYPASS,BYPASS,RUNNING
1069,21.379999999999999,1,-4.2999999999999998,-21.124999999999932,2.7999999999999998,4.2999999999999998,-21.124999999999932,2.7999999999999998,BYPASS,BYPASS,RUNNING
1069,21.379999999999999,1,-4.2999999999999998,-21.124999999999932,2.7999999999999998,4.2999999999999998,-21.124999999999932,2.7999999999999998,BYPASS,BYPASS,RUNNING
1069,21.379999999999999,1,-4.2999999999999998,-21.124999999999932,2.7999999999999998,4.2999999999999998,-21.124999999999932,2.7999999999999998,BYPASS,BYPASS,RUNNING
1069,21.379999999999999,1,-4.2999999999999998,-21.124999999999932,2.7999999999999998,4.2999999999999998,-21.124999999999932,2.7999999999999998,BYPASS,BYPASS,RUNNING
1069,21.379999999999999,1,-4.2999999999999998,-21.124999999999932,2.7999999999999998,4.2999999999999998,-21.124999999999932,2.7999999999999998,BYPASS,BYPASS,RUNNING
1069,21.379999999999999,1,-4.2999999999999998,-21.124999999999932,2.7999999999999998,4.2999999999999998,-21.124999999999932,2.7999999999999998,BYPASS,BYPASS,RUNNING
1069,21.379999999999999,1,-4.2999999999999998,-21.124999999999932,2.7999999999999998,4.2999999999999998,-21.124999999999932,2.7999999999999998,BYPASS,BYPASS,RUNNING
1069,21.379999999999999,1,-4.2999999999999998,-21.124999999999932,2.7999999999999998,4.2999999999999998,-21.124999999999932,2.7999999999999998,BYPASS,BYPASS,RUNNING
1069,21.379999999999999,1,-4.2999999999999998,-21.124999999999932,2.7999999999999998,4.2999999999999998,-21.124999999999932,2.7999999999999998,BYPASS,BYPASS,RUNNING
1069,21.379999999999999,1,-4.2999999999999998,-21.124999999999932,2.7999999999999998,4.2999999999999998,-21.124999999999932,2.7999999999999998,BYPASS,BYPASS,RUNNING
1069,21.379999999999999,1,-4.2999999999999998,-21.124999999999932,2.7999999999999998,4.2999999999999998,-21.124999999999932,2.7999999999999998,BYPASS,BYPASS,RUNNING
1069,21.379999999999999,1,-4.2999999999999998,-21.124999999999932,2.7999999999999998,4.2999999999999998,-21.124999999999932,2.7999999999999998,BYPASS,BYPASS,RUNNING
1069,21.379999999999999,1,-4.2999999999999998,-21.124999999999932,2.7999999999999998,4.2999999999999998,-21.124999999999932,2.7999999999999998,BYPASS,BYPASS,RUNNING
1069,21.379999999999999,1,-4.2999999999999998,-21.124999999999932,2.7999999999999998,4.2999999999999998,-21.124999999999932,2.7999999999999998,BYPASS,BYPASS,RUNNING
1069,21.379999999999999,1,-4.2999999999999998,-21.124999999999932,2.7999999999999998,4.2999999999999998,-21.124999999999932,2.7999999999999998,BYPASS,BYPASS,RUNNING
1069,21.379999999999999,1,-4.2999999999999998,-21.124999999999932,2.7999999999999998,4.2999999999999998,-21.124999999999932,2.7999999999999998,BYPASS,BYPASS,RUNNING
1069,21.379999999999999,1,-4.2999999999999998,-21.124999999999932,2.7999999999999998,4.2999999999999998,-21.124999999999932,2.7999999999999998,BYPASS,BYPASS,RUNNING
1069,21.379999999999999,1,-4.2999999999999998,-21.124999999999932,2.7999999999999998,4.2999999999999998,-21.124999999999932,2.7999999999999998,BYPASS,BYPASS,RUNNING
1069,21.379999999999999,1,-4.2999999999999998,-21.124999999999932,2.7999999999999998,4.2999999999999998,-21.124999999999932,2.7999999999999998,BYPASS,BYPASS,RUNNING
1069,21.379999999999999,1,-4.2999999999999998,-21.124999999999932,2.7999999999999998,4.2999999999999998,-21.124999999999932,2.7999999999999998,BYPASS,BYPASS,RUNNING
1069,21.379999999999999,1,-4.2999999999999998,-21.124999999999932,2.7999999999999998,4.2999999999999998,-21.124999999999932,2.7999999999999998,BYPASS,BYPASS,RUNNING
1069,21.379999999999999,1,-4.2999999999999998,-21.124999999999932,2.7999999999999998,4.2999999999999998,-21.124999999999932,2.7999999999999998,BYPASS,BYPASS,RUNNING
1069,21.379999999999999,1,-4.2999999999999998,-21.124999999999932,2.7999999999999998,4.2999999999999998,-21.124999999999932,2.7999999999999998,BYPASS,BYPASS,RUNNING
1069,21.379999999999999,1,-4.2999999999999998,-21.124999999999932,2.7999999999999998,4.2999999999999998,-21.124999999999932,2.7999999999999998,BYPASS,BYPASS,RUNNING
1069,21.379999999999999,1,-4.2999999999999998,-21.124999999999932,2.7999999999999998,4.2999999999999998,-21.124999999999932,2.7999999999999998,BYPASS,BYPASS,RUNNING
1069,21.379999999999999,1,-4.2999999999999998,-21.124999999999932,2.7999999999999998,4.2999999999999998,-21.124999999999932,2.7999999999999998,BYPASS,BYPASS,RUNNING
1069,21.379999999999999,1,-4.2999999999999998,-21.124999999999932,2.7999999999999998,4.2999999999999998,-21.124999999999932,2.7999999999999998,BYPASS,BYPASS,RUNNING
1069,21.379999999999999,1,-4.2999999999999998,-21.124999999999932,2.7999999999999998,4.2999999999999998,-21.124999999999932,2.7999999999999998,BYPASS,BYPASS,RUNNING
1069,21.379999999999999,1,-4.2999999999999998,-21.124999999999932,2.7999999999999998,4.2999999999999998,-21.124999999999932,2.7999999999999998,BYPASS,BYPASS,RUNNING
1069,21.379999999999999,1,-4.2999999999999998,-21.124999999999932,2.7999999999999998,4.2999999999999998,-21.124999999999932,2.7999999999999998,BYPASS,BYPASS,RUNNING
1069,21.379999999999999,1,-4.2999999999999998,-21.124999999999932,2.7999999999999998,4.2999999999999998,-21.124999999999932,2.7999999999999998,BYPASS,BYPASS,RUNNING
1069,21.379999999999999,1,-4.2999999999999998,-21.124999999999932,2.7999999999999998,4.2999999999999998,-21.124999999999932,2.7999999999999998,BYPASS,BYPASS,RUNNING
1069,21.379999999999999,1,-4.2999999999999998,-21.124999999999932,2.7999999999999998,4.2999999999999998,-21.124999999999932,2.7999999999999998,BYPASS,BYPASS,RUNNING
1069,21.379999999999999,1,-4.2999999999999998,-21.124999999999932,2.7999999999999998,4.2999999999999998,-21.124999999999932,2.7999999999999998,BYPASS,BYPASS,RUNNING
1069,21.379999999999999,1,-4.2999999999999998,-21.124999999999932,2.7999999999999998,4.2999999999999998,-21.124999999999932,2.7999999999999998,BYPASS,BYPASS,RUNNING
1069,21.379999999999999,1,-4.2999999999999998,-21.124999999999932,2.7999999999999998,4.2999999999999998,-21.124999999999932,2.7999999999999998,BYPASS,BYPASS,RUNNING
1069,21.379999999999999,1,-4.2999999999999998,-21.124999999999932,2.7999999999999998,4.2999999999999998,-21.124999999999932,2.7999999999999998,BYPASS,BYPASS,RUNNING
1069,21.379999999999999,1,-4.2999999999999998,-21.124999999999932,2.7999999999999998,4.2999999999999998,-21.124999999999932,2.7999999999999998,BYPASS,BYPASS,RUNNING
1069,21.379999999999999,1,-4.2999999999999998,-21.124999999999932,2.7999999999999998,4.2999999999999998,-21.124999999999932,2.7999999999999998,BYPASS,BYPASS,RUNNING
1069,21.379999999999999,1,-4.2999999999999998,-21.124999999999932,2.7999999999999998,4.2999999999999998,-21.124999999999932,2.7999999999999998,BYPASS,BYPASS,RUNNING
1069,21.379999999999999,1,-4.2999999999999998,-21.124999999999932,2.7999999999999998,4.2999999999999998,-21.124999999999932,2.7999999999999998,BYPASS,BYPASS,RUNNING
1069,21.379999999999999,1,-4.2999999999999998,-21.124999999999932,2.7999999999999998,4.2999999999999998,-21.124999999999932,2.7999999999999998,BYPASS,BYPASS,RUNNING
1069,21.379999999999999,1,-4.2999999999999998,-21.124999999999932,2.7999999999999998,4.2999999999999998,-21.124999999999932,2.7999999999999998,BYPASS,BYPASS,RUNNING
1070,21.399999999999999,0,-4.2999999999999998,-21.141999999999932,2.7999999999999998,4.2999999999999998,-21.141999999999932,2.7999999999999998,BYPASS,BYPASS,RUNNING
1071,21.420000000000002,0,-4.2999999999999998,-21.158999999999931,2.7999999999999998,4.2999999999999998,-21.158999999999931,2.7999999999999998,BYPASS,BYPASS,RUNNING
1072,21.440000000000001,0,-4.2999999999999998,-21.175999999999931,2.7999999999999998,4.2999999999999998,-21.175999999999931,2.7999999999999998,BYPASS,BYPASS,RUNNING
1073,21.460000000000001,0,-4.2999999999999998,-21.19299999999993,2.7999999999999998,4.2999999999999998,-21.19299999999993,2.7999999999999998,BYPASS,BYPASS,RUNNING
1074,21.48,0,-4.2999999999999998,-21.20999999999993,2.7999999999999998,4.2999999999999998,-21.20999999999993,2.7999999999999998,BYPASS,BYPASS,RUNNING
1075,21.5,0,-4.2999999999999998,-21.226999999999929,2.7999999999999998,4.2999999999999998,-21.226999999999929,2.7999999999999998,BYPASS,BYPASS,RUNNING
1076,21.52,0,-4.2999999999999998,-21.243999999999929,2.7999999999999998,4.2999999999999998,-21.243999999999929,2.7999999999999998,BYPASS,BYPASS,RUNNING
1077,21.539999999999999,0,-4.2999999999999998,-21.260999999999928,2.7999999999999998,4.2999999999999998,-21.260999999999928,2.7999999999999998,BYPASS,BYPASS,RUNNING
1078,21.559999999999999,0,-4.2999999999999998,-21.277999999999928,2.7999999999999998,4.2999999999999998,-21.277999999999928,2.7999999999999998,BYPASS,BYPASS,RUNNING
1079,21.579999999999998,0,-4.2999999999999998,-21.294999999999927,2.7999999999999998,4.2999999999999998,-21.294999999999927,2.7999999999999998,BYPASS,BYPASS,RUNNING
1080,21.600000000000001,0,-4.2999999999999998,-21.311999999999927,2.7999999999999998,4.2999999999999998,-21.311999999999927,2.7999999999999998,BYPASS,BYPASS,RUNNING
1081,21.620000000000001,0,-4.2999999999999998,-21.328999999999926,2.7999999999999998,4.2999999999999998,-21.328999999999926,2.7999999999999998,BYPASS,BYPASS,RUNNING
1082,21.640000000000001,0,-4.2999999999999998,-21.345999999999925,2.7999999999999998,4.2999999999999998,-21.345999999999925,2.7999999999999998,BYPASS,BYPASS,RUNNING
1083,21.66,0,-4.2999999999999998,-21.362999999999925,2.7999999999999998,4.2999999999999998,-21.362999999999925,2.7999999999999998,BYPASS,BYPASS,RUNNING
1084,21.68,0,-4.2999999999999998,-21.379999999999924,2.7999999999999998,4.2999999999999998,-21.379999999999924,2.7999999999999998,BYPASS,BYPASS,RUNNING
1085,21.699999999999999,0,-4.2999999999999998,-21.396999999999924,2.7999999999999998,4.2999999999999998,-21.396999999999924,2.7999999999999998,BYPASS,BYPASS,RUNNING
1086,21.719999999999999,0,-4.2999999999999998,-21.413999999999923,2.7999999999999998,4.2999999999999998,-21.413999999999923,2.7999999999999998,BYPASS,BYPASS,RUNNING
1087,21.739999999999998,0,-4.2999999999999998,-21.430999999999923,2.7999999999999998,4.2999999999999998,-21.430999999999923,2.7999999999999998,BYPASS,BYPASS,RUNNING
1088,21.760000000000002,0,-4.2999999999999998,-21.447999999999922,2.7999999999999998,4.2999999999999998,-21.447999999999922,2.7999999999999998,BYPASS,BYPASS,RUNNING
1089,21.780000000000001,0,-4.2999999999999998,-21.464999999999922,2.7999999999999998,4.2999999999999998,-21.464999999999922,2.7999999999999998,BYPASS,BYPASS,RUNNING
1090,21.800000000000001,0,-4.2999999999999998,-21.481999999999921,2.7999999999999998,4.2999999999999998,-21.481999999999921,2.7999999999999998,BYPASS,BYPASS,RUNNING
1091,21.82,0,-4.2999999999999998,-21.498999999999921,2.7999999999999998,4.2999999999999998,-21.498999999999921,2.7999999999999998,BYPASS,BYPASS,RUNNING
1092,21.84,0,-4.2999999999999998,-21.51599999999992,2.7999999999999998,4.2999999999999998,-21.51599999999992,2.7999999999999998,BYPASS,BYPASS,RUNNING
1093,21.859999999999999,0,-4.2999999999999998,-21.53299999999992,2.7999999999999998,4.2999999999999998,-21.53299999999992,2.7999999999999998,BYPASS,BYPASS,RUNNING
1094,21.879999999999999,0,-4.2999999999999998,-21.549999999999919,2.7999999999999998,4.2999999999999998,-21.549999999999919,2.7999999999999998,BYPASS,BYPASS,RUNNING
1095,21.899999999999999,0,-4.2999999999999998,-21.566999999999918,2.7999999999999998,4.2999999999999998,-21.566999999999918,2.7999999999999998,BYPASS,BYPASS,RUNNING
1096,21.920000000000002,0,-4.2999999999999998,-21.583999999999918,2.7999999999999998,4.2999999999999998,-21.583999999999918,2.7999999999999998,BYPASS,BYPASS,RUNNING
1097,21.940000000000001,0,-4.2999999999999998,-21.600999999999917,2.7999999999999998,4.2999999999999998,-21.600999999999917,2.7999999999999998,BYPASS,BYPASS,RUNNING
1098,21.960000000000001,0,-4.2999999999999998,-21.617999999999917,2.7999999999999998,4.2999999999999998,-21.617999999999917,2.7999999999999998,BYPASS,BYPASS,RUNNING
1099,21.98,0,-4.2999999999999998,-21.634999999999916,2.7999999999999998,4.2999999999999998,-21.634999999999916,2.7999999999999998,BYPASS,BYPASS,RUNNING
1100,22,0,-4.2999999999999998,-21.651999999999916,2.7999999999999998,4.2999999999999998,-21.651999999999916,2.7999999999999998,BYPASS,BYPASS,RUNNING
1101,22.02,0,-4.2999999999999998,-21.668999999999915,2.7999999999999998,4.2999999999999998,-21.668999999999915,2.7999999999999998,BYPASS,BYPASS,RUNNING
1102,22.039999999999999,0,-4.2999999999999998,-21.685999999999915,2.7999999999999998,4.2999999999999998,-21.685999999999915,2.7999999999999998,BYPASS,BYPASS,RUNNING
1103,22.059999999999999,0,-4.2999999999999998,-21.702999999999914,2.7999999999999998,4.2999999999999998,-21.702999999999914,2.7999999999999998,BYPASS,BYPASS,RUNNING
1104,22.079999999999998,0,-4.2999999999999998,-21.719999999999914,2.7999999999999998,4.2999999999999998,-21.719999999999914,2.7999999999999998,BYPASS,BYPASS,RUNNING
1105,22.100000000000001,0,-4.2999999999999998,-21.736999999999913,2.7999999999999998,4.2999999999999998,-21.736999999999913,2.7999999999999998,BYPASS,BYPASS,RUNNING
1106,22.120000000000001,0,-4.2999999999999998,-21.753999999999913,2.7999999999999998,4.2999999999999998,-21.753999999999913,2.7999999999999998,BYPASS,BYPASS,RUNNING
1107,22.140000000000001,0,-4.2999999999999998,-21.770999999999912,2.7999999999999998,4.2999999999999998,-21.770999999999912,2.7999999999999998,BYPASS,BYPASS,RUNNING
1108,22.16,0,-4.2999999999999998,-21.787999999999911,2.7999999999999998,4.2999999999999998,-21.787999999999911,2.7999999999999998,BYPASS,BYPASS,RUNNING
1109,22.18,0,-4.2999999999999998,-21.804999999999911,2.7999999999999998,4.2999999999999998,-21.804999999999911,2.7999999999999998,BYPASS,BYPASS,RUNNING
1110,22.199999999999999,0,-4.2999999999999998,-21.82199999999991,2.7999999999999998,4.2999999999999998,-21.82199999999991,2.7999999999999998,BYPASS,BYPASS,RUNNING
1111,22.219999999999999,0,-4.2999999999999998,-21.83899999999991,2.7999999999999998,4.2999999999999998,-21.83899999999991,2.7999999999999998,BYPASS,BYPASS,RUNNING
1112,22.239999999999998,0,-4.2999999999999998,-21.855999999999909,2.7999999999999998,4.2999999999999998,-21.855999999999909,2.7999999999999998,BYPASS,BYPASS,RUNNING
1113,22.260000000000002,0,-4.2999999999999998,-21.872999999999909,2.7999999999999998,4.2999999999999998,-21.872999999999909,2.7999999999999998,BYPASS,BYPASS,RUNNING
1114,22.280000000000001,0,-4.2999999999999998,-21.889999999999908,2.7999999999999998,4.2999999999999998,-21.889999999999908,2.7999999999999998,BYPASS,BYPASS,RUNNING
1115,22.300000000000001,0,-4.2999999999999998,-21.906999999999908,2.7999999999999998,4.2999999999999998,-21.906999999999908,2.7999999999999998,BYPASS,BYPASS,RUNNING
1116,22.32,0,-4.2999999999999998,-21.923999999999907,2.7999999999999998,4.2999999999999998,-21.923999999999907,2.7999999999999998,BYPASS,BYPASS,RUNNING
1117,22.34,0,-4.2999999999999998,-21.940999999999907,2.7999999999999998,4.2999999999999998,-21.940999999999907,2.7999999999999998,BYPASS,BYPASS,RUNNING
1118,22.359999999999999,0,-4.2999999999999998,-21.957999999999906,2.7999999999999998,4.2999999999999998,-21.957999999999906,2.7999999999999998,BYPASS,BYPASS,RUNNING
1119,22.379999999999999,0,-4.2999999999999998,-21.974999999999905,2.7999999999999998,4.2999999999999998,-21.974999999999905,2.7999999999999998,BYPASS,BYPASS,RUNNING
1120,22.399999999999999,0,-4.2999999999999998,-21.991999999999905,2.7999999999999998,4.2999999999999998,-21.991999999999905,2.7999999999999998,BYPASS,BYPASS,RUNNING
1121,22.420000000000002,0,-4.2999999999999998,-22.008999999999904,2.7999999999999998,4.2999999999999998,-22.008999999999904,2.7999999999999998,BYPASS,BYPASS,RUNNING
1122,22.440000000000001,0,-4.2999999999999998,-22.025999999999904,2.7999999999999998,4.2999999999999998,-22.025999999999904,2.7999999999999998,BYPASS,BYPASS,RUNNING
1123,22.460000000000001,0,-4.2999999999999998,-22.042999999999903,2.7999999999999998,4.2999999999999998,-22.042999999999903,2.7999999999999998,BYPASS,BYPASS,RUNNING
1124,22.48,0,-4.2999999999999998,-22.059999999999903,2.7999999999999998,4.2999999999999998,-22.059999999999903,2.7999999999999998,BYPASS,BYPASS,RUNNING
1125,22.5,0,-4.2999999999999998,-22.076999999999902,2.7999999999999998,4.2999999999999998,-22.076999999999902,2.7999999999999998,BYPASS,BYPASS,RUNNING
1126,22.52,0,-4.2999999999999998,-22.093999999999902,2.7999999999999998,4.2999999999999998,-22.093999999999902,2.7999999999999998,BYPASS,BYPASS,RUNNING
1127,22.539999999999999,0,-4.2999999999999998,-22.110999999999901,2.7999999999999998,4.2999999999999998,-22.110999999999901,2.7999999999999998,BYPASS,BYPASS,RUNNING
1128,22.559999999999999,0,-4.2999999999999998,-22.127999999999901,2.7999999999999998,4.2999999999999998,-22.127999999999901,2.7999999999999998,BYPASS,BYPASS,RUNNING
1129,22.579999999999998,0,-4.2999999999999998,-22.1449999999999,2.7999999999999998,4.2999999999999998,-22.1449999999999,2.7999999999999998,BYPASS,BYPASS,RUNNING
1130,22.600000000000001,0,-4.2999999999999998,-22.1619999999999,2.7999999999999998,4.2999999999999998,-22.1619999999999,2.7999999999999998,BYPASS,BYPASS,RUNNING
1131,22.620000000000001,0,-4.2999999999999998,-22.178999999999899,2.7999999999999998,4.2999999999999998,-22.178999999999899,2.7999999999999998,BYPASS,BYPASS,RUNNING
1132,22.640000000000001,0,-4.2999999999999998,-22.195999999999898,2.7999999999999998,4.2999999999999998,-22.195999999999898,2.7999999999999998,BYPASS,BYPASS,RUNNING
1133,22.66,0,-4.2999999999999998,-22.212999999999898,2.7999999999999998,4.2999999999999998,-22.212999999999898,2.7999999999999998,BYPASS,BYPASS,RUNNING
1134,22.68,0,-4.2999999999999998,-22.229999999999897,2.7999999999999998,4.2999999999999998,-22.229999999999897,2.7999999999999998,BYPASS,BYPASS,RUNNING
1135,22.699999999999999,0,-4.2999999999999998,-22.246999999999897,2.7999999999999998,4.2999999999999998,-22.246999999999897,2.7999999999999998,BYPASS,BYPASS,RUNNING
1136,22.719999999999999,0,-4.2999999999999998,-22.263999999999896,2.7999999999999998,4.2999999999999998,-22.263999999999896,2.7999999999999998,BYPASS,BYPASS,RUNNING
1137,22.739999999999998,0,-4.2999999999999998,-22.280999999999896,2.7999999999999998,4.2999999999999998,-22.280999999999896,2.7999999999999998,BYPASS,BYPASS,RUNNING
1138,22.760000000000002,0,-4.2999999999999998,-22.297999999999895,2.7999999999999998,4.2999999999999998,-22.297999999999895,2.7999999999999998,BYPASS,BYPASS,RUNNING
1139,22.780000000000001,0,-4.2999999999999998,-22.314999999999895,2.7999999999999998,4.2999999999999998,-22.314999999999895,2.7999999999999998,BYPASS,BYPASS,RUNNING
1140,22.800000000000001,0,-4.2999999999999998,-22.331999999999894,2.7999999999999998,4.2999999999999998,-22.331999999999894,2.7999999999999998,BYPASS,BYPASS,RUNNING
1141,22.82,0,-4.2999999999999998,-22.348999999999894,2.7999999999999998,4.2999999999999998,-22.348999999999894,2.7999999999999998,BYPASS,BYPASS,RUNNING
1142,22.84,0,-4.2999999999999998,-22.365999999999893,2.7999999999999998,4.2999999999999998,-22.365999999999893,2.7999999999999998,BYPASS,BYPASS,RUNNING
1143,22.859999999999999,0,-4.2999999999999998,-22.382999999999893,2.7999999999999998,4.2999999999999998,-22.382999999999893,2.7999999999999998,BYPASS,BYPASS,RUNNING
1144,22.879999999999999,0,-4.2999999999999998,-22.399999999999892,2.7999999999999998,4.2999999999999998,-22.399999999999892,2.7999999999999998,BYPASS,BYPASS,RUNNING
1145,22.899999999999999,0,-4.2999999999999998,-22.416999999999891,2.7999999999999998,4.2999999999999998,-22.416999999999891,2.7999999999999998,BYPASS,BYPASS,RUNNING
1146,22.920000000000002,0,-4.2999999999999998,-22.433999999999891,2.7999999999999998,4.2999999999999998,-22.433999999999891,2.7999999999999998,BYPASS,BYPASS,RUNNING
1147,22.940000000000001,0,-4.2999999999999998,-22.45099999999989,2.7999999999999998,4.2999999999999998,-22.45099999999989,2.7999999999999998,BYPASS,BYPASS,RUNNING
1148,22.960000000000001,0,-4.2999999999999998,-22.46799999999989,2.7999999999999998,4.2999999999999998,-22.46799999999989,2.7999999999999998,BYPASS,BYPASS,RUNNING
1149,22.98,0,-4.2999999999999998,-22.484999999999889,2.7999999999999998,4.2999999999999998,-22.484999999999889,2.7999999999999998,BYPASS,BYPASS,RUNNING
1150,23,0,-4.2999999999999998,-22.501999999999889,2.7999999999999998,4.2999999999999998,-22.501999999999889,2.7999999999999998,BYPASS,BYPASS,RUNNING
1151,23.02,0,-4.2999999999999998,-22.518999999999888,2.7999999999999998,4.2999999999999998,-22.518999999999888,2.7999999999999998,BYPASS,BYPASS,RUNNING
1152,23.039999999999999,0,-4.2999999999999998,-22.535999999999888,2.7999999999999998,4.2999999999999998,-22.535999999999888,2.7999999999999998,BYPASS,BYPASS,RUNNING
1153,23.059999999999999,0,-4.2999999999999998,-22.552999999999887,2.7999999999999998,4.2999999999999998,-22.552999999999887,2.7999999999999998,BYPASS,BYPASS,RUNNING
1154,23.079999999999998,0,-4.2999999999999998,-22.569999999999887,2.7999999999999998,4.2999999999999998,-22.569999999999887,2.7999999999999998,BYPASS,BYPASS,RUNNING
1155,23.100000000000001,0,-4.2999999999999998,-22.586999999999886,2.7999999999999998,4.2999999999999998,-22.586999999999886,2.7999999999999998,BYPASS,BYPASS,RUNNING
1156,23.120000000000001,0,-4.2999999999999998,-22.603999999999886,2.7999999999999998,4.2999999999999998,-22.603999999999886,2.7999999999999998,BYPASS,BYPASS,RUNNING
1157,23.140000000000001,0,-4.2999999999999998,-22.620999999999885,2.7999999999999998,4.2999999999999998,-22.620999999999885,2.7999999999999998,BYPASS,BYPASS,RUNNING
1158,23.16,0,-4.2999999999999998,-22.637999999999884,2.7999999999999998,4.2999999999999998,-22.637999999999884,2.7999999999999998,BYPASS,BYPASS,RUNNING
1159,23.18,0,-4.2999999999999998,-22.654999999999884,2.7999999999999998,4.2999999999999998,-22.654999999999884,2.7999999999999998,BYPASS,BYPASS,RUNNING
1160,23.199999999999999,0,-4.2999999999999998,-22.671999999999883,2.7999999999999998,4.2999999999999998,-22.671999999999883,2.7999999999999998,BYPASS,BYPASS,RUNNING
1161,23.219999999999999,0,-4.2999999999999998,-22.688999999999883,2.7999999999999998,4.2999999999999998,-22.688999999999883,2.7999999999999998,BYPASS,BYPASS,RUNNING
1162,23.239999999999998,0,-4.2999999999999998,-22.705999999999882,2.7999999999999998,4.2999999999999998,-22.705999999999882,2.7999999999999998,BYPASS,BYPASS,RUNNING
1163,23.260000000000002,0,-4.2999999999999998,-22.722999999999882,2.7999999999999998,4.2999999999999998,-22.722999999999882,2.7999999999999998,BYPASS,BYPASS,RUNNING
1164,23.280000000000001,0,-4.2999999999999998,-22.739999999999881,2.7999999999999998,4.2999999999999998,-22.739999999999881,2.7999999999999998,BYPASS,BYPASS,RUNNING
1165,23.300000000000001,0,-4.2999999999999998,-22.756999999999881,2.7999999999999998,4.2999999999999998,-22.756999999999881,2.7999999999999998,BYPASS,BYPASS,RUNNING
1166,23.32,0,-4.2999999999999998,-22.77399999999988,2.7999999999999998,4.2999999999999998,-22.77399999999988,2.7999999999999998,BYPASS,BYPASS,RUNNING
1167,23.34,0,-4.2999999999999998,-22.79099999999988,2.7999999999999998,4.2999999999999998,-22.79099999999988,2.7999999999999998,BYPASS,BYPASS,RUNNING
1168,23.359999999999999,0,-4.2999999999999998,-22.807999999999879,2.7999999999999998,4.2999999999999998,-22.807999999999879,2.7999999999999998,BYPASS,BYPASS,RUNNING
1169,23.379999999999999,0,-4.2999999999999998,-22.824999999999878,2.7999999999999998,4.2999999999999998,-22.824999999999878,2.7999999999999998,BYPASS,BYPASS,RUNNING
1170,23.399999999999999,0,-4.2999999999999998,-22.841999999999878,2.7999999999999998,4.2999999999999998,-22.841999999999878,2.7999999999999998,BYPASS,BYPASS,RUNNING
1171,23.420000000000002,0,-4.2999999999999998,-22.858999999999877,2.7999999999999998,4.2999999999999998,-22.858999999999877,2.7999999999999998,BYPASS,BYPASS,RUNNING
1172,23.440000000000001,0,-4.2999999999999998,-22.875999999999877,2.7999999999999998,4.2999999999999998,-22.875999999999877,2.7999999999999998,BYPASS,BYPASS,RUNNING
1173,23.460000000000001,0,-4.2999999999999998,-22.892999999999876,2.7999999999999998,4.2999999999999998,-22.892999999999876,2.7999999999999998,BYPASS,BYPASS,RUNNING
1174,23.48,0,-4.2999999999999998,-22.909999999999876,2.7999999999999998,4.2999999999999998,-22.909999999999876,2.7999999999999998,BYPASS,BYPASS,RUNNING
1175,23.5,0,-4.2999999999999998,-22.926999999999875,2.7999999999999998,4.2999999999999998,-22.926999999999875,2.7999999999999998,BYPASS,BYPASS,RUNNING
1176,23.52,0,-4.2999999999999998,-22.943999999999875,2.7999999999999998,4.2999999999999998,-22.943999999999875,2.7999999999999998,BYPASS,BYPASS,RUNNING
1177,23.539999999999999,0,-4.2999999999999998,-22.960999999999874,2.7999999999999998,4.2999999999999998,-22.960999999999874,2.7999999999999998,BYPASS,BYPASS,RUNNING
1178,23.559999999999999,0,-4.2999999999999998,-22.977999999999874,2.7999999999999998,4.2999999999999998,-22.977999999999874,2.7999999999999998,BYPASS,BYPASS,RUNNING
1179,23.579999999999998,0,-4.2999999999999998,-22.994999999999873,2.7999999999999998,4.2999999999999998,-22.994999999999873,2.7999999999999998,BYPASS,BYPASS,RUNNING
1180,23.600000000000001,0,-4.2999999999999998,-23.011999999999873,2.7999999999999998,4.2999999999999998,-23.011999999999873,2.7999999999999998,BYPASS,BYPASS,RUNNING
1181,23.620000000000001,0,-4.2999999999999998,-23.028999999999872,2.7999999999999998,4.2999999999999998,-23.028999999999872,2.7999999999999998,BYPASS,BYPASS,RUNNING
1182,23.640000000000001,0,-4.2999999999999998,-23.045999999999871,2.7999999999999998,4.2999999999999998,-23.045999999999871,2.7999999999999998,BYPASS,BYPASS,RUNNING
1183,23.66,0,-4.2999999999999998,-23.062999999999871,2.7999999999999998,4.2999999999999998,-23.062999999999871,2.7999999999999998,BYPASS,BYPASS,RUNNING
1184,23.68,0,-4.2999999999999998,-23.07999999999987,2.7999999999999998,4.2999999999999998,-23.07999999999987,2.7999999999999998,BYPASS,BYPASS,RUNNING
1185,23.699999999999999,0,-4.2999999999999998,-23.09699999999987,2.7999999999999998,4.2999999999999998,-23.09699999999987,2.7999999999999998,BYPASS,BYPASS,RUNNING
1186,23.719999999999999,0,-4.2999999999999998,-23.113999999999869,2.7999999999999998,4.2999999999999998,-23.113999999999869,2.7999999999999998,BYPASS,BYPASS,RUNNING
1187,23.739999999999998,0,-4.2999999999999998,-23.130999999999869,2.7999999999999998,4.2999999999999998,-23.130999999999869,2.7999999999999998,BYPASS,BYPASS,RUNNING
1188,23.760000000000002,0,-4.2999999999999998,-23.147999999999868,2.7999999999999998,4.2999999999999998,-23.147999999999868,2.7999999999999998,BYPASS,BYPASS,RUNNING
1189,23.780000000000001,0,-4.2999999999999998,-23.164999999999868,2.7999999999999998,4.2999999999999998,-23.164999999999868,2.7999999999999998,BYPASS,BYPASS,RUNNING
1190,23.800000000000001,0,-4.2999999999999998,-23.181999999999867,2.7999999999999998,4.2999999999999998,-23.181999999999867,2.7999999999999998,BYPASS,BYPASS,RUNNING
1191,23.82,0,-4.2999999999999998,-23.198999999999867,2.7999999999999998,4.2999999999999998,-23.198999999999867,2.7999999999999998,BYPASS,BYPASS,RUNNING
1192,23.84,0,-4.2999999999999998,-23.215999999999866,2.7999999999999998,4.2999999999999998,-23.215999999999866,2.7999999999999998,BYPASS,BYPASS,RUNNING
1193,23.859999999999999,0,-4.2999999999999998,-23.232999999999866,2.7999999999999998,4.2999999999999998,-23.232999999999866,2.7999999999999998,BYPASS,BYPASS,RUNNING
1194,23.879999999999999,0,-4.2999999999999998,-23.249999999999865,2.7999999999999998,4.2999999999999998,-23.249999999999865,2.7999999999999998,BYPASS,BYPASS,RUNNING
1195,23.899999999999999,0,-4.2999999999999998,-23.266999999999864,2.7999999999999998,4.2999999999999998,-23.266999999999864,2.7999999999999998,BYPASS,BYPASS,RUNNING
1196,23.920000000000002,0,-4.2999999999999998,-23.283999999999864,2.7999999999999998,4.2999999999999998,-23.283999999999864,2.7999999999999998,BYPASS,BYPASS,RUNNING
1197,23.940000000000001,0,-4.2999999999999998,-23.300999999999863,2.7999999999999998,4.2999999999999998,-23.300999999999863,2.7999999999999998,BYPASS,BYPASS,RUNNING
1198,23.960000000000001,0,-4.2999999999999998,-23.317999999999863,2.7999999999999998,4.2999999999999998,-23.317999999999863,2.7999999999999998,BYPASS,BYPASS,RUNNING
1199,23.98,0,-4.2999999999999998,-23.334999999999862,2.7999999999999998,4.2999999999999998,-23.334999999999862,2.7999999999999998,BYPASS,BYPASS,RUNNING
1200,24,0,-4.2999999999999998,-23.351999999999862,2.7999999999999998,4.2999999999999998,-23.351999999999862,2.7999999999999998,BYPASS,BYPASS,RUNNING
1201,24.02,0,-4.2999999999999998,-23.368999999999861,2.7999999999999998,4.2999999999999998,-23.368999999999861,2.7999999999999998,BYPASS,BYPASS,RUNNING
1202,24.039999999999999,0,-4.2999999999999998,-23.385999999999861,2.7999999999999998,4.2999999999999998,-23.385999999999861,2.7999999999999998,BYPASS,BYPASS,RUNNING
1203,24.059999999999999,0,-4.2999999999999998,-23.40299999999986,2.7999999999999998,4.2999999999999998,-23.40299999999986,2.7999999999999998,BYPASS,BYPASS,RUNNING
1204,24.079999999999998,0,-4.2999999999999998,-23.41999999999986,2.7999999999999998,4.2999999999999998,-23.41999999999986,2.7999999999999998,BYPASS,BYPASS,RUNNING
1205,24.100000000000001,0,-4.2999999999999998,-23.436999999999859,2.7999999999999998,4.2999999999999998,-23.436999999999859,2.7999999999999998,BYPASS,BYPASS,RUNNING
1206,24.120000000000001,0,-4.2999999999999998,-23.453999999999859,2.7999999999999998,4.2999999999999998,-23.453999999999859,2.7999999999999998,BYPASS,BYPASS,RUNNING
1207,24.140000000000001,0,-4.2999999999999998,-23.470999999999858,2.7999999999999998,4.2999999999999998,-23.470999999999858,2.7999999999999998,BYPASS,BYPASS,RUNNING
1208,24.16,0,-4.2999999999999998,-23.487999999999857,2.7999999999999998,4.2999999999999998,-23.487999999999857,2.7999999999999998,BYPASS,BYPASS,RUNNING
1209,24.18,0,-4.2999999999999998,-23.504999999999857,2.7999999999999998,4.2999999999999998,-23.504999999999857,2.7999999999999998,BYPASS,BYPASS,RUNNING
1210,24.199999999999999,0,-4.2999999999999998,-23.521999999999856,2.7999999999999998,4.2999999999999998,-23.521999999999856,2.7999999999999998,BYPASS,BYPASS,RUNNING
1211,24.219999999999999,0,-4.2999999999999998,-23.538999999999856,2.7999999999999998,4.2999999999999998,-23.538999999999856,2.7999999999999998,BYPASS,BYPASS,RUNNING
1212,24.239999999999998,0,-4.2999999999999998,-23.555999999999855,2.7999999999999998,4.2999999999999998,-23.555999999999855,2.7999999999999998,BYPASS,BYPASS,RUNNING
1213,24.260000000000002,0,-4.2999999999999998,-23.572999999999855,2.7999999999999998,4.2999999999999998,-23.572999999999855,2.7999999999999998,BYPASS,BYPASS,RUNNING
1214,24.280000000000001,0,-4.2999999999999998,-23.589999999999854,2.7999999999999998,4.2999999999999998,-23.589999999999854,2.7999999999999998,BYPASS,BYPASS,RUNNING
1215,24.300000000000001,0,-4.2999999999999998,-23.606999999999854,2.7999999999999998,4.2999999999999998,-23.606999999999854,2.7999999999999998,BYPASS,BYPASS,RUNNING
1216,24.32,0,-4.2999999999999998,-23.623999999999853,2.7999999999999998,4.2999999999999998,-23.623999999999853,2.7999999999999998,BYPASS,BYPASS,RUNNING
1217,24.34,0,-4.2999999999999998,-23.640999999999853,2.7999999999999998,4.2999999999999998,-23.640999999999853,2.7999999999999998,BYPASS,BYPASS,RUNNING
1218,24.359999999999999,0,-4.2999999999999998,-23.657999999999852,2.7999999999999998,4.2999999999999998,-23.657999999999852,2.7999999999999998,BYPASS,BYPASS,RUNNING
1219,24.379999999999999,0,-4.2999999999999998,-23.674999999999851,2.7999999999999998,4.2999999999999998,-23.674999999999851,2.7999999999999998,BYPASS,BYPASS,RUNNING
1220,24.399999999999999,0,-4.2999999999999998,-23.691999999999851,2.7999999999999998,4.2999999999999998,-23.691999999999851,2.7999999999999998,BYPASS,BYPASS,RUNNING
1221,24.420000000000002,0,-4.2999999999999998,-23.70899999999985,2.7999999999999998,4.2999999999999998,-23.70899999999985,2.7999999999999998,BYPASS,BYPASS,RUNNING
1222,24.440000000000001,0,-4.2999999999999998,-23.72599999999985,2.7999999999999998,4.2999999999999998,-23.72599999999985,2.7999999999999998,BYPASS,BYPASS,RUNNING
1223,24.460000000000001,0,-4.2999999999999998,-23.742999999999849,2.7999999999999998,4.2999999999999998,-23.742999999999849,2.7999999999999998,BYPASS,BYPASS,RUNNING
1224,24.48,0,-4.2999999999999998,-23.759999999999849,2.7999999999999998,4.2999999999999998,-23.759999999999849,2.7999999999999998,BYPASS,BYPASS,RUNNING
1225,24.5,0,-4.2999999999999998,-23.776999999999848,2.7999999999999998,4.2999999999999998,-23.776999999999848,2.7999999999999998,BYPASS,BYPASS,RUNNING
1226,24.52,0,-4.2999999999999998,-23.793999999999848,2.7999999999999998,4.2999999999999998,-23.793999999999848,2.7999999999999998,BYPASS,BYPASS,RUNNING
1227,24.539999999999999,0,-4.2999999999999998,-23.810999999999847,2.7999999999999998,4.2999999999999998,-23.810999999999847,2.7999999999999998,BYPASS,BYPASS,RUNNING
1228,24.559999999999999,0,-4.2999999999999998,-23.827999999999847,2.7999999999999998,4.2999999999999998,-23.827999999999847,2.7999999999999998,BYPASS,BYPASS,RUNNING
1229,24.579999999999998,0,-4.2999999999999998,-23.844999999999846,2.7999999999999998,4.2999999999999998,-23.844999999999846,2.7999999999999998,BYPASS,BYPASS,RUNNING
1230,24.600000000000001,0,-4.2999999999999998,-23.861999999999846,2.7999999999999998,4.2999999999999998,-23.861999999999846,2.7999999999999998,BYPASS,BYPASS,RUNNING
1231,24.620000000000001,0,-4.2999999999999998,-23.878999999999845,2.7999999999999998,4.2999999999999998,-23.878999999999845,2.7999999999999998,BYPASS,BYPASS,RUNNING
1232,24.640000000000001,0,-4.2999999999999998,-23.895999999999844,2.7999999999999998,4.2999999999999998,-23.895999999999844,2.7999999999999998,BYPASS,BYPASS,RUNNING
1233,24.66,0,-4.2999999999999998,-23.912999999999844,2.7999999999999998,4.2999999999999998,-23.912999999999844,2.7999999999999998,BYPASS,BYPASS,RUNNING
1234,24.68,0,-4.2999999999999998,-23.929999999999843,2.7999999999999998,4.2999999999999998,-23.929999999999843,2.7999999999999998,BYPASS,BYPASS,RUNNING
1235,24.699999999999999,0,-4.2999999999999998,-23.946999999999843,2.7999999999999998,4.2999999999999998,-23.946999999999843,2.7999999999999998,BYPASS,BYPASS,RUNNING
1236,24.719999999999999,0,-4.2999999999999998,-23.963999999999842,2.7999999999999998,4.2999999999999998,-23.963999999999842,2.7999999999999998,BYPASS,BYPASS,RUNNING
1237,24.739999999999998,0,-4.2999999999999998,-23.980999999999842,2.7999999999999998,4.2999999999999998,-23.980999999999842,2.7999999999999998,BYPASS,BYPASS,RUNNING
1238,24.760000000000002,0,-4.2999999999999998,-23.997999999999841,2.7999999999999998,4.2999999999999998,-23.997999999999841,2.7999999999999998,BYPASS,BYPASS,RUNNING
1239,24.780000000000001,0,-4.2999999999999998,-24.014999999999841,2.7999999999999998,4.2999999999999998,-24.014999999999841,2.7999999999999998,BYPASS,BYPASS,RUNNING
1240,24.800000000000001,0,-4.2999999999999998,-24.03199999999984,2.7999999999999998,4.2999999999999998,-24.03199999999984,2.7999999999999998,BYPASS,BYPASS,RUNNING
1241,24.82,0,-4.2999999999999998,-24.04899999999984,2.7999999999999998,4.2999999999999998,-24.04899999999984,2.7999999999999998,BYPASS,BYPASS,RUNNING
1242,24.84,0,-4.2999999999999998,-24.065999999999839,2.7999999999999998,4.2999999999999998,-24.065999999999839,2.7999999999999998,BYPASS,BYPASS,RUNNING
1243,24.859999999999999,0,-4.2999999999999998,-24.082999999999839,2.7999999999999998,4.2999999999999998,-24.082999999999839,2.7999999999999998,BYPASS,BYPASS,RUNNING
1244,24.879999999999999,0,-4.2999999999999998,-24.099999999999838,2.7999999999999998,4.2999999999999998,-24.099999999999838,2.7999999999999998,BYPASS,BYPASS,RUNNING
1245,24.899999999999999,0,-4.2999999999999998,-24.116999999999837,2.7999999999999998,4.2999999999999998,-24.116999999999837,2.7999999999999998,BYPASS,BYPASS,RUNNING
1246,24.920000000000002,0,-4.2999999999999998,-24.133999999999837,2.7999999999999998,4.2999999999999998,-24.133999999999837,2.7999999999999998,BYPASS,BYPASS,RUNNING
1247,24.940000000000001,0,-4.2999999999999998,-24.150999999999836,2.7999999999999998,4.2999999999999998,-24.150999999999836,2.7999999999999998,BYPASS,BYPASS,RUNNING
1248,24.960000000000001,0,-4.2999999999999998,-24.167999999999836,2.7999999999999998,4.2999999999999998,-24.167999999999836,2.7999999999999998,BYPASS,BYPASS,RUNNING
1249,24.98,0,-4.2999999999999998,-24.184999999999835,2.7999999999999998,4.2999999999999998,-24.184999999999835,2.7999999999999998,BYPASS,BYPASS,RUNNING
1250,25,0,-4.2999999999999998,-24.201999999999835,2.7999999999999998,4.2999999999999998,-24.201999999999835,2.7999999999999998,BYPASS,BYPASS,RUNNING
1251,25.02,0,-4.2999999999999998,-24.218999999999834,2.7999999999999998,4.2999999999999998,-24.218999999999834,2.7999999999999998,BYPASS,BYPASS,RUNNING
1252,25.039999999999999,0,-4.2999999999999998,-24.235999999999834,2.7999999999999998,4.2999999999999998,-24.235999999999834,2.7999999999999998,BYPASS,BYPASS,RUNNING
1253,25.059999999999999,0,-4.2999999999999998,-24.252999999999833,2.7999999999999998,4.2999999999999998,-24.252999999999833,2.7999999999999998,BYPASS,BYPASS,RUNNING
1254,25.079999999999998,0,-4.2999999999999998,-24.269999999999833,2.7999999999999998,4.2999999999999998,-24.269999999999833,2.7999999999999998,BYPASS,BYPASS,RUNNING
1255,25.100000000000001,0,-4.2999999999999998,-24.286999999999832,2.7999999999999998,4.2999999999999998,-24.286999999999832,2.7999999999999998,BYPASS,BYPASS,RUNNING
1256,25.120000000000001,0,-4.2999999999999998,-24.303999999999832,2.7999999999999998,4.2999999999999998,-24.303999999999832,2.7999999999999998,BYPASS,BYPASS,RUNNING
1257,25.140000000000001,0,-4.2999999999999998,-24.320999999999831,2.7999999999999998,4.2999999999999998,-24.320999999999831,2.7999999999999998,BYPASS,BYPASS,RUNNING
1258,25.16,0,-4.2999999999999998,-24.33799999999983,2.7999999999999998,4.2999999999999998,-24.33799999999983,2.7999999999999998,BYPASS,BYPASS,RUNNING
1259,25.18,0,-4.2999999999999998,-24.35499999999983,2.7999999999999998,4.2999999999999998,-24.35499999999983,2.7999999999999998,BYPASS,BYPASS,RUNNING
1260,25.199999999999999,0,-4.2999999999999998,-24.371999999999829,2.7999999999999998,4.2999999999999998,-24.371999999999829,2.7999999999999998,BYPASS,BYPASS,RUNNING
1261,25.219999999999999,0,-4.2999999999999998,-24.388999999999829,2.7999999999999998,4.2999999999999998,-24.388999999999829,2.7999999999999998,BYPASS,BYPASS,RUNNING
1262,25.239999999999998,0,-4.2999999999999998,-24.405999999999828,2.7999999999999998,4.2999999999999998,-24.405999999999828,2.7999999999999998,BYPASS,BYPASS,RUNNING
1263,25.260000000000002,0,-4.2999999999999998,-24.422999999999828,2.7999999999999998,4.2999999999999998,-24.422999999999828,2.7999999999999998,BYPASS,BYPASS,RUNNING
1264,25.280000000000001,0,-4.2999999999999998,-24.439999999999827,2.7999999999999998,4.2999999999999998,-24.439999999999827,2.7999999999999998,BYPASS,BYPASS,RUNNING
1265,25.300000000000001,0,-4.2999999999999998,-24.456999999999827,2.7999999999999998,4.2999999999999998,-24.456999999999827,2.7999999999999998,BYPASS,BYPASS,RUNNING
1266,25.32,0,-4.2999999999999998,-24.473999999999826,2.7999999999999998,4.2999999999999998,-24.473999999999826,2.7999999999999998,BYPASS,BYPASS,RUNNING
1267,25.34,0,-4.2999999999999998,-24.490999999999826,2.7999999999999998,4.2999999999999998,-24.490999999999826,2.7999999999999998,BYPASS,BYPASS,RUNNING
1268,25.359999999999999,0,-4.2999999999999998,-24.507999999999825,2.7999999999999998,4.2999999999999998,-24.507999999999825,2.7999999999999998,BYPASS,BYPASS,RUNNING
1269,25.379999999999999,0,-4.2999999999999998,-24.524999999999824,2.7999999999999998,4.2999999999999998,-24.524999999999824,2.7999999999999998,BYPASS,BYPASS,RUNNING
1270,25.399999999999999,0,-4.2999999999999998,-24.541999999999824,2.7999999999999998,4.2999999999999998,-24.541999999999824,2.7999999999999998,BYPASS,BYPASS,RUNNING
1271,25.420000000000002,0,-4.2999999999999998,-24.558999999999823,2.7999999999999998,4.2999999999999998,-24.558999999999823,2.7999999999999998,BYPASS,BYPASS,RUNNING
1272,25.440000000000001,0,-4.2999999999999998,-24.575999999999823,2.7999999999999998,4.2999999999999998,-24.575999999999823,2.7999999999999998,BYPASS,BYPASS,RUNNING
1273,25.460000000000001,0,-4.2999999999999998,-24.592999999999822,2.7999999999999998,4.2999999999999998,-24.592999999999822,2.7999999999999998,BYPASS,BYPASS,RUNNING
1274,25.48,0,-4.2999999999999998,-24.609999999999822,2.7999999999999998,4.2999999999999998,-24.609999999999822,2.7999999999999998,BYPASS,BYPASS,RUNNING
1275,25.5,0,-4.2999999999999998,-24.626999999999821,2.7999999999999998,4.2999999999999998,-24.626999999999821,2.7999999999999998,BYPASS,BYPASS,RUNNING
1276,25.52,0,-4.2999999999999998,-24.643999999999821,2.7999999999999998,4.2999999999999998,-24.643999999999821,2.7999999999999998,BYPASS,BYPASS,RUNNING
1277,25.539999999999999,0,-4.2999999999999998,-24.66099999999982,2.7999999999999998,4.2999999999999998,-24.66099999999982,2.7999999999999998,BYPASS,BYPASS,RUNNING
1278,25.559999999999999,0,-4.2999999999999998,-24.67799999999982,2.7999999999999998,4.2999999999999998,-24.67799999999982,2.7999999999999998,BYPASS,BYPASS,RUNNING
1279,25.579999999999998,0,-4.2999999999999998,-24.694999999999819,2.7999999999999998,4.2999999999999998,-24.694999999999819,2.7999999999999998,BYPASS,BYPASS,RUNNING
1280,25.600000000000001,0,-4.2999999999999998,-24.711999999999819,2.7999999999999998,4.2999999999999998,-24.711999999999819,2.7999999999999998,BYPASS,BYPASS,RUNNING
1281,25.620000000000001,0,-4.2999999999999998,-24.728999999999818,2.7999999999999998,4.2999999999999998,-24.728999999999818,2.7999999999999998,BYPASS,BYPASS,RUNNING
1282,25.640000000000001,0,-4.2999999999999998,-24.745999999999817,2.7999999999999998,4.2999999999999998,-24.745999999999817,2.7999999999999998,BYPASS,BYPASS,RUNNING
1283,25.66,0,-4.2999999999999998,-24.762999999999817,2.7999999999999998,4.2999999999999998,-24.762999999999817,2.7999999999999998,BYPASS,BYPASS,RUNNING
1284,25.68,0,-4.2999999999999998,-24.779999999999816,2.7999999999999998,4.2999999999999998,-24.779999999999816,2.7999999999999998,BYPASS,BYPASS,RUNNING
1285,25.699999999999999,0,-4.2999999999999998,-24.796999999999816,2.7999999999999998,4.2999999999999998,-24.796999999999816,2.7999999999999998,BYPASS,BYPASS,RUNNING
1286,25.719999999999999,0,-4.2999999999999998,-24.813999999999815,2.7999999999999998,4.2999999999999998,-24.813999999999815,2.7999999999999998,BYPASS,BYPASS,RUNNING
1287,25.739999999999998,0,-4.2999999999999998,-24.830999999999815,2.7999999999999998,4.2999999999999998,-24.830999999999815,2.7999999999999998,BYPASS,BYPASS,RUNNING
1288,25.760000000000002,0,-4.2999999999999998,-24.847999999999814,2.7999999999999998,4.2999999999999998,-24.847999999999814,2.7999999999999998,BYPASS,BYPASS,RUNNING
1289,25.780000000000001,0,-4.2999999999999998,-24.864999999999814,2.7999999999999998,4.2999999999999998,-24.864999999999814,2.7999999999999998,BYPASS,BYPASS,RUNNING
1290,25.800000000000001,0,-4.2999999999999998,-24.881999999999813,2.7999999999999998,4.2999999999999998,-24.881999999999813,2.7999999999999998,BYPASS,BYPASS,RUNNING
1291,25.82,0,-4.2999999999999998,-24.898999999999813,2.7999999999999998,4.2999999999999998,-24.898999999999813,2.7999999999999998,BYPASS,BYPASS,RUNNING
1292,25.84,0,-4.2999999999999998,-24.915999999999812,2.7999999999999998,4.2999999999999998,-24.915999999999812,2.7999999999999998,BYPASS,BYPASS,RUNNING
1293,25.859999999999999,0,-4.2999999999999998,-24.932999999999812,2.7999999999999998,4.2999999999999998,-24.932999999999812,2.7999999999999998,BYPASS,BYPASS,RUNNING
1294,25.879999999999999,0,-4.2999999999999998,-24.949999999999811,2.7999999999999998,4.2999999999999998,-24.949999999999811,2.7999999999999998,BYPASS,BYPASS,RUNNING
1295,25.899999999999999,0,-4.2999999999999998,-24.96699999999981,2.7999999999999998,4.2999999999999998,-24.96699999999981,2.7999999999999998,BYPASS,BYPASS,RUNNING
1296,25.920000000000002,0,-4.2999999999999998,-24.98399999999981,2.7999999999999998,4.2999999999999998,-24.98399999999981,2.7999999999999998,BYPASS,BYPASS,RUNNING
1297,25.940000000000001,0,-4.2999999999999998,-25.000999999999809,2.7999999999999998,4.2999999999999998,-25.000999999999809,2.7999999999999998,BYPASS,BYPASS,RUNNING
1298,25.960000000000001,0,-4.2999999999999998,-25.017999999999809,2.7999999999999998,4.2999999999999998,-25.017999999999809,2.7999999999999998,BYPASS,BYPASS,RUNNING
1299,25.98,0,-4.2999999999999998,-25.034999999999808,2.7999999999999998,4.2999999999999998,-25.034999999999808,2.7999999999999998,BYPASS,BYPASS,RUNNING
1300,26,0,-4.2999999999999998,-25.051999999999808,2.7999999999999998,4.2999999999999998,-25.051999999999808,2.7999999999999998,BYPASS,BYPASS,RUNNING
1301,26.02,0,-4.2999999999999998,-25.068999999999807,2.7999999999999998,4.2999999999999998,-25.068999999999807,2.7999999999999998,BYPASS,BYPASS,RUNNING
1302,26.039999999999999,0,-4.2999999999999998,-25.085999999999807,2.7999999999999998,4.2999999999999998,-25.085999999999807,2.7999999999999998,BYPASS,BYPASS,RUNNING
1303,26.059999999999999,0,-4.2999999999999998,-25.102999999999806,2.7999999999999998,4.2999999999999998,-25.102999999999806,2.7999999999999998,BYPASS,BYPASS,RUNNING
1304,26.079999999999998,0,-4.2999999999999998,-25.119999999999806,2.7999999999999998,4.2999999999999998,-25.119999999999806,2.7999999999999998,BYPASS,BYPASS,RUNNING
1305,26.100000000000001,0,-4.2999999999999998,-25.136999999999805,2.7999999999999998,4.2999999999999998,-25.136999999999805,2.7999999999999998,BYPASS,BYPASS,RUNNING
1306,26.120000000000001,0,-4.2999999999999998,-25.153999999999805,2.7999999999999998,4.2999999999999998,-25.153999999999805,2.7999999999999998,BYPASS,BYPASS,RUNNING
1307,26.140000000000001,0,-4.2999999999999998,-25.170999999999804,2.7999999999999998,4.2999999999999998,-25.170999999999804,2.7999999999999998,BYPASS,BYPASS,RUNNING
1308,26.16,0,-4.2999999999999998,-25.187999999999803,2.7999999999999998,4.2999999999999998,-25.187999999999803,2.7999999999999998,BYPASS,BYPASS,RUNNING
1309,26.18,0,-4.2999999999999998,-25.204999999999803,2.7999999999999998,4.2999999999999998,-25.204999999999803,2.7999999999999998,BYPASS,BYPASS,RUNNING
1310,26.199999999999999,0,-4.2999999999999998,-25.221999999999802,2.7999999999999998,4.2999999999999998,-25.221999999999802,2.7999999999999998,BYPASS,BYPASS,RUNNING
1311,26.219999999999999,0,-4.2999999999999998,-25.238999999999802,2.7999999999999998,4.2999999999999998,-25.238999999999802,2.7999999999999998,BYPASS,BYPASS,RUNNING
1312,26.239999999999998,0,-4.2999999999999998,-25.255999999999801,2.7999999999999998,4.2999999999999998,-25.255999999999801,2.7999999999999998,BYPASS,BYPASS,RUNNING
1313,26.260000000000002,0,-4.2999999999999998,-25.272999999999801,2.7999999999999998,4.2999999999999998,-25.272999999999801,2.7999999999999998,BYPASS,BYPASS,RUNNING
1314,26.280000000000001,0,-4.2999999999999998,-25.2899999999998,2.7999999999999998,4.2999999999999998,-25.2899999999998,2.7999999999999998,BYPASS,BYPASS,RUNNING
1315,26.300000000000001,0,-4.2999999999999998,-25.3069999999998,2.7999999999999998,4.2999999999999998,-25.3069999999998,2.7999999999999998,BYPASS,BYPASS,RUNNING
1316,26.32,0,-4.2999999999999998,-25.323999999999799,2.7999999999999998,4.2999999999999998,-25.323999999999799,2.7999999999999998,BYPASS,BYPASS,RUNNING
1317,26.34,0,-4.2999999999999998,-25.340999999999799,2.7999999999999998,4.2999999999999998,-25.340999999999799,2.7999999999999998,BYPASS,BYPASS,RUNNING
1318,26.359999999999999,0,-4.2999999999999998,-25.357999999999798,2.7999999999999998,4.2999999999999998,-25.357999999999798,2.7999999999999998,BYPASS,BYPASS,RUNNING
1319,26.379999999999999,0,-4.2999999999999998,-25.374999999999797,2.7999999999999998,4.2999999999999998,-25.374999999999797,2.7999999999999998,BYPASS,BYPASS,RUNNING
1320,26.399999999999999,0,-4.2999999999999998,-25.391999999999797,2.7999999999999998,4.2999999999999998,-25.391999999999797,2.7999999999999998,BYPASS,BYPASS,RUNNING
1321,26.420000000000002,0,-4.2999999999999998,-25.408999999999796,2.7999999999999998,4.2999999999999998,-25.408999999999796,2.7999999999999998,BYPASS,BYPASS,RUNNING
1322,26.440000000000001,0,-4.2999999999999998,-25.425999999999796,2.7999999999999998,4.2999999999999998,-25.425999999999796,2.7999999999999998,BYPASS,BYPASS,RUNNING
1323,26.460000000000001,0,-4.2999999999999998,-25.442999999999795,2.7999999999999998,4.2999999999999998,-25.442999999999795,2.7999999999999998,BYPASS,BYPASS,RUNNING
1324,26.48,0,-4.2999999999999998,-25.459999999999795,2.7999999999999998,4.2999999999999998,-25.459999999999795,2.7999999999999998,BYPASS,BYPASS,RUNNING
1325,26.5,0,-4.2999999999999998,-25.476999999999794,2.7999999999999998,4.2999999999999998,-25.476999999999794,2.7999999999999998,BYPASS,BYPASS,RUNNING
1326,26.52,0,-4.2999999999999998,-25.493999999999794,2.7999999999999998,4.2999999999999998,-25.493999999999794,2.7999999999999998,BYPASS,BYPASS,RUNNING
1327,26.539999999999999,0,-4.2999999999999998,-25.510999999999793,2.7999999999999998,4.2999999999999998,-25.510999999999793,2.7999999999999998,BYPASS,BYPASS,RUNNING
1328,26.559999999999999,0,-4.2999999999999998,-25.527999999999793,2.7999999999999998,4.2999999999999998,-25.527999999999793,2.7999999999999998,BYPASS,BYPASS,RUNNING
1329,26.579999999999998,0,-4.2999999999999998,-25.544999999999792,2.7999999999999998,4.2999999999999998,-25.544999999999792,2.7999999999999998,BYPASS,BYPASS,RUNNING
1330,26.600000000000001,0,-4.2999999999999998,-25.561999999999792,2.7999999999999998,4.2999999999999998,-25.561999999999792,2.7999999999999998,BYPASS,BYPASS,RUNNING
1331,26.620000000000001,0,-4.2999999999999998,-25.578999999999791,2.7999999999999998,4.2999999999999998,-25.578999999999791,2.7999999999999998,BYPASS,BYPASS,RUNNING
1332,26.640000000000001,0,-4.2999999999999998,-25.59599999999979,2.7999999999999998,4.2999999999999998,-25.59599999999979,2.7999999999999998,BYPASS,BYPASS,RUNNING
1333,26.66,0,-4.2999999999999998,-25.61299999999979,2.7999999999999998,4.2999999999999998,-25.61299999999979,2.7999999999999998,BYPASS,BYPASS,RUNNING
1334,26.68,0,-4.2999999999999998,-25.629999999999789,2.7999999999999998,4.2999999999999998,-25.629999999999789,2.7999999999999998,BYPASS,BYPASS,RUNNING
1335,26.699999999999999,0,-4.2999999999999998,-25.646999999999789,2.7999999999999998,4.2999999999999998,-25.646999999999789,2.7999999999999998,BYPASS,BYPASS,RUNNING
1336,26.719999999999999,0,-4.2999999999999998,-25.663999999999788,2.7999999999999998,4.2999999999999998,-25.663999999999788,2.7999999999999998,BYPASS,BYPASS,RUNNING
1337,26.739999999999998,0,-4.2999999999999998,-25.680999999999788,2.7999999999999998,4.2999999999999998,-25.680999999999788,2.7999999999999998,BYPASS,BYPASS,RUNNING
1338,26.760000000000002,0,-4.2999999999999998,-25.697999999999787,2.7999999999999998,4.2999999999999998,-25.697999999999787,2.7999999999999998,BYPASS,BYPASS,RUNNING
1339,26.780000000000001,0,-4.2999999999999998,-25.714999999999787,2.7999999999999998,4.2999999999999998,-25.714999999999787,2.7999999999999998,BYPASS,BYPASS,RUNNING
1340,26.800000000000001,0,-4.2999999999999998,-25.731999999999786,2.7999999999999998,4.2999999999999998,-25.731999999999786,2.7999999999999998,BYPASS,BYPASS,RUNNING
1341,26.82,0,-4.2999999999999998,-25.748999999999786,2.7999999999999998,4.2999999999999998,-25.748999999999786,2.7999999999999998,BYPASS,BYPASS,RUNNING
1342,26.84,0,-4.2999999999999998,-25.765999999999785,2.7999999999999998,4.2999999999999998,-25.765999999999785,2.7999999999999998,BYPASS,BYPASS,RUNNING
1343,26.859999999999999,0,-4.2999999999999998,-25.782999999999785,2.7999999999999998,4.2999999999999998,-25.782999999999785,2.7999999999999998,BYPASS,BYPASS,RUNNING
1344,26.879999999999999,0,-4.2999999999999998,-25.799999999999784,2.7999999999999998,4.2999999999999998,-25.799999999999784,2.7999999999999998,BYPASS,BYPASS,RUNNING
1345,26.899999999999999,0,-4.2999999999999998,-25.816999999999783,2.7999999999999998,4.2999999999999998,-25.816999999999783,2.7999999999999998,BYPASS,BYPASS,RUNNING
1346,26.920000000000002,0,-4.2999999999999998,-25.833999999999783,2.7999999999999998,4.2999999999999998,-25.833999999999783,2.7999999999999998,BYPASS,BYPASS,RUNNING
1347,26.940000000000001,0,-4.2999999999999998,-25.850999999999782,2.7999999999999998,4.2999999999999998,-25.850999999999782,2.7999999999999998,BYPASS,BYPASS,RUNNING
1348,26.960000000000001,0,-4.2999999999999998,-25.867999999999782,2.7999999999999998,4.2999999999999998,-25.867999999999782,2.7999999999999998,BYPASS,BYPASS,RUNNING
1349,26.98,0,-4.2999999999999998,-25.884999999999781,2.7999999999999998,4.2999999999999998,-25.884999999999781,2.7999999999999998,BYPASS,BYPASS,RUNNING
1350,27,0,-4.2999999999999998,-25.901999999999781,2.7999999999999998,4.2999999999999998,-25.901999999999781,2.7999999999999998,BYPASS,BYPASS,RUNNING
1351,27.02,0,-4.2999999999999998,-25.91899999999978,2.7999999999999998,4.2999999999999998,-25.91899999999978,2.7999999999999998,BYPASS,BYPASS,RUNNING
1352,27.039999999999999,0,-4.2999999999999998,-25.93599999999978,2.7999999999999998,4.2999999999999998,-25.93599999999978,2.7999999999999998,BYPASS,BYPASS,RUNNING
1353,27.059999999999999,0,-4.2999999999999998,-25.952999999999779,2.7999999999999998,4.2999999999999998,-25.952999999999779,2.7999999999999998,BYPASS,BYPASS,RUNNING
1354,27.079999999999998,0,-4.2999999999999998,-25.969999999999779,2.7999999999999998,4.2999999999999998,-25.969999999999779,2.7999999999999998,BYPASS,BYPASS,RUNNING
1355,27.100000000000001,0,-4.2999999999999998,-25.986999999999778,2.7999999999999998,4.2999999999999998,-25.986999999999778,2.7999999999999998,BYPASS,BYPASS,RUNNING
1356,27.120000000000001,0,-4.2999999999999998,-26.003999999999778,2.7999999999999998,4.2999999999999998,-26.003999999999778,2.7999999999999998,BYPASS,BYPASS,RUNNING
1357,27.140000000000001,0,-4.2999999999999998,-26.020999999999777,2.7999999999999998,4.2999999999999998,-26.020999999999777,2.7999999999999998,BYPASS,BYPASS,RUNNING
1358,27.16,0,-4.2999999999999998,-26.037999999999776,2.7999999999999998,4.2999999999999998,-26.037999999999776,2.7999999999999998,BYPASS,BYPASS,RUNNING
1359,27.18,0,-4.2999999999999998,-26.054999999999776,2.7999999999999998,4.2999999999999998,-26.054999999999776,2.7999999999999998,BYPASS,BYPASS,RUNNING
1360,27.199999999999999,0,-4.2999999999999998,-26.071999999999775,2.7999999999999998,4.2999999999999998,-26.071999999999775,2.7999999999999998,BYPASS,BYPASS,RUNNING
1361,27.219999999999999,0,-4.2999999999999998,-26.088999999999775,2.7999999999999998,4.2999999999999998,-26.088999999999775,2.7999999999999998,BYPASS,BYPASS,RUNNING
1362,27.239999999999998,0,-4.2999999999999998,-26.105999999999774,2.7999999999999998,4.2999999999999998,-26.105999999999774,2.7999999999999998,BYPASS,BYPASS,RUNNING
1363,27.260000000000002,0,-4.2999999999999998,-26.122999999999774,2.7999999999999998,4.2999999999999998,-26.122999999999774,2.7999999999999998,BYPASS,BYPASS,RUNNING
1364,27.280000000000001,0,-4.2999999999999998,-26.139999999999773,2.7999999999999998,4.2999999999999998,-26.139999999999773,2.7999999999999998,BYPASS,BYPASS,RUNNING
1365,27.300000000000001,0,-4.2999999999999998,-26.156999999999773,2.7999999999999998,4.2999999999999998,-26.156999999999773,2.7999999999999998,BYPASS,BYPASS,RUNNING
1366,27.32,0,-4.2999999999999998,-26.173999999999772,2.7999999999999998,4.2999999999999998,-26.173999999999772,2.7999999999999998,BYPASS,BYPASS,RUNNING
1367,27.34,0,-4.2999999999999998,-26.190999999999772,2.7999999999999998,4.2999999999999998,-26.190999999999772,2.7999999999999998,BYPASS,BYPASS,RUNNING
1368,27.359999999999999,0,-4.2999999999999998,-26.207999999999771,2.7999999999999998,4.2999999999999998,-26.207999999999771,2.7999999999999998,BYPASS,BYPASS,RUNNING
1369,27.379999999999999,0,-4.2999999999999998,-26.22499999999977,2.7999999999999998,4.2999999999999998,-26.22499999999977,2.7999999999999998,BYPASS,BYPASS,RUNNING
1370,27.399999999999999,0,-4.2999999999999998,-26.24199999999977,2.7999999999999998,4.2999999999999998,-26.24199999999977,2.7999999999999998,BYPASS,BYPASS,RUNNING
1371,27.420000000000002,0,-4.2999999999999998,-26.258999999999769,2.7999999999999998,4.2999999999999998,-26.258999999999769,2.7999999999999998,BYPASS,BYPASS,RUNNING
1372,27.440000000000001,0,-4.2999999999999998,-26.275999999999769,2.7999999999999998,4.2999999999999998,-26.275999999999769,2.7999999999999998,BYPASS,BYPASS,RUNNING
1373,27.460000000000001,0,-4.2999999999999998,-26.292999999999768,2.7999999999999998,4.2999999999999998,-26.292999999999768,2.7999999999999998,BYPASS,BYPASS,RUNNING
1374,27.48,0,-4.2999999999999998,-26.309999999999768,2.7999999999999998,4.2999999999999998,-26.309999999999768,2.7999999999999998,BYPASS,BYPASS,RUNNING
1375,27.5,0,-4.2999999999999998,-26.326999999999767,2.7999999999999998,4.2999999999999998,-26.326999999999767,2.7999999999999998,BYPASS,BYPASS,RUNNING
1376,27.52,0,-4.2999999999999998,-26.343999999999767,2.7999999999999998,4.2999999999999998,-26.343999999999767,2.7999999999999998,BYPASS,BYPASS,RUNNING
1377,27.539999999999999,0,-4.2999999999999998,-26.360999999999766,2.7999999999999998,4.2999999999999998,-26.360999999999766,2.7999999999999998,BYPASS,BYPASS,RUNNING
1378,27.559999999999999,0,-4.2999999999999998,-26.377999999999766,2.7999999999999998,4.2999999999999998,-26.377999999999766,2.7999999999999998,BYPASS,BYPASS,RUNNING
1379,27.579999999999998,0,-4.2999999999999998,-26.394999999999765,2.7999999999999998,4.2999999999999998,-26.394999999999765,2.7999999999999998,BYPASS,BYPASS,RUNNING
1380,27.600000000000001,0,-4.2999999999999998,-26.411999999999765,2.7999999999999998,4.2999999999999998,-26.411999999999765,2.7999999999999998,BYPASS,BYPASS,RUNNING
1381,27.620000000000001,0,-4.2999999999999998,-26.428999999999764,2.7999999999999998,4.2999999999999998,-26.428999999999764,2.7999999999999998,BYPASS,BYPASS,RUNNING
1382,27.640000000000001,0,-4.2999999999999998,-26.445999999999763,2.7999999999999998,4.2999999999999998,-26.445999999999763,2.7999999999999998,BYPASS,BYPASS,RUNNING
1383,27.66,0,-4.2999999999999998,-26.462999999999763,2.7999999999999998,4.2999999999999998,-26.462999999999763,2.7999999999999998,BYPASS,BYPASS,RUNNING
1384,27.68,0,-4.2999999999999998,-26.479999999999762,2.7999999999999998,4.2999999999999998,-26.479999999999762,2.7999999999999998,BYPASS,BYPASS,RUNNING
1385,27.699999999999999,0,-4.2999999999999998,-26.496999999999762,2.7999999999999998,4.2999999999999998,-26.496999999999762,2.7999999999999998,BYPASS,BYPASS,RUNNING
1386,27.719999999999999,0,-4.2999999999999998,-26.513999999999761,2.7999999999999998,4.2999999999999998,-26.513999999999761,2.7999999999999998,BYPASS,BYPASS,RUNNING
1387,27.739999999999998,0,-4.2999999999999998,-26.530999999999761,2.7999999999999998,4.2999999999999998,-26.530999999999761,2.7999999999999998,BYPASS,BYPASS,RUNNING
1388,27.760000000000002,0,-4.2999999999999998,-26.54799999999976,2.7999999999999998,4.2999999999999998,-26.54799999999976,2.7999999999999998,BYPASS,BYPASS,RUNNING
1389,27.780000000000001,0,-4.2999999999999998,-26.56499999999976,2.7999999999999998,4.2999999999999998,-26.56499999999976,2.7999999999999998,BYPASS,BYPASS,RUNNING
1390,27.800000000000001,0,-4.2999999999999998,-26.581999999999759,2.7999999999999998,4.2999999999999998,-26.581999999999759,2.7999999999999998,BYPASS,BYPASS,RUNNING
1391,27.82,0,-4.2999999999999998,-26.598999999999759,2.7999999999999998,4.2999999999999998,-26.598999999999759,2.7999999999999998,BYPASS,BYPASS,RUNNING
1392,27.84,0,-4.2999999999999998,-26.615999999999758,2.7999999999999998,4.2999999999999998,-26.615999999999758,2.7999999999999998,BYPASS,BYPASS,RUNNING
1393,27.859999999999999,0,-4.2999999999999998,-26.632999999999758,2.7999999999999998,4.2999999999999998,-26.632999999999758,2.7999999999999998,BYPASS,BYPASS,RUNNING
1394,27.879999999999999,0,-4.2999999999999998,-26.649999999999757,2.7999999999999998,4.2999999999999998,-26.649999999999757,2.7999999999999998,BYPASS,BYPASS,RUNNING
1395,27.899999999999999,0,-4.2999999999999998,-26.666999999999756,2.7999999999999998,4.2999999999999998,-26.666999999999756,2.7999999999999998,BYPASS,BYPASS,RUNNING
1396,27.920000000000002,0,-4.2999999999999998,-26.683999999999756,2.7999999999999998,4.2999999999999998,-26.683999999999756,2.7999999999999998,BYPASS,BYPASS,RUNNING
1397,27.940000000000001,0,-4.2999999999999998,-26.700999999999755,2.7999999999999998,4.2999999999999998,-26.700999999999755,2.7999999999999998,BYPASS,BYPASS,RUNNING
1398,27.960000000000001,0,-4.2999999999999998,-26.717999999999755,2.7999999999999998,4.2999999999999998,-26.717999999999755,2.7999999999999998,BYPASS,BYPASS,RUNNING
1399,27.98,0,-4.2999999999999998,-26.734999999999754,2.7999999999999998,4.2999999999999998,-26.734999999999754,2.7999999999999998,BYPASS,BYPASS,RUNNING
1400,28,0,-4.2999999999999998,-26.751999999999754,2.7999999999999998,4.2999999999999998,-26.751999999999754,2.7999999999999998,BYPASS,BYPASS,RUNNING
1401,28.02,0,-4.2999999999999998,-26.768999999999753,2.7999999999999998,4.2999999999999998,-26.768999999999753,2.7999999999999998,BYPASS,BYPASS,RUNNING
1402,28.039999999999999,0,-4.2999999999999998,-26.785999999999753,2.7999999999999998,4.2999999999999998,-26.785999999999753,2.7999999999999998,BYPASS,BYPASS,RUNNING
1403,28.059999999999999,0,-4.2999999999999998,-26.802999999999752,2.7999999999999998,4.2999999999999998,-26.802999999999752,2.7999999999999998,BYPASS,BYPASS,RUNNING
1404,28.079999999999998,0,-4.2999999999999998,-26.819999999999752,2.7999999999999998,4.2999999999999998,-26.819999999999752,2.7999999999999998,BYPASS,BYPASS,RUNNING
1405,28.100000000000001,0,-4.2999999999999998,-26.836999999999751,2.7999999999999998,4.2999999999999998,-26.836999999999751,2.7999999999999998,BYPASS,BYPASS,RUNNING
1406,28.120000000000001,0,-4.2999999999999998,-26.853999999999751,2.7999999999999998,4.2999999999999998,-26.853999999999751,2.7999999999999998,BYPASS,BYPASS,RUNNING
1407,28.140000000000001,0,-4.2999999999999998,-26.87099999999975,2.7999999999999998,4.2999999999999998,-26.87099999999975,2.7999999999999998,BYPASS,BYPASS,RUNNING
1408,28.16,0,-4.2999999999999998,-26.887999999999749,2.7999999999999998,4.2999999999999998,-26.887999999999749,2.7999999999999998,BYPASS,BYPASS,RUNNING
1409,28.18,0,-4.2999999999999998,-26.904999999999749,2.7999999999999998,4.2999999999999998,-26.904999999999749,2.7999999999999998,BYPASS,BYPASS,RUNNING
1410,28.199999999999999,0,-4.2999999999999998,-26.921999999999748,2.7999999999999998,4.2999999999999998,-26.921999999999748,2.7999999999999998,BYPASS,BYPASS,RUNNING
1411,28.219999999999999,0,-4.2999999999999998,-26.938999999999748,2.7999999999999998,4.2999999999999998,-26.938999999999748,2.7999999999999998,BYPASS,BYPASS,RUNNING
1412,28.239999999999998,0,-4.2999999999999998,-26.955999999999747,2.7999999999999998,4.2999999999999998,-26.955999999999747,2.7999999999999998,BYPASS,BYPASS,RUNNING
1413,28.260000000000002,0,-4.2999999999999998,-26.972999999999747,2.7999999999999998,4.2999999999999998,-26.972999999999747,2.7999999999999998,BYPASS,BYPASS,RUNNING
1414,28.280000000000001,0,-4.2999999999999998,-26.989999999999746,2.7999999999999998,4.2999999999999998,-26.989999999999746,2.7999999999999998,BYPASS,BYPASS,RUNNING
1415,28.300000000000001,0,-4.2999999999999998,-27,2.7999999999999998,4.2999999999999998,-27,2.7999999999999998,BYPASS,BYPASS,RUNNING
1416,28.32,0,-4.2911715400437807,-27.014527845497575,2.7999999999999998,4.2911715400437807,-27.014527845497575,2.7999999999999998,BYPASS,BYPASS,RUNNING
1417,28.34,0,-4.2823430800875615,-27.02905569099515,2.7999999999999998,4.2823430800875615,-27.02905569099515,2.7999999999999998,BYPASS,BYPASS,RUNNING
1418,28.359999999999999,0,-4.2735146201313423,-27.043583536492726,2.7999999999999998,4.2735146201313423,-27.043583536492726,2.7999999999999998,BYPASS,BYPASS,RUNNING
1419,28.379999999999999,0,-4.2646861601751231,-27.058111381990301,2.7999999999999998,4.2646861601751231,-27.058111381990301,2.7999999999999998,BYPASS,BYPASS,RUNNING
1420,28.399999999999999,0,-4.255857700218904,-27.072639227487876,2.7999999999999998,4.255857700218904,-27.072639227487876,2.7999999999999998,BYPASS,BYPASS,RUNNING
1421,28.420000000000002,0,-4.2470292402626848,-27.087167072985451,2.7999999999999998,4.2470292402626848,-27.087167072985451,2.7999999999999998,BYPASS,BYPASS,RUNNING
1422,28.440000000000001,0,-4.2382007803064656,-27.101694918483027,2.7999999999999998,4.2382007803064656,-27.101694918483027,2.7999999999999998,BYPASS,BYPASS,RUNNING
1423,28.460000000000001,0,-4.2293723203502465,-27.116222763980602,2.7999999999999998,4.2293723203502465,-27.116222763980602,2.7999999999999998,BYPASS,BYPASS,RUNNING
1424,28.48,0,-4.2205438603940273,-27.130750609478177,2.7999999999999998,4.2205438603940273,-27.130750609478177,2.7999999999999998,BYPASS,BYPASS,RUNNING
1425,28.5,0,-4.2117154004378081,-27.145278454975752,2.7999999999999998,4.2117154004378081,-27.145278454975752,2.7999999999999998,BYPASS,BYPASS,RUNNING
1426,28.52,0,-4.202886940481589,-27.159806300473328,2.7999999999999998,4.202886940481589,-27.159806300473328,2.7999999999999998,BYPASS,BYPASS,RUNNING
1427,28.539999999999999,0,-4.1940584805253698,-27.174334145970903,2.7999999999999998,4.1940584805253698,-27.174334145970903,2.7999999999999998,BYPASS,BYPASS,RUNNING
1428,28.559999999999999,0,-4.1852300205691506,-27.188861991468478,2.7999999999999998,4.1852300205691506,-27.188861991468478,2.7999999999999998,BYPASS,BYPASS,RUNNING
1429,28.579999999999998,0,-4.1764015606129314,-27.203389836966053,2.7999999999999998,4.1764015606129314,-27.203389836966053,2.7999999999999998,BYPASS,BYPASS,RUNNING
1430,28.600000000000001,0,-4.1675731006567123,-27.217917682463629,2.7999999999999998,4.1675731006567123,-27.217917682463629,2.7999999999999998,BYPASS,BYPASS,RUNNING
1431,28.620000000000001,0,-4.1587446407004931,-27.232445527961204,2.7999999999999998,4.1587446407004931,-27.232445527961204,2.7999999999999998,BYPASS,BYPASS,RUNNING
1432,28.640000000000001,0,-4.1499161807442739,-27.246973373458779,2.7999999999999998,4.1499161807442739,-27.246973373458779,2.7999999999999998,BYPASS,BYPASS,RUNNING
1433,28.66,0,-4.1410877207880548,-27.261501218956354,2.7999999999999998,4.1410877207880548,-27.261501218956354,2.7999999999999998,BYPASS,BYPASS,RUNNING
1434,28.68,0,-4.1322592608318356,-27.27602906445393,2.7999999999999998,4.1322592608318356,-27.27602906445393,2.7999999999999998,BYPASS,BYPASS,RUNNING
1435,28.699999999999999,0,-4.1234308008756164,-27.290556909951505,2.7999999999999998,4.1234308008756164,-27.290556909951505,2.7999999999999998,BYPASS,BYPASS,RUNNING
1436,28.719999999999999,0,-4.1146023409193972,-27.30508475544908,2.7999999999999998,4.1146023409193972,-27.30508475544908,2.7999999999999998,BYPASS,BYPASS,RUNNING
1437,28.739999999999998,0,-4.1057738809631781,-27.319612600946655,2.7999999999999998,4.1057738809631781,-27.319612600946655,2.7999999999999998,BYPASS,BYPASS,RUNNING
1438,28.760000000000002,0,-4.0969454210069589,-27.334140446444231,2.7999999999999998,4.0969454210069589,-27.334140446444231,2.7999999999999998,BYPASS,BYPASS,RUNNING
1439,28.780000000000001,0,-4.0881169610507397,-27.348668291941806,2.7999999999999998,4.0881169610507397,-27.348668291941806,2.7999999999999998,BYPASS,BYPASS,RUNNING
1440,28.800000000000001,0,-4.0792885010945206,-27.363196137439381,2.7999999999999998,4.0792885010945206,-27.363196137439381,2.7999999999999998,BYPASS,BYPASS,RUNNING
1441,28.82,0,-4.0704600411383014,-27.377723982936956,2.7999999999999998,4.0704600411383014,-27.377723982936956,2.7999999999999998,BYPASS,BYPASS,RUNNING
1442,28.84,0,-4.0616315811820822,-27.392251828434532,2.7999999999999998,4.0616315811820822,-27.392251828434532,2.7999999999999998,BYPASS,BYPASS,RUNNING
1443,28.859999999999999,0,-4.0528031212258631,-27.406779673932107,2.7999999999999998,4.0528031212258631,-27.406779673932107,2.7999999999999998,BYPASS,BYPASS,RUNNING
1444,28.879999999999999,0,-4.0439746612696439,-27.421307519429682,2.7999999999999998,4.0439746612696439,-27.421307519429682,2.7999999999999998,BYPASS,BYPASS,RUNNING
1445,28.899999999999999,0,-4.0351462013134247,-27.435835364927257,2.7999999999999998,4.0351462013134247,-27.435835364927257,2.7999999999999998,BYPASS,BYPASS,RUNNING
1446,28.920000000000002,0,-4.0263177413572055,-27.450363210424833,2.7999999999999998,4.0263177413572055,-27.450363210424833,2.7999999999999998,BYPASS,BYPASS,RUNNING
1447,28.940000000000001,0,-4.0174892814009864,-27.464891055922408,2.7999999999999998,4.0174892814009864,-27.464891055922408,2.7999999999999998,BYPASS,BYPASS,RUNNING
1448,28.960000000000001,0,-4.0086608214447672,-27.479418901419983,2.7999999999999998,4.0086608214447672,-27.479418901419983,2.7999999999999998,BYPASS,BYPASS,RUNNING
1449,28.98,0,-3.999832361488548,-27.493946746917558,2.7999999999999998,3.999832361488548,-27.493946746917558,2.7999999999999998,BYPASS,BYPASS,RUNNING
1450,29,0,-3.9910039015323289,-27.508474592415133,2.7999999999999998,3.9910039015323289,-27.508474592415133,2.7999999999999998,BYPASS,BYPASS,RUNNING
1451,29.02,0,-3.9821754415761097,-27.523002437912709,2.7999999999999998,3.9821754415761097,-27.523002437912709,2.7999999999999998,BYPASS,BYPASS,RUNNING
1452,29.039999999999999,0,-3.9733469816198905,-27.537530283410284,2.7999999999999998,3.9733469816198905,-27.537530283410284,2.7999999999999998,BYPASS,BYPASS,RUNNING
1453,29.059999999999999,0,-3.9645185216636714,-27.552058128907859,2.7999999999999998,3.9645185216636714,-27.552058128907859,2.7999999999999998,BYPASS,BYPASS,RUNNING
1454,29.079999999999998,0,-3.9556900617074522,-27.566585974405434,2.7999999999999998,3.9556900617074522,-27.566585974405434,2.7999999999999998,BYPASS,BYPASS,RUNNING
1455,29.100000000000001,0,-3.946861601751233,-27.58111381990301,2.7999999999999998,3.946861601751233,-27.58111381990301,2.7999999999999998,BYPASS,BYPASS,RUNNING
1456,29.120000000000001,0,-3.9380331417950138,-27.595641665400585,2.7999999999999998,3.9380331417950138,-27.595641665400585,2.7999999999999998,BYPASS,BYPASS,RUNNING
1457,29.140000000000001,0,-3.9292046818387947,-27.61016951089816,2.7999999999999998,3.9292046818387947,-27.61016951089816,2.7999999999999998,BYPASS,BYPASS,RUNNING
1458,29.16,0,-3.9203762218825755,-27.624697356395735,2.7999999999999998,3.9203762218825755,-27.624697356395735,2.7999999999999998,BYPASS,BYPASS,RUNNING
1459,29.18,0,-3.9115477619263563,-27.639225201893311,2.7999999999999998,3.9115477619263563,-27.639225201893311,2.7999999999999998,BYPASS,BYPASS,RUNNING
1460,29.199999999999999,0,-3.9027193019701372,-27.653753047390886,2.7999999999999998,3.9027193019701372,-27.653753047390886,2.7999999999999998,BYPASS,BYPASS,RUNNING
1461,29.219999999999999,0,-3.893890842013918,-27.668280892888461,2.7999999999999998,3.893890842013918,-27.668280892888461,2.7999999999999998,BYPASS,BYPASS,RUNNING
1462,29.239999999999998,0,-3.8850623820576988,-27.682808738386036,2.7999999999999998,3.8850623820576988,-27.682808738386036,2.7999999999999998,BYPASS,BYPASS,RUNNING
1463,29.260000000000002,0,-3.8762339221014797,-27.697336583883612,2.7999999999999998,3.8762339221014797,-27.697336583883612,2.7999999999999998,BYPASS,BYPASS,RUNNING
1464,29.280000000000001,0,-3.8674054621452605,-27.711864429381187,2.7999999999999998,3.8674054621452605,-27.711864429381187,2.7999999999999998,BYPASS,BYPASS,RUNNING
1465,29.300000000000001,0,-3.8585770021890413,-27.726392274878762,2.7999999999999998,3.8585770021890413,-27.726392274878762,2.7999999999999998,BYPASS,BYPASS,RUNNING
1466,29.32,0,-3.8497485422328221,-27.740920120376337,2.7999999999999998,3.8497485422328221,-27.740920120376337,2.7999999999999998,BYPASS,BYPASS,RUNNING
1467,29.34,0,-3.840920082276603,-27.755447965873913,2.7999999999999998,3.840920082276603,-27.755447965873913,2.7999999999999998,BYPASS,BYPASS,RUNNING
1468,29.359999999999999,0,-3.8320916223203838,-27.769975811371488,2.7999999999999998,3.8320916223203838,-27.769975811371488,2.7999999999999998,BYPASS,BYPASS,RUNNING
1469,29.379999999999999,0,-3.8232631623641646,-27.784503656869063,2.7999999999999998,3.8232631623641646,-27.784503656869063,2.7999999999999998,BYPASS,BYPASS,RUNNING
1470,29.399999999999999,0,-3.8144347024079455,-27.799031502366638,2.7999999999999998,3.8144347024079455,-27.799031502366638,2.7999999999999998,BYPASS,BYPASS,RUNNING
1471,29.420000000000002,0,-3.8056062424517263,-27.813559347864214,2.7999999999999998,3.8056062424517263,-27.813559347864214,2.7999999999999998,BYPASS,BYPASS,RUNNING
1472,29.440000000000001,0,-3.7967777824955071,-27.828087193361789,2.7999999999999998,3.7967777824955071,-27.828087193361789,2.7999999999999998,BYPASS,BYPASS,RUNNING
1473,29.460000000000001,0,-3.787949322539288,-27.842615038859364,2.7999999999999998,3.787949322539288,-27.842615038859364,2.7999999999999998,BYPASS,BYPASS,RUNNING
1474,29.48,0,-3.7791208625830688,-27.857142884356939,2.7999999999999998,3.7791208625830688,-27.857142884356939,2.7999999999999998,BYPASS,BYPASS,RUNNING
1475,29.5,0,-3.7702924026268496,-27.871670729854515,2.7999999999999998,3.7702924026268496,-27.871670729854515,2.7999999999999998,BYPASS,BYPASS,RUNNING
1476,29.52,0,-3.7614639426706304,-27.88619857535209,2.7999999999999998,3.7614639426706304,-27.88619857535209,2.7999999999999998,BYPASS,BYPASS,RUNNING
1477,29.539999999999999,0,-3.7526354827144113,-27.900726420849665,2.7999999999999998,3.7526354827144113,-27.900726420849665,2.7999999999999998,BYPASS,BYPASS,RUNNING
1478,29.559999999999999,0,-3.7438070227581921,-27.91525426634724,2.7999999999999998,3.7438070227581921,-27.91525426634724,2.7999999999999998,BYPASS,BYPASS,RUNNING
1479,29.579999999999998,0,-3.7349785628019729,-27.929782111844816,2.7999999999999998,3.7349785628019729,-27.929782111844816,2.7999999999999998,BYPASS,BYPASS,RUNNING
1480,29.600000000000001,0,-3.7261501028457538,-27.944309957342391,2.7999999999999998,3.7261501028457538,-27.944309957342391,2.7999999999999998,BYPASS,BYPASS,RUNNING
1481,29.620000000000001,0,-3.7173216428895346,-27.958837802839966,2.7999999999999998,3.7173216428895346,-27.958837802839966,2.7999999999999998,BYPASS,BYPASS,RUNNING
1482,29.640000000000001,0,-3.7084931829333154,-27.973365648337541,2.7999999999999998,3.7084931829333154,-27.973365648337541,2.7999999999999998,BYPASS,BYPASS,RUNNING
1483,29.66,0,-3.6996647229770963,-27.987893493835116,2.7999999999999998,3.6996647229770963,-27.987893493835116,2.7999999999999998,BYPASS,BYPASS,RUNNING
1484,29.68,0,-3.6908362630208771,-28.002421339332692,2.7999999999999998,3.6908362630208771,-28.002421339332692,2.7999999999999998,BYPASS,BYPASS,RUNNING
1485,29.699999999999999,0,-3.6820078030646579,-28.016949184830267,2.7999999999999998,3.6820078030646579,-28.016949184830267,2.7999999999999998,BYPASS,BYPASS,RUNNING
1486,29.719999999999999,0,-3.6731793431084387,-28.031477030327842,2.7999999999999998,3.6731793431084387,-28.031477030327842,2.7999999999999998,BYPASS,BYPASS,RUNNING
1487,29.739999999999998,0,-3.6643508831522196,-28.046004875825417,2.7999999999999998,3.6643508831522196,-28.046004875825417,2.7999999999999998,BYPASS,BYPASS,RUNNING
1488,29.760000000000002,0,-3.6555224231960004,-28.060532721322993,2.7999999999999998,3.6555224231960004,-28.060532721322993,2.7999999999999998,BYPASS,BYPASS,RUNNING
1489,29.780000000000001,0,-3.6466939632397812,-28.075060566820568,2.7999999999999998,3.6466939632397812,-28.075060566820568,2.7999999999999998,BYPASS,BYPASS,RUNNING
1490,29.800000000000001,0,-3.6378655032835621,-28.089588412318143,2.7999999999999998,3.6378655032835621,-28.089588412318143,2.7999999999999998,BYPASS,BYPASS,RUNNING
1491,29.82,0,-3.6290370433273429,-28.104116257815718,2.7999999999999998,3.6290370433273429,-28.104116257815718,2.7999999999999998,BYPASS,BYPASS,RUNNING
1492,29.84,0,-3.6202085833711237,-28.118644103313294,2.7999999999999998,3.6202085833711237,-28.118644103313294,2.7999999999999998,BYPASS,BYPASS,RUNNING
1493,29.859999999999999,0,-3.6113801234149046,-28.133171948810869,2.7999999999999998,3.6113801234149046,-28.133171948810869,2.7999999999999998,BYPASS,BYPASS,RUNNING
1494,29.879999999999999,0,-3.6025516634586854,-28.147699794308444,2.7999999999999998,3.6025516634586854,-28.147699794308444,2.7999999999999998,BYPASS,BYPASS,RUNNING
1495,29.899999999999999,0,-3.5937232035024662,-28.162227639806019,2.7999999999999998,3.5937232035024662,-28.162227639806019,2.7999999999999998,BYPASS,BYPASS,RUNNING
1496,29.920000000000002,0,-3.584894743546247,-28.176755485303595,2.7999999999999998,3.584894743546247,-28.176755485303595,2.7999999999999998,BYPASS,BYPASS,RUNNING
1497,29.940000000000001,0,-3.5760662835900279,-28.19128333080117,2.7999999999999998,3.5760662835900279,-28.19128333080117,2.7999999999999998,BYPASS,BYPASS,RUNNING
1498,29.960000000000001,0,-3.5672378236338087,-28.205811176298745,2.7999999999999998,3.5672378236338087,-28.205811176298745,2.7999999999999998,BYPASS,BYPASS,RUNNING
1499,29.98,0,-3.5584093636775895,-28.22033902179632,2.7999999999999998,3.5584093636775895,-28.22033902179632,2.7999999999999998,BYPASS,BYPASS,RUNNING
1500,30,0,-3.5495809037213704,-28.234866867293896,2.7999999999999998,3.5495809037213704,-28.234866867293896,2.7999999999999998,BYPASS,BYPASS,RUNNING
1501,30.02,0,-3.5407524437651512,-28.249394712791471,2.7999999999999998,3.5407524437651512,-28.249394712791471,2.7999999999999998,BYPASS,BYPASS,RUNNING
1502,30.039999999999999,0,-3.531923983808932,-28.263922558289046,2.7999999999999998,3.531923983808932,-28.263922558289046,2.7999999999999998,BYPASS,BYPASS,RUNNING
1503,30.059999999999999,0,-3.5230955238527129,-28.278450403786621,2.7999999999999998,3.5230955238527129,-28.278450403786621,2.7999999999999998,BYPASS,BYPASS,RUNNING
1504,30.079999999999998,0,-3.5142670638964937,-28.292978249284197,2.7999999999999998,3.5142670638964937,-28.292978249284197,2.7999999999999998,BYPASS,BYPASS,RUNNING
1505,30.100000000000001,0,-3.5054386039402745,-28.307506094781772,2.7999999999999998,3.5054386039402745,-28.307506094781772,2.7999999999999998,BYPASS,BYPASS,RUNNING
1506,30.120000000000001,0,-3.4966101439840553,-28.322033940279347,2.7999999999999998,3.4966101439840553,-28.322033940279347,2.7999999999999998,BYPASS,BYPASS,RUNNING
1507,30.140000000000001,0,-3.4877816840278362,-28.336561785776922,2.7999999999999998,3.4877816840278362,-28.336561785776922,2.7999999999999998,BYPASS,BYPASS,RUNNING
1508,30.16,0,-3.478953224071617,-28.351089631274498,2.7999999999999998,3.478953224071617,-28.351089631274498,2.7999999999999998,BYPASS,BYPASS,RUNNING
1509,30.18,0,-3.4701247641153978,-28.365617476772073,2.7999999999999998,3.4701247641153978,-28.365617476772073,2.7999999999999998,BYPASS,BYPASS,RUNNING
1510,30.199999999999999,0,-3.4612963041591787,-28.380145322269648,2.7999999999999998,3.4612963041591787,-28.380145322269648,2.7999999999999998,BYPASS,BYPASS,RUNNING
1511,30.219999999999999,0,-3.4524678442029595,-28.394673167767223,2.7999999999999998,3.4524678442029595,-28.394673167767223,2.7999999999999998,BYPASS,BYPASS,RUNNING
1512,30.239999999999998,0,-3.4436393842467403,-28.409201013264799,2.7999999999999998,3.4436393842467403,-28.409201013264799,2.7999999999999998,BYPASS,BYPASS,RUNNING
1513,30.260000000000002,0,-3.4348109242905212,-28.423728858762374,2.7999999999999998,3.4348109242905212,-28.423728858762374,2.7999999999999998,BYPASS,BYPASS,RUNNING
1514,30.280000000000001,0,-3.425982464334302,-28.438256704259949,2.7999999999999998,3.425982464334302,-28.438256704259949,2.7999999999999998,BYPASS,BYPASS,RUNNING
1515,30.300000000000001,0,-3.4171540043780828,-28.452784549757524,2.7999999999999998,3.4171540043780828,-28.452784549757524,2.7999999999999998,BYPASS,BYPASS,RUNNING
1516,30.32,0,-3.4083255444218636,-28.467312395255099,2.7999999999999998,3.4083255444218636,-28.467312395255099,2.7999999999999998,BYPASS,BYPASS,RUNNING
1517,30.34,0,-3.3994970844656445,-28.481840240752675,2.7999999999999998,3.3994970844656445,-28.481840240752675,2.7999999999999998,BYPASS,BYPASS,RUNNING
1518,30.359999999999999,0,-3.3906686245094253,-28.49636808625025,2.7999999999999998,3.3906686245094253,-28.49636808625025,2.7999999999999998,BYPASS,BYPASS,RUNNING
1519,30.379999999999999,0,-3.3818401645532061,-28.510895931747825,2.7999999999999998,3.3818401645532061,-28.510895931747825,2.7999999999999998,BYPASS,BYPASS,RUNNING
1520,30.399999999999999,0,-3.373011704596987,-28.5254237772454,2.7999999999999998,3.373011704596987,-28.5254237772454,2.7999999999999998,BYPASS,BYPASS,RUNNING
1521,30.420000000000002,0,-3.3641832446407678,-28.539951622742976,2.7999999999999998,3.3641832446407678,-28.539951622742976,2.7999999999999998,BYPASS,BYPASS,RUNNING
1522,30.440000000000001,0,-3.3553547846845486,-28.554479468240551,2.7999999999999998,3.3553547846845486,-28.554479468240551,2.7999999999999998,BYPASS,BYPASS,RUNNING
1523,30.460000000000001,0,-3.3465263247283294,-28.569007313738126,2.7999999999999998,3.3465263247283294,-28.569007313738126,2.7999999999999998,BYPASS,BYPASS,RUNNING
1524,30.48,0,-3.3376978647721103,-28.583535159235701,2.7999999999999998,3.3376978647721103,-28.583535159235701,2.7999999999999998,BYPASS,BYPASS,RUNNING
1525,30.5,0,-3.3288694048158911,-28.598063004733277,2.7999999999999998,3.3288694048158911,-28.598063004733277,2.7999999999999998,BYPASS,BYPASS,RUNNING
1526,30.52,0,-3.3200409448596719,-28.612590850230852,2.7999999999999998,3.3200409448596719,-28.612590850230852,2.7999999999999998,BYPASS,BYPASS,RUNNING
1527,30.539999999999999,0,-3.3112124849034528,-28.627118695728427,2.7999999999999998,3.3112124849034528,-28.627118695728427,2.7999999999999998,BYPASS,BYPASS,RUNNING
1528,30.559999999999999,0,-3.3023840249472336,-28.641646541226002,2.7999999999999998,3.3023840249472336,-28.641646541226002,2.7999999999999998,BYPASS,BYPASS,RUNNING
1529,30.579999999999998,0,-3.2935555649910144,-28.656174386723578,2.7999999999999998,3.2935555649910144,-28.656174386723578,2.7999999999999998,BYPASS,BYPASS,RUNNING
1530,30.600000000000001,0,-3.2847271050347953,-28.670702232221153,2.7999999999999998,3.2847271050347953,-28.670702232221153,2.7999999999999998,BYPASS,BYPASS,RUNNING
1531,30.620000000000001,0,-3.2758986450785761,-28.685230077718728,2.7999999999999998,3.2758986450785761,-28.685230077718728,2.7999999999999998,BYPASS,BYPASS,RUNNING
1532,30.640000000000001,0,-3.2670701851223569,-28.699757923216303,2.7999999999999998,3.2670701851223569,-28.699757923216303,2.7999999999999998,BYPASS,BYPASS,RUNNING
1533,30.66,0,-3.2582417251661377,-28.714285768713879,2.7999999999999998,3.2582417251661377,-28.714285768713879,2.7999999999999998,BYPASS,BYPASS,RUNNING
1534,30.68,0,-3.2494132652099186,-28.728813614211454,2.7999999999999998,3.2494132652099186,-28.728813614211454,2.7999999999999998,BYPASS,BYPASS,RUNNING
1535,30.699999999999999,0,-3.2405848052536994,-28.743341459709029,2.7999999999999998,3.2405848052536994,-28.743341459709029,2.7999999999999998,BYPASS,BYPASS,RUNNING
1536,30.719999999999999,0,-3.2317563452974802,-28.757869305206604,2.7999999999999998,3.2317563452974802,-28.757869305206604,2.7999999999999998,BYPASS,BYPASS,RUNNING
1537,30.739999999999998,0,-3.2229278853412611,-28.77239715070418,2.7999999999999998,3.2229278853412611,-28.77239715070418,2.7999999999999998,BYPASS,BYPASS,RUNNING
1538,30.760000000000002,0,-3.2140994253850419,-28.786924996201755,2.7999999999999998,3.2140994253850419,-28.786924996201755,2.7999999999999998,BYPASS,BYPASS,RUNNING
1539,30.780000000000001,0,-3.2052709654288227,-28.80145284169933,2.7999999999999998,3.2052709654288227,-28.80145284169933,2.7999999999999998,BYPASS,BYPASS,RUNNING
1540,30.800000000000001,0,-3.1964425054726036,-28.815980687196905,2.7999999999999998,3.1964425054726036,-28.815980687196905,2.7999999999999998,BYPASS,BYPASS,RUNNING
1541,30.82,0,-3.1876140455163844,-28.830508532694481,2.7999999999999998,3.1876140455163844,-28.830508532694481,2.7999999999999998,BYPASS,BYPASS,RUNNING
1542,30.84,0,-3.1787855855601652,-28.845036378192056,2.7999999999999998,3.1787855855601652,-28.845036378192056,2.7999999999999998,BYPASS,BYPASS,RUNNING
1543,30.859999999999999,0,-3.169957125603946,-28.859564223689631,2.7999999999999998,3.169957125603946,-28.859564223689631,2.7999999999999998,BYPASS,BYPASS,RUNNING
1544,30.879999999999999,0,-3.1611286656477269,-28.874092069187206,2.7999999999999998,3.1611286656477269,-28.874092069187206,2.7999999999999998,BYPASS,BYPASS,RUNNING
1545,30.899999999999999,0,-3.1523002056915077,-28.888619914684782,2.7999999999999998,3.1523002056915077,-28.888619914684782,2.7999999999999998,BYPASS,BYPASS,RUNNING
1546,30.920000000000002,0,-3.1434717457352885,-28.903147760182357,2.7999999999999998,3.1434717457352885,-28.903147760182357,2.7999999999999998,BYPASS,BYPASS,RUNNING
1547,30.940000000000001,0,-3.1346432857790694,-28.917675605679932,2.7999999999999998,3.1346432857790694,-28.917675605679932,2.7999999999999998,BYPASS,BYPASS,RUNNING
1548,30.960000000000001,0,-3.1258148258228502,-28.932203451177507,2.7999999999999998,3.1258148258228502,-28.932203451177507,2.7999999999999998,BYPASS,BYPASS,RUNNING
1549,30.98,0,-3.116986365866631,-28.946731296675082,2.7999999999999998,3.116986365866631,-28.946731296675082,2.7999999999999998,BYPASS,BYPASS,RUNNING
1550,31,0,-3.1081579059104119,-28.961259142172658,2.7999999999999998,3.1081579059104119,-28.961259142172658,2.7999999999999998,BYPASS,BYPASS,RUNNING
1551,31.02,0,-3.0993294459541927,-28.975786987670233,2.7999999999999998,3.0993294459541927,-28.975786987670233,2.7999999999999998,BYPASS,BYPASS,RUNNING
1552,31.039999999999999,0,-3.0905009859979735,-28.990314833167808,2.7999999999999998,3.0905009859979735,-28.990314833167808,2.7999999999999998,BYPASS,BYPASS,RUNNING
1553,31.059999999999999,0,-3.0816725260417543,-29.004842678665383,2.7999999999999998,3.0816725260417543,-29.004842678665383,2.7999999999999998,BYPASS,BYPASS,RUNNING
1554,31.079999999999998,0,-3.0728440660855352,-29.019370524162959,2.7999999999999998,3.0728440660855352,-29.019370524162959,2.7999999999999998,BYPASS,BYPASS,RUNNING
1555,31.100000000000001,0,-3.064015606129316,-29.033898369660534,2.7999999999999998,3.064015606129316,-29.033898369660534,2.7999999999999998,BYPASS,BYPASS,RUNNING
1556,31.120000000000001,0,-3.0551871461730968,-29.048426215158109,2.7999999999999998,3.0551871461730968,-29.048426215158109,2.7999999999999998,BYPASS,BYPASS,RUNNING
1557,31.140000000000001,0,-3.0463586862168777,-29.062954060655684,2.7999999999999998,3.0463586862168777,-29.062954060655684,2.7999999999999998,BYPASS,BYPASS,RUNNING
1558,31.16,0,-3.0375302262606585,-29.07748190615326,2.7999999999999998,3.0375302262606585,-29.07748190615326,2.7999999999999998,BYPASS,BYPASS,RUNNING
1559,31.18,0,-3.0287017663044393,-29.092009751650835,2.7999999999999998,3.0287017663044393,-29.092009751650835,2.7999999999999998,BYPASS,BYPASS,RUNNING
1560,31.199999999999999,0,-3.0198733063482202,-29.10653759714841,2.7999999999999998,3.0198733063482202,-29.10653759714841,2.7999999999999998,BYPASS,BYPASS,RUNNING
1561,31.219999999999999,0,-3.011044846392001,-29.121065442645985,2.7999999999999998,3.011044846392001,-29.121065442645985,2.7999999999999998,BYPASS,BYPASS,RUNNING
1562,31.239999999999998,0,-3.0022163864357818,-29.135593288143561,2.7999999999999998,3.0022163864357818,-29.135593288143561,2.7999999999999998,BYPASS,BYPASS,RUNNING
1563,31.260000000000002,0,-2.9933879264795626,-29.150121133641136,2.7999999999999998,2.9933879264795626,-29.150121133641136,2.7999999999999998,BYPASS,BYPASS,RUNNING
1564,31.280000000000001,0,-2.9845594665233435,-29.164648979138711,2.7999999999999998,2.9845594665233435,-29.164648979138711,2.7999999999999998,BYPASS,BYPASS,RUNNING
1565,31.300000000000001,0,-2.9757310065671243,-29.179176824636286,2.7999999999999998,2.9757310065671243,-29.179176824636286,2.7999999999999998,BYPASS,BYPASS,RUNNING
1566,31.32,0,-2.9669025466109051,-29.193704670133862,2.7999999999999998,2.9669025466109051,-29.193704670133862,2.7999999999999998,BYPASS,BYPASS,RUNNING
1567,31.34,0,-2.958074086654686,-29.208232515631437,2.7999999999999998,2.958074086654686,-29.208232515631437,2.7999999999999998,BYPASS,BYPASS,RUNNING
1568,31.359999999999999,0,-2.9492456266984668,-29.222760361129012,2.7999999999999998,2.9492456266984668,-29.222760361129012,2.7999999999999998,BYPASS,BYPASS,RUNNING
1569,31.379999999999999,0,-2.9404171667422476,-29.237288206626587,2.7999999999999998,2.9404171667422476,-29.237288206626587,2.7999999999999998,BYPASS,BYPASS,RUNNING
1570,31.399999999999999,0,-2.9315887067860285,-29.251816052124163,2.7999999999999998,2.9315887067860285,-29.251816052124163,2.7999999999999998,BYPASS,BYPASS,RUNNING
1571,31.420000000000002,0,-2.9227602468298093,-29.266343897621738,2.7999999999999998,2.9227602468298093,-29.266343897621738,2.7999999999999998,BYPASS,BYPASS,RUNNING
1572,31.440000000000001,0,-2.9139317868735901,-29.280871743119313,2.7999999999999998,2.9139317868735901,-29.280871743119313,2.7999999999999998,BYPASS,BYPASS,RUNNING
1573,31.460000000000001,0,-2.9051033269173709,-29.295399588616888,2.7999999999999998,2.9051033269173709,-29.295399588616888,2.7999999999999998,BYPASS,BYPASS,RUNNING
1574,31.48,0,-2.8962748669611518,-29.309927434114464,2.7999999999999998,2.8962748669611518,-29.309927434114464,2.7999999999999998,BYPASS,BYPASS,RUNNING
1575,31.5,0,-2.8874464070049326,-29.324455279612039,2.7999999999999998,2.8874464070049326,-29.324455279612039,2.7999999999999998,BYPASS,BYPASS,RUNNING
1576,31.52,0,-2.8786179470487134,-29.338983125109614,2.7999999999999998,2.8786179470487134,-29.338983125109614,2.7999999999999998,BYPASS,BYPASS,RUNNING
1577,31.539999999999999,0,-2.8697894870924943,-29.353510970607189,2.7999999999999998,2.8697894870924943,-29.353510970607189,2.7999999999999998,BYPASS,BYPASS,RUNNING
1578,31.559999999999999,0,-2.8609610271362751,-29.368038816104765,2.7999999999999998,2.8609610271362751,-29.368038816104765,2.7999999999999998,BYPASS,BYPASS,RUNNING
1579,31.579999999999998,0,-2.8521325671800559,-29.38256666160234,2.7999999999999998,2.8521325671800559,-29.38256666160234,2.7999999999999998,BYPASS,BYPASS,RUNNING
1580,31.600000000000001,0,-2.8433041072238368,-29.397094507099915,2.7999999999999998,2.8433041072238368,-29.397094507099915,2.7999999999999998,BYPASS,BYPASS,RUNNING
1581,31.620000000000001,0,-2.8344756472676176,-29.41162235259749,2.7999999999999998,2.8344756472676176,-29.41162235259749,2.7999999999999998,BYPASS,BYPASS,RUNNING
1582,31.640000000000001,0,-2.8256471873113984,-29.426150198095065,2.7999999999999998,2.8256471873113984,-29.426150198095065,2.7999999999999998,BYPASS,BYPASS,RUNNING
1583,31.66,0,-2.8168187273551792,-29.440678043592641,2.7999999999999998,2.8168187273551792,-29.440678043592641,2.7999999999999998,BYPASS,BYPASS,RUNNING
1584,31.68,0,-2.8079902673989601,-29.455205889090216,2.7999999999999998,2.8079902673989601,-29.455205889090216,2.7999999999999998,BYPASS,BYPASS,RUNNING
1585,31.699999999999999,0,-2.7991618074427409,-29.469733734587791,2.7999999999999998,2.7991618074427409,-29.469733734587791,2.7999999999999998,BYPASS,BYPASS,RUNNING
1586,31.719999999999999,0,-2.7903333474865217,-29.484261580085366,2.7999999999999998,2.7903333474865217,-29.484261580085366,2.7999999999999998,BYPASS,BYPASS,RUNNING
1587,31.739999999999998,0,-2.7815048875303026,-29.498789425582942,2.7999999999999998,2.7815048875303026,-29.498789425582942,2.7999999999999998,BYPASS,BYPASS,RUNNING
1588,31.760000000000002,0,-2.7726764275740834,-29.513317271080517,2.7999999999999998,2.7726764275740834,-29.513317271080517,2.7999999999999998,BYPASS,BYPASS,RUNNING
1589,31.780000000000001,0,-2.7638479676178642,-29.527845116578092,2.7999999999999998,2.7638479676178642,-29.527845116578092,2.7999999999999998,BYPASS,BYPASS,RUNNING
1590,31.800000000000001,0,-2.7550195076616451,-29.542372962075667,2.7999999999999998,2.7550195076616451,-29.542372962075667,2.7999999999999998,BYPASS,BYPASS,RUNNING
1591,31.82,0,-2.7461910477054259,-29.556900807573243,2.7999999999999998,2.7461910477054259,-29.556900807573243,2.7999999999999998,BYPASS,BYPASS,RUNNING
1592,31.84,0,-2.7373625877492067,-29.571428653070818,2.7999999999999998,2.7373625877492067,-29.571428653070818,2.7999999999999998,BYPASS,BYPASS,RUNNING
1593,31.859999999999999,0,-2.7285341277929875,-29.585956498568393,2.7999999999999998,2.7285341277929875,-29.585956498568393,2.7999999999999998,BYPASS,BYPASS,RUNNING
1594,31.879999999999999,0,-2.7197056678367684,-29.600484344065968,2.7999999999999998,2.7197056678367684,-29.600484344065968,2.7999999999999998,BYPASS,BYPASS,RUNNING
1595,31.899999999999999,0,-2.7108772078805492,-29.615012189563544,2.7999999999999998,2.7108772078805492,-29.615012189563544,2.7999999999999998,BYPASS,BYPASS,RUNNING
1596,31.920000000000002,0,-2.70204874792433,-29.629540035061119,2.7999999999999998,2.70204874792433,-29.629540035061119,2.7999999999999998,BYPASS,BYPASS,RUNNING
1597,31.940000000000001,0,-2.6932202879681109,-29.644067880558694,2.7999999999999998,2.6932202879681109,-29.644067880558694,2.7999999999999998,BYPASS,BYPASS,RUNNING
1598,31.960000000000001,0,-2.6843918280118917,-29.658595726056269,2.7999999999999998,2.6843918280118917,-29.658595726056269,2.7999999999999998,BYPASS,BYPASS,RUNNING
1599,31.98,0,-2.6755633680556725,-29.673123571553845,2.7999999999999998,2.6755633680556725,-29.673123571553845,2.7999999999999998,BYPASS,BYPASS,RUNNING
1600,32,0,-2.6667349080994533,-29.68765141705142,2.7999999999999998,2.6667349080994533,-29.68765141705142,2.7999999999999998,BYPASS,BYPASS,RUNNING
1601,32.020000000000003,0,-2.6579064481432342,-29.702179262548995,2.7999999999999998,2.6579064481432342,-29.702179262548995,2.7999999999999998,BYPASS,BYPASS,RUNNING
1602,32.039999999999999,0,-2.649077988187015,-29.71670710804657,2.7999999999999998,2.649077988187015,-29.71670710804657,2.7999999999999998,BYPASS,BYPASS,RUNNING
1603,32.060000000000002,0,-2.6402495282307958,-29.731234953544146,2.7999999999999998,2.6402495282307958,-29.731234953544146,2.7999999999999998,BYPASS,BYPASS,RUNNING
1604,32.079999999999998,0,-2.6314210682745767,-29.745762799041721,2.7999999999999998,2.6314210682745767,-29.745762799041721,2.7999999999999998,BYPASS,BYPASS,RUNNING
1605,32.100000000000001,0,-2.6225926083183575,-29.760290644539296,2.7999999999999998,2.6225926083183575,-29.760290644539296,2.7999999999999998,BYPASS,BYPASS,RUNNING
1606,32.119999999999997,0,-2.6137641483621383,-29.774818490036871,2.7999999999999998,2.6137641483621383,-29.774818490036871,2.7999999999999998,BYPASS,BYPASS,RUNNING
1607,32.140000000000001,0,-2.6049356884059192,-29.789346335534447,2.7999999999999998,2.6049356884059192,-29.789346335534447,2.7999999999999998,BYPASS,BYPASS,RUNNING
1608,32.159999999999997,0,-2.5961072284497,-29.803874181032022,2.7999999999999998,2.5961072284497,-29.803874181032022,2.7999999999999998,BYPASS,BYPASS,RUNNING
1609,32.18,0,-2.5872787684934808,-29.818402026529597,2.7999999999999998,2.5872787684934808,-29.818402026529597,2.7999999999999998,BYPASS,BYPASS,RUNNING
1610,32.200000000000003,0,-2.5784503085372616,-29.832929872027172,2.7999999999999998,2.5784503085372616,-29.832929872027172,2.7999999999999998,BYPASS,BYPASS,RUNNING
1611,32.219999999999999,0,-2.5696218485810425,-29.847457717524748,2.7999999999999998,2.5696218485810425,-29.847457717524748,2.7999999999999998,BYPASS,BYPASS,RUNNING
1612,32.240000000000002,0,-2.5607933886248233,-29.861985563022323,2.7999999999999998,2.5607933886248233,-29.861985563022323,2.7999999999999998,BYPASS,BYPASS,RUNNING
1613,32.259999999999998,0,-2.5519649286686041,-29.876513408519898,2.7999999999999998,2.5519649286686041,-29.876513408519898,2.7999999999999998,BYPASS,BYPASS,RUNNING
1614,32.280000000000001,0,-2.543136468712385,-29.891041254017473,2.7999999999999998,2.543136468712385,-29.891041254017473,2.7999999999999998,BYPASS,BYPASS,RUNNING
1615,32.299999999999997,0,-2.5343080087561658,-29.905569099515048,2.7999999999999998,2.5343080087561658,-29.905569099515048,2.7999999999999998,BYPASS,BYPASS,RUNNING
1616,32.32,0,-2.5254795487999466,-29.920096945012624,2.7999999999999998,2.5254795487999466,-29.920096945012624,2.7999999999999998,BYPASS,BYPASS,RUNNING
1617,32.340000000000003,0,-2.5166510888437275,-29.934624790510199,2.7999999999999998,2.5166510888437275,-29.934624790510199,2.7999999999999998,BYPASS,BYPASS,RUNNING
1618,32.359999999999999,0,-2.5078226288875083,-29.949152636007774,2.7999999999999998,2.5078226288875083,-29.949152636007774,2.7999999999999998,BYPASS,BYPASS,RUNNING
1619,32.380000000000003,0,-2.4989941689312891,-29.963680481505349,2.7999999999999998,2.4989941689312891,-29.963680481505349,2.7999999999999998,BYPASS,BYPASS,RUNNING
1620,32.399999999999999,0,-2.4901657089750699,-29.978208327002925,2.7999999999999998,2.4901657089750699,-29.978208327002925,2.7999999999999998,BYPASS,BYPASS,RUNNING
1621,32.420000000000002,0,-2.4813372490188508,-29.9927361725005,2.7999999999999998,2.4813372490188508,-29.9927361725005,2.7999999999999998,BYPASS,BYPASS,RUNNING
1622,32.439999999999998,0,-2.4725087890626316,-30.007264017998075,2.7999999999999998,2.4725087890626316,-30.007264017998075,2.7999999999999998,BYPASS,BYPASS,RUNNING
1623,32.460000000000001,0,-2.4636803291064124,-30.02179186349565,2.7999999999999998,2.4636803291064124,-30.02179186349565,2.7999999999999998,BYPASS,BYPASS,RUNNING
1624,32.479999999999997,0,-2.4548518691501933,-30.036319708993226,2.7999999999999998,2.4548518691501933,-30.036319708993226,2.7999999999999998,BYPASS,BYPASS,RUNNING
1625,32.5,0,-2.4460234091939741,-30.050847554490801,2.7999999999999998,2.4460234091939741,-30.050847554490801,2.7999999999999998,BYPASS,BYPASS,RUNNING
1626,32.520000000000003,0,-2.4371949492377549,-30.065375399988376,2.7999999999999998,2.4371949492377549,-30.065375399988376,2.7999999999999998,BYPASS,BYPASS,RUNNING
1627,32.539999999999999,0,-2.4283664892815358,-30.079903245485951,2.7999999999999998,2.4283664892815358,-30.079903245485951,2.7999999999999998,BYPASS,BYPASS,RUNNING
1628,32.560000000000002,0,-2.4195380293253166,-30.094431090983527,2.7999999999999998,2.4195380293253166,-30.094431090983527,2.7999999999999998,BYPASS,BYPASS,RUNNING
1629,32.579999999999998,0,-2.4107095693690974,-30.108958936481102,2.7999999999999998,2.4107095693690974,-30.108958936481102,2.7999999999999998,BYPASS,BYPASS,RUNNING
1630,32.600000000000001,0,-2.4018811094128782,-30.123486781978677,2.7999999999999998,2.4018811094128782,-30.123486781978677,2.7999999999999998,BYPASS,BYPASS,RUNNING
1631,32.619999999999997,0,-2.3930526494566591,-30.138014627476252,2.7999999999999998,2.3930526494566591,-30.138014627476252,2.7999999999999998,BYPASS,BYPASS,RUNNING
1632,32.640000000000001,0,-2.3842241895004399,-30.152542472973828,2.7999999999999998,2.3842241895004399,-30.152542472973828,2.7999999999999998,BYPASS,BYPASS,RUNNING
1633,32.659999999999997,0,-2.3753957295442207,-30.167070318471403,2.7999999999999998,2.3753957295442207,-30.167070318471403,2.7999999999999998,BYPASS,BYPASS,RUNNING
1634,32.68,0,-2.3665672695880016,-30.181598163968978,2.7999999999999998,2.3665672695880016,-30.181598163968978,2.7999999999999998,BYPASS,BYPASS,RUNNING
1635,32.700000000000003,0,-2.3577388096317824,-30.196126009466553,2.7999999999999998,2.3577388096317824,-30.196126009466553,2.7999999999999998,BYPASS,BYPASS,RUNNING
1636,32.719999999999999,0,-2.3489103496755632,-30.210653854964129,2.7999999999999998,2.3489103496755632,-30.210653854964129,2.7999999999999998,BYPASS,BYPASS,RUNNING
1637,32.740000000000002,0,-2.3400818897193441,-30.225181700461704,2.7999999999999998,2.3400818897193441,-30.225181700461704,2.7999999999999998,BYPASS,BYPASS,RUNNING
1638,32.759999999999998,0,-2.3312534297631249,-30.239709545959279,2.7999999999999998,2.3312534297631249,-30.239709545959279,2.7999999999999998,BYPASS,BYPASS,RUNNING
1639,32.780000000000001,0,-2.3224249698069057,-30.254237391456854,2.7999999999999998,2.3224249698069057,-30.254237391456854,2.7999999999999998,BYPASS,BYPASS,RUNNING
1640,32.799999999999997,0,-2.3135965098506865,-30.26876523695443,2.7999999999999998,2.3135965098506865,-30.26876523695443,2.7999999999999998,BYPASS,BYPASS,RUNNING
1641,32.82,0,-2.3047680498944674,-30.283293082452005,2.7999999999999998,2.3047680498944674,-30.283293082452005,2.7999999999999998,BYPASS,BYPASS,RUNNING
1642,32.840000000000003,0,-2.2959395899382482,-30.29782092794958,2.7999999999999998,2.2959395899382482,-30.29782092794958,2.7999999999999998,BYPASS,BYPASS,RUNNING
1643,32.859999999999999,0,-2.287111129982029,-30.312348773447155,2.7999999999999998,2.287111129982029,-30.312348773447155,2.7999999999999998,BYPASS,BYPASS,RUNNING
1644,32.880000000000003,0,-2.2782826700258099,-30.326876618944731,2.7999999999999998,2.2782826700258099,-30.326876618944731,2.7999999999999998,BYPASS,BYPASS,RUNNING
1645,32.899999999999999,0,-2.2694542100695907,-30.341404464442306,2.7999999999999998,2.2694542100695907,-30.341404464442306,2.7999999999999998,BYPASS,BYPASS,RUNNING
1646,32.920000000000002,0,-2.2606257501133715,-30.355932309939881,2.7999999999999998,2.2606257501133715,-30.355932309939881,2.7999999999999998,BYPASS,BYPASS,RUNNING
1647,32.939999999999998,0,-2.2517972901571524,-30.370460155437456,2.7999999999999998,2.2517972901571524,-30.370460155437456,2.7999999999999998,BYPASS,BYPASS,RUNNING
1648,32.960000000000001,0,-2.2429688302009332,-30.384988000935031,2.7999999999999998,2.2429688302009332,-30.384988000935031,2.7999999999999998,BYPASS,BYPASS,RUNNING
1649,32.979999999999997,0,-2.234140370244714,-30.399515846432607,2.7999999999999998,2.234140370244714,-30.399515846432607,2.7999999999999998,BYPASS,BYPASS,RUNNING
1650,33,0,-2.2253119102884948,-30.414043691930182,2.7999999999999998,2.2253119102884948,-30.414043691930182,2.7999999999999998,BYPASS,BYPASS,RUNNING
1651,33.020000000000003,0,-2.2164834503322757,-30.428571537427757,2.7999999999999998,2.2164834503322757,-30.428571537427757,2.7999999999999998,BYPASS,BYPASS,RUNNING
1652,33.039999999999999,0,-2.2076549903760565,-30.443099382925332,2.7999999999999998,2.2076549903760565,-30.443099382925332,2.7999999999999998,BYPASS,BYPASS,RUNNING
1653,33.060000000000002,0,-2.1988265304198373,-30.457627228422908,2.7999999999999998,2.1988265304198373,-30.457627228422908,2.7999999999999998,BYPASS,BYPASS,RUNNING
1654,33.079999999999998,0,-2.1899980704636182,-30.472155073920483,2.7999999999999998,2.1899980704636182,-30.472155073920483,2.7999999999999998,BYPASS,BYPASS,RUNNING
1655,33.100000000000001,0,-2.181169610507399,-30.486682919418058,2.7999999999999998,2.1899980704636182,-30.472155073920483,2.7999999999999998,BYPASS,YIELD,RUNNING
1656,33.119999999999997,0,-2.1723411505511798,-30.501210764915633,2.7999999999999998,2.1899980704636182,-30.472155073920483,2.7999999999999998,BYPASS,YIELD,RUNNING
1657,33.140000000000001,0,-2.1635126905949607,-30.515738610413209,2.7999999999999998,2.1899980704636182,-30.472155073920483,2.7999999999999998,BYPASS,YIELD,RUNNING
1658,33.159999999999997,0,-2.1546842306387415,-30.530266455910784,2.7999999999999998,2.1899980704636182,-30.472155073920483,2.7999999999999998,BYPASS,YIELD,RUNNING
1659,33.18,0,-2.1458557706825223,-30.544794301408359,2.7999999999999998,2.1899980704636182,-30.472155073920483,2.7999999999999998,BYPASS,YIELD,RUNNING
1660,33.200000000000003,0,-2.1370273107263031,-30.559322146905934,2.7999999999999998,2.1899980704636182,-30.472155073920483,2.7999999999999998,BYPASS,YIELD,RUNNING
1661,33.219999999999999,0,-2.128198850770084,-30.57384999240351,2.7999999999999998,2.1899980704636182,-30.472155073920483,2.7999999999999998,BYPASS,YIELD,RUNNING
1662,33.240000000000002,0,-2.1193703908138648,-30.588377837901085,2.7999999999999998,2.1899980704636182,-30.472155073920483,2.7999999999999998,BYPASS,YIELD,RUNNING
1663,33.259999999999998,0,-2.1105419308576456,-30.60290568339866,2.7999999999999998,2.1899980704636182,-30.472155073920483,2.7999999999999998,BYPASS,YIELD,RUNNING
1664,33.280000000000001,0,-2.1017134709014265,-30.617433528896235,2.7999999999999998,2.1899980704636182,-30.472155073920483,2.7999999999999998,BYPASS,YIELD,RUNNING
1665,33.299999999999997,0,-2.0928850109452073,-30.631961374393811,2.7999999999999998,2.1899980704636182,-30.472155073920483,2.7999999999999998,BYPASS,YIELD,RUNNING
1666,33.32,0,-2.0840565509889881,-30.646489219891386,2.7999999999999998,2.1899980704636182,-30.472155073920483,2.7999999999999998,BYPASS,YIELD,RUNNING
1667,33.340000000000003,0,-2.075228091032769,-30.661017065388961,2.7999999999999998,2.1899980704636182,-30.472155073920483,2.7999999999999998,BYPASS,YIELD,RUNNING
1668,33.359999999999999,0,-2.0663996310765498,-30.675544910886536,2.7999999999999998,2.1899980704636182,-30.472155073920483,2.7999999999999998,BYPASS,YIELD,RUNNING
1669,33.380000000000003,0,-2.0575711711203306,-30.690072756384112,2.7999999999999998,2.1899980704636182,-30.472155073920483,2.7999999999999998,BYPASS,YIELD,RUNNING
1670,33.399999999999999,0,-2.0487427111641114,-30.704600601881687,2.7999999999999998,2.1899980704636182,-30.472155073920483,2.7999999999999998,BYPASS,YIELD,RUNNING
1671,33.420000000000002,0,-2.0399142512078923,-30.719128447379262,2.7999999999999998,2.1899980704636182,-30.472155073920483,2.7999999999999998,BYPASS,YIELD,RUNNING
1672,33.439999999999998,0,-2.0310857912516731,-30.733656292876837,2.7999999999999998,2.1899980704636182,-30.472155073920483,2.7999999999999998,BYPASS,YIELD,RUNNING
1673,33.460000000000001,0,-2.0222573312954539,-30.748184138374413,2.7999999999999998,2.1899980704636182,-30.472155073920483,2.7999999999999998,BYPASS,YIELD,RUNNING
1674,33.479999999999997,0,-2.0134288713392348,-30.762711983871988,2.7999999999999998,2.1899980704636182,-30.472155073920483,2.7999999999999998,BYPASS,YIELD,RUNNING
1675,33.5,0,-2.0046004113830156,-30.777239829369563,2.7999999999999998,2.1899980704636182,-30.472155073920483,2.7999999999999998,BYPASS,YIELD,RUNNING
1676,33.520000000000003,0,-1.9957719514267966,-30.791767674867138,2.7999999999999998,2.1899980704636182,-30.472155073920483,2.7999999999999998,BYPASS,YIELD,RUNNING
1677,33.539999999999999,0,-1.9869434914705777,-30.806295520364714,2.7999999999999998,2.1899980704636182,-30.472155073920483,2.7999999999999998,BYPASS,YIELD,RUNNING
1678,33.560000000000002,0,-1.9781150315143587,-30.820823365862289,2.7999999999999998,2.1899980704636182,-30.472155073920483,2.7999999999999998,BYPASS,YIELD,RUNNING
1679,33.579999999999998,0,-1.9692865715581398,-30.835351211359864,2.7999999999999998,2.1899980704636182,-30.472155073920483,2.7999999999999998,BYPASS,YIELD,RUNNING
1680,33.600000000000001,0,-1.9604581116019208,-30.849879056857439,2.7999999999999998,2.1899980704636182,-30.472155073920483,2.7999999999999998,BYPASS,YIELD,RUNNING
1681,33.619999999999997,0,-1.9516296516457019,-30.864406902355014,2.7999999999999998,2.1899980704636182,-30.472155073920483,2.7999999999999998,BYPASS,YIELD,RUNNING
1682,33.640000000000001,0,-1.942801191689483,-30.87893474785259,2.7999999999999998,2.1899980704636182,-30.472155073920483,2.7999999999999998,BYPASS,YIELD,RUNNING
1683,33.659999999999997,0,-1.933972731733264,-30.893462593350165,2.7999999999999998,2.1899980704636182,-30.472155073920483,2.7999999999999998,BYPASS,YIELD,RUNNING
1684,33.68,0,-1.9251442717770451,-30.90799043884774,2.7999999999999998,2.1899980704636182,-30.472155073920483,2.7999999999999998,BYPASS,YIELD,RUNNING
1685,33.700000000000003,0,-1.9163158118208261,-30.922518284345315,2.7999999999999998,2.1899980704636182,-30.472155073920483,2.7999999999999998,BYPASS,YIELD,RUNNING
1686,33.719999999999999,0,-1.9074873518646072,-30.937046129842891,2.7999999999999998,2.1899980704636182,-30.472155073920483,2.7999999999999998,BYPASS,YIELD,RUNNING
1687,33.740000000000002,0,-1.8986588919083882,-30.951573975340466,2.7999999999999998,2.1899980704636182,-30.472155073920483,2.7999999999999998,BYPASS,YIELD,RUNNING
1688,33.759999999999998,0,-1.8898304319521693,-30.966101820838041,2.7999999999999998,2.1899980704636182,-30.472155073920483,2.7999999999999998,BYPASS,YIELD,RUNNING
1689,33.780000000000001,0,-1.8810019719959503,-30.980629666335616,2.7999999999999998,2.1899980704636182,-30.472155073920483,2.7999999999999998,BYPASS,YIELD,RUNNING
1690,33.799999999999997,0,-1.8721735120397314,-30.995157511833192,2.7999999999999998,2.1899980704636182,-30.472155073920483,2.7999999999999998,BYPASS,YIELD,RUNNING
1691,33.82,0,-1.8633450520835124,-31.009685357330767,2.7999999999999998,2.1899980704636182,-30.472155073920483,2.7999999999999998,BYPASS,YIELD,RUNNING
1692,33.840000000000003,0,-1.8545165921272935,-31.024213202828342,2.7999999999999998,2.1899980704636182,-30.472155073920483,2.7999999999999998,BYPASS,YIELD,RUNNING
1693,33.859999999999999,0,-1.8456881321710745,-31.038741048325917,2.7999999999999998,2.1899980704636182,-30.472155073920483,2.7999999999999998,BYPASS,YIELD,RUNNING
1694,33.880000000000003,0,-1.8368596722148556,-31.053268893823493,2.7999999999999998,2.1899980704636182,-30.472155073920483,2.7999999999999998,BYPASS,YIELD,RUNNING
1695,33.899999999999999,0,-1.8280312122586366,-31.067796739321068,2.7999999999999998,2.1899980704636182,-30.472155073920483,2.7999999999999998,BYPASS,YIELD,RUNNING
1696,33.920000000000002,0,-1.8192027523024177,-31.082324584818643,2.7999999999999998,2.1899980704636182,-30.472155073920483,2.7999999999999998,BYPASS,YIELD,RUNNING
1697,33.939999999999998,0,-1.8103742923461987,-31.096852430316218,2.7999999999999998,2.1899980704636182,-30.472155073920483,2.7999999999999998,BYPASS,YIELD,RUNNING
1698,33.960000000000001,0,-1.8015458323899798,-31.111380275813794,2.7999999999999998,2.1899980704636182,-30.472155073920483,2.7999999999999998,BYPASS,YIELD,RUNNING
1699,33.979999999999997,0,-1.7927173724337608,-31.125908121311369,2.7999999999999998,2.1899980704636182,-30.472155073920483,2.7999999999999998,BYPASS,YIELD,RUNNING
1700,34,0,-1.7838889124775419,-31.140435966808944,2.7999999999999998,2.1899980704636182,-30.472155073920483,2.7999999999999998,BYPASS,YIELD,RUNNING
1701,34.020000000000003,0,-1.7750604525213229,-31.154963812306519,2.7999999999999998,2.1899980704636182,-30.472155073920483,2.7999999999999998,BYPASS,YIELD,RUNNING
1702,34.039999999999999,0,-1.766231992565104,-31.169491657804095,2.7999999999999998,2.1899980704636182,-30.472155073920483,2.7999999999999998,BYPASS,YIELD,RUNNING
1703,34.060000000000002,0,-1.757403532608885,-31.18401950330167,2.7999999999999998,2.1899980704636182,-30.472155073920483,2.7999999999999998,BYPASS,YIELD,RUNNING
1704,34.079999999999998,0,-1.7485750726526661,-31.198547348799245,2.7999999999999998,2.1899980704636182,-30.472155073920483,2.7999999999999998,BYPASS,YIELD,RUNNING
1705,34.100000000000001,0,-1.7397466126964471,-31.21307519429682,2.7999999999999998,2.1899980704636182,-30.472155073920483,2.7999999999999998,BYPASS,YIELD,RUNNING
1706,34.119999999999997,0,-1.7309181527402282,-31.227603039794396,2.7999999999999998,2.1899980704636182,-30.472155073920483,2.7999999999999998,BYPASS,YIELD,RUNNING
1707,34.140000000000001,0,-1.7220896927840093,-31.242130885291971,2.7999999999999998,2.1899980704636182,-30.472155073920483,2.7999999999999998,BYPASS,YIELD,RUNNING
1708,34.159999999999997,0,-1.7132612328277903,-31.256658730789546,2.7999999999999998,2.1899980704636182,-30.472155073920483,2.7999999999999998,BYPASS,YIELD,RUNNING
1709,34.18,0,-1.7044327728715714,-31.271186576287121,2.7999999999999998,2.1899980704636182,-30.472155073920483,2.7999999999999998,BYPASS,YIELD,RUNNING
1710,34.200000000000003,0,-1.6956043129153524,-31.285714421784697,2.7999999999999998,2.1899980704636182,-30.472155073920483,2.7999999999999998,BYPASS,YIELD,RUNNING
1711,34.219999999999999,0,-1.6867758529591335,-31.300242267282272,2.7999999999999998,2.1899980704636182,-30.472155073920483,2.7999999999999998,BYPASS,YIELD,RUNNING
1712,34.240000000000002,0,-1.6779473930029145,-31.314770112779847,2.7999999999999998,2.1899980704636182,-30.472155073920483,2.7999999999999998,BYPASS,YIELD,RUNNING
1713,34.259999999999998,0,-1.6691189330466956,-31.329297958277422,2.7999999999999998,2.1899980704636182,-30.472155073920483,2.7999999999999998,BYPASS,YIELD,RUNNING
1714,34.280000000000001,0,-1.6602904730904766,-31.343825803774997,2.7999999999999998,2.1899980704636182,-30.472155073920483,2.7999999999999998,BYPASS,YIELD,RUNNING
1714,34.280000000000001,1,-1.6602904730904766,-31.343825803774997,2.7999999999999998,2.1899980704636182,-30.472155073920483,2.7999999999999998,BYPASS,YIELD,RUNNING
1714,34.280000000000001,1,-1.6602904730904766,-31.343825803774997,2.7999999999999998,2.1899980704636182,-30.472155073920483,2.7999999999999998,BYPASS,YIELD,RUNNING
1714,34.280000000000001,1,-1.6602904730904766,-31.343825803774997,2.7999999999999998,2.1899980704636182,-30.472155073920483,2.7999999999999998,BYPASS,YIELD,RUNNING
1714,34.280000000000001,1,-1.6602904730904766,-31.343825803774997,2.7999999999999998,2.1899980704636182,-30.472155073920483,2.7999999999999998,BYPASS,YIELD,RUNNING
1714,34.280000000000001,1,-1.6602904730904766,-31.343825803774997,2.7999999999999998,2.1899980704636182,-30.472155073920483,2.7999999999999998,BYPASS,YIELD,RUNNING
1714,34.280000000000001,1,-1.6602904730904766,-31.343825803774997,2.7999999999999998,2.1899980704636182,-30.472155073920483,2.7999999999999998,BYPASS,YIELD,RUNNING
1714,34.280000000000001,1,-1.6602904730904766,-31.343825803774997,2.7999999999999998,2.1899980704636182,-30.472155073920483,2.7999999999999998,BYPASS,YIELD,RUNNING
1714,34.280000000000001,1,-1.6602904730904766,-31.343825803774997,2.7999999999999998,2.1899980704636182,-30.472155073920483,2.7999999999999998,BYPASS,YIELD,RUNNING
1714,34.280000000000001,1,-1.6602904730904766,-31.343825803774997,2.7999999999999998,2.1899980704636182,-30.472155073920483,2.7999999999999998,BYPASS,YIELD,RUNNING
1714,34.280000000000001,1,-1.6602904730904766,-31.343825803774997,2.7999999999999998,2.1899980704636182,-30.472155073920483,2.7999999999999998,BYPASS,YIELD,RUNNING
1714,34.280000000000001,1,-1.6602904730904766,-31.343825803774997,2.7999999999999998,2.1899980704636182,-30.472155073920483,2.7999999999999998,BYPASS,YIELD,RUNNING
1714,34.280000000000001,1,-1.6602904730904766,-31.343825803774997,2.7999999999999998,2.1899980704636182,-30.472155073920483,2.7999999999999998,BYPASS,YIELD,RUNNING
1714,34.280000000000001,1,-1.6602904730904766,-31.343825803774997,2.7999999999999998,2.1899980704636182,-30.472155073920483,2.7999999999999998,BYPASS,YIELD,RUNNING
1714,34.280000000000001,1,-1.6602904730904766,-31.343825803774997,2.7999999999999998,2.1899980704636182,-30.472155073920483,2.7999999999999998,BYPASS,YIELD,RUNNING
1714,34.280000000000001,1,-1.6602904730904766,-31.343825803774997,2.7999999999999998,2.1899980704636182,-30.472155073920483,2.7999999999999998,BYPASS,YIELD,RUNNING
1714,34.280000000000001,1,-1.6602904730904766,-31.343825803774997,2.7999999999999998,2.1899980704636182,-30.472155073920483,2.7999999999999998,BYPASS,YIELD,RUNNING
1714,34.280000000000001,1,-1.6602904730904766,-31.343825803774997,2.7999999999999998,2.1899980704636182,-30.472155073920483,2.7999999999999998,BYPASS,YIELD,RUNNING
1714,34.280000000000001,1,-1.6602904730904766,-31.343825803774997,2.7999999999999998,2.1899980704636182,-30.472155073920483,2.7999999999999998,BYPASS,YIELD,RUNNING
1714,34.280000000000001,1,-1.6602904730904766,-31.343825803774997,2.7999999999999998,2.1899980704636182,-30.472155073920483,2.7999999999999998,BYPASS,YIELD,RUNNING
1714,34.280000000000001,1,-1.6602904730904766,-31.343825803774997,2.7999999999999998,2.1899980704636182,-30.472155073920483,2.7999999999999998,BYPASS,YIELD,RUNNING
1714,34.280000000000001,1,-1.6602904730904766,-31.343825803774997,2.7999999999999998,2.1899980704636182,-30.472155073920483,2.7999999999999998,BYPASS,YIELD,RUNNING
1714,34.280000000000001,1,-1.6602904730904766,-31.343825803774997,2.7999999999999998,2.1899980704636182,-30.472155073920483,2.7999999999999998,BYPASS,YIELD,RUNNING
1714,34.280000000000001,1,-1.6602904730904766,-31.343825803774997,2.7999999999999998,2.1899980704636182,-30.472155073920483,2.7999999999999998,BYPASS,YIELD,RUNNING
1714,34.280000000000001,1,-1.6602904730904766,-31.343825803774997,2.7999999999999998,2.1899980704636182,-30.472155073920483,2.7999999999999998,BYPASS,YIELD,RUNNING
1714,34.280000000000001,1,-1.6602904730904766,-31.343825803774997,2.7999999999999998,2.1899980704636182,-30.472155073920483,2.7999999999999998,BYPASS,YIELD,RUNNING
1714,34.280000000000001,1,-1.6602904730904766,-31.343825803774997,2.7999999999999998,2.1899980704636182,-30.472155073920483,2.7999999999999998,BYPASS,YIELD,RUNNING
1714,34.280000000000001,1,-1.6602904730904766,-31.343825803774997,2.7999999999999998,2.1899980704636182,-30.472155073920483,2.7999999999999998,BYPASS,YIELD,RUNNING
1714,34.280000000000001,1,-1.6602904730904766,-31.343825803774997,2.7999999999999998,2.1899980704636182,-30.472155073920483,2.7999999999999998,BYPASS,YIELD,RUNNING
1714,34.280000000000001,1,-1.6602904730904766,-31.343825803774997,2.7999999999999998,2.1899980704636182,-30.472155073920483,2.7999999999999998,BYPASS,YIELD,RUNNING
1714,34.280000000000001,1,-1.6602904730904766,-31.343825803774997,2.7999999999999998,2.1899980704636182,-30.472155073920483,2.7999999999999998,BYPASS,YIELD,RUNNING
1714,34.280000000000001,1,-1.6602904730904766,-31.343825803774997,2.7999999999999998,2.1899980704636182,-30.472155073920483,2.7999999999999998,BYPASS,YIELD,RUNNING
1714,34.280000000000001,1,-1.6602904730904766,-31.343825803774997,2.7999999999999998,2.1899980704636182,-30.472155073920483,2.7999999999999998,BYPASS,YIELD,RUNNING
1714,34.280000000000001,1,-1.6602904730904766,-31.343825803774997,2.7999999999999998,2.1899980704636182,-30.472155073920483,2.7999999999999998,BYPASS,YIELD,RUNNING
1714,34.280000000000001,1,-1.6602904730904766,-31.343825803774997,2.7999999999999998,2.1899980704636182,-30.472155073920483,2.7999999999999998,BYPASS,YIELD,RUNNING
1714,34.280000000000001,1,-1.6602904730904766,-31.343825803774997,2.7999999999999998,2.1899980704636182,-30.472155073920483,2.7999999999999998,BYPASS,YIELD,RUNNING
1714,34.280000000000001,1,-1.6602904730904766,-31.343825803774997,2.7999999999999998,2.1899980704636182,-30.472155073920483,2.7999999999999998,BYPASS,YIELD,RUNNING
1714,34.280000000000001,1,-1.6602904730904766,-31.343825803774997,2.7999999999999998,2.1899980704636182,-30.472155073920483,2.7999999999999998,BYPASS,YIELD,RUNNING
1714,34.280000000000001,1,-1.6602904730904766,-31.343825803774997,2.7999999999999998,2.1899980704636182,-30.472155073920483,2.7999999999999998,BYPASS,YIELD,RUNNING
1714,34.280000000000001,1,-1.6602904730904766,-31.343825803774997,2.7999999999999998,2.1899980704636182,-30.472155073920483,2.7999999999999998,BYPASS,YIELD,RUNNING
1714,34.280000000000001,1,-1.6602904730904766,-31.343825803774997,2.7999999999999998,2.1899980704636182,-30.472155073920483,2.7999999999999998,BYPASS,YIELD,RUNNING
1714,34.280000000000001,1,-1.6602904730904766,-31.343825803774997,2.7999999999999998,2.1899980704636182,-30.472155073920483,2.7999999999999998,BYPASS,YIELD,RUNNING
1714,34.280000000000001,1,-1.6602904730904766,-31.343825803774997,2.7999999999999998,2.1899980704636182,-30.472155073920483,2.7999999999999998,BYPASS,YIELD,RUNNING
1714,34.280000000000001,1,-1.6602904730904766,-31.343825803774997,2.7999999999999998,2.1899980704636182,-30.472155073920483,2.7999999999999998,BYPASS,YIELD,RUNNING
1714,34.280000000000001,1,-1.6602904730904766,-31.343825803774997,2.7999999999999998,2.1899980704636182,-30.472155073920483,2.7999999999999998,BYPASS,YIELD,RUNNING
1714,34.280000000000001,1,-1.6602904730904766,-31.343825803774997,2.7999999999999998,2.1899980704636182,-30.472155073920483,2.7999999999999998,BYPASS,YIELD,RUNNING
1714,34.280000000000001,1,-1.6602904730904766,-31.343825803774997,2.7999999999999998,2.1899980704636182,-30.472155073920483,2.7999999999999998,BYPASS,YIELD,RUNNING
1714,34.280000000000001,1,-1.6602904730904766,-31.343825803774997,2.7999999999999998,2.1899980704636182,-30.472155073920483,2.7999999999999998,BYPASS,YIELD,RUNNING
1714,34.280000000000001,1,-1.6602904730904766,-31.343825803774997,2.7999999999999998,2.1899980704636182,-30.472155073920483,2.7999999999999998,BYPASS,YIELD,RUNNING
1714,34.280000000000001,1,-1.6602904730904766,-31.343825803774997,2.7999999999999998,2.1899980704636182,-30.472155073920483,2.7999999999999998,BYPASS,YIELD,RUNNING
1714,34.280000000000001,1,-1.6602904730904766,-31.343825803774997,2.7999999999999998,2.1899980704636182,-30.472155073920483,2.7999999999999998,BYPASS,YIELD,RUNNING
1714,34.280000000000001,1,-1.6602904730904766,-31.343825803774997,2.7999999999999998,2.1899980704636182,-30.472155073920483,2.7999999999999998,BYPASS,YIELD,RUNNING
1714,34.280000000000001,1,-1.6602904730904766,-31.343825803774997,2.7999999999999998,2.1899980704636182,-30.472155073920483,2.7999999999999998,BYPASS,YIELD,RUNNING
1714,34.280000000000001,1,-1.6602904730904766,-31.343825803774997,2.7999999999999998,2.1899980704636182,-30.472155073920483,2.7999999999999998,BYPASS,YIELD,RUNNING
1714,34.280000000000001,1,-1.6602904730904766,-31.343825803774997,2.7999999999999998,2.1899980704636182,-30.472155073920483,2.7999999999999998,BYPASS,YIELD,RUNNING
1714,34.280000000000001,1,-1.6602904730904766,-31.343825803774997,2.7999999999999998,2.1899980704636182,-30.472155073920483,2.7999999999999998,BYPASS,YIELD,RUNNING
1714,34.280000000000001,1,-1.6602904730904766,-31.343825803774997,2.7999999999999998,2.1899980704636182,-30.472155073920483,2.7999999999999998,BYPASS,YIELD,RUNNING
1714,34.280000000000001,1,-1.6602904730904766,-31.343825803774997,2.7999999999999998,2.1899980704636182,-30.472155073920483,2.7999999999999998,BYPASS,YIELD,RUNNING
1714,34.280000000000001,1,-1.6602904730904766,-31.343825803774997,2.7999999999999998,2.1899980704636182,-30.472155073920483,2.7999999999999998,BYPASS,YIELD,RUNNING
1714,34.280000000000001,1,-1.6602904730904766,-31.343825803774997,2.7999999999999998,2.1899980704636182,-30.472155073920483,2.7999999999999998,BYPASS,YIELD,RUNNING
1714,34.280000000000001,1,-1.6602904730904766,-31.343825803774997,2.7999999999999998,2.1899980704636182,-30.472155073920483,2.7999999999999998,BYPASS,YIELD,RUNNING
1714,34.280000000000001,1,-1.6602904730904766,-31.343825803774997,2.7999999999999998,2.1899980704636182,-30.472155073920483,2.7999999999999998,BYPASS,YIELD,RUNNING
1714,34.280000000000001,1,-1.6602904730904766,-31.343825803774997,2.7999999999999998,2.1899980704636182,-30.472155073920483,2.7999999999999998,BYPASS,YIELD,RUNNING
1714,34.280000000000001,1,-1.6602904730904766,-31.343825803774997,2.7999999999999998,2.1899980704636182,-30.472155073920483,2.7999999999999998,BYPASS,YIELD,RUNNING
1714,34.280000000000001,1,-1.6602904730904766,-31.343825803774997,2.7999999999999998,2.1899980704636182,-30.472155073920483,2.7999999999999998,BYPASS,YIELD,RUNNING
1714,34.280000000000001,1,-1.6602904730904766,-31.343825803774997,2.7999999999999998,2.1899980704636182,-30.472155073920483,2.7999999999999998,BYPASS,YIELD,RUNNING
1714,34.280000000000001,1,-1.6602904730904766,-31.343825803774997,2.7999999999999998,2.1899980704636182,-30.472155073920483,2.7999999999999998,BYPASS,YIELD,RUNNING
1714,34.280000000000001,1,-1.6602904730904766,-31.343825803774997,2.7999999999999998,2.1899980704636182,-30.472155073920483,2.7999999999999998,BYPASS,YIELD,RUNNING
1714,34.280000000000001,1,-1.6602904730904766,-31.343825803774997,2.7999999999999998,2.1899980704636182,-30.472155073920483,2.7999999999999998,BYPASS,YIELD,RUNNING
1714,34.280000000000001,1,-1.6602904730904766,-31.343825803774997,2.7999999999999998,2.1899980704636182,-30.472155073920483,2.7999999999999998,BYPASS,YIELD,RUNNING
1714,34.280000000000001,1,-1.6602904730904766,-31.343825803774997,2.7999999999999998,2.1899980704636182,-30.472155073920483,2.7999999999999998,BYPASS,YIELD,RUNNING
1714,34.280000000000001,1,-1.6602904730904766,-31.343825803774997,2.7999999999999998,2.1899980704636182,-30.472155073920483,2.7999999999999998,BYPASS,YIELD,RUNNING
1714,34.280000000000001,1,-1.6602904730904766,-31.343825803774997,2.7999999999999998,2.1899980704636182,-30.472155073920483,2.7999999999999998,BYPASS,YIELD,RUNNING
1714,34.280000000000001,1,-1.6602904730904766,-31.343825803774997,2.7999999999999998,2.1899980704636182,-30.472155073920483,2.7999999999999998,BYPASS,YIELD,RUNNING
1714,34.280000000000001,1,-1.6602904730904766,-31.343825803774997,2.7999999999999998,2.1899980704636182,-30.472155073920483,2.7999999999999998,BYPASS,YIELD,RUNNING
1714,34.280000000000001,1,-1.6602904730904766,-31.343825803774997,2.7999999999999998,2.1899980704636182,-30.472155073920483,2.7999999999999998,BYPASS,YIELD,RUNNING
1714,34.280000000000001,1,-1.6602904730904766,-31.343825803774997,2.7999999999999998,2.1899980704636182,-30.472155073920483,2.7999999999999998,BYPASS,YIELD,RUNNING
1714,34.280000000000001,1,-1.6602904730904766,-31.343825803774997,2.7999999999999998,2.1899980704636182,-30.472155073920483,2.7999999999999998,BYPASS,YIELD,RUNNING
1714,34.280000000000001,1,-1.6602904730904766,-31.343825803774997,2.7999999999999998,2.1899980704636182,-30.472155073920483,2.7999999999999998,BYPASS,YIELD,RUNNING
1714,34.280000000000001,1,-1.6602904730904766,-31.343825803774997,2.7999999999999998,2.1899980704636182,-30.472155073920483,2.7999999999999998,BYPASS,YIELD,RUNNING
1714,34.280000000000001,1,-1.6602904730904766,-31.343825803774997,2.7999999999999998,2.1899980704636182,-30.472155073920483,2.7999999999999998,BYPASS,YIELD,RUNNING
1714,34.280000000000001,1,-1.6602904730904766,-31.343825803774997,2.7999999999999998,2.1899980704636182,-30.472155073920483,2.7999999999999998,BYPASS,YIELD,RUNNING
1714,34.280000000000001,1,-1.6602904730904766,-31.343825803774997,2.7999999999999998,2.1899980704636182,-30.472155073920483,2.7999999999999998,BYPASS,YIELD,RUNNING
1714,34.280000000000001,1,-1.6602904730904766,-31.343825803774997,2.7999999999999998,2.1899980704636182,-30.472155073920483,2.7999999999999998,BYPASS,YIELD,RUNNING
1714,34.280000000000001,1,-1.6602904730904766,-31.343825803774997,2.7999999999999998,2.1899980704636182,-30.472155073920483,2.7999999999999998,BYPASS,YIELD,RUNNING
1714,34.280000000000001,1,-1.6602904730904766,-31.343825803774997,2.7999999999999998,2.1899980704636182,-30.472155073920483,2.7999999999999998,BYPASS,YIELD,RUNNING
1714,34.280000000000001,1,-1.6602904730904766,-31.343825803774997,2.7999999999999998,2.1899980704636182,-30.472155073920483,2.7999999999999998,BYPASS,YIELD,RUNNING
1714,34.280000000000001,1,-1.6602904730904766,-31.343825803774997,2.7999999999999998,2.1899980704636182,-30.472155073920483,2.7999999999999998,BYPASS,YIELD,RUNNING
1714,34.280000000000001,1,-1.6602904730904766,-31.343825803774997,2.7999999999999998,2.1899980704636182,-30.472155073920483,2.7999999999999998,BYPASS,YIELD,RUNNING
1714,34.280000000000001,1,-1.6602904730904766,-31.343825803774997,2.7999999999999998,2.1899980704636182,-30.472155073920483,2.7999999999999998,BYPASS,YIELD,RUNNING
1714,34.280000000000001,1,-1.6602904730904766,-31.343825803774997,2.7999999999999998,2.1899980704636182,-30.472155073920483,2.7999999999999998,BYPASS,YIELD,RUNNING
1714,34.280000000000001,1,-1.6602904730904766,-31.343825803774997,2.7999999999999998,2.1899980704636182,-30.472155073920483,2.7999999999999998,BYPASS,YIELD,RUNNING
1714,34.280000000000001,1,-1.6602904730904766,-31.343825803774997,2.7999999999999998,2.1899980704636182,-30.472155073920483,2.7999999999999998,BYPASS,YIELD,RUNNING
1714,34.280000000000001,1,-1.6602904730904766,-31.343825803774997,2.7999999999999998,2.1899980704636182,-30.472155073920483,2.7999999999999998,BYPASS,YIELD,RUNNING
1714,34.280000000000001,1,-1.6602904730904766,-31.343825803774997,2.7999999999999998,2.1899980704636182,-30.472155073920483,2.7999999999999998,BYPASS,YIELD,RUNNING
1714,34.280000000000001,1,-1.6602904730904766,-31.343825803774997,2.7999999999999998,2.1899980704636182,-30.472155073920483,2.7999999999999998,BYPASS,YIELD,RUNNING
1714,34.280000000000001,1,-1.6602904730904766,-31.343825803774997,2.7999999999999998,2.1899980704636182,-30.472155073920483,2.7999999999999998,BYPASS,YIELD,RUNNING
1714,34.280000000000001,1,-1.6602904730904766,-31.343825803774997,2.7999999999999998,2.1899980704636182,-30.472155073920483,2.7999999999999998,BYPASS,YIELD,RUNNING
1714,34.280000000000001,1,-1.6602904730904766,-31.343825803774997,2.7999999999999998,2.1899980704636182,-30.472155073920483,2.7999999999999998,BYPASS,YIELD,RUNNING
1714,34.280000000000001,1,-1.6602904730904766,-31.343825803774997,2.7999999999999998,2.1899980704636182,-30.472155073920483,2.7999999999999998,BYPASS,YIELD,RUNNING
1714,34.280000000000001,1,-1.6602904730904766,-31.343825803774997,2.7999999999999998,2.1899980704636182,-30.472155073920483,2.7999999999999998,BYPASS,YIELD,RUNNING
1714,34.280000000000001,1,-1.6602904730904766,-31.343825803774997,2.7999999999999998,2.1899980704636182,-30.472155073920483,2.7999999999999998,BYPASS,YIELD,RUNNING
1714,34.280000000000001,1,-1.6602904730904766,-31.343825803774997,2.7999999999999998,2.1899980704636182,-30.472155073920483,2.7999999999999998,BYPASS,YIELD,RUNNING
1714,34.280000000000001,1,-1.6602904730904766,-31.343825803774997,2.7999999999999998,2.1899980704636182,-30.472155073920483,2.7999999999999998,BYPASS,YIELD,RUNNING
1714,34.280000000000001,1,-1.6602904730904766,-31.343825803774997,2.7999999999999998,2.1899980704636182,-30.472155073920483,2.7999999999999998,BYPASS,YIELD,RUNNING
1714,34.280000000000001,1,-1.6602904730904766,-31.343825803774997,2.7999999999999998,2.1899980704636182,-30.472155073920483,2.7999999999999998,BYPASS,YIELD,RUNNING
1714,34.280000000000001,1,-1.6602904730904766,-31.343825803774997,2.7999999999999998,2.1899980704636182,-30.472155073920483,2.7999999999999998,BYPASS,YIELD,RUNNING
1714,34.280000000000001,1,-1.6602904730904766,-31.343825803774997,2.7999999999999998,2.1899980704636182,-30.472155073920483,2.7999999999999998,BYPASS,YIELD,RUNNING
1714,34.280000000000001,1,-1.6602904730904766,-31.343825803774997,2.7999999999999998,2.1899980704636182,-30.472155073920483,2.7999999999999998,BYPASS,YIELD,RUNNING
1714,34.280000000000001,1,-1.6602904730904766,-31.343825803774997,2.7999999999999998,2.1899980704636182,-30.472155073920483,2.7999999999999998,BYPASS,YIELD,RUNNING
1714,34.280000000000001,1,-1.6602904730904766,-31.343825803774997,2.7999999999999998,2.1899980704636182,-30.472155073920483,2.7999999999999998,BYPASS,YIELD,RUNNING
1714,34.280000000000001,1,-1.6602904730904766,-31.343825803774997,2.7999999999999998,2.1899980704636182,-30.472155073920483,2.7999999999999998,BYPASS,YIELD,RUNNING
1714,34.280000000000001,1,-1.6602904730904766,-31.343825803774997,2.7999999999999998,2.1899980704636182,-30.472155073920483,2.7999999999999998,BYPASS,YIELD,RUNNING
1714,34.280000000000001,1,-1.6602904730904766,-31.343825803774997,2.7999999999999998,2.1899980704636182,-30.472155073920483,2.7999999999999998,BYPASS,YIELD,RUNNING
1714,34.280000000000001,1,-1.6602904730904766,-31.343825803774997,2.7999999999999998,2.1899980704636182,-30.472155073920483,2.7999999999999998,BYPASS,YIELD,RUNNING
1714,34.280000000000001,1,-1.6602904730904766,-31.343825803774997,2.7999999999999998,2.1899980704636182,-30.472155073920483,2.7999999999999998,BYPASS,YIELD,RUNNING
1714,34.280000000000001,1,-1.6602904730904766,-31.343825803774997,2.7999999999999998,2.1899980704636182,-30.472155073920483,2.7999999999999998,BYPASS,YIELD,RUNNING
1714,34.280000000000001,1,-1.6602904730904766,-31.343825803774997,2.7999999999999998,2.1899980704636182,-30.472155073920483,2.7999999999999998,BYPASS,YIELD,RUNNING
1714,34.280000000000001,1,-1.6602904730904766,-31.343825803774997,2.7999999999999998,2.1899980704636182,-30.472155073920483,2.7999999999999998,BYPASS,YIELD,RUNNING
1714,34.280000000000001,1,-1.6602904730904766,-31.343825803774997,2.7999999999999998,2.1899980704636182,-30.472155073920483,2.7999999999999998,BYPASS,YIELD,RUNNING
1714,34.280000000000001,1,-1.6602904730904766,-31.343825803774997,2.7999999999999998,2.1899980704636182,-30.472155073920483,2.7999999999999998,BYPASS,YIELD,RUNNING
1714,34.280000000000001,1,-1.6602904730904766,-31.343825803774997,2.7999999999999998,2.1899980704636182,-30.472155073920483,2.7999999999999998,BYPASS,YIELD,RUNNING
1714,34.280000000000001,1,-1.6602904730904766,-31.343825803774997,2.7999999999999998,2.1899980704636182,-30.472155073920483,2.7999999999999998,BYPASS,YIELD,RUNNING
1714,34.280000000000001,1,-1.6602904730904766,-31.343825803774997,2.7999999999999998,2.1899980704636182,-30.472155073920483,2.7999999999999998,BYPASS,YIELD,RUNNING
1714,34.280000000000001,1,-1.6602904730904766,-31.343825803774997,2.7999999999999998,2.1899980704636182,-30.472155073920483,2.7999999999999998,BYPASS,YIELD,RUNNING
1714,34.280000000000001,1,-1.6602904730904766,-31.343825803774997,2.7999999999999998,2.1899980704636182,-30.472155073920483,2.7999999999999998,BYPASS,YIELD,RUNNING
1714,34.280000000000001,1,-1.6602904730904766,-31.343825803774997,2.7999999999999998,2.1899980704636182,-30.472155073920483,2.7999999999999998,BYPASS,YIELD,RUNNING
1714,34.280000000000001,1,-1.6602904730904766,-31.343825803774997,2.7999999999999998,2.1899980704636182,-30.472155073920483,2.7999999999999998,BYPASS,YIELD,RUNNING
1714,34.280000000000001,1,-1.6602904730904766,-31.343825803774997,2.7999999999999998,2.1899980704636182,-30.472155073920483,2.7999999999999998,BYPASS,YIELD,RUNNING
1714,34.280000000000001,1,-1.6602904730904766,-31.343825803774997,2.7999999999999998,2.1899980704636182,-30.472155073920483,2.7999999999999998,BYPASS,YIELD,RUNNING
1714,34.280000000000001,1,-1.6602904730904766,-31.343825803774997,2.7999999999999998,2.1899980704636182,-30.472155073920483,2.7999999999999998,BYPASS,YIELD,RUNNING
1714,34.280000000000001,1,-1.6602904730904766,-31.343825803774997,2.7999999999999998,2.1899980704636182,-30.472155073920483,2.7999999999999998,BYPASS,YIELD,RUNNING
1714,34.280000000000001,1,-1.6602904730904766,-31.343825803774997,2.7999999999999998,2.1899980704636182,-30.472155073920483,2.7999999999999998,BYPASS,YIELD,RUNNING
1714,34.280000000000001,1,-1.6602904730904766,-31.343825803774997,2.7999999999999998,2.1899980704636182,-30.472155073920483,2.7999999999999998,BYPASS,YIELD,RUNNING
1714,34.280000000000001,1,-1.6602904730904766,-31.343825803774997,2.7999999999999998,2.1899980704636182,-30.472155073920483,2.7999999999999998,BYPASS,YIELD,RUNNING
1714,34.280000000000001,1,-1.6602904730904766,-31.343825803774997,2.7999999999999998,2.1899980704636182,-30.472155073920483,2.7999999999999998,BYPASS,YIELD,RUNNING
1714,34.280000000000001,1,-1.6602904730904766,-31.343825803774997,2.7999999999999998,2.1899980704636182,-30.472155073920483,2.7999999999999998,BYPASS,YIELD,RUNNING
1714,34.280000000000001,1,-1.6602904730904766,-31.343825803774997,2.7999999999999998,2.1899980704636182,-30.472155073920483,2.7999999999999998,BYPASS,YIELD,RUNNING
1714,34.280000000000001,1,-1.6602904730904766,-31.343825803774997,2.7999999999999998,2.1899980704636182,-30.472155073920483,2.7999999999999998,BYPASS,YIELD,RUNNING
1714,34.280000000000001,1,-1.6602904730904766,-31.343825803774997,2.7999999999999998,2.1899980704636182,-30.472155073920483,2.7999999999999998,BYPASS,YIELD,RUNNING
1714,34.280000000000001,1,-1.6602904730904766,-31.343825803774997,2.7999999999999998,2.1899980704636182,-30.472155073920483,2.7999999999999998,BYPASS,YIELD,RUNNING
1714,34.280000000000001,1,-1.6602904730904766,-31.343825803774997,2.7999999999999998,2.1899980704636182,-30.472155073920483,2.7999999999999998,BYPASS,YIELD,RUNNING
1714,34.280000000000001,1,-1.6602904730904766,-31.343825803774997,2.7999999999999998,2.1899980704636182,-30.472155073920483,2.7999999999999998,BYPASS,YIELD,RUNNING
1714,34.280000000000001,1,-1.6602904730904766,-31.343825803774997,2.7999999999999998,2.1899980704636182,-30.472155073920483,2.7999999999999998,BYPASS,YIELD,RUNNING
1714,34.280000000000001,1,-1.6602904730904766,-31.343825803774997,2.7999999999999998,2.1899980704636182,-30.472155073920483,2.7999999999999998,BYPASS,YIELD,RUNNING
1714,34.280000000000001,1,-1.6602904730904766,-31.343825803774997,2.7999999999999998,2.1899980704636182,-30.472155073920483,2.7999999999999998,BYPASS,YIELD,RUNNING
1714,34.280000000000001,1,-1.6602904730904766,-31.343825803774997,2.7999999999999998,2.1899980704636182,-30.472155073920483,2.7999999999999998,BYPASS,YIELD,RUNNING
1714,34.280000000000001,1,-1.6602904730904766,-31.343825803774997,2.7999999999999998,2.1899980704636182,-30.472155073920483,2.7999999999999998,BYPASS,YIELD,RUNNING
1714,34.280000000000001,1,-1.6602904730904766,-31.343825803774997,2.7999999999999998,2.1899980704636182,-30.472155073920483,2.7999999999999998,BYPASS,YIELD,RUNNING
1714,34.280000000000001,1,-1.6602904730904766,-31.343825803774997,2.7999999999999998,2.1899980704636182,-30.472155073920483,2.7999999999999998,BYPASS,YIELD,RUNNING
1714,34.280000000000001,1,-1.6602904730904766,-31.343825803774997,2.7999999999999998,2.1899980704636182,-30.472155073920483,2.7999999999999998,BYPASS,YIELD,RUNNING
1714,34.280000000000001,1,-1.6602904730904766,-31.343825803774997,2.7999999999999998,2.1899980704636182,-30.472155073920483,2.7999999999999998,BYPASS,YIELD,RUNNING
1714,34.280000000000001,1,-1.6602904730904766,-31.343825803774997,2.7999999999999998,2.1899980704636182,-30.472155073920483,2.7999999999999998,BYPASS,YIELD,RUNNING
1714,34.280000000000001,1,-1.6602904730904766,-31.343825803774997,2.7999999999999998,2.1899980704636182,-30.472155073920483,2.7999999999999998,BYPASS,YIELD,RUNNING
1714,34.280000000000001,1,-1.6602904730904766,-31.343825803774997,2.7999999999999998,2.1899980704636182,-30.472155073920483,2.7999999999999998,BYPASS,YIELD,RUNNING
1714,34.280000000000001,1,-1.6602904730904766,-31.343825803774997,2.7999999999999998,2.1899980704636182,-30.472155073920483,2.7999999999999998,BYPASS,YIELD,RUNNING
1714,34.280000000000001,1,-1.6602904730904766,-31.343825803774997,2.7999999999999998,2.1899980704636182,-30.472155073920483,2.7999999999999998,BYPASS,YIELD,RUNNING
1714,34.280000000000001,1,-1.6602904730904766,-31.343825803774997,2.7999999999999998,2.1899980704636182,-30.472155073920483,2.7999999999999998,BYPASS,YIELD,RUNNING
1714,34.280000000000001,1,-1.6602904730904766,-31.343825803774997,2.7999999999999998,2.1899980704636182,-30.472155073920483,2.7999999999999998,BYPASS,YIELD,RUNNING
1714,34.280000000000001,1,-1.6602904730904766,-31.343825803774997,2.7999999999999998,2.1899980704636182,-30.472155073920483,2.7999999999999998,BYPASS,YIELD,RUNNING
1714,34.280000000000001,1,-1.6602904730904766,-31.343825803774997,2.7999999999999998,2.1899980704636182,-30.472155073920483,2.7999999999999998,BYPASS,YIELD,RUNNING
1714,34.280000000000001,1,-1.6602904730904766,-31.343825803774997,2.7999999999999998,2.1899980704636182,-30.472155073920483,2.7999999999999998,BYPASS,YIELD,RUNNING
1714,34.280000000000001,1,-1.6602904730904766,-31.343825803774997,2.7999999999999998,2.1899980704636182,-30.472155073920483,2.7999999999999998,BYPASS,YIELD,RUNNING
1714,34.280000000000001,1,-1.6602904730904766,-31.343825803774997,2.7999999999999998,2.1899980704636182,-30.472155073920483,2.7999999999999998,BYPASS,YIELD,RUNNING
1714,34.280000000000001,1,-1.6602904730904766,-31.343825803774997,2.7999999999999998,2.1899980704636182,-30.472155073920483,2.7999999999999998,BYPASS,YIELD,RUNNING
1714,34.280000000000001,1,-1.6602904730904766,-31.343825803774997,2.7999999999999998,2.1899980704636182,-30.472155073920483,2.7999999999999998,BYPASS,YIELD,RUNNING
1714,34.280000000000001,1,-1.6602904730904766,-31.343825803774997,2.7999999999999998,2.1899980704636182,-30.472155073920483,2.7999999999999998,BYPASS,YIELD,RUNNING
1714,34.280000000000001,1,-1.6602904730904766,-31.343825803774997,2.7999999999999998,2.1899980704636182,-30.472155073920483,2.7999999999999998,BYPASS,YIELD,RUNNING
1714,34.280000000000001,1,-1.6602904730904766,-31.343825803774997,2.7999999999999998,2.1899980704636182,-30.472155073920483,2.7999999999999998,BYPASS,YIELD,RUNNING
1714,34.280000000000001,1,-1.6602904730904766,-31.343825803774997,2.7999999999999998,2.1899980704636182,-30.472155073920483,2.7999999999999998,BYPASS,YIELD,RUNNING
1714,34.280000000000001,1,-1.6602904730904766,-31.343825803774997,2.7999999999999998,2.1899980704636182,-30.472155073920483,2.7999999999999998,BYPASS,YIELD,RUNNING
1714,34.280000000000001,1,-1.6602904730904766,-31.343825803774997,2.7999999999999998,2.1899980704636182,-30.472155073920483,2.7999999999999998,BYPASS,YIELD,RUNNING
1714,34.280000000000001,1,-1.6602904730904766,-31.343825803774997,2.7999999999999998,2.1899980704636182,-30.472155073920483,2.7999999999999998,BYPASS,YIELD,RUNNING
1714,34.280000000000001,1,-1.6602904730904766,-31.343825803774997,2.7999999999999998,2.1899980704636182,-30.472155073920483,2.7999999999999998,BYPASS,YIELD,RUNNING
1714,34.280000000000001,1,-1.6602904730904766,-31.343825803774997,2.7999999999999998,2.1899980704636182,-30.472155073920483,2.7999999999999998,BYPASS,YIELD,RUNNING
1714,34.280000000000001,1,-1.6602904730904766,-31.343825803774997,2.7999999999999998,2.1899980704636182,-30.472155073920483,2.7999999999999998,BYPASS,YIELD,RUNNING
1714,34.280000000000001,1,-1.6602904730904766,-31.343825803774997,2.7999999999999998,2.1899980704636182,-30.472155073920483,2.7999999999999998,BYPASS,YIELD,RUNNING
1714,34.280000000000001,1,-1.6602904730904766,-31.343825803774997,2.7999999999999998,2.1899980704636182,-30.472155073920483,2.7999999999999998,BYPASS,YIELD,RUNNING
1714,34.280000000000001,1,-1.6602904730904766,-31.343825803774997,2.7999999999999998,2.1899980704636182,-30.472155073920483,2.7999999999999998,BYPASS,YIELD,RUNNING
1714,34.280000000000001,1,-1.6602904730904766,-31.343825803774997,2.7999999999999998,2.1899980704636182,-30.472155073920483,2.7999999999999998,BYPASS,YIELD,RUNNING
1714,34.280000000000001,1,-1.6602904730904766,-31.343825803774997,2.7999999999999998,2.1899980704636182,-30.472155073920483,2.7999999999999998,BYPASS,YIELD,RUNNING
1714,34.280000000000001,1,-1.6602904730904766,-31.343825803774997,2.7999999999999998,2.1899980704636182,-30.472155073920483,2.7999999999999998,BYPASS,YIELD,RUNNING
1714,34.280000000000001,1,-1.6602904730904766,-31.343825803774997,2.7999999999999998,2.1899980704636182,-30.472155073920483,2.7999999999999998,BYPASS,YIELD,RUNNING
1714,34.280000000000001,1,-1.6602904730904766,-31.343825803774997,2.7999999999999998,2.1899980704636182,-30.472155073920483,2.7999999999999998,BYPASS,YIELD,RUNNING
1714,34.280000000000001,1,-1.6602904730904766,-31.343825803774997,2.7999999999999998,2.1899980704636182,-30.472155073920483,2.7999999999999998,BYPASS,YIELD,RUNNING
1714,34.280000000000001,1,-1.6602904730904766,-31.343825803774997,2.7999999999999998,2.1899980704636182,-30.472155073920483,2.7999999999999998,BYPASS,YIELD,RUNNING
1714,34.280000000000001,1,-1.6602904730904766,-31.343825803774997,2.7999999999999998,2.1899980704636182,-30.472155073920483,2.7999999999999998,BYPASS,YIELD,RUNNING
1714,34.280000000000001,1,-1.6602904730904766,-31.343825803774997,2.7999999999999998,2.1899980704636182,-30.472155073920483,2.7999999999999998,BYPASS,YIELD,RUNNING
1714,34.280000000000001,1,-1.6602904730904766,-31.343825803774997,2.7999999999999998,2.1899980704636182,-30.472155073920483,2.7999999999999998,BYPASS,YIELD,RUNNING
1714,34.280000000000001,1,-1.6602904730904766,-31.343825803774997,2.7999999999999998,2.1899980704636182,-30.472155073920483,2.7999999999999998,BYPASS,YIELD,RUNNING
1714,34.280000000000001,1,-1.6602904730904766,-31.343825803774997,2.7999999999999998,2.1899980704636182,-30.472155073920483,2.7999999999999998,BYPASS,YIELD,RUNNING
1714,34.280000000000001,1,-1.6602904730904766,-31.343825803774997,2.7999999999999998,2.1899980704636182,-30.472155073920483,2.7999999999999998,BYPASS,YIELD,RUNNING
1714,34.280000000000001,1,-1.6602904730904766,-31.343825803774997,2.7999999999999998,2.1899980704636182,-30.472155073920483,2.7999999999999998,BYPASS,YIELD,RUNNING
1714,34.280000000000001,1,-1.6602904730904766,-31.343825803774997,2.7999999999999998,2.1899980704636182,-30.472155073920483,2.7999999999999998,BYPASS,YIELD,RUNNING
1714,34.280000000000001,1,-1.6602904730904766,-31.343825803774997,2.7999999999999998,2.1899980704636182,-30.472155073920483,2.7999999999999998,BYPASS,YIELD,RUNNING
1714,34.280000000000001,1,-1.6602904730904766,-31.343825803774997,2.7999999999999998,2.1899980704636182,-30.472155073920483,2.7999999999999998,BYPASS,YIELD,RUNNING
1714,34.280000000000001,1,-1.6602904730904766,-31.343825803774997,2.7999999999999998,2.1899980704636182,-30.472155073920483,2.7999999999999998,BYPASS,YIELD,RUNNING
1714,34.280000000000001,1,-1.6602904730904766,-31.343825803774997,2.7999999999999998,2.1899980704636182,-30.472155073920483,2.7999999999999998,BYPASS,YIELD,RUNNING
1714,34.280000000000001,1,-1.6602904730904766,-31.343825803774997,2.7999999999999998,2.1899980704636182,-30.472155073920483,2.7999999999999998,BYPASS,YIELD,RUNNING
1714,34.280000000000001,1,-1.6602904730904766,-31.343825803774997,2.7999999999999998,2.1899980704636182,-30.472155073920483,2.7999999999999998,BYPASS,YIELD,RUNNING
1714,34.280000000000001,1,-1.6602904730904766,-31.343825803774997,2.7999999999999998,2.1899980704636182,-30.472155073920483,2.7999999999999998,BYPASS,YIELD,RUNNING
1714,34.280000000000001,1,-1.6602904730904766,-31.343825803774997,2.7999999999999998,2.1899980704636182,-30.472155073920483,2.7999999999999998,BYPASS,YIELD,RUNNING
1714,34.280000000000001,1,-1.6602904730904766,-31.343825803774997,2.7999999999999998,2.1899980704636182,-30.472155073920483,2.7999999999999998,BYPASS,YIELD,RUNNING
1714,34.280000000000001,1,-1.6602904730904766,-31.343825803774997,2.7999999999999998,2.1899980704636182,-30.472155073920483,2.7999999999999998,BYPASS,YIELD,RUNNING
1714,34.280000000000001,1,-1.6602904730904766,-31.343825803774997,2.7999999999999998,2.1899980704636182,-30.472155073920483,2.7999999999999998,BYPASS,YIELD,RUNNING
1714,34.280000000000001,1,-1.6602904730904766,-31.343825803774997,2.7999999999999998,2.1899980704636182,-30.472155073920483,2.7999999999999998,BYPASS,YIELD,RUNNING
1714,34.280000000000001,1,-1.6602904730904766,-31.343825803774997,2.7999999999999998,2.1899980704636182,-30.472155073920483,2.7999999999999998,BYPASS,YIELD,RUNNING
1714,34.280000000000001,1,-1.6602904730904766,-31.343825803774997,2.7999999999999998,2.1899980704636182,-30.472155073920483,2.7999999999999998,BYPASS,YIELD,RUNNING
1714,34.280000000000001,1,-1.6602904730904766,-31.343825803774997,2.7999999999999998,2.1899980704636182,-30.472155073920483,2.7999999999999998,BYPASS,YIELD,RUNNING
1714,34.280000000000001,1,-1.6602904730904766,-31.343825803774997,2.7999999999999998,2.1899980704636182,-30.472155073920483,2.7999999999999998,BYPASS,YIELD,RUNNING
1714,34.280000000000001,1,-1.6602904730904766,-31.343825803774997,2.7999999999999998,2.1899980704636182,-30.472155073920483,2.7999999999999998,BYPASS,YIELD,RUNNING
1714,34.280000000000001,1,-1.6602904730904766,-31.343825803774997,2.7999999999999998,2.1899980704636182,-30.472155073920483,2.7999999999999998,BYPASS,YIELD,RUNNING
1714,34.280000000000001,1,-1.6602904730904766,-31.343825803774997,2.7999999999999998,2.1899980704636182,-30.472155073920483,2.7999999999999998,BYPASS,YIELD,RUNNING
1714,34.280000000000001,1,-1.6602904730904766,-31.343825803774997,2.7999999999999998,2.1899980704636182,-30.472155073920483,2.7999999999999998,BYPASS,YIELD,RUNNING
1714,34.280000000000001,1,-1.6602904730904766,-31.343825803774997,2.7999999999999998,2.1899980704636182,-30.472155073920483,2.7999999999999998,BYPASS,YIELD,RUNNING
1714,34.280000000000001,1,-1.6602904730904766,-31.343825803774997,2.7999999999999998,2.1899980704636182,-30.472155073920483,2.7999999999999998,BYPASS,YIELD,RUNNING
1714,34.280000000000001,1,-1.6602904730904766,-31.343825803774997,2.7999999999999998,2.1899980704636182,-30.472155073920483,2.7999999999999998,BYPASS,YIELD,RUNNING
1714,34.280000000000001,1,-1.6602904730904766,-31.343825803774997,2.7999999999999998,2.1899980704636182,-30.472155073920483,2.7999999999999998,BYPASS,YIELD,RUNNING
1714,34.280000000000001,1,-1.6602904730904766,-31.343825803774997,2.7999999999999998,2.1899980704636182,-30.472155073920483,2.7999999999999998,BYPASS,YIELD,RUNNING
1714,34.280000000000001,1,-1.6602904730904766,-31.343825803774997,2.7999999999999998,2.1899980704636182,-30.472155073920483,2.7999999999999998,BYPASS,YIELD,RUNNING
1714,34.280000000000001,1,-1.6602904730904766,-31.343825803774997,2.7999999999999998,2.1899980704636182,-30.472155073920483,2.7999999999999998,BYPASS,YIELD,RUNNING
1714,34.280000000000001,1,-1.6602904730904766,-31.343825803774997,2.7999999999999998,2.1899980704636182,-30.472155073920483,2.7999999999999998,BYPASS,YIELD,RUNNING
1714,34.280000000000001,1,-1.6602904730904766,-31.343825803774997,2.7999999999999998,2.1899980704636182,-30.472155073920483,2.7999999999999998,BYPASS,YIELD,RUNNING
1714,34.280000000000001,1,-1.6602904730904766,-31.343825803774997,2.7999999999999998,2.1899980704636182,-30.472155073920483,2.7999999999999998,BYPASS,YIELD,RUNNING
1714,34.280000000000001,1,-1.6602904730904766,-31.343825803774997,2.7999999999999998,2.1899980704636182,-30.472155073920483,2.7999999999999998,BYPASS,YIELD,RUNNING
1714,34.280000000000001,1,-1.6602904730904766,-31.343825803774997,2.7999999999999998,2.1899980704636182,-30.472155073920483,2.7999999999999998,BYPASS,YIELD,RUNNING
1714,34.280000000000001,1,-1.6602904730904766,-31.343825803774997,2.7999999999999998,2.1899980704636182,-30.472155073920483,2.7999999999999998,BYPASS,YIELD,RUNNING
1714,34.280000000000001,1,-1.6602904730904766,-31.343825803774997,2.7999999999999998,2.1899980704636182,-30.472155073920483,2.7999999999999998,BYPASS,YIELD,RUNNING
1714,34.280000000000001,1,-1.6602904730904766,-31.343825803774997,2.7999999999999998,2.1899980704636182,-30.472155073920483,2.7999999999999998,BYPASS,YIELD,RUNNING
1714,34.280000000000001,1,-1.6602904730904766,-31.343825803774997,2.7999999999999998,2.1899980704636182,-30.472155073920483,2.7999999999999998,BYPASS,YIELD,RUNNING
1714,34.280000000000001,1,-1.6602904730904766,-31.343825803774997,2.7999999999999998,2.1899980704636182,-30.472155073920483,2.7999999999999998,BYPASS,YIELD,RUNNING
1714,34.280000000000001,1,-1.6602904730904766,-31.343825803774997,2.7999999999999998,2.1899980704636182,-30.472155073920483,2.7999999999999998,BYPASS,YIELD,RUNNING
1714,34.280000000000001,1,-1.6602904730904766,-31.343825803774997,2.7999999999999998,2.1899980704636182,-30.472155073920483,2.7999999999999998,BYPASS,YIELD,RUNNING
1714,34.280000000000001,1,-1.6602904730904766,-31.343825803774997,2.7999999999999998,2.1899980704636182,-30.472155073920483,2.7999999999999998,BYPASS,YIELD,RUNNING
1714,34.280000000000001,1,-1.6602904730904766,-31.343825803774997,2.7999999999999998,2.1899980704636182,-30.472155073920483,2.7999999999999998,BYPASS,YIELD,RUNNING
1714,34.280000000000001,1,-1.6602904730904766,-31.343825803774997,2.7999999999999998,2.1899980704636182,-30.472155073920483,2.7999999999999998,BYPASS,YIELD,RUNNING
1714,34.280000000000001,1,-1.6602904730904766,-31.343825803774997,2.7999999999999998,2.1899980704636182,-30.472155073920483,2.7999999999999998,BYPASS,YIELD,RUNNING
1714,34.280000000000001,1,-1.6602904730904766,-31.343825803774997,2.7999999999999998,2.1899980704636182,-30.472155073920483,2.7999999999999998,BYPASS,YIELD,RUNNING
1714,34.280000000000001,1,-1.6602904730904766,-31.343825803774997,2.7999999999999998,2.1899980704636182,-30.472155073920483,2.7999999999999998,BYPASS,YIELD,RUNNING
1714,34.280000000000001,1,-1.6602904730904766,-31.343825803774997,2.7999999999999998,2.1899980704636182,-30.472155073920483,2.7999999999999998,BYPASS,YIELD,RUNNING
1714,34.280000000000001,1,-1.6602904730904766,-31.343825803774997,2.7999999999999998,2.1899980704636182,-30.472155073920483,2.7999999999999998,BYPASS,YIELD,RUNNING
1714,34.280000000000001,1,-1.6602904730904766,-31.343825803774997,2.7999999999999998,2.1899980704636182,-30.472155073920483,2.7999999999999998,BYPASS,YIELD,RUNNING
1714,34.280000000000001,1,-1.6602904730904766,-31.343825803774997,2.7999999999999998,2.1899980704636182,-30.472155073920483,2.7999999999999998,BYPASS,YIELD,RUNNING
1714,34.280000000000001,1,-1.6602904730904766,-31.343825803774997,2.7999999999999998,2.1899980704636182,-30.472155073920483,2.7999999999999998,BYPASS,YIELD,RUNNING
1714,34.280000000000001,1,-1.6602904730904766,-31.343825803774997,2.7999999999999998,2.1899980704636182,-30.472155073920483,2.7999999999999998,BYPASS,YIELD,RUNNING
1714,34.280000000000001,1,-1.6602904730904766,-31.343825803774997,2.7999999999999998,2.1899980704636182,-30.472155073920483,2.7999999999999998,BYPASS,YIELD,RUNNING
1714,34.280000000000001,1,-1.6602904730904766,-31.343825803774997,2.7999999999999998,2.1899980704636182,-30.472155073920483,2.7999999999999998,BYPASS,YIELD,RUNNING
1714,34.280000000000001,1,-1.6602904730904766,-31.343825803774997,2.7999999999999998,2.1899980704636182,-30.472155073920483,2.7999999999999998,BYPASS,YIELD,RUNNING
1714,34.280000000000001,1,-1.6602904730904766,-31.343825803774997,2.7999999999999998,2.1899980704636182,-30.472155073920483,2.7999999999999998,BYPASS,YIELD,RUNNING
1714,34.280000000000001,1,-1.6602904730904766,-31.343825803774997,2.7999999999999998,2.1899980704636182,-30.472155073920483,2.7999999999999998,BYPASS,YIELD,RUNNING
1714,34.280000000000001,1,-1.6602904730904766,-31.343825803774997,2.7999999999999998,2.1899980704636182,-30.472155073920483,2.7999999999999998,BYPASS,YIELD,RUNNING
1714,34.280000000000001,1,-1.6602904730904766,-31.343825803774997,2.7999999999999998,2.1899980704636182,-30.472155073920483,2.7999999999999998,BYPASS,YIELD,RUNNING
1714,34.280000000000001,1,-1.6602904730904766,-31.343825803774997,2.7999999999999998,2.1899980704636182,-30.472155073920483,2.7999999999999998,BYPASS,YIELD,RUNNING
1714,34.280000000000001,1,-1.6602904730904766,-31.343825803774997,2.7999999999999998,2.1899980704636182,-30.472155073920483,2.7999999999999998,BYPASS,YIELD,RUNNING
1714,34.280000000000001,1,-1.6602904730904766,-31.343825803774997,2.7999999999999998,2.1899980704636182,-30.472155073920483,2.7999999999999998,BYPASS,YIELD,RUNNING
1714,34.280000000000001,1,-1.6602904730904766,-31.343825803774997,2.7999999999999998,2.1899980704636182,-30.472155073920483,2.7999999999999998,BYPASS,YIELD,RUNNING
1714,34.280000000000001,1,-1.6602904730904766,-31.343825803774997,2.7999999999999998,2.1899980704636182,-30.472155073920483,2.7999999999999998,BYPASS,YIELD,RUNNING
1714,34.280000000000001,1,-1.6602904730904766,-31.343825803774997,2.7999999999999998,2.1899980704636182,-30.472155073920483,2.7999999999999998,BYPASS,YIELD,RUNNING
1714,34.280000000000001,1,-1.6602904730904766,-31.343825803774997,2.7999999999999998,2.1899980704636182,-30.472155073920483,2.7999999999999998,BYPASS,YIELD,RUNNING
1714,34.280000000000001,1,-1.6602904730904766,-31.343825803774997,2.7999999999999998,2.1899980704636182,-30.472155073920483,2.7999999999999998,BYPASS,YIELD,RUNNING
1714,34.280000000000001,1,-1.6602904730904766,-31.343825803774997,2.7999999999999998,2.1899980704636182,-30.472155073920483,2.7999999999999998,BYPASS,YIELD,RUNNING
1714,34.280000000000001,1,-1.6602904730904766,-31.343825803774997,2.7999999999999998,2.1899980704636182,-30.472155073920483,2.7999999999999998,BYPASS,YIELD,RUNNING
1714,34.280000000000001,1,-1.6602904730904766,-31.343825803774997,2.7999999999999998,2.1899980704636182,-30.472155073920483,2.7999999999999998,BYPASS,YIELD,RUNNING
1714,34.280000000000001,1,-1.6602904730904766,-31.343825803774997,2.7999999999999998,2.1899980704636182,-30.472155073920483,2.7999999999999998,BYPASS,YIELD,RUNNING
1714,34.280000000000001,1,-1.6602904730904766,-31.343825803774997,2.7999999999999998,2.1899980704636182,-30.472155073920483,2.7999999999999998,BYPASS,YIELD,RUNNING
1714,34.280000000000001,1,-1.6602904730904766,-31.343825803774997,2.7999999999999998,2.1899980704636182,-30.472155073920483,2.7999999999999998,BYPASS,YIELD,RUNNING
1714,34.280000000000001,1,-1.6602904730904766,-31.343825803774997,2.7999999999999998,2.1899980704636182,-30.472155073920483,2.7999999999999998,BYPASS,YIELD,RUNNING
1714,34.280000000000001,1,-1.6602904730904766,-31.343825803774997,2.7999999999999998,2.1899980704636182,-30.472155073920483,2.7999999999999998,BYPASS,YIELD,RUNNING
1714,34.280000000000001,1,-1.6602904730904766,-31.343825803774997,2.7999999999999998,2.1899980704636182,-30.472155073920483,2.7999999999999998,BYPASS,YIELD,RUNNING
1714,34.280000000000001,1,-1.6602904730904766,-31.343825803774997,2.7999999999999998,2.1899980704636182,-30.472155073920483,2.7999999999999998,BYPASS,YIELD,RUNNING
1714,34.280000000000001,1,-1.6602904730904766,-31.343825803774997,2.7999999999999998,2.1899980704636182,-30.472155073920483,2.7999999999999998,BYPASS,YIELD,RUNNING
1714,34.280000000000001,1,-1.6602904730904766,-31.343825803774997,2.7999999999999998,2.1899980704636182,-30.472155073920483,2.7999999999999998,BYPASS,YIELD,RUNNING
1714,34.280000000000001,1,-1.6602904730904766,-31.343825803774997,2.7999999999999998,2.1899980704636182,-30.472155073920483,2.7999999999999998,BYPASS,YIELD,RUNNING
1714,34.280000000000001,1,-1.6602904730904766,-31.343825803774997,2.7999999999999998,2.1899980704636182,-30.472155073920483,2.7999999999999998,BYPASS,YIELD,RUNNING
1714,34.280000000000001,1,-1.6602904730904766,-31.343825803774997,2.7999999999999998,2.1899980704636182,-30.472155073920483,2.7999999999999998,BYPASS,YIELD,RUNNING
1714,34.280000000000001,1,-1.6602904730904766,-31.343825803774997,2.7999999999999998,2.1899980704636182,-30.472155073920483,2.7999999999999998,BYPASS,YIELD,RUNNING
1714,34.280000000000001,1,-1.6602904730904766,-31.343825803774997,2.7999999999999998,2.1899980704636182,-30.472155073920483,2.7999999999999998,BYPASS,YIELD,RUNNING
1714,34.280000000000001,1,-1.6602904730904766,-31.343825803774997,2.7999999999999998,2.1899980704636182,-30.472155073920483,2.7999999999999998,BYPASS,YIELD,RUNNING
1714,34.280000000000001,1,-1.6602904730904766,-31.343825803774997,2.7999999999999998,2.1899980704636182,-30.472155073920483,2.7999999999999998,BYPASS,YIELD,RUNNING
1714,34.280000000000001,1,-1.6602904730904766,-31.343825803774997,2.7999999999999998,2.1899980704636182,-30.472155073920483,2.7999999999999998,BYPASS,YIELD,RUNNING
1714,34.280000000000001,1,-1.6602904730904766,-31.343825803774997,2.7999999999999998,2.1899980704636182,-30.472155073920483,2.7999999999999998,BYPASS,YIELD,RUNNING
1714,34.280000000000001,1,-1.6602904730904766,-31.343825803774997,2.7999999999999998,2.1899980704636182,-30.472155073920483,2.7999999999999998,BYPASS,YIELD,RUNNING
1714,34.280000000000001,1,-1.6602904730904766,-31.343825803774997,2.7999999999999998,2.1899980704636182,-30.472155073920483,2.7999999999999998,BYPASS,YIELD,RUNNING
1714,34.280000000000001,1,-1.6602904730904766,-31.343825803774997,2.7999999999999998,2.1899980704636182,-30.472155073920483,2.7999999999999998,BYPASS,YIELD,RUNNING
1714,34.280000000000001,1,-1.6602904730904766,-31.343825803774997,2.7999999999999998,2.1899980704636182,-30.472155073920483,2.7999999999999998,BYPASS,YIELD,RUNNING
1714,34.280000000000001,1,-1.6602904730904766,-31.343825803774997,2.7999999999999998,2.1899980704636182,-30.472155073920483,2.7999999999999998,BYPASS,YIELD,RUNNING
1714,34.280000000000001,1,-1.6602904730904766,-31.343825803774997,2.7999999999999998,2.1899980704636182,-30.472155073920483,2.7999999999999998,BYPASS,YIELD,RUNNING
1714,34.280000000000001,1,-1.6602904730904766,-31.343825803774997,2.7999999999999998,2.1899980704636182,-30.472155073920483,2.7999999999999998,BYPASS,YIELD,RUNNING
1714,34.280000000000001,1,-1.6602904730904766,-31.343825803774997,2.7999999999999998,2.1899980704636182,-30.472155073920483,2.7999999999999998,BYPASS,YIELD,RUNNING
1714,34.280000000000001,1,-1.6602904730904766,-31.343825803774997,2.7999999999999998,2.1899980704636182,-30.472155073920483,2.7999999999999998,BYPASS,YIELD,RUNNING
1714,34.280000000000001,1,-1.6602904730904766,-31.343825803774997,2.7999999999999998,2.1899980704636182,-30.472155073920483,2.7999999999999998,BYPASS,YIELD,RUNNING
1714,34.280000000000001,1,-1.6602904730904766,-31.343825803774997,2.7999999999999998,2.1899980704636182,-30.472155073920483,2.7999999999999998,BYPASS,YIELD,RUNNING
1714,34.280000000000001,1,-1.6602904730904766,-31.343825803774997,2.7999999999999998,2.1899980704636182,-30.472155073920483,2.7999999999999998,BYPASS,YIELD,RUNNING
1714,34.280000000000001,1,-1.6602904730904766,-31.343825803774997,2.7999999999999998,2.1899980704636182,-30.472155073920483,2.7999999999999998,BYPASS,YIELD,RUNNING
1714,34.280000000000001,1,-1.6602904730904766,-31.343825803774997,2.7999999999999998,2.1899980704636182,-30.472155073920483,2.7999999999999998,BYPASS,YIELD,RUNNING
1714,34.280000000000001,1,-1.6602904730904766,-31.343825803774997,2.7999999999999998,2.1899980704636182,-30.472155073920483,2.7999999999999998,BYPASS,YIELD,RUNNING
1714,34.280000000000001,1,-1.6602904730904766,-31.343825803774997,2.7999999999999998,2.1899980704636182,-30.472155073920483,2.7999999999999998,BYPASS,YIELD,RUNNING
1714,34.280000000000001,1,-1.6602904730904766,-31.343825803774997,2.7999999999999998,2.1899980704636182,-30.472155073920483,2.7999999999999998,BYPASS,YIELD,RUNNING
1714,34.280000000000001,1,-1.6602904730904766,-31.343825803774997,2.7999999999999998,2.1899980704636182,-30.472155073920483,2.7999999999999998,BYPASS,YIELD,RUNNING
1714,34.280000000000001,1,-1.6602904730904766,-31.343825803774997,2.7999999999999998,2.1899980704636182,-30.472155073920483,2.7999999999999998,BYPASS,YIELD,RUNNING
1714,34.280000000000001,1,-1.6602904730904766,-31.343825803774997,2.7999999999999998,2.1899980704636182,-30.472155073920483,2.7999999999999998,BYPASS,YIELD,RUNNING
1714,34.280000000000001,1,-1.6602904730904766,-31.343825803774997,2.7999999999999998,2.1899980704636182,-30.472155073920483,2.7999999999999998,BYPASS,YIELD,RUNNING
1714,34.280000000000001,1,-1.6602904730904766,-31.343825803774997,2.7999999999999998,2.1899980704636182,-30.472155073920483,2.7999999999999998,BYPASS,YIELD,RUNNING
1714,34.280000000000001,1,-1.6602904730904766,-31.343825803774997,2.7999999999999998,2.1899980704636182,-30.472155073920483,2.7999999999999998,BYPASS,YIELD,RUNNING
1714,34.280000000000001,1,-1.6602904730904766,-31.343825803774997,2.7999999999999998,2.1899980704636182,-30.472155073920483,2.7999999999999998,BYPASS,YIELD,RUNNING
1714,34.280000000000001,1,-1.6602904730904766,-31.343825803774997,2.7999999999999998,2.1899980704636182,-30.472155073920483,2.7999999999999998,BYPASS,YIELD,RUNNING
1714,34.280000000000001,1,-1.6602904730904766,-31.343825803774997,2.7999999999999998,2.1899980704636182,-30.472155073920483,2.7999999999999998,BYPASS,YIELD,RUNNING
1714,34.280000000000001,1,-1.6602904730904766,-31.343825803774997,2.7999999999999998,2.1899980704636182,-30.472155073920483,2.7999999999999998,BYPASS,YIELD,RUNNING
1714,34.280000000000001,1,-1.6602904730904766,-31.343825803774997,2.7999999999999998,2.1899980704636182,-30.472155073920483,2.7999999999999998,BYPASS,YIELD,RUNNING
1714,34.280000000000001,1,-1.6602904730904766,-31.343825803774997,2.7999999999999998,2.1899980704636182,-30.472155073920483,2.7999999999999998,BYPASS,YIELD,RUNNING
1714,34.280000000000001,1,-1.6602904730904766,-31.343825803774997,2.7999999999999998,2.1899980704636182,-30.472155073920483,2.7999999999999998,BYPASS,YIELD,RUNNING
1714,34.280000000000001,1,-1.6602904730904766,-31.343825803774997,2.7999999999999998,2.1899980704636182,-30.472155073920483,2.7999999999999998,BYPASS,YIELD,RUNNING
1714,34.280000000000001,1,-1.6602904730904766,-31.343825803774997,2.7999999999999998,2.1899980704636182,-30.472155073920483,2.7999999999999998,BYPASS,YIELD,RUNNING
1714,34.280000000000001,1,-1.6602904730904766,-31.343825803774997,2.7999999999999998,2.1899980704636182,-30.472155073920483,2.7999999999999998,BYPASS,YIELD,RUNNING
1714,34.280000000000001,1,-1.6602904730904766,-31.343825803774997,2.7999999999999998,2.1899980704636182,-30.472155073920483,2.7999999999999998,BYPASS,YIELD,RUNNING
1714,34.280000000000001,1,-1.6602904730904766,-31.343825803774997,2.7999999999999998,2.1899980704636182,-30.472155073920483,2.7999999999999998,BYPASS,YIELD,RUNNING
1714,34.280000000000001,1,-1.6602904730904766,-31.343825803774997,2.7999999999999998,2.1899980704636182,-30.472155073920483,2.7999999999999998,BYPASS,YIELD,RUNNING
1714,34.280000000000001,1,-1.6602904730904766,-31.343825803774997,2.7999999999999998,2.1899980704636182,-30.472155073920483,2.7999999999999998,BYPASS,YIELD,RUNNING
1714,34.280000000000001,1,-1.6602904730904766,-31.343825803774997,2.7999999999999998,2.1899980704636182,-30.472155073920483,2.7999999999999998,BYPASS,YIELD,RUNNING
1714,34.280000000000001,1,-1.6602904730904766,-31.343825803774997,2.7999999999999998,2.1899980704636182,-30.472155073920483,2.7999999999999998,BYPASS,YIELD,RUNNING
1714,34.280000000000001,1,-1.6602904730904766,-31.343825803774997,2.7999999999999998,2.1899980704636182,-30.472155073920483,2.7999999999999998,BYPASS,YIELD,RUNNING
1714,34.280000000000001,1,-1.6602904730904766,-31.343825803774997,2.7999999999999998,2.1899980704636182,-30.472155073920483,2.7999999999999998,BYPASS,YIELD,RUNNING
1714,34.280000000000001,1,-1.6602904730904766,-31.343825803774997,2.7999999999999998,2.1899980704636182,-30.472155073920483,2.7999999999999998,BYPASS,YIELD,RUNNING
1714,34.280000000000001,1,-1.6602904730904766,-31.343825803774997,2.7999999999999998,2.1899980704636182,-30.472155073920483,2.7999999999999998,BYPASS,YIELD,RUNNING
1714,34.280000000000001,1,-1.6602904730904766,-31.343825803774997,2.7999999999999998,2.1899980704636182,-30.472155073920483,2.7999999999999998,BYPASS,YIELD,RUNNING
1714,34.280000000000001,1,-1.6602904730904766,-31.343825803774997,2.7999999999999998,2.1899980704636182,-30.472155073920483,2.7999999999999998,BYPASS,YIELD,RUNNING
1714,34.280000000000001,1,-1.6602904730904766,-31.343825803774997,2.7999999999999998,2.1899980704636182,-30.472155073920483,2.7999999999999998,BYPASS,YIELD,RUNNING
1714,34.280000000000001,1,-1.6602904730904766,-31.343825803774997,2.7999999999999998,2.1899980704636182,-30.472155073920483,2.7999999999999998,BYPASS,YIELD,RUNNING
1714,34.280000000000001,1,-1.6602904730904766,-31.343825803774997,2.7999999999999998,2.1899980704636182,-30.472155073920483,2.7999999999999998,BYPASS,YIELD,RUNNING
1714,34.280000000000001,1,-1.6602904730904766,-31.343825803774997,2.7999999999999998,2.1899980704636182,-30.472155073920483,2.7999999999999998,BYPASS,YIELD,RUNNING
1714,34.280000000000001,1,-1.6602904730904766,-31.343825803774997,2.7999999999999998,2.1899980704636182,-30.472155073920483,2.7999999999999998,BYPASS,YIELD,RUNNING
1714,34.280000000000001,1,-1.6602904730904766,-31.343825803774997,2.7999999999999998,2.1899980704636182,-30.472155073920483,2.7999999999999998,BYPASS,YIELD,RUNNING
1714,34.280000000000001,1,-1.6602904730904766,-31.343825803774997,2.7999999999999998,2.1899980704636182,-30.472155073920483,2.7999999999999998,BYPASS,YIELD,RUNNING
1714,34.280000000000001,1,-1.6602904730904766,-31.343825803774997,2.7999999999999998,2.1899980704636182,-30.472155073920483,2.7999999999999998,BYPASS,YIELD,RUNNING
1714,34.280000000000001,1,-1.6602904730904766,-31.343825803774997,2.7999999999999998,2.1899980704636182,-30.472155073920483,2.7999999999999998,BYPASS,YIELD,RUNNING
1714,34.280000000000001,1,-1.6602904730904766,-31.343825803774997,2.7999999999999998,2.1899980704636182,-30.472155073920483,2.7999999999999998,BYPASS,YIELD,RUNNING
1714,34.280000000000001,1,-1.6602904730904766,-31.343825803774997,2.7999999999999998,2.1899980704636182,-30.472155073920483,2.7999999999999998,BYPASS,YIELD,RUNNING
1714,34.280000000000001,1,-1.6602904730904766,-31.343825803774997,2.7999999999999998,2.1899980704636182,-30.472155073920483,2.7999999999999998,BYPASS,YIELD,RUNNING
1714,34.280000000000001,1,-1.6602904730904766,-31.343825803774997,2.7999999999999998,2.1899980704636182,-30.472155073920483,2.7999999999999998,BYPASS,YIELD,RUNNING
1714,34.280000000000001,1,-1.6602904730904766,-31.343825803774997,2.7999999999999998,2.1899980704636182,-30.472155073920483,2.7999999999999998,BYPASS,YIELD,RUNNING
1714,34.280000000000001,1,-1.6602904730904766,-31.343825803774997,2.7999999999999998,2.1899980704636182,-30.472155073920483,2.7999999999999998,BYPASS,YIELD,RUNNING
1714,34.280000000000001,1,-1.6602904730904766,-31.343825803774997,2.7999999999999998,2.1899980704636182,-30.472155073920483,2.7999999999999998,BYPASS,YIELD,RUNNING
1714,34.280000000000001,1,-1.6602904730904766,-31.343825803774997,2.7999999999999998,2.1899980704636182,-30.472155073920483,2.7999999999999998,BYPASS,YIELD,RUNNING
1714,34.280000000000001,1,-1.6602904730904766,-31.343825803774997,2.7999999999999998,2.1899980704636182,-30.472155073920483,2.7999999999999998,BYPASS,YIELD,RUNNING
1714,34.280000000000001,1,-1.6602904730904766,-31.343825803774997,2.7999999999999998,2.1899980704636182,-30.472155073920483,2.7999999999999998,BYPASS,YIELD,RUNNING
1714,34.280000000000001,1,-1.6602904730904766,-31.343825803774997,2.7999999999999998,2.1899980704636182,-30.472155073920483,2.7999999999999998,BYPASS,YIELD,RUNNING
1714,34.280000000000001,1,-1.6602904730904766,-31.343825803774997,2.7999999999999998,2.1899980704636182,-30.472155073920483,2.7999999999999998,BYPASS,YIELD,RUNNING
1714,34.280000000000001,1,-1.6602904730904766,-31.343825803774997,2.7999999999999998,2.1899980704636182,-30.472155073920483,2.7999999999999998,BYPASS,YIELD,RUNNING
1714,34.280000000000001,1,-1.6602904730904766,-31.343825803774997,2.7999999999999998,2.1899980704636182,-30.472155073920483,2.7999999999999998,BYPASS,YIELD,RUNNING
1714,34.280000000000001,1,-1.6602904730904766,-31.343825803774997,2.7999999999999998,2.1899980704636182,-30.472155073920483,2.7999999999999998,BYPASS,YIELD,RUNNING
1714,34.280000000000001,1,-1.6602904730904766,-31.343825803774997,2.7999999999999998,2.1899980704636182,-30.472155073920483,2.7999999999999998,BYPASS,YIELD,RUNNING
1714,34.280000000000001,1,-1.6602904730904766,-31.343825803774997,2.7999999999999998,2.1899980704636182,-30.472155073920483,2.7999999999999998,BYPASS,YIELD,RUNNING
1714,34.280000000000001,1,-1.6602904730904766,-31.343825803774997,2.7999999999999998,2.1899980704636182,-30.472155073920483,2.7999999999999998,BYPASS,YIELD,RUNNING
1714,34.280000000000001,1,-1.6602904730904766,-31.343825803774997,2.7999999999999998,2.1899980704636182,-30.472155073920483,2.7999999999999998,BYPASS,YIELD,RUNNING
1714,34.280000000000001,1,-1.6602904730904766,-31.343825803774997,2.7999999999999998,2.1899980704636182,-30.472155073920483,2.7999999999999998,BYPASS,YIELD,RUNNING
1714,34.280000000000001,1,-1.6602904730904766,-31.343825803774997,2.7999999999999998,2.1899980704636182,-30.472155073920483,2.7999999999999998,BYPASS,YIELD,RUNNING
1714,34.280000000000001,1,-1.6602904730904766,-31.343825803774997,2.7999999999999998,2.1899980704636182,-30.472155073920483,2.7999999999999998,BYPASS,YIELD,RUNNING
1714,34.280000000000001,1,-1.6602904730904766,-31.343825803774997,2.7999999999999998,2.1899980704636182,-30.472155073920483,2.7999999999999998,BYPASS,YIELD,RUNNING
1714,34.280000000000001,1,-1.6602904730904766,-31.343825803774997,2.7999999999999998,2.1899980704636182,-30.472155073920483,2.7999999999999998,BYPASS,YIELD,RUNNING
1714,34.280000000000001,1,-1.6602904730904766,-31.343825803774997,2.7999999999999998,2.1899980704636182,-30.472155073920483,2.7999999999999998,BYPASS,YIELD,RUNNING
1714,34.280000000000001,1,-1.6602904730904766,-31.343825803774997,2.7999999999999998,2.1899980704636182,-30.472155073920483,2.7999999999999998,BYPASS,YIELD,RUNNING
1714,34.280000000000001,1,-1.6602904730904766,-31.343825803774997,2.7999999999999998,2.1899980704636182,-30.472155073920483,2.7999999999999998,BYPASS,YIELD,RUNNING
1714,34.280000000000001,1,-1.6602904730904766,-31.343825803774997,2.7999999999999998,2.1899980704636182,-30.472155073920483,2.7999999999999998,BYPASS,YIELD,RUNNING
1714,34.280000000000001,1,-1.6602904730904766,-31.343825803774997,2.7999999999999998,2.1899980704636182,-30.472155073920483,2.7999999999999998,BYPASS,YIELD,RUNNING
1714,34.280000000000001,1,-1.6602904730904766,-31.343825803774997,2.7999999999999998,2.1899980704636182,-30.472155073920483,2.7999999999999998,BYPASS,YIELD,RUNNING
1714,34.280000000000001,1,-1.6602904730904766,-31.343825803774997,2.7999999999999998,2.1899980704636182,-30.472155073920483,2.7999999999999998,BYPASS,YIELD,RUNNING
1714,34.280000000000001,1,-1.6602904730904766,-31.343825803774997,2.7999999999999998,2.1899980704636182,-30.472155073920483,2.7999999999999998,BYPASS,YIELD,RUNNING
1714,34.280000000000001,1,-1.6602904730904766,-31.343825803774997,2.7999999999999998,2.1899980704636182,-30.472155073920483,2.7999999999999998,BYPASS,YIELD,RUNNING
1714,34.280000000000001,1,-1.6602904730904766,-31.343825803774997,2.7999999999999998,2.1899980704636182,-30.472155073920483,2.7999999999999998,BYPASS,YIELD,RUNNING
1714,34.280000000000001,1,-1.6602904730904766,-31.343825803774997,2.7999999999999998,2.1899980704636182,-30.472155073920483,2.7999999999999998,BYPASS,YIELD,RUNNING
1714,34.280000000000001,1,-1.6602904730904766,-31.343825803774997,2.7999999999999998,2.1899980704636182,-30.472155073920483,2.7999999999999998,BYPASS,YIELD,RUNNING
1714,34.280000000000001,1,-1.6602904730904766,-31.343825803774997,2.7999999999999998,2.1899980704636182,-30.472155073920483,2.7999999999999998,BYPASS,YIELD,RUNNING
1714,34.280000000000001,1,-1.6602904730904766,-31.343825803774997,2.7999999999999998,2.1899980704636182,-30.472155073920483,2.7999999999999998,BYPASS,YIELD,RUNNING
1714,34.280000000000001,1,-1.6602904730904766,-31.343825803774997,2.7999999999999998,2.1899980704636182,-30.472155073920483,2.7999999999999998,BYPASS,YIELD,RUNNING
1714,34.280000000000001,1,-1.6602904730904766,-31.343825803774997,2.7999999999999998,2.1899980704636182,-30.472155073920483,2.7999999999999998,BYPASS,YIELD,RUNNING
1714,34.280000000000001,1,-1.6602904730904766,-31.343825803774997,2.7999999999999998,2.1899980704636182,-30.472155073920483,2.7999999999999998,BYPASS,YIELD,RUNNING
1714,34.280000000000001,1,-1.6602904730904766,-31.343825803774997,2.7999999999999998,2.1899980704636182,-30.472155073920483,2.7999999999999998,BYPASS,YIELD,RUNNING
1714,34.280000000000001,1,-1.6602904730904766,-31.343825803774997,2.7999999999999998,2.1899980704636182,-30.472155073920483,2.7999999999999998,BYPASS,YIELD,RUNNING
1714,34.280000000000001,1,-1.6602904730904766,-31.343825803774997,2.7999999999999998,2.1899980704636182,-30.472155073920483,2.7999999999999998,BYPASS,YIELD,RUNNING
1714,34.280000000000001,1,-1.6602904730904766,-31.343825803774997,2.7999999999999998,2.1899980704636182,-30.472155073920483,2.7999999999999998,BYPASS,YIELD,RUNNING
1714,34.280000000000001,1,-1.6602904730904766,-31.343825803774997,2.7999999999999998,2.1899980704636182,-30.472155073920483,2.7999999999999998,BYPASS,YIELD,RUNNING
1714,34.280000000000001,1,-1.6602904730904766,-31.343825803774997,2.7999999999999998,2.1899980704636182,-30.472155073920483,2.7999999999999998,BYPASS,YIELD,RUNNING
1714,34.280000000000001,1,-1.6602904730904766,-31.343825803774997,2.7999999999999998,2.1899980704636182,-30.472155073920483,2.7999999999999998,BYPASS,YIELD,RUNNING
1714,34.280000000000001,1,-1.6602904730904766,-31.343825803774997,2.7999999999999998,2.1899980704636182,-30.472155073920483,2.7999999999999998,BYPASS,YIELD,RUNNING
1714,34.280000000000001,1,-1.6602904730904766,-31.343825803774997,2.7999999999999998,2.1899980704636182,-30.472155073920483,2.7999999999999998,BYPASS,YIELD,RUNNING
1714,34.280000000000001,1,-1.6602904730904766,-31.343825803774997,2.7999999999999998,2.1899980704636182,-30.472155073920483,2.7999999999999998,BYPASS,YIELD,RUNNING
1714,34.280000000000001,1,-1.6602904730904766,-31.343825803774997,2.7999999999999998,2.1899980704636182,-30.472155073920483,2.7999999999999998,BYPASS,YIELD,RUNNING
1714,34.280000000000001,1,-1.6602904730904766,-31.343825803774997,2.7999999999999998,2.1899980704636182,-30.472155073920483,2.7999999999999998,BYPASS,YIELD,RUNNING
1714,34.280000000000001,1,-1.6602904730904766,-31.343825803774997,2.7999999999999998,2.1899980704636182,-30.472155073920483,2.7999999999999998,BYPASS,YIELD,RUNNING
1714,34.280000000000001,1,-1.6602904730904766,-31.343825803774997,2.7999999999999998,2.1899980704636182,-30.472155073920483,2.7999999999999998,BYPASS,YIELD,RUNNING
1714,34.280000000000001,1,-1.6602904730904766,-31.343825803774997,2.7999999999999998,2.1899980704636182,-30.472155073920483,2.7999999999999998,BYPASS,YIELD,RUNNING
1714,34.280000000000001,1,-1.6602904730904766,-31.343825803774997,2.7999999999999998,2.1899980704636182,-30.472155073920483,2.7999999999999998,BYPASS,YIELD,RUNNING
1714,34.280000000000001,1,-1.6602904730904766,-31.343825803774997,2.7999999999999998,2.1899980704636182,-30.472155073920483,2.7999999999999998,BYPASS,YIELD,RUNNING
1714,34.280000000000001,1,-1.6602904730904766,-31.343825803774997,2.7999999999999998,2.1899980704636182,-30.472155073920483,2.7999999999999998,BYPASS,YIELD,RUNNING
1714,34.280000000000001,1,-1.6602904730904766,-31.343825803774997,2.7999999999999998,2.1899980704636182,-30.472155073920483,2.7999999999999998,BYPASS,YIELD,RUNNING
1714,34.280000000000001,1,-1.6602904730904766,-31.343825803774997,2.7999999999999998,2.1899980704636182,-30.472155073920483,2.7999999999999998,BYPASS,YIELD,RUNNING
1714,34.280000000000001,1,-1.6602904730904766,-31.343825803774997,2.7999999999999998,2.1899980704636182,-30.472155073920483,2.7999999999999998,BYPASS,YIELD,RUNNING
1714,34.280000000000001,1,-1.6602904730904766,-31.343825803774997,2.7999999999999998,2.1899980704636182,-30.472155073920483,2.7999999999999998,BYPASS,YIELD,RUNNING
1714,34.280000000000001,1,-1.6602904730904766,-31.343825803774997,2.7999999999999998,2.1899980704636182,-30.472155073920483,2.7999999999999998,BYPASS,YIELD,RUNNING
1714,34.280000000000001,1,-1.6602904730904766,-31.343825803774997,2.7999999999999998,2.1899980704636182,-30.472155073920483,2.7999999999999998,BYPASS,YIELD,RUNNING
1714,34.280000000000001,1,-1.6602904730904766,-31.343825803774997,2.7999999999999998,2.1899980704636182,-30.472155073920483,2.7999999999999998,BYPASS,YIELD,RUNNING
1714,34.280000000000001,1,-1.6602904730904766,-31.343825803774997,2.7999999999999998,2.1899980704636182,-30.472155073920483,2.7999999999999998,BYPASS,YIELD,RUNNING
1714,34.280000000000001,1,-1.6602904730904766,-31.343825803774997,2.7999999999999998,2.1899980704636182,-30.472155073920483,2.7999999999999998,BYPASS,YIELD,RUNNING
1714,34.280000000000001,1,-1.6602904730904766,-31.343825803774997,2.7999999999999998,2.1899980704636182,-30.472155073920483,2.7999999999999998,BYPASS,YIELD,RUNNING
1714,34.280000000000001,1,-1.6602904730904766,-31.343825803774997,2.7999999999999998,2.1899980704636182,-30.472155073920483,2.7999999999999998,BYPASS,YIELD,RUNNING
1714,34.280000000000001,1,-1.6602904730904766,-31.343825803774997,2.7999999999999998,2.1899980704636182,-30.472155073920483,2.7999999999999998,BYPASS,YIELD,RUNNING
1714,34.280000000000001,1,-1.6602904730904766,-31.343825803774997,2.7999999999999998,2.1899980704636182,-30.472155073920483,2.7999999999999998,BYPASS,YIELD,RUNNING
1714,34.280000000000001,1,-1.6602904730904766,-31.343825803774997,2.7999999999999998,2.1899980704636182,-30.472155073920483,2.7999999999999998,BYPASS,YIELD,RUNNING
1714,34.280000000000001,1,-1.6602904730904766,-31.343825803774997,2.7999999999999998,2.1899980704636182,-30.472155073920483,2.7999999999999998,BYPASS,YIELD,RUNNING
1714,34.280000000000001,1,-1.6602904730904766,-31.343825803774997,2.7999999999999998,2.1899980704636182,-30.472155073920483,2.7999999999999998,BYPASS,YIELD,RUNNING
1714,34.280000000000001,1,-1.6602904730904766,-31.343825803774997,2.7999999999999998,2.1899980704636182,-30.472155073920483,2.7999999999999998,BYPASS,YIELD,RUNNING
1714,34.280000000000001,1,-1.6602904730904766,-31.343825803774997,2.7999999999999998,2.1899980704636182,-30.472155073920483,2.7999999999999998,BYPASS,YIELD,RUNNING
1714,34.280000000000001,1,-1.6602904730904766,-31.343825803774997,2.7999999999999998,2.1899980704636182,-30.472155073920483,2.7999999999999998,BYPASS,YIELD,RUNNING
1714,34.280000000000001,1,-1.6602904730904766,-31.343825803774997,2.7999999999999998,2.1899980704636182,-30.472155073920483,2.7999999999999998,BYPASS,YIELD,RUNNING
1714,34.280000000000001,1,-1.6602904730904766,-31.343825803774997,2.7999999999999998,2.1899980704636182,-30.472155073920483,2.7999999999999998,BYPASS,YIELD,RUNNING
1714,34.280000000000001,1,-1.6602904730904766,-31.343825803774997,2.7999999999999998,2.1899980704636182,-30.472155073920483,2.7999999999999998,BYPASS,YIELD,RUNNING
1714,34.280000000000001,1,-1.6602904730904766,-31.343825803774997,2.7999999999999998,2.1899980704636182,-30.472155073920483,2.7999999999999998,BYPASS,YIELD,RUNNING
1714,34.280000000000001,1,-1.6602904730904766,-31.343825803774997,2.7999999999999998,2.1899980704636182,-30.472155073920483,2.7999999999999998,BYPASS,YIELD,RUNNING
1714,34.280000000000001,1,-1.6602904730904766,-31.343825803774997,2.7999999999999998,2.1899980704636182,-30.472155073920483,2.7999999999999998,BYPASS,YIELD,RUNNING
1714,34.280000000000001,1,-1.6602904730904766,-31.343825803774997,2.7999999999999998,2.1899980704636182,-30.472155073920483,2.7999999999999998,BYPASS,YIELD,RUNNING
1714,34.280000000000001,1,-1.6602904730904766,-31.343825803774997,2.7999999999999998,2.1899980704636182,-30.472155073920483,2.7999999999999998,BYPASS,YIELD,RUNNING
1714,34.280000000000001,1,-1.6602904730904766,-31.343825803774997,2.7999999999999998,2.1899980704636182,-30.472155073920483,2.7999999999999998,BYPASS,YIELD,RUNNING
1714,34.280000000000001,1,-1.6602904730904766,-31.343825803774997,2.7999999999999998,2.1899980704636182,-30.472155073920483,2.7999999999999998,BYPASS,YIELD,RUNNING
1714,34.280000000000001,1,-1.6602904730904766,-31.343825803774997,2.7999999999999998,2.1899980704636182,-30.472155073920483,2.7999999999999998,BYPASS,YIELD,RUNNING
1714,34.280000000000001,1,-1.6602904730904766,-31.343825803774997,2.7999999999999998,2.1899980704636182,-30.472155073920483,2.7999999999999998,BYPASS,YIELD,RUNNING
1714,34.280000000000001,1,-1.6602904730904766,-31.343825803774997,2.7999999999999998,2.1899980704636182,-30.472155073920483,2.7999999999999998,BYPASS,YIELD,RUNNING
1714,34.280000000000001,1,-1.6602904730904766,-31.343825803774997,2.7999999999999998,2.1899980704636182,-30.472155073920483,2.7999999999999998,BYPASS,YIELD,RUNNING
1714,34.280000000000001,1,-1.6602904730904766,-31.343825803774997,2.7999999999999998,2.1899980704636182,-30.472155073920483,2.7999999999999998,BYPASS,YIELD,RUNNING
1714,34.280000000000001,1,-1.6602904730904766,-31.343825803774997,2.7999999999999998,2.1899980704636182,-30.472155073920483,2.7999999999999998,BYPASS,YIELD,RUNNING
1714,34.280000000000001,1,-1.6602904730904766,-31.343825803774997,2.7999999999999998,2.1899980704636182,-30.472155073920483,2.7999999999999998,BYPASS,YIELD,RUNNING
1714,34.280000000000001,1,-1.6602904730904766,-31.343825803774997,2.7999999999999998,2.1899980704636182,-30.472155073920483,2.7999999999999998,BYPASS,YIELD,RUNNING
1714,34.280000000000001,1,-1.6602904730904766,-31.343825803774997,2.7999999999999998,2.1899980704636182,-30.472155073920483,2.7999999999999998,BYPASS,YIELD,RUNNING
1714,34.280000000000001,1,-1.6602904730904766,-31.343825803774997,2.7999999999999998,2.1899980704636182,-30.472155073920483,2.7999999999999998,BYPASS,YIELD,RUNNING
1714,34.280000000000001,1,-1.6602904730904766,-31.343825803774997,2.7999999999999998,2.1899980704636182,-30.472155073920483,2.7999999999999998,BYPASS,YIELD,RUNNING
1714,34.280000000000001,1,-1.6602904730904766,-31.343825803774997,2.7999999999999998,2.1899980704636182,-30.472155073920483,2.7999999999999998,BYPASS,YIELD,RUNNING
1714,34.280000000000001,1,-1.6602904730904766,-31.343825803774997,2.7999999999999998,2.1899980704636182,-30.472155073920483,2.7999999999999998,BYPASS,YIELD,RUNNING
1714,34.280000000000001,1,-1.6602904730904766,-31.343825803774997,2.7999999999999998,2.1899980704636182,-30.472155073920483,2.7999999999999998,BYPASS,YIELD,RUNNING
1714,34.280000000000001,1,-1.6602904730904766,-31.343825803774997,2.7999999999999998,2.1899980704636182,-30.472155073920483,2.7999999999999998,BYPASS,YIELD,RUNNING
1714,34.280000000000001,1,-1.6602904730904766,-31.343825803774997,2.7999999999999998,2.1899980704636182,-30.472155073920483,2.7999999999999998,BYPASS,YIELD,RUNNING
1714,34.280000000000001,1,-1.6602904730904766,-31.343825803774997,2.7999999999999998,2.1899980704636182,-30.472155073920483,2.7999999999999998,BYPASS,YIELD,RUNNING
1714,34.280000000000001,1,-1.6602904730904766,-31.343825803774997,2.7999999999999998,2.1899980704636182,-30.472155073920483,2.7999999999999998,BYPASS,YIELD,RUNNING
1714,34.280000000000001,1,-1.6602904730904766,-31.343825803774997,2.7999999999999998,2.1899980704636182,-30.472155073920483,2.7999999999999998,BYPASS,YIELD,RUNNING
1714,34.280000000000001,1,-1.6602904730904766,-31.343825803774997,2.7999999999999998,2.1899980704636182,-30.472155073920483,2.7999999999999998,BYPASS,YIELD,RUNNING
1714,34.280000000000001,1,-1.6602904730904766,-31.343825803774997,2.7999999999999998,2.1899980704636182,-30.472155073920483,2.7999999999999998,BYPASS,YIELD,RUNNING
1714,34.280000000000001,1,-1.6602904730904766,-31.343825803774997,2.7999999999999998,2.1899980704636182,-30.472155073920483,2.7999999999999998,BYPASS,YIELD,RUNNING
1714,34.280000000000001,1,-1.6602904730904766,-31.343825803774997,2.7999999999999998,2.1899980704636182,-30.472155073920483,2.7999999999999998,BYPASS,YIELD,RUNNING
1714,34.280000000000001,1,-1.6602904730904766,-31.343825803774997,2.7999999999999998,2.1899980704636182,-30.472155073920483,2.7999999999999998,BYPASS,YIELD,RUNNING
1714,34.280000000000001,1,-1.6602904730904766,-31.343825803774997,2.7999999999999998,2.1899980704636182,-30.472155073920483,2.7999999999999998,BYPASS,YIELD,RUNNING
1714,34.280000000000001,1,-1.6602904730904766,-31.343825803774997,2.7999999999999998,2.1899980704636182,-30.472155073920483,2.7999999999999998,BYPASS,YIELD,RUNNING
1714,34.280000000000001,1,-1.6602904730904766,-31.343825803774997,2.7999999999999998,2.1899980704636182,-30.472155073920483,2.7999999999999998,BYPASS,YIELD,RUNNING
1714,34.280000000000001,1,-1.6602904730904766,-31.343825803774997,2.7999999999999998,2.1899980704636182,-30.472155073920483,2.7999999999999998,BYPASS,YIELD,RUNNING
1714,34.280000000000001,1,-1.6602904730904766,-31.343825803774997,2.7999999999999998,2.1899980704636182,-30.472155073920483,2.7999999999999998,BYPASS,YIELD,RUNNING
1714,34.280000000000001,1,-1.6602904730904766,-31.343825803774997,2.7999999999999998,2.1899980704636182,-30.472155073920483,2.7999999999999998,BYPASS,YIELD,RUNNING
1714,34.280000000000001,1,-1.6602904730904766,-31.343825803774997,2.7999999999999998,2.1899980704636182,-30.472155073920483,2.7999999999999998,BYPASS,YIELD,RUNNING
1714,34.280000000000001,1,-1.6602904730904766,-31.343825803774997,2.7999999999999998,2.1899980704636182,-30.472155073920483,2.7999999999999998,BYPASS,YIELD,RUNNING
1714,34.280000000000001,1,-1.6602904730904766,-31.343825803774997,2.7999999999999998,2.1899980704636182,-30.472155073920483,2.7999999999999998,BYPASS,YIELD,RUNNING
1714,34.280000000000001,1,-1.6602904730904766,-31.343825803774997,2.7999999999999998,2.1899980704636182,-30.472155073920483,2.7999999999999998,BYPASS,YIELD,RUNNING
1714,34.280000000000001,1,-1.6602904730904766,-31.343825803774997,2.7999999999999998,2.1899980704636182,-30.472155073920483,2.7999999999999998,BYPASS,YIELD,RUNNING
1714,34.280000000000001,1,-1.6602904730904766,-31.343825803774997,2.7999999999999998,2.1899980704636182,-30.472155073920483,2.7999999999999998,BYPASS,YIELD,RUNNING
1714,34.280000000000001,1,-1.6602904730904766,-31.343825803774997,2.7999999999999998,2.1899980704636182,-30.472155073920483,2.7999999999999998,BYPASS,YIELD,RUNNING
1714,34.280000000000001,1,-1.6602904730904766,-31.343825803774997,2.7999999999999998,2.1899980704636182,-30.472155073920483,2.7999999999999998,BYPASS,YIELD,RUNNING
1714,34.280000000000001,1,-1.6602904730904766,-31.343825803774997,2.7999999999999998,2.1899980704636182,-30.472155073920483,2.7999999999999998,BYPASS,YIELD,RUNNING
1714,34.280000000000001,1,-1.6602904730904766,-31.343825803774997,2.7999999999999998,2.1899980704636182,-30.472155073920483,2.7999999999999998,BYPASS,YIELD,RUNNING
1714,34.280000000000001,1,-1.6602904730904766,-31.343825803774997,2.7999999999999998,2.1899980704636182,-30.472155073920483,2.7999999999999998,BYPASS,YIELD,RUNNING
1714,34.280000000000001,1,-1.6602904730904766,-31.343825803774997,2.7999999999999998,2.1899980704636182,-30.472155073920483,2.7999999999999998,BYPASS,YIELD,RUNNING
1714,34.280000000000001,1,-1.6602904730904766,-31.343825803774997,2.7999999999999998,2.1899980704636182,-30.472155073920483,2.7999999999999998,BYPASS,YIELD,RUNNING
1714,34.280000000000001,1,-1.6602904730904766,-31.343825803774997,2.7999999999999998,2.1899980704636182,-30.472155073920483,2.7999999999999998,BYPASS,YIELD,RUNNING
1714,34.280000000000001,1,-1.6602904730904766,-31.343825803774997,2.7999999999999998,2.1899980704636182,-30.472155073920483,2.7999999999999998,BYPASS,YIELD,RUNNING
1714,34.280000000000001,1,-1.6602904730904766,-31.343825803774997,2.7999999999999998,2.1899980704636182,-30.472155073920483,2.7999999999999998,BYPASS,YIELD,RUNNING
1714,34.280000000000001,1,-1.6602904730904766,-31.343825803774997,2.7999999999999998,2.1899980704636182,-30.472155073920483,2.7999999999999998,BYPASS,YIELD,RUNNING
1714,34.280000000000001,1,-1.6602904730904766,-31.343825803774997,2.7999999999999998,2.1899980704636182,-30.472155073920483,2.7999999999999998,BYPASS,YIELD,RUNNING
1714,34.280000000000001,1,-1.6602904730904766,-31.343825803774997,2.7999999999999998,2.1899980704636182,-30.472155073920483,2.7999999999999998,BYPASS,YIELD,RUNNING
1714,34.280000000000001,1,-1.6602904730904766,-31.343825803774997,2.7999999999999998,2.1899980704636182,-30.472155073920483,2.7999999999999998,BYPASS,YIELD,RUNNING
1714,34.280000000000001,1,-1.6602904730904766,-31.343825803774997,2.7999999999999998,2.1899980704636182,-30.472155073920483,2.7999999999999998,BYPASS,YIELD,RUNNING
1714,34.280000000000001,1,-1.6602904730904766,-31.343825803774997,2.7999999999999998,2.1899980704636182,-30.472155073920483,2.7999999999999998,BYPASS,YIELD,RUNNING
1714,34.280000000000001,1,-1.6602904730904766,-31.343825803774997,2.7999999999999998,2.1899980704636182,-30.472155073920483,2.7999999999999998,BYPASS,YIELD,RUNNING
1714,34.280000000000001,1,-1.6602904730904766,-31.343825803774997,2.7999999999999998,2.1899980704636182,-30.472155073920483,2.7999999999999998,BYPASS,YIELD,RUNNING
1714,34.280000000000001,1,-1.6602904730904766,-31.343825803774997,2.7999999999999998,2.1899980704636182,-30.472155073920483,2.7999999999999998,BYPASS,YIELD,RUNNING
1714,34.280000000000001,1,-1.6602904730904766,-31.343825803774997,2.7999999999999998,2.1899980704636182,-30.472155073920483,2.7999999999999998,BYPASS,YIELD,RUNNING
1714,34.280000000000001,1,-1.6602904730904766,-31.343825803774997,2.7999999999999998,2.1899980704636182,-30.472155073920483,2.7999999999999998,BYPASS,YIELD,RUNNING
1714,34.280000000000001,1,-1.6602904730904766,-31.343825803774997,2.7999999999999998,2.1899980704636182,-30.472155073920483,2.7999999999999998,BYPASS,YIELD,RUNNING
1714,34.280000000000001,1,-1.6602904730904766,-31.343825803774997,2.7999999999999998,2.1899980704636182,-30.472155073920483,2.7999999999999998,BYPASS,YIELD,RUNNING
1714,34.280000000000001,1,-1.6602904730904766,-31.343825803774997,2.7999999999999998,2.1899980704636182,-30.472155073920483,2.7999999999999998,BYPASS,YIELD,RUNNING
1714,34.280000000000001,1,-1.6602904730904766,-31.343825803774997,2.7999999999999998,2.1899980704636182,-30.472155073920483,2.7999999999999998,BYPASS,YIELD,RUNNING
1714,34.280000000000001,1,-1.6602904730904766,-31.343825803774997,2.7999999999999998,2.1899980704636182,-30.472155073920483,2.7999999999999998,BYPASS,YIELD,RUNNING
1714,34.280000000000001,1,-1.6602904730904766,-31.343825803774997,2.7999999999999998,2.1899980704636182,-30.472155073920483,2.7999999999999998,BYPASS,YIELD,RUNNING
1714,34.280000000000001,1,-1.6602904730904766,-31.343825803774997,2.7999999999999998,2.1899980704636182,-30.472155073920483,2.7999999999999998,BYPASS,YIELD,RUNNING
1714,34.280000000000001,1,-1.6602904730904766,-31.343825803774997,2.7999999999999998,2.1899980704636182,-30.472155073920483,2.7999999999999998,BYPASS,YIELD,RUNNING
1714,34.280000000000001,1,-1.6602904730904766,-31.343825803774997,2.7999999999999998,2.1899980704636182,-30.472155073920483,2.7999999999999998,BYPASS,YIELD,RUNNING
1714,34.280000000000001,1,-1.6602904730904766,-31.343825803774997,2.7999999999999998,2.1899980704636182,-30.472155073920483,2.7999999999999998,BYPASS,YIELD,RUNNING
1714,34.280000000000001,1,-1.6602904730904766,-31.343825803774997,2.7999999999999998,2.1899980704636182,-30.472155073920483,2.7999999999999998,BYPASS,YIELD,RUNNING
1714,34.280000000000001,1,-1.6602904730904766,-31.343825803774997,2.7999999999999998,2.1899980704636182,-30.472155073920483,2.7999999999999998,BYPASS,YIELD,RUNNING
1714,34.280000000000001,1,-1.6602904730904766,-31.343825803774997,2.7999999999999998,2.1899980704636182,-30.472155073920483,2.7999999999999998,BYPASS,YIELD,RUNNING
1714,34.280000000000001,1,-1.6602904730904766,-31.343825803774997,2.7999999999999998,2.1899980704636182,-30.472155073920483,2.7999999999999998,BYPASS,YIELD,RUNNING
1714,34.280000000000001,1,-1.6602904730904766,-31.343825803774997,2.7999999999999998,2.1899980704636182,-30.472155073920483,2.7999999999999998,BYPASS,YIELD,RUNNING
1714,34.280000000000001,1,-1.6602904730904766,-31.343825803774997,2.7999999999999998,2.1899980704636182,-30.472155073920483,2.7999999999999998,BYPASS,YIELD,RUNNING
1714,34.280000000000001,1,-1.6602904730904766,-31.343825803774997,2.7999999999999998,2.1899980704636182,-30.472155073920483,2.7999999999999998,BYPASS,YIELD,RUNNING
1714,34.280000000000001,1,-1.6602904730904766,-31.343825803774997,2.7999999999999998,2.1899980704636182,-30.472155073920483,2.7999999999999998,BYPASS,YIELD,RUNNING
1714,34.280000000000001,1,-1.6602904730904766,-31.343825803774997,2.7999999999999998,2.1899980704636182,-30.472155073920483,2.7999999999999998,BYPASS,YIELD,RUNNING
1714,34.280000000000001,1,-1.6602904730904766,-31.343825803774997,2.7999999999999998,2.1899980704636182,-30.472155073920483,2.7999999999999998,BYPASS,YIELD,RUNNING
1714,34.280000000000001,1,-1.6602904730904766,-31.343825803774997,2.7999999999999998,2.1899980704636182,-30.472155073920483,2.7999999999999998,BYPASS,YIELD,RUNNING
1714,34.280000000000001,1,-1.6602904730904766,-31.343825803774997,2.7999999999999998,2.1899980704636182,-30.472155073920483,2.7999999999999998,BYPASS,YIELD,RUNNING
1714,34.280000000000001,1,-1.6602904730904766,-31.343825803774997,2.7999999999999998,2.1899980704636182,-30.472155073920483,2.7999999999999998,BYPASS,YIELD,RUNNING
1714,34.280000000000001,1,-1.6602904730904766,-31.343825803774997,2.7999999999999998,2.1899980704636182,-30.472155073920483,2.7999999999999998,BYPASS,YIELD,RUNNING
1714,34.280000000000001,1,-1.6602904730904766,-31.343825803774997,2.7999999999999998,2.1899980704636182,-30.472155073920483,2.7999999999999998,BYPASS,YIELD,RUNNING
1714,34.280000000000001,1,-1.6602904730904766,-31.343825803774997,2.7999999999999998,2.1899980704636182,-30.472155073920483,2.7999999999999998,BYPASS,YIELD,RUNNING
1714,34.280000000000001,1,-1.6602904730904766,-31.343825803774997,2.7999999999999998,2.1899980704636182,-30.472155073920483,2.7999999999999998,BYPASS,YIELD,RUNNING
1714,34.280000000000001,1,-1.6602904730904766,-31.343825803774997,2.7999999999999998,2.1899980704636182,-30.472155073920483,2.7999999999999998,BYPASS,YIELD,RUNNING
1714,34.280000000000001,1,-1.6602904730904766,-31.343825803774997,2.7999999999999998,2.1899980704636182,-30.472155073920483,2.7999999999999998,BYPASS,YIELD,RUNNING
1714,34.280000000000001,1,-1.6602904730904766,-31.343825803774997,2.7999999999999998,2.1899980704636182,-30.472155073920483,2.7999999999999998,BYPASS,YIELD,RUNNING
1714,34.280000000000001,1,-1.6602904730904766,-31.343825803774997,2.7999999999999998,2.1899980704636182,-30.472155073920483,2.7999999999999998,BYPASS,YIELD,RUNNING
1714,34.280000000000001,1,-1.6602904730904766,-31.343825803774997,2.7999999999999998,2.1899980704636182,-30.472155073920483,2.7999999999999998,BYPASS,YIELD,RUNNING
1714,34.280000000000001,1,-1.6602904730904766,-31.343825803774997,2.7999999999999998,2.1899980704636182,-30.472155073920483,2.7999999999999998,BYPASS,YIELD,RUNNING
1714,34.280000000000001,1,-1.6602904730904766,-31.343825803774997,2.7999999999999998,2.1899980704636182,-30.472155073920483,2.7999999999999998,BYPASS,YIELD,RUNNING
1714,34.280000000000001,1,-1.6602904730904766,-31.343825803774997,2.7999999999999998,2.1899980704636182,-30.472155073920483,2.7999999999999998,BYPASS,YIELD,RUNNING
1714,34.280000000000001,1,-1.6602904730904766,-31.343825803774997,2.7999999999999998,2.1899980704636182,-30.472155073920483,2.7999999999999998,BYPASS,YIELD,RUNNING
1714,34.280000000000001,1,-1.6602904730904766,-31.343825803774997,2.7999999999999998,2.1899980704636182,-30.472155073920483,2.7999999999999998,BYPASS,YIELD,RUNNING
1714,34.280000000000001,1,-1.6602904730904766,-31.343825803774997,2.7999999999999998,2.1899980704636182,-30.472155073920483,2.7999999999999998,BYPASS,YIELD,RUNNING
1714,34.280000000000001,1,-1.6602904730904766,-31.343825803774997,2.7999999999999998,2.1899980704636182,-30.472155073920483,2.7999999999999998,BYPASS,YIELD,RUNNING
1714,34.280000000000001,1,-1.6602904730904766,-31.343825803774997,2.7999999999999998,2.1899980704636182,-30.472155073920483,2.7999999999999998,BYPASS,YIELD,RUNNING
1714,34.280000000000001,1,-1.6602904730904766,-31.343825803774997,2.7999999999999998,2.1899980704636182,-30.472155073920483,2.7999999999999998,BYPASS,YIELD,RUNNING
1714,34.280000000000001,1,-1.6602904730904766,-31.343825803774997,2.7999999999999998,2.1899980704636182,-30.472155073920483,2.7999999999999998,BYPASS,YIELD,RUNNING
1714,34.280000000000001,1,-1.6602904730904766,-31.343825803774997,2.7999999999999998,2.1899980704636182,-30.472155073920483,2.7999999999999998,BYPASS,YIELD,RUNNING
1714,34.280000000000001,1,-1.6602904730904766,-31.343825803774997,2.7999999999999998,2.1899980704636182,-30.472155073920483,2.7999999999999998,BYPASS,YIELD,RUNNING
1714,34.280000000000001,1,-1.6602904730904766,-31.343825803774997,2.7999999999999998,2.1899980704636182,-30.472155073920483,2.7999999999999998,BYPASS,YIELD,RUNNING
1714,34.280000000000001,1,-1.6602904730904766,-31.343825803774997,2.7999999999999998,2.1899980704636182,-30.472155073920483,2.7999999999999998,BYPASS,YIELD,RUNNING
1714,34.280000000000001,1,-1.6602904730904766,-31.343825803774997,2.7999999999999998,2.1899980704636182,-30.472155073920483,2.7999999999999998,BYPASS,YIELD,RUNNING
1714,34.280000000000001,1,-1.6602904730904766,-31.343825803774997,2.7999999999999998,2.1899980704636182,-30.472155073920483,2.7999999999999998,BYPASS,YIELD,RUNNING
1714,34.280000000000001,1,-1.6602904730904766,-31.343825803774997,2.7999999999999998,2.1899980704636182,-30.472155073920483,2.7999999999999998,BYPASS,YIELD,RUNNING
1714,34.280000000000001,1,-1.6602904730904766,-31.343825803774997,2.7999999999999998,2.1899980704636182,-30.472155073920483,2.7999999999999998,BYPASS,YIELD,RUNNING
1714,34.280000000000001,1,-1.6602904730904766,-31.343825803774997,2.7999999999999998,2.1899980704636182,-30.472155073920483,2.7999999999999998,BYPASS,YIELD,RUNNING
1714,34.280000000000001,1,-1.6602904730904766,-31.343825803774997,2.7999999999999998,2.1899980704636182,-30.472155073920483,2.7999999999999998,BYPASS,YIELD,RUNNING
1714,34.280000000000001,1,-1.6602904730904766,-31.343825803774997,2.7999999999999998,2.1899980704636182,-30.472155073920483,2.7999999999999998,BYPASS,YIELD,RUNNING
1714,34.280000000000001,1,-1.6602904730904766,-31.343825803774997,2.7999999999999998,2.1899980704636182,-30.472155073920483,2.7999999999999998,BYPASS,YIELD,RUNNING
1714,34.280000000000001,1,-1.6602904730904766,-31.343825803774997,2.7999999999999998,2.1899980704636182,-30.472155073920483,2.7999999999999998,BYPASS,YIELD,RUNNING
1714,34.280000000000001,1,-1.6602904730904766,-31.343825803774997,2.7999999999999998,2.1899980704636182,-30.472155073920483,2.7999999999999998,BYPASS,YIELD,RUNNING
1714,34.280000000000001,1,-1.6602904730904766,-31.343825803774997,2.7999999999999998,2.1899980704636182,-30.472155073920483,2.7999999999999998,BYPASS,YIELD,RUNNING
1714,34.280000000000001,1,-1.6602904730904766,-31.343825803774997,2.7999999999999998,2.1899980704636182,-30.472155073920483,2.7999999999999998,BYPASS,YIELD,RUNNING
1714,34.280000000000001,1,-1.6602904730904766,-31.343825803774997,2.7999999999999998,2.1899980704636182,-30.472155073920483,2.7999999999999998,BYPASS,YIELD,RUNNING
1714,34.280000000000001,1,-1.6602904730904766,-31.343825803774997,2.7999999999999998,2.1899980704636182,-30.472155073920483,2.7999999999999998,BYPASS,YIELD,RUNNING
1714,34.280000000000001,1,-1.6602904730904766,-31.343825803774997,2.7999999999999998,2.1899980704636182,-30.472155073920483,2.7999999999999998,BYPASS,YIELD,RUNNING
1714,34.280000000000001,1,-1.6602904730904766,-31.343825803774997,2.7999999999999998,2.1899980704636182,-30.472155073920483,2.7999999999999998,BYPASS,YIELD,RUNNING
1714,34.280000000000001,1,-1.6602904730904766,-31.343825803774997,2.7999999999999998,2.1899980704636182,-30.472155073920483,2.7999999999999998,BYPASS,YIELD,RUNNING
1714,34.280000000000001,1,-1.6602904730904766,-31.343825803774997,2.7999999999999998,2.1899980704636182,-30.472155073920483,2.7999999999999998,BYPASS,YIELD,RUNNING
1714,34.280000000000001,1,-1.6602904730904766,-31.343825803774997,2.7999999999999998,2.1899980704636182,-30.472155073920483,2.7999999999999998,BYPASS,YIELD,RUNNING
1714,34.280000000000001,1,-1.6602904730904766,-31.343825803774997,2.7999999999999998,2.1899980704636182,-30.472155073920483,2.7999999999999998,BYPASS,YIELD,RUNNING
1714,34.280000000000001,1,-1.6602904730904766,-31.343825803774997,2.7999999999999998,2.1899980704636182,-30.472155073920483,2.7999999999999998,BYPASS,YIELD,RUNNING
1714,34.280000000000001,1,-1.6602904730904766,-31.343825803774997,2.7999999999999998,2.1899980704636182,-30.472155073920483,2.7999999999999998,BYPASS,YIELD,RUNNING
1714,34.280000000000001,1,-1.6602904730904766,-31.343825803774997,2.7999999999999998,2.1899980704636182,-30.472155073920483,2.7999999999999998,BYPASS,YIELD,RUNNING
1714,34.280000000000001,1,-1.6602904730904766,-31.343825803774997,2.7999999999999998,2.1899980704636182,-30.472155073920483,2.7999999999999998,BYPASS,YIELD,RUNNING
1714,34.280000000000001,1,-1.6602904730904766,-31.343825803774997,2.7999999999999998,2.1899980704636182,-30.472155073920483,2.7999999999999998,BYPASS,YIELD,RUNNING
1714,34.280000000000001,1,-1.6602904730904766,-31.343825803774997,2.7999999999999998,2.1899980704636182,-30.472155073920483,2.7999999999999998,BYPASS,YIELD,RUNNING
1714,34.280000000000001,1,-1.6602904730904766,-31.343825803774997,2.7999999999999998,2.1899980704636182,-30.472155073920483,2.7999999999999998,BYPASS,YIELD,RUNNING
1714,34.280000000000001,1,-1.6602904730904766,-31.343825803774997,2.7999999999999998,2.1899980704636182,-30.472155073920483,2.7999999999999998,BYPASS,YIELD,RUNNING
1714,34.280000000000001,1,-1.6602904730904766,-31.343825803774997,2.7999999999999998,2.1899980704636182,-30.472155073920483,2.7999999999999998,BYPASS,YIELD,RUNNING
1714,34.280000000000001,1,-1.6602904730904766,-31.343825803774997,2.7999999999999998,2.1899980704636182,-30.472155073920483,2.7999999999999998,BYPASS,YIELD,RUNNING
1714,34.280000000000001,1,-1.6602904730904766,-31.343825803774997,2.7999999999999998,2.1899980704636182,-30.472155073920483,2.7999999999999998,BYPASS,YIELD,RUNNING
1714,34.280000000000001,1,-1.6602904730904766,-31.343825803774997,2.7999999999999998,2.1899980704636182,-30.472155073920483,2.7999999999999998,BYPASS,YIELD,RUNNING
1714,34.280000000000001,1,-1.6602904730904766,-31.343825803774997,2.7999999999999998,2.1899980704636182,-30.472155073920483,2.7999999999999998,BYPASS,YIELD,RUNNING
1714,34.280000000000001,1,-1.6602904730904766,-31.343825803774997,2.7999999999999998,2.1899980704636182,-30.472155073920483,2.7999999999999998,BYPASS,YIELD,RUNNING
1714,34.280000000000001,1,-1.6602904730904766,-31.343825803774997,2.7999999999999998,2.1899980704636182,-30.472155073920483,2.7999999999999998,BYPASS,YIELD,RUNNING
1714,34.280000000000001,1,-1.6602904730904766,-31.343825803774997,2.7999999999999998,2.1899980704636182,-30.472155073920483,2.7999999999999998,BYPASS,YIELD,RUNNING
1714,34.280000000000001,1,-1.6602904730904766,-31.343825803774997,2.7999999999999998,2.1899980704636182,-30.472155073920483,2.7999999999999998,BYPASS,YIELD,RUNNING
1714,34.280000000000001,1,-1.6602904730904766,-31.343825803774997,2.7999999999999998,2.1899980704636182,-30.472155073920483,2.7999999999999998,BYPASS,YIELD,RUNNING
1714,34.280000000000001,1,-1.6602904730904766,-31.343825803774997,2.7999999999999998,2.1899980704636182,-30.472155073920483,2.7999999999999998,BYPASS,YIELD,RUNNING
1714,34.280000000000001,1,-1.6602904730904766,-31.343825803774997,2.7999999999999998,2.1899980704636182,-30.472155073920483,2.7999999999999998,BYPASS,YIELD,RUNNING
1714,34.280000000000001,1,-1.6602904730904766,-31.343825803774997,2.7999999999999998,2.1899980704636182,-30.472155073920483,2.7999999999999998,BYPASS,YIELD,RUNNING
1714,34.280000000000001,1,-1.6602904730904766,-31.343825803774997,2.7999999999999998,2.1899980704636182,-30.472155073920483,2.7999999999999998,BYPASS,YIELD,RUNNING
1714,34.280000000000001,1,-1.6602904730904766,-31.343825803774997,2.7999999999999998,2.1899980704636182,-30.472155073920483,2.7999999999999998,BYPASS,YIELD,RUNNING
1714,34.280000000000001,1,-1.6602904730904766,-31.343825803774997,2.7999999999999998,2.1899980704636182,-30.472155073920483,2.7999999999999998,BYPASS,YIELD,RUNNING
1714,34.280000000000001,1,-1.6602904730904766,-31.343825803774997,2.7999999999999998,2.1899980704636182,-30.472155073920483,2.7999999999999998,BYPASS,YIELD,RUNNING
1714,34.280000000000001,1,-1.6602904730904766,-31.343825803774997,2.7999999999999998,2.1899980704636182,-30.472155073920483,2.7999999999999998,BYPASS,YIELD,RUNNING
1714,34.280000000000001,1,-1.6602904730904766,-31.343825803774997,2.7999999999999998,2.1899980704636182,-30.472155073920483,2.7999999999999998,BYPASS,YIELD,RUNNING
1714,34.280000000000001,1,-1.6602904730904766,-31.343825803774997,2.7999999999999998,2.1899980704636182,-30.472155073920483,2.7999999999999998,BYPASS,YIELD,RUNNING
1714,34.280000000000001,1,-1.6602904730904766,-31.343825803774997,2.7999999999999998,2.1899980704636182,-30.472155073920483,2.7999999999999998,BYPASS,YIELD,RUNNING
1714,34.280000000000001,1,-1.6602904730904766,-31.343825803774997,2.7999999999999998,2.1899980704636182,-30.472155073920483,2.7999999999999998,BYPASS,YIELD,RUNNING
1714,34.280000000000001,1,-1.6602904730904766,-31.343825803774997,2.7999999999999998,2.1899980704636182,-30.472155073920483,2.7999999999999998,BYPASS,YIELD,RUNNING
1714,34.280000000000001,1,-1.6602904730904766,-31.343825803774997,2.7999999999999998,2.1899980704636182,-30.472155073920483,2.7999999999999998,BYPASS,YIELD,RUNNING
1714,34.280000000000001,1,-1.6602904730904766,-31.343825803774997,2.7999999999999998,2.1899980704636182,-30.472155073920483,2.7999999999999998,BYPASS,YIELD,RUNNING
1714,34.280000000000001,1,-1.6602904730904766,-31.343825803774997,2.7999999999999998,2.1899980704636182,-30.472155073920483,2.7999999999999998,BYPASS,YIELD,RUNNING
1714,34.280000000000001,1,-1.6602904730904766,-31.343825803774997,2.7999999999999998,2.1899980704636182,-30.472155073920483,2.7999999999999998,BYPASS,YIELD,RUNNING
1714,34.280000000000001,1,-1.6602904730904766,-31.343825803774997,2.7999999999999998,2.1899980704636182,-30.472155073920483,2.7999999999999998,BYPASS,YIELD,RUNNING
1714,34.280000000000001,1,-1.6602904730904766,-31.343825803774997,2.7999999999999998,2.1899980704636182,-30.472155073920483,2.7999999999999998,BYPASS,YIELD,RUNNING
1714,34.280000000000001,1,-1.6602904730904766,-31.343825803774997,2.7999999999999998,2.1899980704636182,-30.472155073920483,2.7999999999999998,BYPASS,YIELD,RUNNING
1714,34.280000000000001,1,-1.6602904730904766,-31.343825803774997,2.7999999999999998,2.1899980704636182,-30.472155073920483,2.7999999999999998,BYPASS,YIELD,RUNNING
1714,34.280000000000001,1,-1.6602904730904766,-31.343825803774997,2.7999999999999998,2.1899980704636182,-30.472155073920483,2.7999999999999998,BYPASS,YIELD,RUNNING
1714,34.280000000000001,1,-1.6602904730904766,-31.343825803774997,2.7999999999999998,2.1899980704636182,-30.472155073920483,2.7999999999999998,BYPASS,YIELD,RUNNING
1714,34.280000000000001,1,-1.6602904730904766,-31.343825803774997,2.7999999999999998,2.1899980704636182,-30.472155073920483,2.7999999999999998,BYPASS,YIELD,RUNNING
1714,34.280000000000001,1,-1.6602904730904766,-31.343825803774997,2.7999999999999998,2.1899980704636182,-30.472155073920483,2.7999999999999998,BYPASS,YIELD,RUNNING
1714,34.280000000000001,1,-1.6602904730904766,-31.343825803774997,2.7999999999999998,2.1899980704636182,-30.472155073920483,2.7999999999999998,BYPASS,YIELD,RUNNING
1714,34.280000000000001,1,-1.6602904730904766,-31.343825803774997,2.7999999999999998,2.1899980704636182,-30.472155073920483,2.7999999999999998,BYPASS,YIELD,RUNNING
1714,34.280000000000001,1,-1.6602904730904766,-31.343825803774997,2.7999999999999998,2.1899980704636182,-30.472155073920483,2.7999999999999998,BYPASS,YIELD,RUNNING
1714,34.280000000000001,1,-1.6602904730904766,-31.343825803774997,2.7999999999999998,2.1899980704636182,-30.472155073920483,2.7999999999999998,BYPASS,YIELD,RUNNING
1714,34.280000000000001,1,-1.6602904730904766,-31.343825803774997,2.7999999999999998,2.1899980704636182,-30.472155073920483,2.7999999999999998,BYPASS,YIELD,RUNNING
1714,34.280000000000001,1,-1.6602904730904766,-31.343825803774997,2.7999999999999998,2.1899980704636182,-30.472155073920483,2.7999999999999998,BYPASS,YIELD,RUNNING
1714,34.280000000000001,1,-1.6602904730904766,-31.343825803774997,2.7999999999999998,2.1899980704636182,-30.472155073920483,2.7999999999999998,BYPASS,YIELD,RUNNING
1714,34.280000000000001,1,-1.6602904730904766,-31.343825803774997,2.7999999999999998,2.1899980704636182,-30.472155073920483,2.7999999999999998,BYPASS,YIELD,RUNNING
1714,34.280000000000001,1,-1.6602904730904766,-31.343825803774997,2.7999999999999998,2.1899980704636182,-30.472155073920483,2.7999999999999998,BYPASS,YIELD,RUNNING
1714,34.280000000000001,1,-1.6602904730904766,-31.343825803774997,2.7999999999999998,2.1899980704636182,-30.472155073920483,2.7999999999999998,BYPASS,YIELD,RUNNING
1714,34.280000000000001,1,-1.6602904730904766,-31.343825803774997,2.7999999999999998,2.1899980704636182,-30.472155073920483,2.7999999999999998,BYPASS,YIELD,RUNNING
1714,34.280000000000001,1,-1.6602904730904766,-31.343825803774997,2.7999999999999998,2.1899980704636182,-30.472155073920483,2.7999999999999998,BYPASS,YIELD,RUNNING
1714,34.280000000000001,1,-1.6602904730904766,-31.343825803774997,2.7999999999999998,2.1899980704636182,-30.472155073920483,2.7999999999999998,BYPASS,YIELD,RUNNING
1714,34.280000000000001,1,-1.6602904730904766,-31.343825803774997,2.7999999999999998,2.1899980704636182,-30.472155073920483,2.7999999999999998,BYPASS,YIELD,RUNNING
1714,34.280000000000001,1,-1.6602904730904766,-31.343825803774997,2.7999999999999998,2.1899980704636182,-30.472155073920483,2.7999999999999998,BYPASS,YIELD,RUNNING
1714,34.280000000000001,1,-1.6602904730904766,-31.343825803774997,2.7999999999999998,2.1899980704636182,-30.472155073920483,2.7999999999999998,BYPASS,YIELD,RUNNING
1714,34.280000000000001,1,-1.6602904730904766,-31.343825803774997,2.7999999999999998,2.1899980704636182,-30.472155073920483,2.7999999999999998,BYPASS,YIELD,RUNNING
1714,34.280000000000001,1,-1.6602904730904766,-31.343825803774997,2.7999999999999998,2.1899980704636182,-30.472155073920483,2.7999999999999998,BYPASS,YIELD,RUNNING
1714,34.280000000000001,1,-1.6602904730904766,-31.343825803774997,2.7999999999999998,2.1899980704636182,-30.472155073920483,2.7999999999999998,BYPASS,YIELD,RUNNING
1714,34.280000000000001,1,-1.6602904730904766,-31.343825803774997,2.7999999999999998,2.1899980704636182,-30.472155073920483,2.7999999999999998,BYPASS,YIELD,RUNNING
1714,34.280000000000001,1,-1.6602904730904766,-31.343825803774997,2.7999999999999998,2.1899980704636182,-30.472155073920483,2.7999999999999998,BYPASS,YIELD,RUNNING
1714,34.280000000000001,1,-1.6602904730904766,-31.343825803774997,2.7999999999999998,2.1899980704636182,-30.472155073920483,2.7999999999999998,BYPASS,YIELD,RUNNING
1714,34.280000000000001,1,-1.6602904730904766,-31.343825803774997,2.7999999999999998,2.1899980704636182,-30.472155073920483,2.7999999999999998,BYPASS,YIELD,RUNNING
1714,34.280000000000001,1,-1.6602904730904766,-31.343825803774997,2.7999999999999998,2.1899980704636182,-30.472155073920483,2.7999999999999998,BYPASS,YIELD,RUNNING
1714,34.280000000000001,1,-1.6602904730904766,-31.343825803774997,2.7999999999999998,2.1899980704636182,-30.472155073920483,2.7999999999999998,BYPASS,YIELD,RUNNING
1714,34.280000000000001,1,-1.6602904730904766,-31.343825803774997,2.7999999999999998,2.1899980704636182,-30.472155073920483,2.7999999999999998,BYPASS,YIELD,RUNNING
1714,34.280000000000001,1,-1.6602904730904766,-31.343825803774997,2.7999999999999998,2.1899980704636182,-30.472155073920483,2.7999999999999998,BYPASS,YIELD,RUNNING
1714,34.280000000000001,1,-1.6602904730904766,-31.343825803774997,2.7999999999999998,2.1899980704636182,-30.472155073920483,2.7999999999999998,BYPASS,YIELD,RUNNING
1714,34.280000000000001,1,-1.6602904730904766,-31.343825803774997,2.7999999999999998,2.1899980704636182,-30.472155073920483,2.7999999999999998,BYPASS,YIELD,RUNNING
1714,34.280000000000001,1,-1.6602904730904766,-31.343825803774997,2.7999999999999998,2.1899980704636182,-30.472155073920483,2.7999999999999998,BYPASS,YIELD,RUNNING
1714,34.280000000000001,1,-1.6602904730904766,-31.343825803774997,2.7999999999999998,2.1899980704636182,-30.472155073920483,2.7999999999999998,BYPASS,YIELD,RUNNING
1714,34.280000000000001,1,-1.6602904730904766,-31.343825803774997,2.7999999999999998,2.1899980704636182,-30.472155073920483,2.7999999999999998,BYPASS,YIELD,RUNNING
1714,34.280000000000001,1,-1.6602904730904766,-31.343825803774997,2.7999999999999998,2.1899980704636182,-30.472155073920483,2.7999999999999998,BYPASS,YIELD,RUNNING
1714,34.280000000000001,1,-1.6602904730904766,-31.343825803774997,2.7999999999999998,2.1899980704636182,-30.472155073920483,2.7999999999999998,BYPASS,YIELD,RUNNING
1714,34.280000000000001,1,-1.6602904730904766,-31.343825803774997,2.7999999999999998,2.1899980704636182,-30.472155073920483,2.7999999999999998,BYPASS,YIELD,RUNNING
1714,34.280000000000001,1,-1.6602904730904766,-31.343825803774997,2.7999999999999998,2.1899980704636182,-30.472155073920483,2.7999999999999998,BYPASS,YIELD,RUNNING
1714,34.280000000000001,1,-1.6602904730904766,-31.343825803774997,2.7999999999999998,2.1899980704636182,-30.472155073920483,2.7999999999999998,BYPASS,YIELD,RUNNING
1714,34.280000000000001,1,-1.6602904730904766,-31.343825803774997,2.7999999999999998,2.1899980704636182,-30.472155073920483,2.7999999999999998,BYPASS,YIELD,RUNNING
1714,34.280000000000001,1,-1.6602904730904766,-31.343825803774997,2.7999999999999998,2.1899980704636182,-30.472155073920483,2.7999999999999998,BYPASS,YIELD,RUNNING
1714,34.280000000000001,1,-1.6602904730904766,-31.343825803774997,2.7999999999999998,2.1899980704636182,-30.472155073920483,2.7999999999999998,BYPASS,YIELD,RUNNING
1714,34.280000000000001,1,-1.6602904730904766,-31.343825803774997,2.7999999999999998,2.1899980704636182,-30.472155073920483,2.7999999999999998,BYPASS,YIELD,RUNNING
1714,34.280000000000001,1,-1.6602904730904766,-31.343825803774997,2.7999999999999998,2.1899980704636182,-30.472155073920483,2.7999999999999998,BYPASS,YIELD,RUNNING
1714,34.280000000000001,1,-1.6602904730904766,-31.343825803774997,2.7999999999999998,2.1899980704636182,-30.472155073920483,2.7999999999999998,BYPASS,YIELD,RUNNING
1714,34.280000000000001,1,-1.6602904730904766,-31.343825803774997,2.7999999999999998,2.1899980704636182,-30.472155073920483,2.7999999999999998,BYPASS,YIELD,RUNNING
1714,34.280000000000001,1,-1.6602904730904766,-31.343825803774997,2.7999999999999998,2.1899980704636182,-30.472155073920483,2.7999999999999998,BYPASS,YIELD,RUNNING
1714,34.280000000000001,1,-1.6602904730904766,-31.343825803774997,2.7999999999999998,2.1899980704636182,-30.472155073920483,2.7999999999999998,BYPASS,YIELD,RUNNING
1714,34.280000000000001,1,-1.6602904730904766,-31.343825803774997,2.7999999999999998,2.1899980704636182,-30.472155073920483,2.7999999999999998,BYPASS,YIELD,RUNNING
1714,34.280000000000001,1,-1.6602904730904766,-31.343825803774997,2.7999999999999998,2.1899980704636182,-30.472155073920483,2.7999999999999998,BYPASS,YIELD,RUNNING
1714,34.280000000000001,1,-1.6602904730904766,-31.343825803774997,2.7999999999999998,2.1899980704636182,-30.472155073920483,2.7999999999999998,BYPASS,YIELD,RUNNING
1714,34.280000000000001,1,-1.6602904730904766,-31.343825803774997,2.7999999999999998,2.1899980704636182,-30.472155073920483,2.7999999999999998,BYPASS,YIELD,RUNNING
1714,34.280000000000001,1,-1.6602904730904766,-31.343825803774997,2.7999999999999998,2.1899980704636182,-30.472155073920483,2.7999999999999998,BYPASS,YIELD,RUNNING
1714,34.280000000000001,1,-1.6602904730904766,-31.343825803774997,2.7999999999999998,2.1899980704636182,-30.472155073920483,2.7999999999999998,BYPASS,YIELD,RUNNING
1714,34.280000000000001,1,-1.6602904730904766,-31.343825803774997,2.7999999999999998,2.1899980704636182,-30.472155073920483,2.7999999999999998,BYPASS,YIELD,RUNNING
1714,34.280000000000001,1,-1.6602904730904766,-31.343825803774997,2.7999999999999998,2.1899980704636182,-30.472155073920483,2.7999999999999998,BYPASS,YIELD,RUNNING
1714,34.280000000000001,1,-1.6602904730904766,-31.343825803774997,2.7999999999999998,2.1899980704636182,-30.472155073920483,2.7999999999999998,BYPASS,YIELD,RUNNING
1714,34.280000000000001,1,-1.6602904730904766,-31.343825803774997,2.7999999999999998,2.1899980704636182,-30.472155073920483,2.7999999999999998,BYPASS,YIELD,RUNNING
1714,34.280000000000001,1,-1.6602904730904766,-31.343825803774997,2.7999999999999998,2.1899980704636182,-30.472155073920483,2.7999999999999998,BYPASS,YIELD,RUNNING
1714,34.280000000000001,1,-1.6602904730904766,-31.343825803774997,2.7999999999999998,2.1899980704636182,-30.472155073920483,2.7999999999999998,BYPASS,YIELD,RUNNING
1714,34.280000000000001,1,-1.6602904730904766,-31.343825803774997,2.7999999999999998,2.1899980704636182,-30.472155073920483,2.7999999999999998,BYPASS,YIELD,RUNNING
1714,34.280000000000001,1,-1.6602904730904766,-31.343825803774997,2.7999999999999998,2.1899980704636182,-30.472155073920483,2.7999999999999998,BYPASS,YIELD,RUNNING
1714,34.280000000000001,1,-1.6602904730904766,-31.343825803774997,2.7999999999999998,2.1899980704636182,-30.472155073920483,2.7999999999999998,BYPASS,YIELD,RUNNING
1714,34.280000000000001,1,-1.6602904730904766,-31.343825803774997,2.7999999999999998,2.1899980704636182,-30.472155073920483,2.7999999999999998,BYPASS,YIELD,RUNNING
1714,34.280000000000001,1,-1.6602904730904766,-31.343825803774997,2.7999999999999998,2.1899980704636182,-30.472155073920483,2.7999999999999998,BYPASS,YIELD,RUNNING
1714,34.280000000000001,1,-1.6602904730904766,-31.343825803774997,2.7999999999999998,2.1899980704636182,-30.472155073920483,2.7999999999999998,BYPASS,YIELD,RUNNING
1714,34.280000000000001,1,-1.6602904730904766,-31.343825803774997,2.7999999999999998,2.1899980704636182,-30.472155073920483,2.7999999999999998,BYPASS,YIELD,RUNNING
1714,34.280000000000001,1,-1.6602904730904766,-31.343825803774997,2.7999999999999998,2.1899980704636182,-30.472155073920483,2.7999999999999998,BYPASS,YIELD,RUNNING
1714,34.280000000000001,1,-1.6602904730904766,-31.343825803774997,2.7999999999999998,2.1899980704636182,-30.472155073920483,2.7999999999999998,BYPASS,YIELD,RUNNING
1714,34.280000000000001,1,-1.6602904730904766,-31.343825803774997,2.7999999999999998,2.1899980704636182,-30.472155073920483,2.7999999999999998,BYPASS,YIELD,RUNNING
1714,34.280000000000001,1,-1.6602904730904766,-31.343825803774997,2.7999999999999998,2.1899980704636182,-30.472155073920483,2.7999999999999998,BYPASS,YIELD,RUNNING
1714,34.280000000000001,1,-1.6602904730904766,-31.343825803774997,2.7999999999999998,2.1899980704636182,-30.472155073920483,2.7999999999999998,BYPASS,YIELD,RUNNING
1714,34.280000000000001,1,-1.6602904730904766,-31.343825803774997,2.7999999999999998,2.1899980704636182,-30.472155073920483,2.7999999999999998,BYPASS,YIELD,RUNNING
1714,34.280000000000001,1,-1.6602904730904766,-31.343825803774997,2.7999999999999998,2.1899980704636182,-30.472155073920483,2.7999999999999998,BYPASS,YIELD,RUNNING
1714,34.280000000000001,1,-1.6602904730904766,-31.343825803774997,2.7999999999999998,2.1899980704636182,-30.472155073920483,2.7999999999999998,BYPASS,YIELD,RUNNING
1714,34.280000000000001,1,-1.6602904730904766,-31.343825803774997,2.7999999999999998,2.1899980704636182,-30.472155073920483,2.7999999999999998,BYPASS,YIELD,RUNNING
1714,34.280000000000001,1,-1.6602904730904766,-31.343825803774997,2.7999999999999998,2.1899980704636182,-30.472155073920483,2.7999999999999998,BYPASS,YIELD,RUNNING
1714,34.280000000000001,1,-1.6602904730904766,-31.343825803774997,2.7999999999999998,2.1899980704636182,-30.472155073920483,2.7999999999999998,BYPASS,YIELD,RUNNING
1714,34.280000000000001,1,-1.6602904730904766,-31.343825803774997,2.7999999999999998,2.1899980704636182,-30.472155073920483,2.7999999999999998,BYPASS,YIELD,RUNNING
1714,34.280000000000001,1,-1.6602904730904766,-31.343825803774997,2.7999999999999998,2.1899980704636182,-30.472155073920483,2.7999999999999998,BYPASS,YIELD,RUNNING
1714,34.280000000000001,1,-1.6602904730904766,-31.343825803774997,2.7999999999999998,2.1899980704636182,-30.472155073920483,2.7999999999999998,BYPASS,YIELD,RUNNING
1714,34.280000000000001,1,-1.6602904730904766,-31.343825803774997,2.7999999999999998,2.1899980704636182,-30.472155073920483,2.7999999999999998,BYPASS,YIELD,RUNNING
1714,34.280000000000001,1,-1.6602904730904766,-31.343825803774997,2.7999999999999998,2.1899980704636182,-30.472155073920483,2.7999999999999998,BYPASS,YIELD,RUNNING
1714,34.280000000000001,1,-1.6602904730904766,-31.343825803774997,2.7999999999999998,2.1899980704636182,-30.472155073920483,2.7999999999999998,BYPASS,YIELD,RUNNING
1714,34.280000000000001,1,-1.6602904730904766,-31.343825803774997,2.7999999999999998,2.1899980704636182,-30.472155073920483,2.7999999999999998,BYPASS,YIELD,RUNNING
1714,34.280000000000001,1,-1.6602904730904766,-31.343825803774997,2.7999999999999998,2.1899980704636182,-30.472155073920483,2.7999999999999998,BYPASS,YIELD,RUNNING
1714,34.280000000000001,1,-1.6602904730904766,-31.343825803774997,2.7999999999999998,2.1899980704636182,-30.472155073920483,2.7999999999999998,BYPASS,YIELD,RUNNING
1714,34.280000000000001,1,-1.6602904730904766,-31.343825803774997,2.7999999999999998,2.1899980704636182,-30.472155073920483,2.7999999999999998,BYPASS,YIELD,RUNNING
1714,34.280000000000001,1,-1.6602904730904766,-31.343825803774997,2.7999999999999998,2.1899980704636182,-30.472155073920483,2.7999999999999998,BYPASS,YIELD,RUNNING
1714,34.280000000000001,1,-1.6602904730904766,-31.343825803774997,2.7999999999999998,2.1899980704636182,-30.472155073920483,2.7999999999999998,BYPASS,YIELD,RUNNING
1714,34.280000000000001,1,-1.6602904730904766,-31.343825803774997,2.7999999999999998,2.1899980704636182,-30.472155073920483,2.7999999999999998,BYPASS,YIELD,RUNNING
1714,34.280000000000001,1,-1.6602904730904766,-31.343825803774997,2.7999999999999998,2.1899980704636182,-30.472155073920483,2.7999999999999998,BYPASS,YIELD,RUNNING
1714,34.280000000000001,1,-1.6602904730904766,-31.343825803774997,2.7999999999999998,2.1899980704636182,-30.472155073920483,2.7999999999999998,BYPASS,YIELD,RUNNING
1714,34.280000000000001,1,-1.6602904730904766,-31.343825803774997,2.7999999999999998,2.1899980704636182,-30.472155073920483,2.7999999999999998,BYPASS,YIELD,RUNNING
1714,34.280000000000001,1,-1.6602904730904766,-31.343825803774997,2.7999999999999998,2.1899980704636182,-30.472155073920483,2.7999999999999998,BYPASS,YIELD,RUNNING
1714,34.280000000000001,1,-1.6602904730904766,-31.343825803774997,2.7999999999999998,2.1899980704636182,-30.472155073920483,2.7999999999999998,BYPASS,YIELD,RUNNING
1714,34.280000000000001,1,-1.6602904730904766,-31.343825803774997,2.7999999999999998,2.1899980704636182,-30.472155073920483,2.7999999999999998,BYPASS,YIELD,RUNNING
1714,34.280000000000001,1,-1.6602904730904766,-31.343825803774997,2.7999999999999998,2.1899980704636182,-30.472155073920483,2.7999999999999998,BYPASS,YIELD,RUNNING
1714,34.280000000000001,1,-1.6602904730904766,-31.343825803774997,2.7999999999999998,2.1899980704636182,-30.472155073920483,2.7999999999999998,BYPASS,YIELD,RUNNING
1714,34.280000000000001,1,-1.6602904730904766,-31.343825803774997,2.7999999999999998,2.1899980704636182,-30.472155073920483,2.7999999999999998,BYPASS,YIELD,RUNNING
1714,34.280000000000001,1,-1.6602904730904766,-31.343825803774997,2.7999999999999998,2.1899980704636182,-30.472155073920483,2.7999999999999998,BYPASS,YIELD,RUNNING
1714,34.280000000000001,1,-1.6602904730904766,-31.343825803774997,2.7999999999999998,2.1899980704636182,-30.472155073920483,2.7999999999999998,BYPASS,YIELD,RUNNING
1714,34.280000000000001,1,-1.6602904730904766,-31.343825803774997,2.7999999999999998,2.1899980704636182,-30.472155073920483,2.7999999999999998,BYPASS,YIELD,RUNNING
1714,34.280000000000001,1,-1.6602904730904766,-31.343825803774997,2.7999999999999998,2.1899980704636182,-30.472155073920483,2.7999999999999998,BYPASS,YIELD,RUNNING
1714,34.280000000000001,1,-1.6602904730904766,-31.343825803774997,2.7999999999999998,2.1899980704636182,-30.472155073920483,2.7999999999999998,BYPASS,YIELD,RUNNING
1714,34.280000000000001,1,-1.6602904730904766,-31.343825803774997,2.7999999999999998,2.1899980704636182,-30.472155073920483,2.7999999999999998,BYPASS,YIELD,RUNNING
1714,34.280000000000001,1,-1.6602904730904766,-31.343825803774997,2.7999999999999998,2.1899980704636182,-30.472155073920483,2.7999999999999998,BYPASS,YIELD,RUNNING
1714,34.280000000000001,1,-1.6602904730904766,-31.343825803774997,2.7999999999999998,2.1899980704636182,-30.472155073920483,2.7999999999999998,BYPASS,YIELD,RUNNING
1714,34.280000000000001,1,-1.6602904730904766,-31.343825803774997,2.7999999999999998,2.1899980704636182,-30.472155073920483,2.7999999999999998,BYPASS,YIELD,RUNNING
1714,34.280000000000001,1,-1.6602904730904766,-31.343825803774997,2.7999999999999998,2.1899980704636182,-30.472155073920483,2.7999999999999998,BYPASS,YIELD,RUNNING
1714,34.280000000000001,1,-1.6602904730904766,-31.343825803774997,2.7999999999999998,2.1899980704636182,-30.472155073920483,2.7999999999999998,BYPASS,YIELD,RUNNING
1714,34.280000000000001,1,-1.6602904730904766,-31.343825803774997,2.7999999999999998,2.1899980704636182,-30.472155073920483,2.7999999999999998,BYPASS,YIELD,RUNNING
1714,34.280000000000001,1,-1.6602904730904766,-31.343825803774997,2.7999999999999998,2.1899980704636182,-30.472155073920483,2.7999999999999998,BYPASS,YIELD,RUNNING
1714,34.280000000000001,1,-1.6602904730904766,-31.343825803774997,2.7999999999999998,2.1899980704636182,-30.472155073920483,2.7999999999999998,BYPASS,YIELD,RUNNING
1714,34.280000000000001,1,-1.6602904730904766,-31.343825803774997,2.7999999999999998,2.1899980704636182,-30.472155073920483,2.7999999999999998,BYPASS,YIELD,RUNNING
1714,34.280000000000001,1,-1.6602904730904766,-31.343825803774997,2.7999999999999998,2.1899980704636182,-30.472155073920483,2.7999999999999998,BYPASS,YIELD,RUNNING
1714,34.280000000000001,1,-1.6602904730904766,-31.343825803774997,2.7999999999999998,2.1899980704636182,-30.472155073920483,2.7999999999999998,BYPASS,YIELD,RUNNING
1714,34.280000000000001,1,-1.6602904730904766,-31.343825803774997,2.7999999999999998,2.1899980704636182,-30.472155073920483,2.7999999999999998,BYPASS,YIELD,RUNNING
1714,34.280000000000001,1,-1.6602904730904766,-31.343825803774997,2.7999999999999998,2.1899980704636182,-30.472155073920483,2.7999999999999998,BYPASS,YIELD,RUNNING
1714,34.280000000000001,1,-1.6602904730904766,-31.343825803774997,2.7999999999999998,2.1899980704636182,-30.472155073920483,2.7999999999999998,BYPASS,YIELD,RUNNING
1714,34.280000000000001,1,-1.6602904730904766,-31.343825803774997,2.7999999999999998,2.1899980704636182,-30.472155073920483,2.7999999999999998,BYPASS,YIELD,RUNNING
1714,34.280000000000001,1,-1.6602904730904766,-31.343825803774997,2.7999999999999998,2.1899980704636182,-30.472155073920483,2.7999999999999998,BYPASS,YIELD,RUNNING
1714,34.280000000000001,1,-1.6602904730904766,-31.343825803774997,2.7999999999999998,2.1899980704636182,-30.472155073920483,2.7999999999999998,BYPASS,YIELD,RUNNING
1714,34.280000000000001,1,-1.6602904730904766,-31.343825803774997,2.7999999999999998,2.1899980704636182,-30.472155073920483,2.7999999999999998,BYPASS,YIELD,RUNNING
1714,34.280000000000001,1,-1.6602904730904766,-31.343825803774997,2.7999999999999998,2.1899980704636182,-30.472155073920483,2.7999999999999998,BYPASS,YIELD,RUNNING
1714,34.280000000000001,1,-1.6602904730904766,-31.343825803774997,2.7999999999999998,2.1899980704636182,-30.472155073920483,2.7999999999999998,BYPASS,YIELD,RUNNING
1714,34.280000000000001,1,-1.6602904730904766,-31.343825803774997,2.7999999999999998,2.1899980704636182,-30.472155073920483,2.7999999999999998,BYPASS,YIELD,RUNNING
1714,34.280000000000001,1,-1.6602904730904766,-31.343825803774997,2.7999999999999998,2.1899980704636182,-30.472155073920483,2.7999999999999998,BYPASS,YIELD,RUNNING
1714,34.280000000000001,1,-1.6602904730904766,-31.343825803774997,2.7999999999999998,2.1899980704636182,-30.472155073920483,2.7999999999999998,BYPASS,YIELD,RUNNING
1714,34.280000000000001,1,-1.6602904730904766,-31.343825803774997,2.7999999999999998,2.1899980704636182,-30.472155073920483,2.7999999999999998,BYPASS,YIELD,RUNNING
1714,34.280000000000001,1,-1.6602904730904766,-31.343825803774997,2.7999999999999998,2.1899980704636182,-30.472155073920483,2.7999999999999998,BYPASS,YIELD,RUNNING
1714,34.280000000000001,1,-1.6602904730904766,-31.343825803774997,2.7999999999999998,2.1899980704636182,-30.472155073920483,2.7999999999999998,BYPASS,YIELD,RUNNING
1714,34.280000000000001,1,-1.6602904730904766,-31.343825803774997,2.7999999999999998,2.1899980704636182,-30.472155073920483,2.7999999999999998,BYPASS,YIELD,RUNNING
1714,34.280000000000001,1,-1.6602904730904766,-31.343825803774997,2.7999999999999998,2.1899980704636182,-30.472155073920483,2.7999999999999998,BYPASS,YIELD,RUNNING
1714,34.280000000000001,1,-1.6602904730904766,-31.343825803774997,2.7999999999999998,2.1899980704636182,-30.472155073920483,2.7999999999999998,BYPASS,YIELD,RUNNING
1714,34.280000000000001,1,-1.6602904730904766,-31.343825803774997,2.7999999999999998,2.1899980704636182,-30.472155073920483,2.7999999999999998,BYPASS,YIELD,RUNNING
1714,34.280000000000001,1,-1.6602904730904766,-31.343825803774997,2.7999999999999998,2.1899980704636182,-30.472155073920483,2.7999999999999998,BYPASS,YIELD,RUNNING
1714,34.280000000000001,1,-1.6602904730904766,-31.343825803774997,2.7999999999999998,2.1899980704636182,-30.472155073920483,2.7999999999999998,BYPASS,YIELD,RUNNING
1714,34.280000000000001,1,-1.6602904730904766,-31.343825803774997,2.7999999999999998,2.1899980704636182,-30.472155073920483,2.7999999999999998,BYPASS,YIELD,RUNNING
1714,34.280000000000001,1,-1.6602904730904766,-31.343825803774997,2.7999999999999998,2.1899980704636182,-30.472155073920483,2.7999999999999998,BYPASS,YIELD,RUNNING
1714,34.280000000000001,1,-1.6602904730904766,-31.343825803774997,2.7999999999999998,2.1899980704636182,-30.472155073920483,2.7999999999999998,BYPASS,YIELD,RUNNING
1714,34.280000000000001,1,-1.6602904730904766,-31.343825803774997,2.7999999999999998,2.1899980704636182,-30.472155073920483,2.7999999999999998,BYPASS,YIELD,RUNNING
1714,34.280000000000001,1,-1.6602904730904766,-31.343825803774997,2.7999999999999998,2.1899980704636182,-30.472155073920483,2.7999999999999998,BYPASS,YIELD,RUNNING
1714,34.280000000000001,1,-1.6602904730904766,-31.343825803774997,2.7999999999999998,2.1899980704636182,-30.472155073920483,2.7999999999999998,BYPASS,YIELD,RUNNING
1714,34.280000000000001,1,-1.6602904730904766,-31.343825803774997,2.7999999999999998,2.1899980704636182,-30.472155073920483,2.7999999999999998,BYPASS,YIELD,RUNNING
1714,34.280000000000001,1,-1.6602904730904766,-31.343825803774997,2.7999999999999998,2.1899980704636182,-30.472155073920483,2.7999999999999998,BYPASS,YIELD,RUNNING
1714,34.280000000000001,1,-1.6602904730904766,-31.343825803774997,2.7999999999999998,2.1899980704636182,-30.472155073920483,2.7999999999999998,BYPASS,YIELD,RUNNING
1714,34.280000000000001,1,-1.6602904730904766,-31.343825803774997,2.7999999999999998,2.1899980704636182,-30.472155073920483,2.7999999999999998,BYPASS,YIELD,RUNNING
1714,34.280000000000001,1,-1.6602904730904766,-31.343825803774997,2.7999999999999998,2.1899980704636182,-30.472155073920483,2.7999999999999998,BYPASS,YIELD,RUNNING
1714,34.280000000000001,1,-1.6602904730904766,-31.343825803774997,2.7999999999999998,2.1899980704636182,-30.472155073920483,2.7999999999999998,BYPASS,YIELD,RUNNING
1714,34.280000000000001,1,-1.6602904730904766,-31.343825803774997,2.7999999999999998,2.1899980704636182,-30.472155073920483,2.7999999999999998,BYPASS,YIELD,RUNNING
1714,34.280000000000001,1,-1.6602904730904766,-31.343825803774997,2.7999999999999998,2.1899980704636182,-30.472155073920483,2.7999999999999998,BYPASS,YIELD,RUNNING
1714,34.280000000000001,1,-1.6602904730904766,-31.343825803774997,2.7999999999999998,2.1899980704636182,-30.472155073920483,2.7999999999999998,BYPASS,YIELD,RUNNING
1714,34.280000000000001,1,-1.6602904730904766,-31.343825803774997,2.7999999999999998,2.1899980704636182,-30.472155073920483,2.7999999999999998,BYPASS,YIELD,RUNNING
1714,34.280000000000001,1,-1.6602904730904766,-31.343825803774997,2.7999999999999998,2.1899980704636182,-30.472155073920483,2.7999999999999998,BYPASS,YIELD,RUNNING
1714,34.280000000000001,1,-1.6602904730904766,-31.343825803774997,2.7999999999999998,2.1899980704636182,-30.472155073920483,2.7999999999999998,BYPASS,YIELD,RUNNING
1714,34.280000000000001,1,-1.6602904730904766,-31.343825803774997,2.7999999999999998,2.1899980704636182,-30.472155073920483,2.7999999999999998,BYPASS,YIELD,RUNNING
1714,34.280000000000001,1,-1.6602904730904766,-31.343825803774997,2.7999999999999998,2.1899980704636182,-30.472155073920483,2.7999999999999998,BYPASS,YIELD,RUNNING
1714,34.280000000000001,1,-1.6602904730904766,-31.343825803774997,2.7999999999999998,2.1899980704636182,-30.472155073920483,2.7999999999999998,BYPASS,YIELD,RUNNING
1714,34.280000000000001,1,-1.6602904730904766,-31.343825803774997,2.7999999999999998,2.1899980704636182,-30.472155073920483,2.7999999999999998,BYPASS,YIELD,RUNNING
1714,34.280000000000001,1,-1.6602904730904766,-31.343825803774997,2.7999999999999998,2.1899980704636182,-30.472155073920483,2.7999999999999998,BYPASS,YIELD,RUNNING
1714,34.280000000000001,1,-1.6602904730904766,-31.343825803774997,2.7999999999999998,2.1899980704636182,-30.472155073920483,2.7999999999999998,BYPASS,YIELD,RUNNING
1714,34.280000000000001,1,-1.6602904730904766,-31.343825803774997,2.7999999999999998,2.1899980704636182,-30.472155073920483,2.7999999999999998,BYPASS,YIELD,RUNNING
1714,34.280000000000001,1,-1.6602904730904766,-31.343825803774997,2.7999999999999998,2.1899980704636182,-30.472155073920483,2.7999999999999998,BYPASS,YIELD,RUNNING
1714,34.280000000000001,1,-1.6602904730904766,-31.343825803774997,2.7999999999999998,2.1899980704636182,-30.472155073920483,2.7999999999999998,BYPASS,YIELD,RUNNING
1714,34.280000000000001,1,-1.6602904730904766,-31.343825803774997,2.7999999999999998,2.1899980704636182,-30.472155073920483,2.7999999999999998,BYPASS,YIELD,RUNNING
1714,34.280000000000001,1,-1.6602904730904766,-31.343825803774997,2.7999999999999998,2.1899980704636182,-30.472155073920483,2.7999999999999998,BYPASS,YIELD,RUNNING
1714,34.280000000000001,1,-1.6602904730904766,-31.343825803774997,2.7999999999999998,2.1899980704636182,-30.472155073920483,2.7999999999999998,BYPASS,YIELD,RUNNING
1714,34.280000000000001,1,-1.6602904730904766,-31.343825803774997,2.7999999999999998,2.1899980704636182,-30.472155073920483,2.7999999999999998,BYPASS,YIELD,RUNNING
1714,34.280000000000001,1,-1.6602904730904766,-31.343825803774997,2.7999999999999998,2.1899980704636182,-30.472155073920483,2.7999999999999998,BYPASS,YIELD,RUNNING
1714,34.280000000000001,1,-1.6602904730904766,-31.343825803774997,2.7999999999999998,2.1899980704636182,-30.472155073920483,2.7999999999999998,BYPASS,YIELD,RUNNING
1714,34.280000000000001,1,-1.6602904730904766,-31.343825803774997,2.7999999999999998,2.1899980704636182,-30.472155073920483,2.7999999999999998,BYPASS,YIELD,RUNNING
1714,34.280000000000001,1,-1.6602904730904766,-31.343825803774997,2.7999999999999998,2.1899980704636182,-30.472155073920483,2.7999999999999998,BYPASS,YIELD,RUNNING
1714,34.280000000000001,1,-1.6602904730904766,-31.343825803774997,2.7999999999999998,2.1899980704636182,-30.472155073920483,2.7999999999999998,BYPASS,YIELD,RUNNING
1714,34.280000000000001,1,-1.6602904730904766,-31.343825803774997,2.7999999999999998,2.1899980704636182,-30.472155073920483,2.7999999999999998,BYPASS,YIELD,RUNNING
1714,34.280000000000001,1,-1.6602904730904766,-31.343825803774997,2.7999999999999998,2.1899980704636182,-30.472155073920483,2.7999999999999998,BYPASS,YIELD,RUNNING
1714,34.280000000000001,1,-1.6602904730904766,-31.343825803774997,2.7999999999999998,2.1899980704636182,-30.472155073920483,2.7999999999999998,BYPASS,YIELD,RUNNING
1714,34.280000000000001,1,-1.6602904730904766,-31.343825803774997,2.7999999999999998,2.1899980704636182,-30.472155073920483,2.7999999999999998,BYPASS,YIELD,RUNNING
1714,34.280000000000001,1,-1.6602904730904766,-31.343825803774997,2.7999999999999998,2.1899980704636182,-30.472155073920483,2.7999999999999998,BYPASS,YIELD,RUNNING
1714,34.280000000000001,1,-1.6602904730904766,-31.343825803774997,2.7999999999999998,2.1899980704636182,-30.472155073920483,2.7999999999999998,BYPASS,YIELD,RUNNING
1714,34.280000000000001,1,-1.6602904730904766,-31.343825803774997,2.7999999999999998,2.1899980704636182,-30.472155073920483,2.7999999999999998,BYPASS,YIELD,RUNNING
1714,34.280000000000001,1,-1.6602904730904766,-31.343825803774997,2.7999999999999998,2.1899980704636182,-30.472155073920483,2.7999999999999998,BYPASS,YIELD,RUNNING
1714,34.280000000000001,1,-1.6602904730904766,-31.343825803774997,2.7999999999999998,2.1899980704636182,-30.472155073920483,2.7999999999999998,BYPASS,YIELD,RUNNING
1714,34.280000000000001,1,-1.6602904730904766,-31.343825803774997,2.7999999999999998,2.1899980704636182,-30.472155073920483,2.7999999999999998,BYPASS,YIELD,RUNNING
1714,34.280000000000001,1,-1.6602904730904766,-31.343825803774997,2.7999999999999998,2.1899980704636182,-30.472155073920483,2.7999999999999998,BYPASS,YIELD,RUNNING
1714,34.280000000000001,1,-1.6602904730904766,-31.343825803774997,2.7999999999999998,2.1899980704636182,-30.472155073920483,2.7999999999999998,BYPASS,YIELD,RUNNING
1714,34.280000000000001,1,-1.6602904730904766,-31.343825803774997,2.7999999999999998,2.1899980704636182,-30.472155073920483,2.7999999999999998,BYPASS,YIELD,RUNNING
1714,34.280000000000001,1,-1.6602904730904766,-31.343825803774997,2.7999999999999998,2.1899980704636182,-30.472155073920483,2.7999999999999998,BYPASS,YIELD,RUNNING
1714,34.280000000000001,1,-1.6602904730904766,-31.343825803774997,2.7999999999999998,2.1899980704636182,-30.472155073920483,2.7999999999999998,BYPASS,YIELD,RUNNING
1714,34.280000000000001,1,-1.6602904730904766,-31.343825803774997,2.7999999999999998,2.1899980704636182,-30.472155073920483,2.7999999999999998,BYPASS,YIELD,RUNNING
1714,34.280000000000001,1,-1.6602904730904766,-31.343825803774997,2.7999999999999998,2.1899980704636182,-30.472155073920483,2.7999999999999998,BYPASS,YIELD,RUNNING
1714,34.280000000000001,1,-1.6602904730904766,-31.343825803774997,2.7999999999999998,2.1899980704636182,-30.472155073920483,2.7999999999999998,BYPASS,YIELD,RUNNING
1714,34.280000000000001,1,-1.6602904730904766,-31.343825803774997,2.7999999999999998,2.1899980704636182,-30.472155073920483,2.7999999999999998,BYPASS,YIELD,RUNNING
1714,34.280000000000001,1,-1.6602904730904766,-31.343825803774997,2.7999999999999998,2.1899980704636182,-30.472155073920483,2.7999999999999998,BYPASS,YIELD,RUNNING
1714,34.280000000000001,1,-1.6602904730904766,-31.343825803774997,2.7999999999999998,2.1899980704636182,-30.472155073920483,2.7999999999999998,BYPASS,YIELD,RUNNING
1714,34.280000000000001,1,-1.6602904730904766,-31.343825803774997,2.7999999999999998,2.1899980704636182,-30.472155073920483,2.7999999999999998,BYPASS,YIELD,RUNNING
1714,34.280000000000001,1,-1.6602904730904766,-31.343825803774997,2.7999999999999998,2.1899980704636182,-30.472155073920483,2.7999999999999998,BYPASS,YIELD,RUNNING
1714,34.280000000000001,1,-1.6602904730904766,-31.343825803774997,2.7999999999999998,2.1899980704636182,-30.472155073920483,2.7999999999999998,BYPASS,YIELD,RUNNING
1714,34.280000000000001,1,-1.6602904730904766,-31.343825803774997,2.7999999999999998,2.1899980704636182,-30.472155073920483,2.7999999999999998,BYPASS,YIELD,RUNNING
1714,34.280000000000001,1,-1.6602904730904766,-31.343825803774997,2.7999999999999998,2.1899980704636182,-30.472155073920483,2.7999999999999998,BYPASS,YIELD,RUNNING
1714,34.280000000000001,1,-1.6602904730904766,-31.343825803774997,2.7999999999999998,2.1899980704636182,-30.472155073920483,2.7999999999999998,BYPASS,YIELD,RUNNING
1714,34.280000000000001,1,-1.6602904730904766,-31.343825803774997,2.7999999999999998,2.1899980704636182,-30.472155073920483,2.7999999999999998,BYPASS,YIELD,RUNNING
1714,34.280000000000001,1,-1.6602904730904766,-31.343825803774997,2.7999999999999998,2.1899980704636182,-30.472155073920483,2.7999999999999998,BYPASS,YIELD,RUNNING
1714,34.280000000000001,1,-1.6602904730904766,-31.343825803774997,2.7999999999999998,2.1899980704636182,-30.472155073920483,2.7999999999999998,BYPASS,YIELD,RUNNING
1714,34.280000000000001,1,-1.6602904730904766,-31.343825803774997,2.7999999999999998,2.1899980704636182,-30.472155073920483,2.7999999999999998,BYPASS,YIELD,RUNNING
1714,34.280000000000001,1,-1.6602904730904766,-31.343825803774997,2.7999999999999998,2.1899980704636182,-30.472155073920483,2.7999999999999998,BYPASS,YIELD,RUNNING
1714,34.280000000000001,1,-1.6602904730904766,-31.343825803774997,2.7999999999999998,2.1899980704636182,-30.472155073920483,2.7999999999999998,BYPASS,YIELD,RUNNING
1714,34.280000000000001,1,-1.6602904730904766,-31.343825803774997,2.7999999999999998,2.1899980704636182,-30.472155073920483,2.7999999999999998,BYPASS,YIELD,RUNNING
1714,34.280000000000001,1,-1.6602904730904766,-31.343825803774997,2.7999999999999998,2.1899980704636182,-30.472155073920483,2.7999999999999998,BYPASS,YIELD,RUNNING
1714,34.280000000000001,1,-1.6602904730904766,-31.343825803774997,2.7999999999999998,2.1899980704636182,-30.472155073920483,2.7999999999999998,BYPASS,YIELD,RUNNING
1714,34.280000000000001,1,-1.6602904730904766,-31.343825803774997,2.7999999999999998,2.1899980704636182,-30.472155073920483,2.7999999999999998,BYPASS,YIELD,RUNNING
1714,34.280000000000001,1,-1.6602904730904766,-31.343825803774997,2.7999999999999998,2.1899980704636182,-30.472155073920483,2.7999999999999998,BYPASS,YIELD,RUNNING
1714,34.280000000000001,1,-1.6602904730904766,-31.343825803774997,2.7999999999999998,2.1899980704636182,-30.472155073920483,2.7999999999999998,BYPASS,YIELD,RUNNING
1714,34.280000000000001,1,-1.6602904730904766,-31.343825803774997,2.7999999999999998,2.1899980704636182,-30.472155073920483,2.7999999999999998,BYPASS,YIELD,RUNNING
1714,34.280000000000001,1,-1.6602904730904766,-31.343825803774997,2.7999999999999998,2.1899980704636182,-30.472155073920483,2.7999999999999998,BYPASS,YIELD,RUNNING
1714,34.280000000000001,1,-1.6602904730904766,-31.343825803774997,2.7999999999999998,2.1899980704636182,-30.472155073920483,2.7999999999999998,BYPASS,YIELD,RUNNING
1714,34.280000000000001,1,-1.6602904730904766,-31.343825803774997,2.7999999999999998,2.1899980704636182,-30.472155073920483,2.7999999999999998,BYPASS,YIELD,RUNNING
1714,34.280000000000001,1,-1.6602904730904766,-31.343825803774997,2.7999999999999998,2.1899980704636182,-30.472155073920483,2.7999999999999998,BYPASS,YIELD,RUNNING
1714,34.280000000000001,1,-1.6602904730904766,-31.343825803774997,2.7999999999999998,2.1899980704636182,-30.472155073920483,2.7999999999999998,BYPASS,YIELD,RUNNING
1714,34.280000000000001,1,-1.6602904730904766,-31.343825803774997,2.7999999999999998,2.1899980704636182,-30.472155073920483,2.7999999999999998,BYPASS,YIELD,RUNNING
1714,34.280000000000001,1,-1.6602904730904766,-31.343825803774997,2.7999999999999998,2.1899980704636182,-30.472155073920483,2.7999999999999998,BYPASS,YIELD,RUNNING
1714,34.280000000000001,1,-1.6602904730904766,-31.343825803774997,2.7999999999999998,2.1899980704636182,-30.472155073920483,2.7999999999999998,BYPASS,YIELD,RUNNING
1714,34.280000000000001,1,-1.6602904730904766,-31.343825803774997,2.7999999999999998,2.1899980704636182,-30.472155073920483,2.7999999999999998,BYPASS,YIELD,RUNNING
1714,34.280000000000001,1,-1.6602904730904766,-31.343825803774997,2.7999999999999998,2.1899980704636182,-30.472155073920483,2.7999999999999998,BYPASS,YIELD,RUNNING
1714,34.280000000000001,1,-1.6602904730904766,-31.343825803774997,2.7999999999999998,2.1899980704636182,-30.472155073920483,2.7999999999999998,BYPASS,YIELD,RUNNING
1714,34.280000000000001,1,-1.6602904730904766,-31.343825803774997,2.7999999999999998,2.1899980704636182,-30.472155073920483,2.7999999999999998,BYPASS,YIELD,RUNNING
1714,34.280000000000001,1,-1.6602904730904766,-31.343825803774997,2.7999999999999998,2.1899980704636182,-30.472155073920483,2.7999999999999998,BYPASS,YIELD,RUNNING
1714,34.280000000000001,1,-1.6602904730904766,-31.343825803774997,2.7999999999999998,2.1899980704636182,-30.472155073920483,2.7999999999999998,BYPASS,YIELD,RUNNING
1714,34.280000000000001,1,-1.6602904730904766,-31.343825803774997,2.7999999999999998,2.1899980704636182,-30.472155073920483,2.7999999999999998,BYPASS,YIELD,RUNNING
1714,34.280000000000001,1,-1.6602904730904766,-31.343825803774997,2.7999999999999998,2.1899980704636182,-30.472155073920483,2.7999999999999998,BYPASS,YIELD,RUNNING
1714,34.280000000000001,1,-1.6602904730904766,-31.343825803774997,2.7999999999999998,2.1899980704636182,-30.472155073920483,2.7999999999999998,BYPASS,YIELD,RUNNING
1714,34.280000000000001,1,-1.6602904730904766,-31.343825803774997,2.7999999999999998,2.1899980704636182,-30.472155073920483,2.7999999999999998,BYPASS,YIELD,RUNNING
1714,34.280000000000001,1,-1.6602904730904766,-31.343825803774997,2.7999999999999998,2.1899980704636182,-30.472155073920483,2.7999999999999998,BYPASS,YIELD,RUNNING
1714,34.280000000000001,1,-1.6602904730904766,-31.343825803774997,2.7999999999999998,2.1899980704636182,-30.472155073920483,2.7999999999999998,BYPASS,YIELD,RUNNING
1714,34.280000000000001,1,-1.6602904730904766,-31.343825803774997,2.7999999999999998,2.1899980704636182,-30.472155073920483,2.7999999999999998,BYPASS,YIELD,RUNNING
1714,34.280000000000001,1,-1.6602904730904766,-31.343825803774997,2.7999999999999998,2.1899980704636182,-30.472155073920483,2.7999999999999998,BYPASS,YIELD,RUNNING
1714,34.280000000000001,1,-1.6602904730904766,-31.343825803774997,2.7999999999999998,2.1899980704636182,-30.472155073920483,2.7999999999999998,BYPASS,YIELD,RUNNING
1714,34.280000000000001,1,-1.6602904730904766,-31.343825803774997,2.7999999999999998,2.1899980704636182,-30.472155073920483,2.7999999999999998,BYPASS,YIELD,RUNNING
1714,34.280000000000001,1,-1.6602904730904766,-31.343825803774997,2.7999999999999998,2.1899980704636182,-30.472155073920483,2.7999999999999998,BYPASS,YIELD,RUNNING
1714,34.280000000000001,1,-1.6602904730904766,-31.343825803774997,2.7999999999999998,2.1899980704636182,-30.472155073920483,2.7999999999999998,BYPASS,YIELD,RUNNING
1714,34.280000000000001,1,-1.6602904730904766,-31.343825803774997,2.7999999999999998,2.1899980704636182,-30.472155073920483,2.7999999999999998,BYPASS,YIELD,RUNNING
1714,34.280000000000001,1,-1.6602904730904766,-31.343825803774997,2.7999999999999998,2.1899980704636182,-30.472155073920483,2.7999999999999998,BYPASS,YIELD,RUNNING
1714,34.280000000000001,1,-1.6602904730904766,-31.343825803774997,2.7999999999999998,2.1899980704636182,-30.472155073920483,2.7999999999999998,BYPASS,YIELD,RUNNING
1714,34.280000000000001,1,-1.6602904730904766,-31.343825803774997,2.7999999999999998,2.1899980704636182,-30.472155073920483,2.7999999999999998,BYPASS,YIELD,RUNNING
1714,34.280000000000001,1,-1.6602904730904766,-31.343825803774997,2.7999999999999998,2.1899980704636182,-30.472155073920483,2.7999999999999998,BYPASS,YIELD,RUNNING
1714,34.280000000000001,1,-1.6602904730904766,-31.343825803774997,2.7999999999999998,2.1899980704636182,-30.472155073920483,2.7999999999999998,BYPASS,YIELD,RUNNING
1714,34.280000000000001,1,-1.6602904730904766,-31.343825803774997,2.7999999999999998,2.1899980704636182,-30.472155073920483,2.7999999999999998,BYPASS,YIELD,RUNNING
1714,34.280000000000001,1,-1.6602904730904766,-31.343825803774997,2.7999999999999998,2.1899980704636182,-30.472155073920483,2.7999999999999998,BYPASS,YIELD,RUNNING
1714,34.280000000000001,1,-1.6602904730904766,-31.343825803774997,2.7999999999999998,2.1899980704636182,-30.472155073920483,2.7999999999999998,BYPASS,YIELD,RUNNING
1714,34.280000000000001,1,-1.6602904730904766,-31.343825803774997,2.7999999999999998,2.1899980704636182,-30.472155073920483,2.7999999999999998,BYPASS,YIELD,RUNNING
1714,34.280000000000001,1,-1.6602904730904766,-31.343825803774997,2.7999999999999998,2.1899980704636182,-30.472155073920483,2.7999999999999998,BYPASS,YIELD,RUNNING
1714,34.280000000000001,1,-1.6602904730904766,-31.343825803774997,2.7999999999999998,2.1899980704636182,-30.472155073920483,2.7999999999999998,BYPASS,YIELD,RUNNING
1714,34.280000000000001,1,-1.6602904730904766,-31.343825803774997,2.7999999999999998,2.1899980704636182,-30.472155073920483,2.7999999999999998,BYPASS,YIELD,RUNNING
1714,34.280000000000001,1,-1.6602904730904766,-31.343825803774997,2.7999999999999998,2.1899980704636182,-30.472155073920483,2.7999999999999998,BYPASS,YIELD,RUNNING
1714,34.280000000000001,1,-1.6602904730904766,-31.343825803774997,2.7999999999999998,2.1899980704636182,-30.472155073920483,2.7999999999999998,BYPASS,YIELD,RUNNING
1714,34.280000000000001,1,-1.6602904730904766,-31.343825803774997,2.7999999999999998,2.1899980704636182,-30.472155073920483,2.7999999999999998,BYPASS,YIELD,RUNNING
1714,34.280000000000001,1,-1.6602904730904766,-31.343825803774997,2.7999999999999998,2.1899980704636182,-30.472155073920483,2.7999999999999998,BYPASS,YIELD,RUNNING
1714,34.280000000000001,1,-1.6602904730904766,-31.343825803774997,2.7999999999999998,2.1899980704636182,-30.472155073920483,2.7999999999999998,BYPASS,YIELD,RUNNING
1714,34.280000000000001,1,-1.6602904730904766,-31.343825803774997,2.7999999999999998,2.1899980704636182,-30.472155073920483,2.7999999999999998,BYPASS,YIELD,RUNNING
1714,34.280000000000001,1,-1.6602904730904766,-31.343825803774997,2.7999999999999998,2.1899980704636182,-30.472155073920483,2.7999999999999998,BYPASS,YIELD,RUNNING
1714,34.280000000000001,1,-1.6602904730904766,-31.343825803774997,2.7999999999999998,2.1899980704636182,-30.472155073920483,2.7999999999999998,BYPASS,YIELD,RUNNING
1714,34.280000000000001,1,-1.6602904730904766,-31.343825803774997,2.7999999999999998,2.1899980704636182,-30.472155073920483,2.7999999999999998,BYPASS,YIELD,RUNNING
1714,34.280000000000001,1,-1.6602904730904766,-31.343825803774997,2.7999999999999998,2.1899980704636182,-30.472155073920483,2.7999999999999998,BYPASS,YIELD,RUNNING
1714,34.280000000000001,1,-1.6602904730904766,-31.343825803774997,2.7999999999999998,2.1899980704636182,-30.472155073920483,2.7999999999999998,BYPASS,YIELD,RUNNING
1714,34.280000000000001,1,-1.6602904730904766,-31.343825803774997,2.7999999999999998,2.1899980704636182,-30.472155073920483,2.7999999999999998,BYPASS,YIELD,RUNNING
1714,34.280000000000001,1,-1.6602904730904766,-31.343825803774997,2.7999999999999998,2.1899980704636182,-30.472155073920483,2.7999999999999998,BYPASS,YIELD,RUNNING
1714,34.280000000000001,1,-1.6602904730904766,-31.343825803774997,2.7999999999999998,2.1899980704636182,-30.472155073920483,2.7999999999999998,BYPASS,YIELD,RUNNING
1714,34.280000000000001,1,-1.6602904730904766,-31.343825803774997,2.7999999999999998,2.1899980704636182,-30.472155073920483,2.7999999999999998,BYPASS,YIELD,RUNNING
1714,34.280000000000001,1,-1.6602904730904766,-31.343825803774997,2.7999999999999998,2.1899980704636182,-30.472155073920483,2.7999999999999998,BYPASS,YIELD,RUNNING
1714,34.280000000000001,1,-1.6602904730904766,-31.343825803774997,2.7999999999999998,2.1899980704636182,-30.472155073920483,2.7999999999999998,BYPASS,YIELD,RUNNING
1714,34.280000000000001,1,-1.6602904730904766,-31.343825803774997,2.7999999999999998,2.1899980704636182,-30.472155073920483,2.7999999999999998,BYPASS,YIELD,RUNNING
1714,34.280000000000001,1,-1.6602904730904766,-31.343825803774997,2.7999999999999998,2.1899980704636182,-30.472155073920483,2.7999999999999998,BYPASS,YIELD,RUNNING
1714,34.280000000000001,1,-1.6602904730904766,-31.343825803774997,2.7999999999999998,2.1899980704636182,-30.472155073920483,2.7999999999999998,BYPASS,YIELD,RUNNING
1714,34.280000000000001,1,-1.6602904730904766,-31.343825803774997,2.7999999999999998,2.1899980704636182,-30.472155073920483,2.7999999999999998,BYPASS,YIELD,RUNNING
1714,34.280000000000001,1,-1.6602904730904766,-31.343825803774997,2.7999999999999998,2.1899980704636182,-30.472155073920483,2.7999999999999998,BYPASS,YIELD,RUNNING
1714,34.280000000000001,1,-1.6602904730904766,-31.343825803774997,2.7999999999999998,2.1899980704636182,-30.472155073920483,2.7999999999999998,BYPASS,YIELD,RUNNING
1714,34.280000000000001,1,-1.6602904730904766,-31.343825803774997,2.7999999999999998,2.1899980704636182,-30.472155073920483,2.7999999999999998,BYPASS,YIELD,RUNNING
1714,34.280000000000001,1,-1.6602904730904766,-31.343825803774997,2.7999999999999998,2.1899980704636182,-30.472155073920483,2.7999999999999998,BYPASS,YIELD,RUNNING
1714,34.280000000000001,1,-1.6602904730904766,-31.343825803774997,2.7999999999999998,2.1899980704636182,-30.472155073920483,2.7999999999999998,BYPASS,YIELD,RUNNING
1714,34.280000000000001,1,-1.6602904730904766,-31.343825803774997,2.7999999999999998,2.1899980704636182,-30.472155073920483,2.7999999999999998,BYPASS,YIELD,RUNNING
1714,34.280000000000001,1,-1.6602904730904766,-31.343825803774997,2.7999999999999998,2.1899980704636182,-30.472155073920483,2.7999999999999998,BYPASS,YIELD,RUNNING
1714,34.280000000000001,1,-1.6602904730904766,-31.343825803774997,2.7999999999999998,2.1899980704636182,-30.472155073920483,2.7999999999999998,BYPASS,YIELD,RUNNING
1714,34.280000000000001,1,-1.6602904730904766,-31.343825803774997,2.7999999999999998,2.1899980704636182,-30.472155073920483,2.7999999999999998,BYPASS,YIELD,RUNNING
1714,34.280000000000001,1,-1.6602904730904766,-31.343825803774997,2.7999999999999998,2.1899980704636182,-30.472155073920483,2.7999999999999998,BYPASS,YIELD,RUNNING
1714,34.280000000000001,1,-1.6602904730904766,-31.343825803774997,2.7999999999999998,2.1899980704636182,-30.472155073920483,2.7999999999999998,BYPASS,YIELD,RUNNING
1714,34.280000000000001,1,-1.6602904730904766,-31.343825803774997,2.7999999999999998,2.1899980704636182,-30.472155073920483,2.7999999999999998,BYPASS,YIELD,RUNNING
1714,34.280000000000001,1,-1.6602904730904766,-31.343825803774997,2.7999999999999998,2.1899980704636182,-30.472155073920483,2.7999999999999998,BYPASS,YIELD,RUNNING
1714,34.280000000000001,1,-1.6602904730904766,-31.343825803774997,2.7999999999999998,2.1899980704636182,-30.472155073920483,2.7999999999999998,BYPASS,YIELD,RUNNING
1714,34.280000000000001,1,-1.6602904730904766,-31.343825803774997,2.7999999999999998,2.1899980704636182,-30.472155073920483,2.7999999999999998,BYPASS,YIELD,RUNNING
1714,34.280000000000001,1,-1.6602904730904766,-31.343825803774997,2.7999999999999998,2.1899980704636182,-30.472155073920483,2.7999999999999998,BYPASS,YIELD,RUNNING
1714,34.280000000000001,1,-1.6602904730904766,-31.343825803774997,2.7999999999999998,2.1899980704636182,-30.472155073920483,2.7999999999999998,BYPASS,YIELD,RUNNING
1714,34.280000000000001,1,-1.6602904730904766,-31.343825803774997,2.7999999999999998,2.1899980704636182,-30.472155073920483,2.7999999999999998,BYPASS,YIELD,RUNNING
1714,34.280000000000001,1,-1.6602904730904766,-31.343825803774997,2.7999999999999998,2.1899980704636182,-30.472155073920483,2.7999999999999998,BYPASS,YIELD,RUNNING
1714,34.280000000000001,1,-1.6602904730904766,-31.343825803774997,2.7999999999999998,2.1899980704636182,-30.472155073920483,2.7999999999999998,BYPASS,YIELD,RUNNING
1714,34.280000000000001,1,-1.6602904730904766,-31.343825803774997,2.7999999999999998,2.1899980704636182,-30.472155073920483,2.7999999999999998,BYPASS,YIELD,RUNNING
1714,34.280000000000001,1,-1.6602904730904766,-31.343825803774997,2.7999999999999998,2.1899980704636182,-30.472155073920483,2.7999999999999998,BYPASS,YIELD,RUNNING
1714,34.280000000000001,1,-1.6602904730904766,-31.343825803774997,2.7999999999999998,2.1899980704636182,-30.472155073920483,2.7999999999999998,BYPASS,YIELD,RUNNING
1714,34.280000000000001,1,-1.6602904730904766,-31.343825803774997,2.7999999999999998,2.1899980704636182,-30.472155073920483,2.7999999999999998,BYPASS,YIELD,RUNNING
1714,34.280000000000001,1,-1.6602904730904766,-31.343825803774997,2.7999999999999998,2.1899980704636182,-30.472155073920483,2.7999999999999998,BYPASS,YIELD,RUNNING
1714,34.280000000000001,1,-1.6602904730904766,-31.343825803774997,2.7999999999999998,2.1899980704636182,-30.472155073920483,2.7999999999999998,BYPASS,YIELD,RUNNING
1714,34.280000000000001,1,-1.6602904730904766,-31.343825803774997,2.7999999999999998,2.1899980704636182,-30.472155073920483,2.7999999999999998,BYPASS,YIELD,RUNNING
1714,34.280000000000001,1,-1.6602904730904766,-31.343825803774997,2.7999999999999998,2.1899980704636182,-30.472155073920483,2.7999999999999998,BYPASS,YIELD,RUNNING
1714,34.280000000000001,1,-1.6602904730904766,-31.343825803774997,2.7999999999999998,2.1899980704636182,-30.472155073920483,2.7999999999999998,BYPASS,YIELD,RUNNING
1714,34.280000000000001,1,-1.6602904730904766,-31.343825803774997,2.7999999999999998,2.1899980704636182,-30.472155073920483,2.7999999999999998,BYPASS,YIELD,RUNNING
1714,34.280000000000001,1,-1.6602904730904766,-31.343825803774997,2.7999999999999998,2.1899980704636182,-30.472155073920483,2.7999999999999998,BYPASS,YIELD,RUNNING
1714,34.280000000000001,1,-1.6602904730904766,-31.343825803774997,2.7999999999999998,2.1899980704636182,-30.472155073920483,2.7999999999999998,BYPASS,YIELD,RUNNING
1714,34.280000000000001,1,-1.6602904730904766,-31.343825803774997,2.7999999999999998,2.1899980704636182,-30.472155073920483,2.7999999999999998,BYPASS,YIELD,RUNNING
1714,34.280000000000001,1,-1.6602904730904766,-31.343825803774997,2.7999999999999998,2.1899980704636182,-30.472155073920483,2.7999999999999998,BYPASS,YIELD,RUNNING
1714,34.280000000000001,1,-1.6602904730904766,-31.343825803774997,2.7999999999999998,2.1899980704636182,-30.472155073920483,2.7999999999999998,BYPASS,YIELD,RUNNING
1714,34.280000000000001,1,-1.6602904730904766,-31.343825803774997,2.7999999999999998,2.1899980704636182,-30.472155073920483,2.7999999999999998,BYPASS,YIELD,RUNNING
1714,34.280000000000001,1,-1.6602904730904766,-31.343825803774997,2.7999999999999998,2.1899980704636182,-30.472155073920483,2.7999999999999998,BYPASS,YIELD,RUNNING
1714,34.280000000000001,1,-1.6602904730904766,-31.343825803774997,2.7999999999999998,2.1899980704636182,-30.472155073920483,2.7999999999999998,BYPASS,YIELD,RUNNING
1714,34.280000000000001,1,-1.6602904730904766,-31.343825803774997,2.7999999999999998,2.1899980704636182,-30.472155073920483,2.7999999999999998,BYPASS,YIELD,RUNNING
1714,34.280000000000001,1,-1.6602904730904766,-31.343825803774997,2.7999999999999998,2.1899980704636182,-30.472155073920483,2.7999999999999998,BYPASS,YIELD,RUNNING
1714,34.280000000000001,1,-1.6602904730904766,-31.343825803774997,2.7999999999999998,2.1899980704636182,-30.472155073920483,2.7999999999999998,BYPASS,YIELD,RUNNING
1714,34.280000000000001,1,-1.6602904730904766,-31.343825803774997,2.7999999999999998,2.1899980704636182,-30.472155073920483,2.7999999999999998,BYPASS,YIELD,RUNNING
1714,34.280000000000001,1,-1.6602904730904766,-31.343825803774997,2.7999999999999998,2.1899980704636182,-30.472155073920483,2.7999999999999998,BYPASS,YIELD,RUNNING
1714,34.280000000000001,1,-1.6602904730904766,-31.343825803774997,2.7999999999999998,2.1899980704636182,-30.472155073920483,2.7999999999999998,BYPASS,YIELD,RUNNING
1714,34.280000000000001,1,-1.6602904730904766,-31.343825803774997,2.7999999999999998,2.1899980704636182,-30.472155073920483,2.7999999999999998,BYPASS,YIELD,RUNNING
1714,34.280000000000001,1,-1.6602904730904766,-31.343825803774997,2.7999999999999998,2.1899980704636182,-30.472155073920483,2.7999999999999998,BYPASS,YIELD,RUNNING
1714,34.280000000000001,1,-1.6602904730904766,-31.343825803774997,2.7999999999999998,2.1899980704636182,-30.472155073920483,2.7999999999999998,BYPASS,YIELD,RUNNING
1714,34.280000000000001,1,-1.6602904730904766,-31.343825803774997,2.7999999999999998,2.1899980704636182,-30.472155073920483,2.7999999999999998,BYPASS,YIELD,RUNNING
1714,34.280000000000001,1,-1.6602904730904766,-31.343825803774997,2.7999999999999998,2.1899980704636182,-30.472155073920483,2.7999999999999998,BYPASS,YIELD,RUNNING
1714,34.280000000000001,1,-1.6602904730904766,-31.343825803774997,2.7999999999999998,2.1899980704636182,-30.472155073920483,2.7999999999999998,BYPASS,YIELD,RUNNING
1714,34.280000000000001,1,-1.6602904730904766,-31.343825803774997,2.7999999999999998,2.1899980704636182,-30.472155073920483,2.7999999999999998,BYPASS,YIELD,RUNNING
1714,34.280000000000001,1,-1.6602904730904766,-31.343825803774997,2.7999999999999998,2.1899980704636182,-30.472155073920483,2.7999999999999998,BYPASS,YIELD,RUNNING
1714,34.280000000000001,1,-1.6602904730904766,-31.343825803774997,2.7999999999999998,2.1899980704636182,-30.472155073920483,2.7999999999999998,BYPASS,YIELD,RUNNING
1714,34.280000000000001,1,-1.6602904730904766,-31.343825803774997,2.7999999999999998,2.1899980704636182,-30.472155073920483,2.7999999999999998,BYPASS,YIELD,RUNNING
1714,34.280000000000001,1,-1.6602904730904766,-31.343825803774997,2.7999999999999998,2.1899980704636182,-30.472155073920483,2.7999999999999998,BYPASS,YIELD,RUNNING
1714,34.280000000000001,1,-1.6602904730904766,-31.343825803774997,2.7999999999999998,2.1899980704636182,-30.472155073920483,2.7999999999999998,BYPASS,YIELD,RUNNING
1714,34.280000000000001,1,-1.6602904730904766,-31.343825803774997,2.7999999999999998,2.1899980704636182,-30.472155073920483,2.7999999999999998,BYPASS,YIELD,RUNNING
1714,34.280000000000001,1,-1.6602904730904766,-31.343825803774997,2.7999999999999998,2.1899980704636182,-30.472155073920483,2.7999999999999998,BYPASS,YIELD,RUNNING
1714,34.280000000000001,1,-1.6602904730904766,-31.343825803774997,2.7999999999999998,2.1899980704636182,-30.472155073920483,2.7999999999999998,BYPASS,YIELD,RUNNING
1714,34.280000000000001,1,-1.6602904730904766,-31.343825803774997,2.7999999999999998,2.1899980704636182,-30.472155073920483,2.7999999999999998,BYPASS,YIELD,RUNNING
1714,34.280000000000001,1,-1.6602904730904766,-31.343825803774997,2.7999999999999998,2.1899980704636182,-30.472155073920483,2.7999999999999998,BYPASS,YIELD,RUNNING
1714,34.280000000000001,1,-1.6602904730904766,-31.343825803774997,2.7999999999999998,2.1899980704636182,-30.472155073920483,2.7999999999999998,BYPASS,YIELD,RUNNING
1714,34.280000000000001,1,-1.6602904730904766,-31.343825803774997,2.7999999999999998,2.1899980704636182,-30.472155073920483,2.7999999999999998,BYPASS,YIELD,RUNNING
1714,34.280000000000001,1,-1.6602904730904766,-31.343825803774997,2.7999999999999998,2.1899980704636182,-30.472155073920483,2.7999999999999998,BYPASS,YIELD,RUNNING
1714,34.280000000000001,1,-1.6602904730904766,-31.343825803774997,2.7999999999999998,2.1899980704636182,-30.472155073920483,2.7999999999999998,BYPASS,YIELD,RUNNING
1714,34.280000000000001,1,-1.6602904730904766,-31.343825803774997,2.7999999999999998,2.1899980704636182,-30.472155073920483,2.7999999999999998,BYPASS,YIELD,RUNNING
1714,34.280000000000001,1,-1.6602904730904766,-31.343825803774997,2.7999999999999998,2.1899980704636182,-30.472155073920483,2.7999999999999998,BYPASS,YIELD,RUNNING
1714,34.280000000000001,1,-1.6602904730904766,-31.343825803774997,2.7999999999999998,2.1899980704636182,-30.472155073920483,2.7999999999999998,BYPASS,YIELD,RUNNING
1714,34.280000000000001,1,-1.6602904730904766,-31.343825803774997,2.7999999999999998,2.1899980704636182,-30.472155073920483,2.7999999999999998,BYPASS,YIELD,RUNNING
1714,34.280000000000001,1,-1.6602904730904766,-31.343825803774997,2.7999999999999998,2.1899980704636182,-30.472155073920483,2.7999999999999998,BYPASS,YIELD,RUNNING
1714,34.280000000000001,1,-1.6602904730904766,-31.343825803774997,2.7999999999999998,2.1899980704636182,-30.472155073920483,2.7999999999999998,BYPASS,YIELD,RUNNING
1714,34.280000000000001,1,-1.6602904730904766,-31.343825803774997,2.7999999999999998,2.1899980704636182,-30.472155073920483,2.7999999999999998,BYPASS,YIELD,RUNNING
1714,34.280000000000001,1,-1.6602904730904766,-31.343825803774997,2.7999999999999998,2.1899980704636182,-30.472155073920483,2.7999999999999998,BYPASS,YIELD,RUNNING
1714,34.280000000000001,1,-1.6602904730904766,-31.343825803774997,2.7999999999999998,2.1899980704636182,-30.472155073920483,2.7999999999999998,BYPASS,YIELD,RUNNING
1714,34.280000000000001,1,-1.6602904730904766,-31.343825803774997,2.7999999999999998,2.1899980704636182,-30.472155073920483,2.7999999999999998,BYPASS,YIELD,RUNNING
1714,34.280000000000001,1,-1.6602904730904766,-31.343825803774997,2.7999999999999998,2.1899980704636182,-30.472155073920483,2.7999999999999998,BYPASS,YIELD,RUNNING
1714,34.280000000000001,1,-1.6602904730904766,-31.343825803774997,2.7999999999999998,2.1899980704636182,-30.472155073920483,2.7999999999999998,BYPASS,YIELD,RUNNING
1714,34.280000000000001,1,-1.6602904730904766,-31.343825803774997,2.7999999999999998,2.1899980704636182,-30.472155073920483,2.7999999999999998,BYPASS,YIELD,RUNNING
1714,34.280000000000001,1,-1.6602904730904766,-31.343825803774997,2.7999999999999998,2.1899980704636182,-30.472155073920483,2.7999999999999998,BYPASS,YIELD,RUNNING
1714,34.280000000000001,1,-1.6602904730904766,-31.343825803774997,2.7999999999999998,2.1899980704636182,-30.472155073920483,2.7999999999999998,BYPASS,YIELD,RUNNING
1714,34.280000000000001,1,-1.6602904730904766,-31.343825803774997,2.7999999999999998,2.1899980704636182,-30.472155073920483,2.7999999999999998,BYPASS,YIELD,RUNNING
1714,34.280000000000001,1,-1.6602904730904766,-31.343825803774997,2.7999999999999998,2.1899980704636182,-30.472155073920483,2.7999999999999998,BYPASS,YIELD,RUNNING
1714,34.280000000000001,1,-1.6602904730904766,-31.343825803774997,2.7999999999999998,2.1899980704636182,-30.472155073920483,2.7999999999999998,BYPASS,YIELD,RUNNING
1714,34.280000000000001,1,-1.6602904730904766,-31.343825803774997,2.7999999999999998,2.1899980704636182,-30.472155073920483,2.7999999999999998,BYPASS,YIELD,RUNNING
1714,34.280000000000001,1,-1.6602904730904766,-31.343825803774997,2.7999999999999998,2.1899980704636182,-30.472155073920483,2.7999999999999998,BYPASS,YIELD,RUNNING
1714,34.280000000000001,1,-1.6602904730904766,-31.343825803774997,2.7999999999999998,2.1899980704636182,-30.472155073920483,2.7999999999999998,BYPASS,YIELD,RUNNING
1714,34.280000000000001,1,-1.6602904730904766,-31.343825803774997,2.7999999999999998,2.1899980704636182,-30.472155073920483,2.7999999999999998,BYPASS,YIELD,RUNNING
1714,34.280000000000001,1,-1.6602904730904766,-31.343825803774997,2.7999999999999998,2.1899980704636182,-30.472155073920483,2.7999999999999998,BYPASS,YIELD,RUNNING
1714,34.280000000000001,1,-1.6602904730904766,-31.343825803774997,2.7999999999999998,2.1899980704636182,-30.472155073920483,2.7999999999999998,BYPASS,YIELD,RUNNING
1714,34.280000000000001,1,-1.6602904730904766,-31.343825803774997,2.7999999999999998,2.1899980704636182,-30.472155073920483,2.7999999999999998,BYPASS,YIELD,RUNNING
1714,34.280000000000001,1,-1.6602904730904766,-31.343825803774997,2.7999999999999998,2.1899980704636182,-30.472155073920483,2.7999999999999998,BYPASS,YIELD,RUNNING
1714,34.280000000000001,1,-1.6602904730904766,-31.343825803774997,2.7999999999999998,2.1899980704636182,-30.472155073920483,2.7999999999999998,BYPASS,YIELD,RUNNING
1714,34.280000000000001,1,-1.6602904730904766,-31.343825803774997,2.7999999999999998,2.1899980704636182,-30.472155073920483,2.7999999999999998,BYPASS,YIELD,RUNNING
1714,34.280000000000001,1,-1.6602904730904766,-31.343825803774997,2.7999999999999998,2.1899980704636182,-30.472155073920483,2.7999999999999998,BYPASS,YIELD,RUNNING
1714,34.280000000000001,1,-1.6602904730904766,-31.343825803774997,2.7999999999999998,2.1899980704636182,-30.472155073920483,2.7999999999999998,BYPASS,YIELD,RUNNING
1714,34.280000000000001,1,-1.6602904730904766,-31.343825803774997,2.7999999999999998,2.1899980704636182,-30.472155073920483,2.7999999999999998,BYPASS,YIELD,RUNNING
1714,34.280000000000001,1,-1.6602904730904766,-31.343825803774997,2.7999999999999998,2.1899980704636182,-30.472155073920483,2.7999999999999998,BYPASS,YIELD,RUNNING
1714,34.280000000000001,1,-1.6602904730904766,-31.343825803774997,2.7999999999999998,2.1899980704636182,-30.472155073920483,2.7999999999999998,BYPASS,YIELD,RUNNING
1714,34.280000000000001,1,-1.6602904730904766,-31.343825803774997,2.7999999999999998,2.1899980704636182,-30.472155073920483,2.7999999999999998,BYPASS,YIELD,RUNNING
1714,34.280000000000001,1,-1.6602904730904766,-31.343825803774997,2.7999999999999998,2.1899980704636182,-30.472155073920483,2.7999999999999998,BYPASS,YIELD,RUNNING
1714,34.280000000000001,1,-1.6602904730904766,-31.343825803774997,2.7999999999999998,2.1899980704636182,-30.472155073920483,2.7999999999999998,BYPASS,YIELD,RUNNING
1714,34.280000000000001,1,-1.6602904730904766,-31.343825803774997,2.7999999999999998,2.1899980704636182,-30.472155073920483,2.7999999999999998,BYPASS,YIELD,RUNNING
1714,34.280000000000001,1,-1.6602904730904766,-31.343825803774997,2.7999999999999998,2.1899980704636182,-30.472155073920483,2.7999999999999998,BYPASS,YIELD,RUNNING
1714,34.280000000000001,1,-1.6602904730904766,-31.343825803774997,2.7999999999999998,2.1899980704636182,-30.472155073920483,2.7999999999999998,BYPASS,YIELD,RUNNING
1714,34.280000000000001,1,-1.6602904730904766,-31.343825803774997,2.7999999999999998,2.1899980704636182,-30.472155073920483,2.7999999999999998,BYPASS,YIELD,RUNNING
1714,34.280000000000001,1,-1.6602904730904766,-31.343825803774997,2.7999999999999998,2.1899980704636182,-30.472155073920483,2.7999999999999998,BYPASS,YIELD,RUNNING
1714,34.280000000000001,1,-1.6602904730904766,-31.343825803774997,2.7999999999999998,2.1899980704636182,-30.472155073920483,2.7999999999999998,BYPASS,YIELD,RUNNING
1714,34.280000000000001,1,-1.6602904730904766,-31.343825803774997,2.7999999999999998,2.1899980704636182,-30.472155073920483,2.7999999999999998,BYPASS,YIELD,RUNNING
1714,34.280000000000001,1,-1.6602904730904766,-31.343825803774997,2.7999999999999998,2.1899980704636182,-30.472155073920483,2.7999999999999998,BYPASS,YIELD,RUNNING
1714,34.280000000000001,1,-1.6602904730904766,-31.343825803774997,2.7999999999999998,2.1899980704636182,-30.472155073920483,2.7999999999999998,BYPASS,YIELD,RUNNING
1714,34.280000000000001,1,-1.6602904730904766,-31.343825803774997,2.7999999999999998,2.1899980704636182,-30.472155073920483,2.7999999999999998,BYPASS,YIELD,RUNNING
1714,34.280000000000001,1,-1.6602904730904766,-31.343825803774997,2.7999999999999998,2.1899980704636182,-30.472155073920483,2.7999999999999998,BYPASS,YIELD,RUNNING
1714,34.280000000000001,1,-1.6602904730904766,-31.343825803774997,2.7999999999999998,2.1899980704636182,-30.472155073920483,2.7999999999999998,BYPASS,YIELD,RUNNING
1714,34.280000000000001,1,-1.6602904730904766,-31.343825803774997,2.7999999999999998,2.1899980704636182,-30.472155073920483,2.7999999999999998,BYPASS,YIELD,RUNNING
1714,34.280000000000001,1,-1.6602904730904766,-31.343825803774997,2.7999999999999998,2.1899980704636182,-30.472155073920483,2.7999999999999998,BYPASS,YIELD,RUNNING
1714,34.280000000000001,1,-1.6602904730904766,-31.343825803774997,2.7999999999999998,2.1899980704636182,-30.472155073920483,2.7999999999999998,BYPASS,YIELD,RUNNING
1714,34.280000000000001,1,-1.6602904730904766,-31.343825803774997,2.7999999999999998,2.1899980704636182,-30.472155073920483,2.7999999999999998,BYPASS,YIELD,RUNNING
1714,34.280000000000001,1,-1.6602904730904766,-31.343825803774997,2.7999999999999998,2.1899980704636182,-30.472155073920483,2.7999999999999998,BYPASS,YIELD,RUNNING
1714,34.280000000000001,1,-1.6602904730904766,-31.343825803774997,2.7999999999999998,2.1899980704636182,-30.472155073920483,2.7999999999999998,BYPASS,YIELD,RUNNING
1714,34.280000000000001,1,-1.6602904730904766,-31.343825803774997,2.7999999999999998,2.1899980704636182,-30.472155073920483,2.7999999999999998,BYPASS,YIELD,RUNNING
1714,34.280000000000001,1,-1.6602904730904766,-31.343825803774997,2.7999999999999998,2.1899980704636182,-30.472155073920483,2.7999999999999998,BYPASS,YIELD,RUNNING
1714,34.280000000000001,1,-1.6602904730904766,-31.343825803774997,2.7999999999999998,2.1899980704636182,-30.472155073920483,2.7999999999999998,BYPASS,YIELD,RUNNING
1714,34.280000000000001,1,-1.6602904730904766,-31.343825803774997,2.7999999999999998,2.1899980704636182,-30.472155073920483,2.7999999999999998,BYPASS,YIELD,RUNNING
1714,34.280000000000001,1,-1.6602904730904766,-31.343825803774997,2.7999999999999998,2.1899980704636182,-30.472155073920483,2.7999999999999998,BYPASS,YIELD,RUNNING
1714,34.280000000000001,1,-1.6602904730904766,-31.343825803774997,2.7999999999999998,2.1899980704636182,-30.472155073920483,2.7999999999999998,BYPASS,YIELD,RUNNING
1714,34.280000000000001,1,-1.6602904730904766,-31.343825803774997,2.7999999999999998,2.1899980704636182,-30.472155073920483,2.7999999999999998,BYPASS,YIELD,RUNNING
1714,34.280000000000001,1,-1.6602904730904766,-31.343825803774997,2.7999999999999998,2.1899980704636182,-30.472155073920483,2.7999999999999998,BYPASS,YIELD,RUNNING
1714,34.280000000000001,1,-1.6602904730904766,-31.343825803774997,2.7999999999999998,2.1899980704636182,-30.472155073920483,2.7999999999999998,BYPASS,YIELD,RUNNING
1714,34.280000000000001,1,-1.6602904730904766,-31.343825803774997,2.7999999999999998,2.1899980704636182,-30.472155073920483,2.7999999999999998,BYPASS,YIELD,RUNNING
1714,34.280000000000001,1,-1.6602904730904766,-31.343825803774997,2.7999999999999998,2.1899980704636182,-30.472155073920483,2.7999999999999998,BYPASS,YIELD,RUNNING
1714,34.280000000000001,1,-1.6602904730904766,-31.343825803774997,2.7999999999999998,2.1899980704636182,-30.472155073920483,2.7999999999999998,BYPASS,YIELD,RUNNING
1714,34.280000000000001,1,-1.6602904730904766,-31.343825803774997,2.7999999999999998,2.1899980704636182,-30.472155073920483,2.7999999999999998,BYPASS,YIELD,RUNNING
1714,34.280000000000001,1,-1.6602904730904766,-31.343825803774997,2.7999999999999998,2.1899980704636182,-30.472155073920483,2.7999999999999998,BYPASS,YIELD,RUNNING
1714,34.280000000000001,1,-1.6602904730904766,-31.343825803774997,2.7999999999999998,2.1899980704636182,-30.472155073920483,2.7999999999999998,BYPASS,YIELD,RUNNING
1714,34.280000000000001,1,-1.6602904730904766,-31.343825803774997,2.7999999999999998,2.1899980704636182,-30.472155073920483,2.7999999999999998,BYPASS,YIELD,RUNNING
1714,34.280000000000001,1,-1.6602904730904766,-31.343825803774997,2.7999999999999998,2.1899980704636182,-30.472155073920483,2.7999999999999998,BYPASS,YIELD,RUNNING
1714,34.280000000000001,1,-1.6602904730904766,-31.343825803774997,2.7999999999999998,2.1899980704636182,-30.472155073920483,2.7999999999999998,BYPASS,YIELD,RUNNING
1714,34.280000000000001,1,-1.6602904730904766,-31.343825803774997,2.7999999999999998,2.1899980704636182,-30.472155073920483,2.7999999999999998,BYPASS,YIELD,RUNNING
1714,34.280000000000001,1,-1.6602904730904766,-31.343825803774997,2.7999999999999998,2.1899980704636182,-30.472155073920483,2.7999999999999998,BYPASS,YIELD,RUNNING
1714,34.280000000000001,1,-1.6602904730904766,-31.343825803774997,2.7999999999999998,2.1899980704636182,-30.472155073920483,2.7999999999999998,BYPASS,YIELD,RUNNING
1714,34.280000000000001,1,-1.6602904730904766,-31.343825803774997,2.7999999999999998,2.1899980704636182,-30.472155073920483,2.7999999999999998,BYPASS,YIELD,RUNNING
1714,34.280000000000001,1,-1.6602904730904766,-31.343825803774997,2.7999999999999998,2.1899980704636182,-30.472155073920483,2.7999999999999998,BYPASS,YIELD,RUNNING
1714,34.280000000000001,1,-1.6602904730904766,-31.343825803774997,2.7999999999999998,2.1899980704636182,-30.472155073920483,2.7999999999999998,BYPASS,YIELD,RUNNING
1714,34.280000000000001,1,-1.6602904730904766,-31.343825803774997,2.7999999999999998,2.1899980704636182,-30.472155073920483,2.7999999999999998,BYPASS,YIELD,RUNNING
1714,34.280000000000001,1,-1.6602904730904766,-31.343825803774997,2.7999999999999998,2.1899980704636182,-30.472155073920483,2.7999999999999998,BYPASS,YIELD,RUNNING
1714,34.280000000000001,1,-1.6602904730904766,-31.343825803774997,2.7999999999999998,2.1899980704636182,-30.472155073920483,2.7999999999999998,BYPASS,YIELD,RUNNING
1714,34.280000000000001,1,-1.6602904730904766,-31.343825803774997,2.7999999999999998,2.1899980704636182,-30.472155073920483,2.7999999999999998,BYPASS,YIELD,RUNNING
1714,34.280000000000001,1,-1.6602904730904766,-31.343825803774997,2.7999999999999998,2.1899980704636182,-30.472155073920483,2.7999999999999998,BYPASS,YIELD,RUNNING
1714,34.280000000000001,1,-1.6602904730904766,-31.343825803774997,2.7999999999999998,2.1899980704636182,-30.472155073920483,2.7999999999999998,BYPASS,YIELD,RUNNING
1714,34.280000000000001,1,-1.6602904730904766,-31.343825803774997,2.7999999999999998,2.1899980704636182,-30.472155073920483,2.7999999999999998,BYPASS,YIELD,RUNNING
1714,34.280000000000001,1,-1.6602904730904766,-31.343825803774997,2.7999999999999998,2.1899980704636182,-30.472155073920483,2.7999999999999998,BYPASS,YIELD,RUNNING
1714,34.280000000000001,1,-1.6602904730904766,-31.343825803774997,2.7999999999999998,2.1899980704636182,-30.472155073920483,2.7999999999999998,BYPASS,YIELD,RUNNING
1714,34.280000000000001,1,-1.6602904730904766,-31.343825803774997,2.7999999999999998,2.1899980704636182,-30.472155073920483,2.7999999999999998,BYPASS,YIELD,RUNNING
1714,34.280000000000001,1,-1.6602904730904766,-31.343825803774997,2.7999999999999998,2.1899980704636182,-30.472155073920483,2.7999999999999998,BYPASS,YIELD,RUNNING
1714,34.280000000000001,1,-1.6602904730904766,-31.343825803774997,2.7999999999999998,2.1899980704636182,-30.472155073920483,2.7999999999999998,BYPASS,YIELD,RUNNING
1714,34.280000000000001,1,-1.6602904730904766,-31.343825803774997,2.7999999999999998,2.1899980704636182,-30.472155073920483,2.7999999999999998,BYPASS,YIELD,RUNNING
1714,34.280000000000001,1,-1.6602904730904766,-31.343825803774997,2.7999999999999998,2.1899980704636182,-30.472155073920483,2.7999999999999998,BYPASS,YIELD,RUNNING
1714,34.280000000000001,1,-1.6602904730904766,-31.343825803774997,2.7999999999999998,2.1899980704636182,-30.472155073920483,2.7999999999999998,BYPASS,YIELD,RUNNING
1714,34.280000000000001,1,-1.6602904730904766,-31.343825803774997,2.7999999999999998,2.1899980704636182,-30.472155073920483,2.7999999999999998,BYPASS,YIELD,RUNNING
1714,34.280000000000001,1,-1.6602904730904766,-31.343825803774997,2.7999999999999998,2.1899980704636182,-30.472155073920483,2.7999999999999998,BYPASS,YIELD,RUNNING
1714,34.280000000000001,1,-1.6602904730904766,-31.343825803774997,2.7999999999999998,2.1899980704636182,-30.472155073920483,2.7999999999999998,BYPASS,YIELD,RUNNING
1714,34.280000000000001,1,-1.6602904730904766,-31.343825803774997,2.7999999999999998,2.1899980704636182,-30.472155073920483,2.7999999999999998,BYPASS,YIELD,RUNNING
1714,34.280000000000001,1,-1.6602904730904766,-31.343825803774997,2.7999999999999998,2.1899980704636182,-30.472155073920483,2.7999999999999998,BYPASS,YIELD,RUNNING
1714,34.280000000000001,1,-1.6602904730904766,-31.343825803774997,2.7999999999999998,2.1899980704636182,-30.472155073920483,2.7999999999999998,BYPASS,YIELD,RUNNING
1714,34.280000000000001,1,-1.6602904730904766,-31.343825803774997,2.7999999999999998,2.1899980704636182,-30.472155073920483,2.7999999999999998,BYPASS,YIELD,RUNNING
1714,34.280000000000001,1,-1.6602904730904766,-31.343825803774997,2.7999999999999998,2.1899980704636182,-30.472155073920483,2.7999999999999998,BYPASS,YIELD,RUNNING
1714,34.280000000000001,1,-1.6602904730904766,-31.343825803774997,2.7999999999999998,2.1899980704636182,-30.472155073920483,2.7999999999999998,BYPASS,YIELD,RUNNING
1714,34.280000000000001,1,-1.6602904730904766,-31.343825803774997,2.7999999999999998,2.1899980704636182,-30.472155073920483,2.7999999999999998,BYPASS,YIELD,RUNNING
1714,34.280000000000001,1,-1.6602904730904766,-31.343825803774997,2.7999999999999998,2.1899980704636182,-30.472155073920483,2.7999999999999998,BYPASS,YIELD,RUNNING
1714,34.280000000000001,1,-1.6602904730904766,-31.343825803774997,2.7999999999999998,2.1899980704636182,-30.472155073920483,2.7999999999999998,BYPASS,YIELD,RUNNING
1714,34.280000000000001,1,-1.6602904730904766,-31.343825803774997,2.7999999999999998,2.1899980704636182,-30.472155073920483,2.7999999999999998,BYPASS,YIELD,RUNNING
1714,34.280000000000001,1,-1.6602904730904766,-31.343825803774997,2.7999999999999998,2.1899980704636182,-30.472155073920483,2.7999999999999998,BYPASS,YIELD,RUNNING
1714,34.280000000000001,1,-1.6602904730904766,-31.343825803774997,2.7999999999999998,2.1899980704636182,-30.472155073920483,2.7999999999999998,BYPASS,YIELD,RUNNING
1714,34.280000000000001,1,-1.6602904730904766,-31.343825803774997,2.7999999999999998,2.1899980704636182,-30.472155073920483,2.7999999999999998,BYPASS,YIELD,RUNNING
1714,34.280000000000001,1,-1.6602904730904766,-31.343825803774997,2.7999999999999998,2.1899980704636182,-30.472155073920483,2.7999999999999998,BYPASS,YIELD,RUNNING
1714,34.280000000000001,1,-1.6602904730904766,-31.343825803774997,2.7999999999999998,2.1899980704636182,-30.472155073920483,2.7999999999999998,BYPASS,YIELD,RUNNING
1714,34.280000000000001,1,-1.6602904730904766,-31.343825803774997,2.7999999999999998,2.1899980704636182,-30.472155073920483,2.7999999999999998,BYPASS,YIELD,RUNNING
1714,34.280000000000001,1,-1.6602904730904766,-31.343825803774997,2.7999999999999998,2.1899980704636182,-30.472155073920483,2.7999999999999998,BYPASS,YIELD,RUNNING
1714,34.280000000000001,1,-1.6602904730904766,-31.343825803774997,2.7999999999999998,2.1899980704636182,-30.472155073920483,2.7999999999999998,BYPASS,YIELD,RUNNING
1714,34.280000000000001,1,-1.6602904730904766,-31.343825803774997,2.7999999999999998,2.1899980704636182,-30.472155073920483,2.7999999999999998,BYPASS,YIELD,RUNNING
1714,34.280000000000001,1,-1.6602904730904766,-31.343825803774997,2.7999999999999998,2.1899980704636182,-30.472155073920483,2.7999999999999998,BYPASS,YIELD,RUNNING
1714,34.280000000000001,1,-1.6602904730904766,-31.343825803774997,2.7999999999999998,2.1899980704636182,-30.472155073920483,2.7999999999999998,BYPASS,YIELD,RUNNING
1714,34.280000000000001,1,-1.6602904730904766,-31.343825803774997,2.7999999999999998,2.1899980704636182,-30.472155073920483,2.7999999999999998,BYPASS,YIELD,RUNNING
1714,34.280000000000001,1,-1.6602904730904766,-31.343825803774997,2.7999999999999998,2.1899980704636182,-30.472155073920483,2.7999999999999998,BYPASS,YIELD,RUNNING
1714,34.280000000000001,1,-1.6602904730904766,-31.343825803774997,2.7999999999999998,2.1899980704636182,-30.472155073920483,2.7999999999999998,BYPASS,YIELD,RUNNING
1714,34.280000000000001,1,-1.6602904730904766,-31.343825803774997,2.7999999999999998,2.1899980704636182,-30.472155073920483,2.7999999999999998,BYPASS,YIELD,RUNNING
1714,34.280000000000001,1,-1.6602904730904766,-31.343825803774997,2.7999999999999998,2.1899980704636182,-30.472155073920483,2.7999999999999998,BYPASS,YIELD,RUNNING
1714,34.280000000000001,1,-1.6602904730904766,-31.343825803774997,2.7999999999999998,2.1899980704636182,-30.472155073920483,2.7999999999999998,BYPASS,YIELD,RUNNING
1714,34.280000000000001,1,-1.6602904730904766,-31.343825803774997,2.7999999999999998,2.1899980704636182,-30.472155073920483,2.7999999999999998,BYPASS,YIELD,RUNNING
1714,34.280000000000001,1,-1.6602904730904766,-31.343825803774997,2.7999999999999998,2.1899980704636182,-30.472155073920483,2.7999999999999998,BYPASS,YIELD,RUNNING
1714,34.280000000000001,1,-1.6602904730904766,-31.343825803774997,2.7999999999999998,2.1899980704636182,-30.472155073920483,2.7999999999999998,BYPASS,YIELD,RUNNING
1714,34.280000000000001,1,-1.6602904730904766,-31.343825803774997,2.7999999999999998,2.1899980704636182,-30.472155073920483,2.7999999999999998,BYPASS,YIELD,RUNNING
1714,34.280000000000001,1,-1.6602904730904766,-31.343825803774997,2.7999999999999998,2.1899980704636182,-30.472155073920483,2.7999999999999998,BYPASS,YIELD,RUNNING
1714,34.280000000000001,1,-1.6602904730904766,-31.343825803774997,2.7999999999999998,2.1899980704636182,-30.472155073920483,2.7999999999999998,BYPASS,YIELD,RUNNING
1714,34.280000000000001,1,-1.6602904730904766,-31.343825803774997,2.7999999999999998,2.1899980704636182,-30.472155073920483,2.7999999999999998,BYPASS,YIELD,RUNNING
1714,34.280000000000001,1,-1.6602904730904766,-31.343825803774997,2.7999999999999998,2.1899980704636182,-30.472155073920483,2.7999999999999998,BYPASS,YIELD,RUNNING
1714,34.280000000000001,1,-1.6602904730904766,-31.343825803774997,2.7999999999999998,2.1899980704636182,-30.472155073920483,2.7999999999999998,BYPASS,YIELD,RUNNING
1714,34.280000000000001,1,-1.6602904730904766,-31.343825803774997,2.7999999999999998,2.1899980704636182,-30.472155073920483,2.7999999999999998,BYPASS,YIELD,RUNNING
1714,34.280000000000001,1,-1.6602904730904766,-31.343825803774997,2.7999999999999998,2.1899980704636182,-30.472155073920483,2.7999999999999998,BYPASS,YIELD,RUNNING
1714,34.280000000000001,1,-1.6602904730904766,-31.343825803774997,2.7999999999999998,2.1899980704636182,-30.472155073920483,2.7999999999999998,BYPASS,YIELD,RUNNING
1714,34.280000000000001,1,-1.6602904730904766,-31.343825803774997,2.7999999999999998,2.1899980704636182,-30.472155073920483,2.7999999999999998,BYPASS,YIELD,RUNNING
1714,34.280000000000001,1,-1.6602904730904766,-31.343825803774997,2.7999999999999998,2.1899980704636182,-30.472155073920483,2.7999999999999998,BYPASS,YIELD,RUNNING
1714,34.280000000000001,1,-1.6602904730904766,-31.343825803774997,2.7999999999999998,2.1899980704636182,-30.472155073920483,2.7999999999999998,BYPASS,YIELD,RUNNING
1714,34.280000000000001,1,-1.6602904730904766,-31.343825803774997,2.7999999999999998,2.1899980704636182,-30.472155073920483,2.7999999999999998,BYPASS,YIELD,RUNNING
1714,34.280000000000001,1,-1.6602904730904766,-31.343825803774997,2.7999999999999998,2.1899980704636182,-30.472155073920483,2.7999999999999998,BYPASS,YIELD,RUNNING
1714,34.280000000000001,1,-1.6602904730904766,-31.343825803774997,2.7999999999999998,2.1899980704636182,-30.472155073920483,2.7999999999999998,BYPASS,YIELD,RUNNING
1714,34.280000000000001,1,-1.6602904730904766,-31.343825803774997,2.7999999999999998,2.1899980704636182,-30.472155073920483,2.7999999999999998,BYPASS,YIELD,RUNNING
1714,34.280000000000001,1,-1.6602904730904766,-31.343825803774997,2.7999999999999998,2.1899980704636182,-30.472155073920483,2.7999999999999998,BYPASS,YIELD,RUNNING
1714,34.280000000000001,1,-1.6602904730904766,-31.343825803774997,2.7999999999999998,2.1899980704636182,-30.472155073920483,2.7999999999999998,BYPASS,YIELD,RUNNING
1714,34.280000000000001,1,-1.6602904730904766,-31.343825803774997,2.7999999999999998,2.1899980704636182,-30.472155073920483,2.7999999999999998,BYPASS,YIELD,RUNNING
1714,34.280000000000001,1,-1.6602904730904766,-31.343825803774997,2.7999999999999998,2.1899980704636182,-30.472155073920483,2.7999999999999998,BYPASS,YIELD,RUNNING
1714,34.280000000000001,1,-1.6602904730904766,-31.343825803774997,2.7999999999999998,2.1899980704636182,-30.472155073920483,2.7999999999999998,BYPASS,YIELD,RUNNING
1714,34.280000000000001,1,-1.6602904730904766,-31.343825803774997,2.7999999999999998,2.1899980704636182,-30.472155073920483,2.7999999999999998,BYPASS,YIELD,RUNNING
1714,34.280000000000001,1,-1.6602904730904766,-31.343825803774997,2.7999999999999998,2.1899980704636182,-30.472155073920483,2.7999999999999998,BYPASS,YIELD,RUNNING
1714,34.280000000000001,1,-1.6602904730904766,-31.343825803774997,2.7999999999999998,2.1899980704636182,-30.472155073920483,2.7999999999999998,BYPASS,YIELD,RUNNING
1714,34.280000000000001,1,-1.6602904730904766,-31.343825803774997,2.7999999999999998,2.1899980704636182,-30.472155073920483,2.7999999999999998,BYPASS,YIELD,RUNNING
1714,34.280000000000001,1,-1.6602904730904766,-31.343825803774997,2.7999999999999998,2.1899980704636182,-30.472155073920483,2.7999999999999998,BYPASS,YIELD,RUNNING
1714,34.280000000000001,1,-1.6602904730904766,-31.343825803774997,2.7999999999999998,2.1899980704636182,-30.472155073920483,2.7999999999999998,BYPASS,YIELD,RUNNING
1714,34.280000000000001,1,-1.6602904730904766,-31.343825803774997,2.7999999999999998,2.1899980704636182,-30.472155073920483,2.7999999999999998,BYPASS,YIELD,RUNNING
1714,34.280000000000001,1,-1.6602904730904766,-31.343825803774997,2.7999999999999998,2.1899980704636182,-30.472155073920483,2.7999999999999998,BYPASS,YIELD,RUNNING
1714,34.280000000000001,1,-1.6602904730904766,-31.343825803774997,2.7999999999999998,2.1899980704636182,-30.472155073920483,2.7999999999999998,BYPASS,YIELD,RUNNING
1714,34.280000000000001,1,-1.6602904730904766,-31.343825803774997,2.7999999999999998,2.1899980704636182,-30.472155073920483,2.7999999999999998,BYPASS,YIELD,RUNNING
1714,34.280000000000001,1,-1.6602904730904766,-31.343825803774997,2.7999999999999998,2.1899980704636182,-30.472155073920483,2.7999999999999998,BYPASS,YIELD,RUNNING
1714,34.280000000000001,1,-1.6602904730904766,-31.343825803774997,2.7999999999999998,2.1899980704636182,-30.472155073920483,2.7999999999999998,BYPASS,YIELD,RUNNING
1714,34.280000000000001,1,-1.6602904730904766,-31.343825803774997,2.7999999999999998,2.1899980704636182,-30.472155073920483,2.7999999999999998,BYPASS,YIELD,RUNNING
1714,34.280000000000001,1,-1.6602904730904766,-31.343825803774997,2.7999999999999998,2.1899980704636182,-30.472155073920483,2.7999999999999998,BYPASS,YIELD,RUNNING
1714,34.280000000000001,1,-1.6602904730904766,-31.343825803774997,2.7999999999999998,2.1899980704636182,-30.472155073920483,2.7999999999999998,BYPASS,YIELD,RUNNING
1714,34.280000000000001,1,-1.6602904730904766,-31.343825803774997,2.7999999999999998,2.1899980704636182,-30.472155073920483,2.7999999999999998,BYPASS,YIELD,RUNNING
1714,34.280000000000001,1,-1.6602904730904766,-31.343825803774997,2.7999999999999998,2.1899980704636182,-30.472155073920483,2.7999999999999998,BYPASS,YIELD,RUNNING
1714,34.280000000000001,1,-1.6602904730904766,-31.343825803774997,2.7999999999999998,2.1899980704636182,-30.472155073920483,2.7999999999999998,BYPASS,YIELD,RUNNING
1714,34.280000000000001,1,-1.6602904730904766,-31.343825803774997,2.7999999999999998,2.1899980704636182,-30.472155073920483,2.7999999999999998,BYPASS,YIELD,RUNNING
1714,34.280000000000001,1,-1.6602904730904766,-31.343825803774997,2.7999999999999998,2.1899980704636182,-30.472155073920483,2.7999999999999998,BYPASS,YIELD,RUNNING
1714,34.280000000000001,1,-1.6602904730904766,-31.343825803774997,2.7999999999999998,2.1899980704636182,-30.472155073920483,2.7999999999999998,BYPASS,YIELD,RUNNING
1714,34.280000000000001,1,-1.6602904730904766,-31.343825803774997,2.7999999999999998,2.1899980704636182,-30.472155073920483,2.7999999999999998,BYPASS,YIELD,RUNNING
1714,34.280000000000001,1,-1.6602904730904766,-31.343825803774997,2.7999999999999998,2.1899980704636182,-30.472155073920483,2.7999999999999998,BYPASS,YIELD,RUNNING
1714,34.280000000000001,1,-1.6602904730904766,-31.343825803774997,2.7999999999999998,2.1899980704636182,-30.472155073920483,2.7999999999999998,BYPASS,YIELD,RUNNING
1714,34.280000000000001,1,-1.6602904730904766,-31.343825803774997,2.7999999999999998,2.1899980704636182,-30.472155073920483,2.7999999999999998,BYPASS,YIELD,RUNNING
1714,34.280000000000001,1,-1.6602904730904766,-31.343825803774997,2.7999999999999998,2.1899980704636182,-30.472155073920483,2.7999999999999998,BYPASS,YIELD,RUNNING
1714,34.280000000000001,1,-1.6602904730904766,-31.343825803774997,2.7999999999999998,2.1899980704636182,-30.472155073920483,2.7999999999999998,BYPASS,YIELD,RUNNING
1714,34.280000000000001,1,-1.6602904730904766,-31.343825803774997,2.7999999999999998,2.1899980704636182,-30.472155073920483,2.7999999999999998,BYPASS,YIELD,RUNNING
1714,34.280000000000001,1,-1.6602904730904766,-31.343825803774997,2.7999999999999998,2.1899980704636182,-30.472155073920483,2.7999999999999998,BYPASS,YIELD,RUNNING
1714,34.280000000000001,1,-1.6602904730904766,-31.343825803774997,2.7999999999999998,2.1899980704636182,-30.472155073920483,2.7999999999999998,BYPASS,YIELD,RUNNING
1714,34.280000000000001,1,-1.6602904730904766,-31.343825803774997,2.7999999999999998,2.1899980704636182,-30.472155073920483,2.7999999999999998,BYPASS,YIELD,RUNNING
1714,34.280000000000001,1,-1.6602904730904766,-31.343825803774997,2.7999999999999998,2.1899980704636182,-30.472155073920483,2.7999999999999998,BYPASS,YIELD,RUNNING
1714,34.280000000000001,1,-1.6602904730904766,-31.343825803774997,2.7999999999999998,2.1899980704636182,-30.472155073920483,2.7999999999999998,BYPASS,YIELD,RUNNING
1714,34.280000000000001,1,-1.6602904730904766,-31.343825803774997,2.7999999999999998,2.1899980704636182,-30.472155073920483,2.7999999999999998,BYPASS,YIELD,RUNNING
1714,34.280000000000001,1,-1.6602904730904766,-31.343825803774997,2.7999999999999998,2.1899980704636182,-30.472155073920483,2.7999999999999998,BYPASS,YIELD,RUNNING
1714,34.280000000000001,1,-1.6602904730904766,-31.343825803774997,2.7999999999999998,2.1899980704636182,-30.472155073920483,2.7999999999999998,BYPASS,YIELD,RUNNING
1714,34.280000000000001,1,-1.6602904730904766,-31.343825803774997,2.7999999999999998,2.1899980704636182,-30.472155073920483,2.7999999999999998,BYPASS,YIELD,RUNNING
1714,34.280000000000001,1,-1.6602904730904766,-31.343825803774997,2.7999999999999998,2.1899980704636182,-30.472155073920483,2.7999999999999998,BYPASS,YIELD,RUNNING
1714,34.280000000000001,1,-1.6602904730904766,-31.343825803774997,2.7999999999999998,2.1899980704636182,-30.472155073920483,2.7999999999999998,BYPASS,YIELD,RUNNING
1714,34.280000000000001,1,-1.6602904730904766,-31.343825803774997,2.7999999999999998,2.1899980704636182,-30.472155073920483,2.7999999999999998,BYPASS,YIELD,RUNNING
1714,34.280000000000001,1,-1.6602904730904766,-31.343825803774997,2.7999999999999998,2.1899980704636182,-30.472155073920483,2.7999999999999998,BYPASS,YIELD,RUNNING
1714,34.280000000000001,1,-1.6602904730904766,-31.343825803774997,2.7999999999999998,2.1899980704636182,-30.472155073920483,2.7999999999999998,BYPASS,YIELD,RUNNING
1714,34.280000000000001,1,-1.6602904730904766,-31.343825803774997,2.7999999999999998,2.1899980704636182,-30.472155073920483,2.7999999999999998,BYPASS,YIELD,RUNNING
1714,34.280000000000001,1,-1.6602904730904766,-31.343825803774997,2.7999999999999998,2.1899980704636182,-30.472155073920483,2.7999999999999998,BYPASS,YIELD,RUNNING
1714,34.280000000000001,1,-1.6602904730904766,-31.343825803774997,2.7999999999999998,2.1899980704636182,-30.472155073920483,2.7999999999999998,BYPASS,YIELD,RUNNING
1714,34.280000000000001,1,-1.6602904730904766,-31.343825803774997,2.7999999999999998,2.1899980704636182,-30.472155073920483,2.7999999999999998,BYPASS,YIELD,RUNNING
1714,34.280000000000001,1,-1.6602904730904766,-31.343825803774997,2.7999999999999998,2.1899980704636182,-30.472155073920483,2.7999999999999998,BYPASS,YIELD,RUNNING
1714,34.280000000000001,1,-1.6602904730904766,-31.343825803774997,2.7999999999999998,2.1899980704636182,-30.472155073920483,2.7999999999999998,BYPASS,YIELD,RUNNING
1714,34.280000000000001,1,-1.6602904730904766,-31.343825803774997,2.7999999999999998,2.1899980704636182,-30.472155073920483,2.7999999999999998,BYPASS,YIELD,RUNNING
1714,34.280000000000001,1,-1.6602904730904766,-31.343825803774997,2.7999999999999998,2.1899980704636182,-30.472155073920483,2.7999999999999998,BYPASS,YIELD,RUNNING
1714,34.280000000000001,1,-1.6602904730904766,-31.343825803774997,2.7999999999999998,2.1899980704636182,-30.472155073920483,2.7999999999999998,BYPASS,YIELD,RUNNING
1714,34.280000000000001,1,-1.6602904730904766,-31.343825803774997,2.7999999999999998,2.1899980704636182,-30.472155073920483,2.7999999999999998,BYPASS,YIELD,RUNNING
1714,34.280000000000001,1,-1.6602904730904766,-31.343825803774997,2.7999999999999998,2.1899980704636182,-30.472155073920483,2.7999999999999998,BYPASS,YIELD,RUNNING
1714,34.280000000000001,1,-1.6602904730904766,-31.343825803774997,2.7999999999999998,2.1899980704636182,-30.472155073920483,2.7999999999999998,BYPASS,YIELD,RUNNING
1714,34.280000000000001,1,-1.6602904730904766,-31.343825803774997,2.7999999999999998,2.1899980704636182,-30.472155073920483,2.7999999999999998,BYPASS,YIELD,RUNNING
1714,34.280000000000001,1,-1.6602904730904766,-31.343825803774997,2.7999999999999998,2.1899980704636182,-30.472155073920483,2.7999999999999998,BYPASS,YIELD,RUNNING
1714,34.280000000000001,1,-1.6602904730904766,-31.343825803774997,2.7999999999999998,2.1899980704636182,-30.472155073920483,2.7999999999999998,BYPASS,YIELD,RUNNING
1714,34.280000000000001,1,-1.6602904730904766,-31.343825803774997,2.7999999999999998,2.1899980704636182,-30.472155073920483,2.7999999999999998,BYPASS,YIELD,RUNNING
1714,34.280000000000001,1,-1.6602904730904766,-31.343825803774997,2.7999999999999998,2.1899980704636182,-30.472155073920483,2.7999999999999998,BYPASS,YIELD,RUNNING
1714,34.280000000000001,1,-1.6602904730904766,-31.343825803774997,2.7999999999999998,2.1899980704636182,-30.472155073920483,2.7999999999999998,BYPASS,YIELD,RUNNING
1714,34.280000000000001,1,-1.6602904730904766,-31.343825803774997,2.7999999999999998,2.1899980704636182,-30.472155073920483,2.7999999999999998,BYPASS,YIELD,RUNNING
1714,34.280000000000001,1,-1.6602904730904766,-31.343825803774997,2.7999999999999998,2.1899980704636182,-30.472155073920483,2.7999999999999998,BYPASS,YIELD,RUNNING
1714,34.280000000000001,1,-1.6602904730904766,-31.343825803774997,2.7999999999999998,2.1899980704636182,-30.472155073920483,2.7999999999999998,BYPASS,YIELD,RUNNING
1714,34.280000000000001,1,-1.6602904730904766,-31.343825803774997,2.7999999999999998,2.1899980704636182,-30.472155073920483,2.7999999999999998,BYPASS,YIELD,RUNNING
1714,34.280000000000001,1,-1.6602904730904766,-31.343825803774997,2.7999999999999998,2.1899980704636182,-30.472155073920483,2.7999999999999998,BYPASS,YIELD,RUNNING
1714,34.280000000000001,1,-1.6602904730904766,-31.343825803774997,2.7999999999999998,2.1899980704636182,-30.472155073920483,2.7999999999999998,BYPASS,YIELD,RUNNING
1714,34.280000000000001,1,-1.6602904730904766,-31.343825803774997,2.7999999999999998,2.1899980704636182,-30.472155073920483,2.7999999999999998,BYPASS,YIELD,RUNNING
1714,34.280000000000001,1,-1.6602904730904766,-31.343825803774997,2.7999999999999998,2.1899980704636182,-30.472155073920483,2.7999999999999998,BYPASS,YIELD,RUNNING
1714,34.280000000000001,1,-1.6602904730904766,-31.343825803774997,2.7999999999999998,2.1899980704636182,-30.472155073920483,2.7999999999999998,BYPASS,YIELD,RUNNING
1714,34.280000000000001,1,-1.6602904730904766,-31.343825803774997,2.7999999999999998,2.1899980704636182,-30.472155073920483,2.7999999999999998,BYPASS,YIELD,RUNNING
1714,34.280000000000001,1,-1.6602904730904766,-31.343825803774997,2.7999999999999998,2.1899980704636182,-30.472155073920483,2.7999999999999998,BYPASS,YIELD,RUNNING
1714,34.280000000000001,1,-1.6602904730904766,-31.343825803774997,2.7999999999999998,2.1899980704636182,-30.472155073920483,2.7999999999999998,BYPASS,YIELD,RUNNING
1714,34.280000000000001,1,-1.6602904730904766,-31.343825803774997,2.7999999999999998,2.1899980704636182,-30.472155073920483,2.7999999999999998,BYPASS,YIELD,RUNNING
1714,34.280000000000001,1,-1.6602904730904766,-31.343825803774997,2.7999999999999998,2.1899980704636182,-30.472155073920483,2.7999999999999998,BYPASS,YIELD,RUNNING
1714,34.280000000000001,1,-1.6602904730904766,-31.343825803774997,2.7999999999999998,2.1899980704636182,-30.472155073920483,2.7999999999999998,BYPASS,YIELD,RUNNING
1714,34.280000000000001,1,-1.6602904730904766,-31.343825803774997,2.7999999999999998,2.1899980704636182,-30.472155073920483,2.7999999999999998,BYPASS,YIELD,RUNNING
1714,34.280000000000001,1,-1.6602904730904766,-31.343825803774997,2.7999999999999998,2.1899980704636182,-30.472155073920483,2.7999999999999998,BYPASS,YIELD,RUNNING
1714,34.280000000000001,1,-1.6602904730904766,-31.343825803774997,2.7999999999999998,2.1899980704636182,-30.472155073920483,2.7999999999999998,BYPASS,YIELD,RUNNING
1714,34.280000000000001,1,-1.6602904730904766,-31.343825803774997,2.7999999999999998,2.1899980704636182,-30.472155073920483,2.7999999999999998,BYPASS,YIELD,RUNNING
1714,34.280000000000001,1,-1.6602904730904766,-31.343825803774997,2.7999999999999998,2.1899980704636182,-30.472155073920483,2.7999999999999998,BYPASS,YIELD,RUNNING
1714,34.280000000000001,1,-1.6602904730904766,-31.343825803774997,2.7999999999999998,2.1899980704636182,-30.472155073920483,2.7999999999999998,BYPASS,YIELD,RUNNING
1714,34.280000000000001,1,-1.6602904730904766,-31.343825803774997,2.7999999999999998,2.1899980704636182,-30.472155073920483,2.7999999999999998,BYPASS,YIELD,RUNNING
1714,34.280000000000001,1,-1.6602904730904766,-31.343825803774997,2.7999999999999998,2.1899980704636182,-30.472155073920483,2.7999999999999998,BYPASS,YIELD,RUNNING
1714,34.280000000000001,1,-1.6602904730904766,-31.343825803774997,2.7999999999999998,2.1899980704636182,-30.472155073920483,2.7999999999999998,BYPASS,YIELD,RUNNING
1714,34.280000000000001,1,-1.6602904730904766,-31.343825803774997,2.7999999999999998,2.1899980704636182,-30.472155073920483,2.7999999999999998,BYPASS,YIELD,RUNNING
1714,34.280000000000001,1,-1.6602904730904766,-31.343825803774997,2.7999999999999998,2.1899980704636182,-30.472155073920483,2.7999999999999998,BYPASS,YIELD,RUNNING
1714,34.280000000000001,1,-1.6602904730904766,-31.343825803774997,2.7999999999999998,2.1899980704636182,-30.472155073920483,2.7999999999999998,BYPASS,YIELD,RUNNING
1714,34.280000000000001,1,-1.6602904730904766,-31.343825803774997,2.7999999999999998,2.1899980704636182,-30.472155073920483,2.7999999999999998,BYPASS,YIELD,RUNNING
1714,34.280000000000001,1,-1.6602904730904766,-31.343825803774997,2.7999999999999998,2.1899980704636182,-30.472155073920483,2.7999999999999998,BYPASS,YIELD,RUNNING
1714,34.280000000000001,1,-1.6602904730904766,-31.343825803774997,2.7999999999999998,2.1899980704636182,-30.472155073920483,2.7999999999999998,BYPASS,YIELD,RUNNING
1714,34.280000000000001,1,-1.6602904730904766,-31.343825803774997,2.7999999999999998,2.1899980704636182,-30.472155073920483,2.7999999999999998,BYPASS,YIELD,RUNNING
1714,34.280000000000001,1,-1.6602904730904766,-31.343825803774997,2.7999999999999998,2.1899980704636182,-30.472155073920483,2.7999999999999998,BYPASS,YIELD,RUNNING
1714,34.280000000000001,1,-1.6602904730904766,-31.343825803774997,2.7999999999999998,2.1899980704636182,-30.472155073920483,2.7999999999999998,BYPASS,YIELD,RUNNING
1714,34.280000000000001,1,-1.6602904730904766,-31.343825803774997,2.7999999999999998,2.1899980704636182,-30.472155073920483,2.7999999999999998,BYPASS,YIELD,RUNNING
1714,34.280000000000001,1,-1.6602904730904766,-31.343825803774997,2.7999999999999998,2.1899980704636182,-30.472155073920483,2.7999999999999998,BYPASS,YIELD,RUNNING
1714,34.280000000000001,1,-1.6602904730904766,-31.343825803774997,2.7999999999999998,2.1899980704636182,-30.472155073920483,2.7999999999999998,BYPASS,YIELD,RUNNING
1715,34.299999999999997,0,-1.6514620131342577,-31.358353649272573,2.7999999999999998,2.1899980704636182,-30.472155073920483,2.7999999999999998,BYPASS,YIELD,RUNNING
1716,34.32,0,-1.6426335531780387,-31.372881494770148,2.7999999999999998,2.1899980704636182,-30.472155073920483,2.7999999999999998,BYPASS,YIELD,RUNNING
1717,34.340000000000003,0,-1.6338050932218198,-31.387409340267723,2.7999999999999998,2.1899980704636182,-30.472155073920483,2.7999999999999998,BYPASS,YIELD,RUNNING
1718,34.359999999999999,0,-1.6249766332656008,-31.401937185765298,2.7999999999999998,2.1899980704636182,-30.472155073920483,2.7999999999999998,BYPASS,YIELD,RUNNING
1719,34.380000000000003,0,-1.6161481733093819,-31.416465031262874,2.7999999999999998,2.1899980704636182,-30.472155073920483,2.7999999999999998,BYPASS,YIELD,RUNNING
1720,34.399999999999999,0,-1.6073197133531629,-31.430992876760449,2.7999999999999998,2.1899980704636182,-30.472155073920483,2.7999999999999998,BYPASS,YIELD,RUNNING
1721,34.420000000000002,0,-1.598491253396944,-31.445520722258024,2.7999999999999998,2.1899980704636182,-30.472155073920483,2.7999999999999998,BYPASS,YIELD,RUNNING
1722,34.439999999999998,0,-1.589662793440725,-31.460048567755599,2.7999999999999998,2.1899980704636182,-30.472155073920483,2.7999999999999998,BYPASS,YIELD,RUNNING
1723,34.460000000000001,0,-1.5808343334845061,-31.474576413253175,2.7999999999999998,2.1899980704636182,-30.472155073920483,2.7999999999999998,BYPASS,YIELD,RUNNING
1724,34.479999999999997,0,-1.5720058735282871,-31.48910425875075,2.7999999999999998,2.1899980704636182,-30.472155073920483,2.7999999999999998,BYPASS,YIELD,RUNNING
1725,34.5,0,-1.5631774135720682,-31.503632104248325,2.7999999999999998,2.1899980704636182,-30.472155073920483,2.7999999999999998,BYPASS,YIELD,RUNNING
1726,34.520000000000003,0,-1.5543489536158492,-31.5181599497459,2.7999999999999998,2.1899980704636182,-30.472155073920483,2.7999999999999998,BYPASS,YIELD,RUNNING
1727,34.539999999999999,0,-1.5455204936596303,-31.532687795243476,2.7999999999999998,2.1899980704636182,-30.472155073920483,2.7999999999999998,BYPASS,YIELD,RUNNING
1728,34.560000000000002,0,-1.5366920337034113,-31.547215640741051,2.7999999999999998,2.1899980704636182,-30.472155073920483,2.7999999999999998,BYPASS,YIELD,RUNNING
1729,34.579999999999998,0,-1.5278635737471924,-31.561743486238626,2.7999999999999998,2.1899980704636182,-30.472155073920483,2.7999999999999998,BYPASS,YIELD,RUNNING
1730,34.600000000000001,0,-1.5190351137909734,-31.576271331736201,2.7999999999999998,2.1899980704636182,-30.472155073920483,2.7999999999999998,BYPASS,YIELD,RUNNING
1731,34.619999999999997,0,-1.5102066538347545,-31.590799177233777,2.7999999999999998,2.1899980704636182,-30.472155073920483,2.7999999999999998,BYPASS,YIELD,RUNNING
1732,34.640000000000001,0,-1.5013781938785355,-31.605327022731352,2.7999999999999998,2.1899980704636182,-30.472155073920483,2.7999999999999998,BYPASS,YIELD,RUNNING
1733,34.659999999999997,0,-1.4925497339223166,-31.619854868228927,2.7999999999999998,2.1899980704636182,-30.472155073920483,2.7999999999999998,BYPASS,YIELD,RUNNING
1734,34.68,0,-1.4837212739660977,-31.634382713726502,2.7999999999999998,2.1899980704636182,-30.472155073920483,2.7999999999999998,BYPASS,YIELD,RUNNING
1735,34.700000000000003,0,-1.4748928140098787,-31.648910559224078,2.7999999999999998,2.1899980704636182,-30.472155073920483,2.7999999999999998,BYPASS,YIELD,RUNNING
1736,34.719999999999999,0,-1.4660643540536598,-31.663438404721653,2.7999999999999998,2.1899980704636182,-30.472155073920483,2.7999999999999998,BYPASS,YIELD,RUNNING
1737,34.740000000000002,0,-1.4572358940974408,-31.677966250219228,2.7999999999999998,2.1899980704636182,-30.472155073920483,2.7999999999999998,BYPASS,YIELD,RUNNING
1738,34.759999999999998,0,-1.4484074341412219,-31.692494095716803,2.7999999999999998,2.1899980704636182,-30.472155073920483,2.7999999999999998,BYPASS,YIELD,RUNNING
1739,34.780000000000001,0,-1.4395789741850029,-31.707021941214379,2.7999999999999998,2.1899980704636182,-30.472155073920483,2.7999999999999998,BYPASS,YIELD,RUNNING
1740,34.799999999999997,0,-1.430750514228784,-31.721549786711954,2.7999999999999998,2.1899980704636182,-30.472155073920483,2.7999999999999998,BYPASS,YIELD,RUNNING
1741,34.82,0,-1.421922054272565,-31.736077632209529,2.7999999999999998,2.1899980704636182,-30.472155073920483,2.7999999999999998,BYPASS,YIELD,RUNNING
1742,34.840000000000003,0,-1.4130935943163461,-31.750605477707104,2.7999999999999998,2.1899980704636182,-30.472155073920483,2.7999999999999998,BYPASS,YIELD,RUNNING
1743,34.859999999999999,0,-1.4042651343601271,-31.76513332320468,2.7999999999999998,2.1899980704636182,-30.472155073920483,2.7999999999999998,BYPASS,YIELD,RUNNING
1744,34.880000000000003,0,-1.3954366744039082,-31.779661168702255,2.7999999999999998,2.1899980704636182,-30.472155073920483,2.7999999999999998,BYPASS,YIELD,RUNNING
1745,34.899999999999999,0,-1.3866082144476892,-31.79418901419983,2.7999999999999998,2.1899980704636182,-30.472155073920483,2.7999999999999998,BYPASS,YIELD,RUNNING
1746,34.920000000000002,0,-1.3777797544914703,-31.808716859697405,2.7999999999999998,2.1899980704636182,-30.472155073920483,2.7999999999999998,BYPASS,YIELD,RUNNING
1747,34.939999999999998,0,-1.3689512945352513,-31.82324470519498,2.7999999999999998,2.1899980704636182,-30.472155073920483,2.7999999999999998,BYPASS,YIELD,RUNNING
1748,34.960000000000001,0,-1.3601228345790324,-31.837772550692556,2.7999999999999998,2.1899980704636182,-30.472155073920483,2.7999999999999998,BYPASS,YIELD,RUNNING
1749,34.979999999999997,0,-1.3512943746228134,-31.852300396190131,2.7999999999999998,2.1899980704636182,-30.472155073920483,2.7999999999999998,BYPASS,YIELD,RUNNING
1750,35,0,-1.3424659146665945,-31.866828241687706,2.7999999999999998,2.1899980704636182,-30.472155073920483,2.7999999999999998,BYPASS,YIELD,RUNNING
1751,35.020000000000003,0,-1.3336374547103755,-31.881356087185281,2.7999999999999998,2.1899980704636182,-30.472155073920483,2.7999999999999998,BYPASS,YIELD,RUNNING
1752,35.039999999999999,0,-1.3248089947541566,-31.895883932682857,2.7999999999999998,2.1899980704636182,-30.472155073920483,2.7999999999999998,BYPASS,YIELD,RUNNING
1753,35.060000000000002,0,-1.3159805347979376,-31.910411778180432,2.7999999999999998,2.1899980704636182,-30.472155073920483,2.7999999999999998,BYPASS,YIELD,RUNNING
1754,35.079999999999998,0,-1.3071520748417187,-31.924939623678007,2.7999999999999998,2.1899980704636182,-30.472155073920483,2.7999999999999998,BYPASS,YIELD,RUNNING
1755,35.100000000000001,0,-1.2983236148854997,-31.939467469175582,2.7999999999999998,2.1899980704636182,-30.472155073920483,2.7999999999999998,BYPASS,YIELD,RUNNING
1756,35.119999999999997,0,-1.2894951549292808,-31.953995314673158,2.7999999999999998,2.1899980704636182,-30.472155073920483,2.7999999999999998,BYPASS,YIELD,RUNNING
1757,35.140000000000001,0,-1.2806666949730618,-31.968523160170733,2.7999999999999998,2.1899980704636182,-30.472155073920483,2.7999999999999998,BYPASS,YIELD,RUNNING
1758,35.159999999999997,0,-1.2718382350168429,-31.983051005668308,2.7999999999999998,2.1899980704636182,-30.472155073920483,2.7999999999999998,BYPASS,YIELD,RUNNING
1759,35.18,0,-1.263009775060624,-31.997578851165883,2.7999999999999998,2.1899980704636182,-30.472155073920483,2.7999999999999998,BYPASS,YIELD,RUNNING
1760,35.200000000000003,0,-1.254181315104405,-32.012106696663459,2.7999999999999998,2.1899980704636182,-30.472155073920483,2.7999999999999998,BYPASS,YIELD,RUNNING
1761,35.219999999999999,0,-1.2453528551481861,-32.026634542161034,2.7999999999999998,2.1899980704636182,-30.472155073920483,2.7999999999999998,BYPASS,YIELD,RUNNING
1762,35.240000000000002,0,-1.2365243951919671,-32.041162387658609,2.7999999999999998,2.1899980704636182,-30.472155073920483,2.7999999999999998,BYPASS,YIELD,RUNNING
1763,35.259999999999998,0,-1.2276959352357482,-32.055690233156184,2.7999999999999998,2.1899980704636182,-30.472155073920483,2.7999999999999998,BYPASS,YIELD,RUNNING
1764,35.280000000000001,0,-1.2188674752795292,-32.07021807865376,2.7999999999999998,2.1899980704636182,-30.472155073920483,2.7999999999999998,BYPASS,YIELD,RUNNING
1765,35.299999999999997,0,-1.2100390153233103,-32.084745924151335,2.7999999999999998,2.1899980704636182,-30.472155073920483,2.7999999999999998,BYPASS,YIELD,RUNNING
1766,35.32,0,-1.2012105553670913,-32.09927376964891,2.7999999999999998,2.1899980704636182,-30.472155073920483,2.7999999999999998,BYPASS,YIELD,RUNNING
1767,35.340000000000003,0,-1.1923820954108724,-32.113801615146485,2.7999999999999998,2.1899980704636182,-30.472155073920483,2.7999999999999998,BYPASS,YIELD,RUNNING
1768,35.359999999999999,0,-1.1835536354546534,-32.128329460644061,2.7999999999999998,2.1899980704636182,-30.472155073920483,2.7999999999999998,BYPASS,YIELD,RUNNING
1769,35.380000000000003,0,-1.1747251754984345,-32.142857306141636,2.7999999999999998,2.1899980704636182,-30.472155073920483,2.7999999999999998,BYPASS,YIELD,RUNNING
1770,35.399999999999999,0,-1.1658967155422155,-32.157385151639211,2.7999999999999998,2.1899980704636182,-30.472155073920483,2.7999999999999998,BYPASS,YIELD,RUNNING
1771,35.420000000000002,0,-1.1570682555859966,-32.171912997136786,2.7999999999999998,2.1899980704636182,-30.472155073920483,2.7999999999999998,BYPASS,YIELD,RUNNING
1772,35.439999999999998,0,-1.1482397956297776,-32.186440842634362,2.7999999999999998,2.1899980704636182,-30.472155073920483,2.7999999999999998,BYPASS,YIELD,RUNNING
1773,35.460000000000001,0,-1.1394113356735587,-32.200968688131937,2.7999999999999998,2.1899980704636182,-30.472155073920483,2.7999999999999998,BYPASS,YIELD,RUNNING
1774,35.479999999999997,0,-1.1305828757173397,-32.215496533629512,2.7999999999999998,2.1899980704636182,-30.472155073920483,2.7999999999999998,BYPASS,YIELD,RUNNING
1775,35.5,0,-1.1217544157611208,-32.230024379127087,2.7999999999999998,2.1899980704636182,-30.472155073920483,2.7999999999999998,BYPASS,YIELD,RUNNING
1776,35.520000000000003,0,-1.1129259558049018,-32.244552224624663,2.7999999999999998,2.1899980704636182,-30.472155073920483,2.7999999999999998,BYPASS,YIELD,RUNNING
1777,35.539999999999999,0,-1.1040974958486829,-32.259080070122238,2.7999999999999998,2.1899980704636182,-30.472155073920483,2.7999999999999998,BYPASS,YIELD,RUNNING
1778,35.560000000000002,0,-1.0952690358924639,-32.273607915619813,2.7999999999999998,2.1899980704636182,-30.472155073920483,2.7999999999999998,BYPASS,YIELD,RUNNING
1779,35.579999999999998,0,-1.086440575936245,-32.288135761117388,2.7999999999999998,2.1899980704636182,-30.472155073920483,2.7999999999999998,BYPASS,YIELD,RUNNING
1780,35.600000000000001,0,-1.077612115980026,-32.302663606614963,2.7999999999999998,2.1899980704636182,-30.472155073920483,2.7999999999999998,BYPASS,YIELD,RUNNING
1781,35.619999999999997,0,-1.0687836560238071,-32.317191452112539,2.7999999999999998,2.1899980704636182,-30.472155073920483,2.7999999999999998,BYPASS,YIELD,RUNNING
1782,35.640000000000001,0,-1.0599551960675881,-32.331719297610114,2.7999999999999998,2.1899980704636182,-30.472155073920483,2.7999999999999998,BYPASS,YIELD,RUNNING
1783,35.659999999999997,0,-1.0511267361113692,-32.346247143107689,2.7999999999999998,2.1899980704636182,-30.472155073920483,2.7999999999999998,BYPASS,YIELD,RUNNING
1784,35.68,0,-1.0422982761551502,-32.360774988605264,2.7999999999999998,2.1899980704636182,-30.472155073920483,2.7999999999999998,BYPASS,YIELD,RUNNING
1785,35.700000000000003,0,-1.0334698161989313,-32.37530283410284,2.7999999999999998,2.1899980704636182,-30.472155073920483,2.7999999999999998,BYPASS,YIELD,RUNNING
1786,35.719999999999999,0,-1.0246413562427124,-32.389830679600415,2.7999999999999998,2.1899980704636182,-30.472155073920483,2.7999999999999998,BYPASS,YIELD,RUNNING
1787,35.740000000000002,0,-1.0158128962864934,-32.40435852509799,2.7999999999999998,2.1899980704636182,-30.472155073920483,2.7999999999999998,BYPASS,YIELD,RUNNING
1788,35.759999999999998,0,-1.0069844363302745,-32.418886370595565,2.7999999999999998,2.1899980704636182,-30.472155073920483,2.7999999999999998,BYPASS,YIELD,RUNNING
1789,35.780000000000001,0,-0.9981559763740554,-32.433414216093141,2.7999999999999998,2.1899980704636182,-30.472155073920483,2.7999999999999998,BYPASS,YIELD,RUNNING
1790,35.799999999999997,0,-0.98932751641783634,-32.447942061590716,2.7999999999999998,2.1899980704636182,-30.472155073920483,2.7999999999999998,BYPASS,YIELD,RUNNING
1791,35.82,0,-0.98049905646161728,-32.462469907088291,2.7999999999999998,2.1899980704636182,-30.472155073920483,2.7999999999999998,BYPASS,YIELD,RUNNING
1792,35.840000000000003,0,-0.97167059650539822,-32.476997752585866,2.7999999999999998,2.1899980704636182,-30.472155073920483,2.7999999999999998,BYPASS,YIELD,RUNNING
1793,35.859999999999999,0,-0.96284213654917916,-32.491525598083442,2.7999999999999998,2.1899980704636182,-30.472155073920483,2.7999999999999998,BYPASS,YIELD,RUNNING
1794,35.880000000000003,0,-0.9540136765929601,-32.506053443581017,2.7999999999999998,2.1899980704636182,-30.472155073920483,2.7999999999999998,BYPASS,YIELD,RUNNING
1795,35.899999999999999,0,-0.94518521663674104,-32.520581289078592,2.7999999999999998,2.1899980704636182,-30.472155073920483,2.7999999999999998,BYPASS,YIELD,RUNNING
1796,35.920000000000002,0,-0.93635675668052198,-32.535109134576167,2.7999999999999998,2.1899980704636182,-30.472155073920483,2.7999999999999998,BYPASS,YIELD,RUNNING
1797,35.939999999999998,0,-0.92752829672430304,-32.549636980073743,2.7999999999999998,2.1899980704636182,-30.472155073920483,2.7999999999999998,BYPASS,YIELD,RUNNING
1798,35.960000000000001,0,-0.91869983676808409,-32.564164825571318,2.7999999999999998,2.1899980704636182,-30.472155073920483,2.7999999999999998,BYPASS,YIELD,RUNNING
1799,35.979999999999997,0,-0.90987137681186514,-32.578692671068893,2.7999999999999998,2.1899980704636182,-30.472155073920483,2.7999999999999998,BYPASS,YIELD,RUNNING
1800,36,0,-0.90104291685564619,-32.593220516566468,2.7999999999999998,2.1899980704636182,-30.472155073920483,2.7999999999999998,BYPASS,YIELD,RUNNING
1801,36.020000000000003,0,-0.89221445689942724,-32.607748362064044,2.7999999999999998,2.1899980704636182,-30.472155073920483,2.7999999999999998,BYPASS,YIELD,RUNNING
1802,36.039999999999999,0,-0.8833859969432083,-32.622276207561619,2.7999999999999998,2.1899980704636182,-30.472155073920483,2.7999999999999998,BYPASS,YIELD,RUNNING
1803,36.060000000000002,0,-0.87455753698698935,-32.636804053059194,2.7999999999999998,2.1899980704636182,-30.472155073920483,2.7999999999999998,BYPASS,YIELD,RUNNING
1804,36.079999999999998,0,-0.8657290770307704,-32.651331898556769,2.7999999999999998,2.1899980704636182,-30.472155073920483,2.7999999999999998,BYPASS,YIELD,RUNNING
1805,36.100000000000001,0,-0.85690061707455145,-32.665859744054345,2.7999999999999998,2.1899980704636182,-30.472155073920483,2.7999999999999998,BYPASS,YIELD,RUNNING
1806,36.119999999999997,0,-0.8480721571183325,-32.68038758955192,2.7999999999999998,2.1899980704636182,-30.472155073920483,2.7999999999999998,BYPASS,YIELD,RUNNING
1807,36.140000000000001,0,-0.83924369716211356,-32.694915435049495,2.7999999999999998,2.1899980704636182,-30.472155073920483,2.7999999999999998,BYPASS,YIELD,RUNNING
1808,36.159999999999997,0,-0.83041523720589461,-32.70944328054707,2.7999999999999998,2.1899980704636182,-30.472155073920483,2.7999999999999998,BYPASS,YIELD,RUNNING
1809,36.18,0,-0.82158677724967566,-32.723971126044646,2.7999999999999998,2.1899980704636182,-30.472155073920483,2.7999999999999998,BYPASS,YIELD,RUNNING
1810,36.200000000000003,0,-0.81275831729345671,-32.738498971542221,2.7999999999999998,2.1899980704636182,-30.472155073920483,2.7999999999999998,BYPASS,YIELD,RUNNING
1811,36.219999999999999,0,-0.80392985733723776,-32.753026817039796,2.7999999999999998,2.1899980704636182,-30.472155073920483,2.7999999999999998,BYPASS,YIELD,RUNNING
1812,36.240000000000002,0,-0.79510139738101882,-32.767554662537371,2.7999999999999998,2.1899980704636182,-30.472155073920483,2.7999999999999998,BYPASS,YIELD,RUNNING
1813,36.259999999999998,0,-0.78627293742479987,-32.782082508034946,2.7999999999999998,2.1899980704636182,-30.472155073920483,2.7999999999999998,BYPASS,YIELD,RUNNING
1814,36.280000000000001,0,-0.77744447746858092,-32.796610353532522,2.7999999999999998,2.1899980704636182,-30.472155073920483,2.7999999999999998,BYPASS,YIELD,RUNNING
1815,36.299999999999997,0,-0.76861601751236197,-32.811138199030097,2.7999999999999998,2.1899980704636182,-30.472155073920483,2.7999999999999998,BYPASS,YIELD,RUNNING
1816,36.32,0,-0.75978755755614302,-32.825666044527672,2.7999999999999998,2.1899980704636182,-30.472155073920483,2.7999999999999998,BYPASS,YIELD,RUNNING
1817,36.340000000000003,0,-0.75095909759992407,-32.840193890025247,2.7999999999999998,2.1899980704636182,-30.472155073920483,2.7999999999999998,BYPASS,YIELD,RUNNING
1818,36.359999999999999,0,-0.74213063764370513,-32.854721735522823,2.7999999999999998,2.1899980704636182,-30.472155073920483,2.7999999999999998,BYPASS,YIELD,RUNNING
1819,36.380000000000003,0,-0.73330217768748618,-32.869249581020398,2.7999999999999998,2.1899980704636182,-30.472155073920483,2.7999999999999998,BYPASS,YIELD,RUNNING
1820,36.399999999999999,0,-0.72447371773126723,-32.883777426517973,2.7999999999999998,2.1899980704636182,-30.472155073920483,2.7999999999999998,BYPASS,YIELD,RUNNING
1821,36.420000000000002,0,-0.71564525777504828,-32.898305272015548,2.7999999999999998,2.1899980704636182,-30.472155073920483,2.7999999999999998,BYPASS,YIELD,RUNNING
1822,36.439999999999998,0,-0.70681679781882933,-32.912833117513124,2.7999999999999998,2.1899980704636182,-30.472155073920483,2.7999999999999998,BYPASS,YIELD,RUNNING
1823,36.460000000000001,0,-0.69798833786261039,-32.927360963010699,2.7999999999999998,2.1899980704636182,-30.472155073920483,2.7999999999999998,BYPASS,YIELD,RUNNING
1824,36.479999999999997,0,-0.68915987790639144,-32.941888808508274,2.7999999999999998,2.1899980704636182,-30.472155073920483,2.7999999999999998,BYPASS,YIELD,RUNNING
1825,36.5,0,-0.68033141795017249,-32.956416654005849,2.7999999999999998,2.1899980704636182,-30.472155073920483,2.7999999999999998,BYPASS,YIELD,RUNNING
1826,36.520000000000003,0,-0.67150295799395354,-32.970944499503425,2.7999999999999998,2.1899980704636182,-30.472155073920483,2.7999999999999998,BYPASS,YIELD,RUNNING
1827,36.539999999999999,0,-0.66267449803773459,-32.985472345001,2.7999999999999998,2.1899980704636182,-30.472155073920483,2.7999999999999998,BYPASS,YIELD,RUNNING
1828,36.560000000000002,0,-0.65384603808151565,-33.000000190498575,2.7999999999999998,2.1899980704636182,-30.472155073920483,2.7999999999999998,BYPASS,YIELD,RUNNING
1829,36.579999999999998,0,-0.6450175781252967,-33.01452803599615,2.7999999999999998,2.1899980704636182,-30.472155073920483,2.7999999999999998,BYPASS,YIELD,RUNNING
1830,36.600000000000001,0,-0.63618911816907775,-33.029055881493726,2.7999999999999998,2.1899980704636182,-30.472155073920483,2.7999999999999998,BYPASS,YIELD,RUNNING
1831,36.619999999999997,0,-0.6273606582128588,-33.043583726991301,2.7999999999999998,2.1899980704636182,-30.472155073920483,2.7999999999999998,BYPASS,YIELD,RUNNING
1832,36.640000000000001,0,-0.61853219825663985,-33.058111572488876,2.7999999999999998,2.1899980704636182,-30.472155073920483,2.7999999999999998,BYPASS,YIELD,RUNNING
1833,36.659999999999997,0,-0.60970373830042091,-33.072639417986451,2.7999999999999998,2.1899980704636182,-30.472155073920483,2.7999999999999998,BYPASS,YIELD,RUNNING
1834,36.68,0,-0.60087527834420196,-33.087167263484027,2.7999999999999998,2.1899980704636182,-30.472155073920483,2.7999999999999998,BYPASS,YIELD,RUNNING
1835,36.700000000000003,0,-0.59204681838798301,-33.101695108981602,2.7999999999999998,2.1899980704636182,-30.472155073920483,2.7999999999999998,BYPASS,YIELD,RUNNING
1836,36.719999999999999,0,-0.58321835843176406,-33.116222954479177,2.7999999999999998,2.1899980704636182,-30.472155073920483,2.7999999999999998,BYPASS,YIELD,RUNNING
1837,36.740000000000002,0,-0.57438989847554511,-33.130750799976752,2.7999999999999998,2.1899980704636182,-30.472155073920483,2.7999999999999998,BYPASS,YIELD,RUNNING
1838,36.759999999999998,0,-0.56556143851932617,-33.145278645474328,2.7999999999999998,2.1899980704636182,-30.472155073920483,2.7999999999999998,BYPASS,YIELD,RUNNING
1839,36.780000000000001,0,-0.55673297856310722,-33.159806490971903,2.7999999999999998,2.1899980704636182,-30.472155073920483,2.7999999999999998,BYPASS,YIELD,RUNNING
1840,36.799999999999997,0,-0.54790451860688827,-33.174334336469478,2.7999999999999998,2.1899980704636182,-30.472155073920483,2.7999999999999998,BYPASS,YIELD,RUNNING
1841,36.82,0,-0.53907605865066932,-33.188862181967053,2.7999999999999998,2.1899980704636182,-30.472155073920483,2.7999999999999998,BYPASS,YIELD,RUNNING
1842,36.840000000000003,0,-0.53024759869445037,-33.203390027464629,2.7999999999999998,2.1899980704636182,-30.472155073920483,2.7999999999999998,BYPASS,YIELD,RUNNING
1843,36.859999999999999,0,-0.52141913873823142,-33.217917872962204,2.7999999999999998,2.1899980704636182,-30.472155073920483,2.7999999999999998,BYPASS,YIELD,RUNNING
1844,36.880000000000003,0,-0.51259067878201248,-33.232445718459779,2.7999999999999998,2.1899980704636182,-30.472155073920483,2.7999999999999998,BYPASS,YIELD,RUNNING
1845,36.899999999999999,0,-0.50376221882579353,-33.246973563957354,2.7999999999999998,2.1899980704636182,-30.472155073920483,2.7999999999999998,BYPASS,YIELD,RUNNING
1846,36.920000000000002,0,-0.49493375886957458,-33.26150140945493,2.7999999999999998,2.1899980704636182,-30.472155073920483,2.7999999999999998,BYPASS,YIELD,RUNNING
1847,36.939999999999998,0,-0.48610529891335563,-33.276029254952505,2.7999999999999998,2.1899980704636182,-30.472155073920483,2.7999999999999998,BYPASS,YIELD,RUNNING
1848,36.960000000000001,0,-0.47727683895713668,-33.29055710045008,2.7999999999999998,2.1899980704636182,-30.472155073920483,2.7999999999999998,BYPASS,YIELD,RUNNING
1849,36.979999999999997,0,-0.46844837900091774,-33.305084945947655,2.7999999999999998,2.1899980704636182,-30.472155073920483,2.7999999999999998,BYPASS,YIELD,RUNNING
1850,37,0,-0.45961991904469879,-33.31961279144523,2.7999999999999998,2.1899980704636182,-30.472155073920483,2.7999999999999998,BYPASS,YIELD,RUNNING
1851,37.020000000000003,0,-0.45079145908847984,-33.334140636942806,2.7999999999999998,2.1899980704636182,-30.472155073920483,2.7999999999999998,BYPASS,YIELD,RUNNING
1852,37.039999999999999,0,-0.44196299913226089,-33.348668482440381,2.7999999999999998,2.1899980704636182,-30.472155073920483,2.7999999999999998,BYPASS,YIELD,RUNNING
1853,37.060000000000002,0,-0.43313453917604194,-33.363196327937956,2.7999999999999998,2.1899980704636182,-30.472155073920483,2.7999999999999998,BYPASS,YIELD,RUNNING
1854,37.079999999999998,0,-0.424306079219823,-33.377724173435531,2.7999999999999998,2.1899980704636182,-30.472155073920483,2.7999999999999998,BYPASS,YIELD,RUNNING
1855,37.100000000000001,0,-0.41547761926360405,-33.392252018933107,2.7999999999999998,2.1899980704636182,-30.472155073920483,2.7999999999999998,BYPASS,YIELD,RUNNING
1856,37.119999999999997,0,-0.4066491593073851,-33.406779864430682,2.7999999999999998,2.1899980704636182,-30.472155073920483,2.7999999999999998,BYPASS,YIELD,RUNNING
1857,37.140000000000001,0,-0.39782069935116615,-33.421307709928257,2.7999999999999998,2.1899980704636182,-30.472155073920483,2.7999999999999998,BYPASS,YIELD,RUNNING
1858,37.159999999999997,0,-0.3889922393949472,-33.435835555425832,2.7999999999999998,2.1899980704636182,-30.472155073920483,2.7999999999999998,BYPASS,YIELD,RUNNING
1859,37.18,0,-0.38016377943872826,-33.450363400923408,2.7999999999999998,2.1899980704636182,-30.472155073920483,2.7999999999999998,BYPASS,YIELD,RUNNING
1860,37.200000000000003,0,-0.37133531948250931,-33.464891246420983,2.7999999999999998,2.1899980704636182,-30.472155073920483,2.7999999999999998,BYPASS,YIELD,RUNNING
1861,37.219999999999999,0,-0.36250685952629036,-33.479419091918558,2.7999999999999998,2.1899980704636182,-30.472155073920483,2.7999999999999998,BYPASS,YIELD,RUNNING
1862,37.240000000000002,0,-0.35367839957007141,-33.493946937416133,2.7999999999999998,2.1899980704636182,-30.472155073920483,2.7999999999999998,BYPASS,YIELD,RUNNING
1863,37.259999999999998,0,-0.34484993961385246,-33.508474782913709,2.7999999999999998,2.1899980704636182,-30.472155073920483,2.7999999999999998,BYPASS,YIELD,RUNNING
1864,37.280000000000001,0,-0.33602147965763352,-33.523002628411284,2.7999999999999998,2.1899980704636182,-30.472155073920483,2.7999999999999998,BYPASS,YIELD,RUNNING
1865,37.299999999999997,0,-0.32719301970141457,-33.537530473908859,2.7999999999999998,2.1899980704636182,-30.472155073920483,2.7999999999999998,BYPASS,YIELD,RUNNING
1866,37.32,0,-0.31836455974519562,-33.552058319406434,2.7999999999999998,2.1899980704636182,-30.472155073920483,2.7999999999999998,BYPASS,YIELD,RUNNING
1867,37.340000000000003,0,-0.30953609978897667,-33.56658616490401,2.7999999999999998,2.1899980704636182,-30.472155073920483,2.7999999999999998,BYPASS,YIELD,RUNNING
1868,37.359999999999999,0,-0.30070763983275772,-33.581114010401585,2.7999999999999998,2.1899980704636182,-30.472155073920483,2.7999999999999998,BYPASS,YIELD,RUNNING
1869,37.380000000000003,0,-0.29187917987653877,-33.59564185589916,2.7999999999999998,2.1899980704636182,-30.472155073920483,2.7999999999999998,BYPASS,YIELD,RUNNING
1870,37.399999999999999,0,-0.28305071992031983,-33.610169701396735,2.7999999999999998,2.1899980704636182,-30.472155073920483,2.7999999999999998,BYPASS,YIELD,RUNNING
1871,37.420000000000002,0,-0.27422225996410088,-33.624697546894311,2.7999999999999998,2.1899980704636182,-30.472155073920483,2.7999999999999998,BYPASS,YIELD,RUNNING
1872,37.439999999999998,0,-0.26539380000788193,-33.639225392391886,2.7999999999999998,2.1899980704636182,-30.472155073920483,2.7999999999999998,BYPASS,YIELD,RUNNING
1873,37.460000000000001,0,-0.25656534005166298,-33.653753237889461,2.7999999999999998,2.1899980704636182,-30.472155073920483,2.7999999999999998,BYPASS,YIELD,RUNNING
1874,37.479999999999997,0,-0.24773688009544403,-33.668281083387036,2.7999999999999998,2.1899980704636182,-30.472155073920483,2.7999999999999998,BYPASS,YIELD,RUNNING
1875,37.5,0,-0.23890842013922509,-33.682808928884612,2.7999999999999998,2.1899980704636182,-30.472155073920483,2.7999999999999998,BYPASS,YIELD,RUNNING
1876,37.520000000000003,0,-0.23007996018300614,-33.697336774382187,2.7999999999999998,2.1899980704636182,-30.472155073920483,2.7999999999999998,BYPASS,YIELD,RUNNING
1877,37.539999999999999,0,-0.22125150022678719,-33.711864619879762,2.7999999999999998,2.1899980704636182,-30.472155073920483,2.7999999999999998,BYPASS,YIELD,RUNNING
1878,37.560000000000002,0,-0.21242304027056824,-33.726392465377337,2.7999999999999998,2.1899980704636182,-30.472155073920483,2.7999999999999998,BYPASS,YIELD,RUNNING
1879,37.579999999999998,0,-0.20359458031434929,-33.740920310874913,2.7999999999999998,2.1899980704636182,-30.472155073920483,2.7999999999999998,BYPASS,YIELD,RUNNING
1880,37.600000000000001,0,-0.19476612035813035,-33.755448156372488,2.7999999999999998,2.1899980704636182,-30.472155073920483,2.7999999999999998,BYPASS,YIELD,RUNNING
1881,37.619999999999997,0,-0.1859376604019114,-33.769976001870063,2.7999999999999998,2.1899980704636182,-30.472155073920483,2.7999999999999998,BYPASS,YIELD,RUNNING
1882,37.640000000000001,0,-0.17710920044569245,-33.784503847367638,2.7999999999999998,2.1899980704636182,-30.472155073920483,2.7999999999999998,BYPASS,YIELD,RUNNING
1883,37.659999999999997,0,-0.1682807404894735,-33.799031692865213,2.7999999999999998,2.1899980704636182,-30.472155073920483,2.7999999999999998,BYPASS,YIELD,RUNNING
1884,37.68,0,-0.15945228053325455,-33.813559538362789,2.7999999999999998,2.1899980704636182,-30.472155073920483,2.7999999999999998,BYPASS,YIELD,RUNNING
1885,37.700000000000003,0,-0.15062382057703561,-33.828087383860364,2.7999999999999998,2.1899980704636182,-30.472155073920483,2.7999999999999998,BYPASS,YIELD,RUNNING
1886,37.719999999999999,0,-0.14179536062081666,-33.842615229357939,2.7999999999999998,2.1899980704636182,-30.472155073920483,2.7999999999999998,BYPASS,YIELD,RUNNING
1887,37.740000000000002,0,-0.13296690066459771,-33.857143074855514,2.7999999999999998,2.1899980704636182,-30.472155073920483,2.7999999999999998,BYPASS,YIELD,RUNNING
1888,37.759999999999998,0,-0.12413844070837876,-33.87167092035309,2.7999999999999998,2.1899980704636182,-30.472155073920483,2.7999999999999998,BYPASS,YIELD,RUNNING
1889,37.780000000000001,0,-0.11530998075215981,-33.886198765850665,2.7999999999999998,2.1899980704636182,-30.472155073920483,2.7999999999999998,BYPASS,YIELD,RUNNING
1890,37.799999999999997,0,-0.10648152079594086,-33.90072661134824,2.7999999999999998,2.1899980704636182,-30.472155073920483,2.7999999999999998,BYPASS,YIELD,RUNNING
1891,37.82,0,-0.097653060839721917,-33.915254456845815,2.7999999999999998,2.1899980704636182,-30.472155073920483,2.7999999999999998,BYPASS,YIELD,RUNNING
1892,37.840000000000003,0,-0.088824600883502969,-33.929782302343391,2.7999999999999998,2.1899980704636182,-30.472155073920483,2.7999999999999998,BYPASS,YIELD,RUNNING
1893,37.859999999999999,0,-0.079996140927284021,-33.944310147840966,2.7999999999999998,2.1899980704636182,-30.472155073920483,2.7999999999999998,BYPASS,YIELD,RUNNING
1894,37.880000000000003,0,-0.071167680971065073,-33.958837993338541,2.7999999999999998,2.1899980704636182,-30.472155073920483,2.7999999999999998,BYPASS,YIELD,RUNNING
1895,37.899999999999999,0,-0.062339221014846131,-33.973365838836116,2.7999999999999998,2.1899980704636182,-30.472155073920483,2.7999999999999998,BYPASS,YIELD,RUNNING
1896,37.920000000000002,0,-0.05351076105862719,-33.987893684333692,2.7999999999999998,2.1899980704636182,-30.472155073920483,2.7999999999999998,BYPASS,YIELD,RUNNING
1897,37.939999999999998,0,-0.044682301102408249,-34.002421529831267,2.7999999999999998,2.1899980704636182,-30.472155073920483,2.7999999999999998,BYPASS,YIELD,RUNNING
1898,37.960000000000001,0,-0.035853841146189308,-34.016949375328842,2.7999999999999998,2.181169610507399,-30.486682919418058,2.7999999999999998,BYPASS,BYPASS,RUNNING
1899,37.979999999999997,0,-0.02702538118997037,-34.031477220826417,2.7999999999999998,2.1723411505511798,-30.501210764915633,2.7999999999999998,BYPASS,BYPASS,RUNNING
1900,38,0,-0.018196921233751433,-34.046005066323993,2.7999999999999998,2.1635126905949607,-30.515738610413209,2.7999999999999998,BYPASS,BYPASS,RUNNING
1901,38.020000000000003,0,-0.0093684612775324968,-34.060532911821568,2.7999999999999998,2.1546842306387415,-30.530266455910784,2.7999999999999998,BYPASS,BYPASS,RUNNING
1902,38.039999999999999,0,-0.00054000132131356259,-34.075060757319143,2.7999999999999998,2.1458557706825223,-30.544794301408359,2.7999999999999998,BYPASS,BYPASS,RUNNING
1903,38.060000000000002,0,0.0082884586349053716,-34.089588602816718,2.7999999999999998,2.1370273107263031,-30.559322146905934,2.7999999999999998,BYPASS,BYPASS,RUNNING
1904,38.079999999999998,0,0.017116918591124304,-34.104116448314294,2.7999999999999998,2.128198850770084,-30.57384999240351,2.7999999999999998,BYPASS,BYPASS,RUNNING
1905,38.100000000000001,0,0.025945378547343235,-34.118644293811869,2.7999999999999998,2.1193703908138648,-30.588377837901085,2.7999999999999998,BYPASS,BYPASS,RUNNING
1906,38.119999999999997,0,0.034773838503562166,-34.133172139309444,2.7999999999999998,2.1105419308576456,-30.60290568339866,2.7999999999999998,BYPASS,BYPASS,RUNNING
1907,38.140000000000001,0,0.0436022984597811,-34.147699984807019,2.7999999999999998,2.1017134709014265,-30.617433528896235,2.7999999999999998,BYPASS,BYPASS,RUNNING
1908,38.159999999999997,0,0.052430758416000034,-34.162227830304595,2.7999999999999998,2.0928850109452073,-30.631961374393811,2.7999999999999998,BYPASS,BYPASS,RUNNING
1909,38.18,0,0.061259218372218961,-34.17675567580217,2.7999999999999998,2.0840565509889881,-30.646489219891386,2.7999999999999998,BYPASS,BYPASS,RUNNING
1910,38.200000000000003,0,0.070087678328437888,-34.191283521299745,2.7999999999999998,2.075228091032769,-30.661017065388961,2.7999999999999998,BYPASS,BYPASS,RUNNING
1911,38.219999999999999,0,0.078916138284656823,-34.20581136679732,2.7999999999999998,2.0663996310765498,-30.675544910886536,2.7999999999999998,BYPASS,BYPASS,RUNNING
1912,38.240000000000002,0,0.087744598240875743,-34.220339212294896,2.7999999999999998,2.0575711711203306,-30.690072756384112,2.7999999999999998,BYPASS,BYPASS,RUNNING
1913,38.259999999999998,0,0.096573058197094663,-34.234867057792471,2.7999999999999998,2.0487427111641114,-30.704600601881687,2.7999999999999998,BYPASS,BYPASS,RUNNING
1914,38.280000000000001,0,0.10540151815331358,-34.249394903290046,2.7999999999999998,2.0399142512078923,-30.719128447379262,2.7999999999999998,BYPASS,BYPASS,RUNNING
1915,38.299999999999997,0,0.1142299781095325,-34.263922748787621,2.7999999999999998,2.0310857912516731,-30.733656292876837,2.7999999999999998,BYPASS,BYPASS,RUNNING
1916,38.32,0,0.12305843806575142,-34.278450594285196,2.7999999999999998,2.0222573312954539,-30.748184138374413,2.7999999999999998,BYPASS,BYPASS,RUNNING
1917,38.340000000000003,0,0.13188689802197034,-34.292978439782772,2.7999999999999998,2.0134288713392348,-30.762711983871988,2.7999999999999998,BYPASS,BYPASS,RUNNING
1918,38.359999999999999,0,0.14071535797818926,-34.307506285280347,2.7999999999999998,2.0046004113830156,-30.777239829369563,2.7999999999999998,BYPASS,BYPASS,RUNNING
1919,38.380000000000003,0,0.14954381793440819,-34.322034130777922,2.7999999999999998,1.9957719514267966,-30.791767674867138,2.7999999999999998,BYPASS,BYPASS,RUNNING
1920,38.399999999999999,0,0.15837227789062711,-34.336561976275497,2.7999999999999998,1.9869434914705777,-30.806295520364714,2.7999999999999998,BYPASS,BYPASS,RUNNING
1921,38.420000000000002,0,0.16720073784684603,-34.351089821773073,2.7999999999999998,1.9781150315143587,-30.820823365862289,2.7999999999999998,BYPASS,BYPASS,RUNNING
1922,38.439999999999998,0,0.17602919780306495,-34.365617667270648,2.7999999999999998,1.9692865715581398,-30.835351211359864,2.7999999999999998,BYPASS,BYPASS,RUNNING
1923,38.460000000000001,0,0.18485765775928387,-34.380145512768223,2.7999999999999998,1.9604581116019208,-30.849879056857439,2.7999999999999998,BYPASS,BYPASS,RUNNING
1924,38.479999999999997,0,0.19368611771550279,-34.394673358265798,2.7999999999999998,1.9516296516457019,-30.864406902355014,2.7999999999999998,BYPASS,BYPASS,RUNNING
1925,38.5,0,0.20251457767172171,-34.409201203763374,2.7999999999999998,1.942801191689483,-30.87893474785259,2.7999999999999998,BYPASS,BYPASS,RUNNING
1926,38.520000000000003,0,0.21134303762794063,-34.423729049260949,2.7999999999999998,1.933972731733264,-30.893462593350165,2.7999999999999998,BYPASS,BYPASS,RUNNING
1927,38.539999999999999,0,0.22017149758415955,-34.438256894758524,2.7999999999999998,1.9251442717770451,-30.90799043884774,2.7999999999999998,BYPASS,BYPASS,RUNNING
1928,38.560000000000002,0,0.22899995754037847,-34.452784740256099,2.7999999999999998,1.9163158118208261,-30.922518284345315,2.7999999999999998,BYPASS,BYPASS,RUNNING
1929,38.579999999999998,0,0.23782841749659739,-34.467312585753675,2.7999999999999998,1.9074873518646072,-30.937046129842891,2.7999999999999998,BYPASS,BYPASS,RUNNING
1930,38.600000000000001,0,0.24665687745281631,-34.48184043125125,2.7999999999999998,1.8986588919083882,-30.951573975340466,2.7999999999999998,BYPASS,BYPASS,RUNNING
1931,38.619999999999997,0,0.25548533740903523,-34.496368276748825,2.7999999999999998,1.8898304319521693,-30.966101820838041,2.7999999999999998,BYPASS,BYPASS,RUNNING
1932,38.640000000000001,0,0.26431379736525412,-34.5108961222464,2.7999999999999998,1.8810019719959503,-30.980629666335616,2.7999999999999998,BYPASS,BYPASS,RUNNING
1933,38.659999999999997,0,0.27314225732147301,-34.525423967743976,2.7999999999999998,1.8721735120397314,-30.995157511833192,2.7999999999999998,BYPASS,BYPASS,RUNNING
1934,38.68,0,0.28197071727769191,-34.539951813241551,2.7999999999999998,1.8633450520835124,-31.009685357330767,2.7999999999999998,BYPASS,BYPASS,RUNNING
1935,38.700000000000003,0,0.2907991772339108,-34.554479658739126,2.7999999999999998,1.8545165921272935,-31.024213202828342,2.7999999999999998,BYPASS,BYPASS,RUNNING
1936,38.719999999999999,0,0.29962763719012969,-34.569007504236701,2.7999999999999998,1.8456881321710745,-31.038741048325917,2.7999999999999998,BYPASS,BYPASS,RUNNING
1937,38.740000000000002,0,0.30845609714634858,-34.583535349734277,2.7999999999999998,1.8368596722148556,-31.053268893823493,2.7999999999999998,BYPASS,BYPASS,RUNNING
1938,38.759999999999998,0,0.31728455710256748,-34.598063195231852,2.7999999999999998,1.8280312122586366,-31.067796739321068,2.7999999999999998,BYPASS,BYPASS,RUNNING
1939,38.780000000000001,0,0.32611301705878637,-34.612591040729427,2.7999999999999998,1.8192027523024177,-31.082324584818643,2.7999999999999998,BYPASS,BYPASS,RUNNING
1940,38.799999999999997,0,0.33494147701500526,-34.627118886227002,2.7999999999999998,1.8103742923461987,-31.096852430316218,2.7999999999999998,BYPASS,BYPASS,RUNNING
1941,38.82,0,0.34376993697122415,-34.641646731724578,2.7999999999999998,1.8015458323899798,-31.111380275813794,2.7999999999999998,BYPASS,BYPASS,RUNNING
1942,38.840000000000003,0,0.35259839692744305,-34.656174577222153,2.7999999999999998,1.7927173724337608,-31.125908121311369,2.7999999999999998,BYPASS,BYPASS,RUNNING
1943,38.859999999999999,0,0.36142685688366194,-34.670702422719728,2.7999999999999998,1.7838889124775419,-31.140435966808944,2.7999999999999998,BYPASS,BYPASS,RUNNING
1944,38.880000000000003,0,0.37025531683988083,-34.685230268217303,2.7999999999999998,1.7750604525213229,-31.154963812306519,2.7999999999999998,BYPASS,BYPASS,RUNNING
1945,38.899999999999999,0,0.37908377679609973,-34.699758113714879,2.7999999999999998,1.766231992565104,-31.169491657804095,2.7999999999999998,BYPASS,BYPASS,RUNNING
1946,38.920000000000002,0,0.38791223675231862,-34.714285959212454,2.7999999999999998,1.757403532608885,-31.18401950330167,2.7999999999999998,BYPASS,BYPASS,RUNNING
1947,38.939999999999998,0,0.39674069670853751,-34.728813804710029,2.7999999999999998,1.7485750726526661,-31.198547348799245,2.7999999999999998,BYPASS,BYPASS,RUNNING
1948,38.960000000000001,0,0.4055691566647564,-34.743341650207604,2.7999999999999998,1.7397466126964471,-31.21307519429682,2.7999999999999998,BYPASS,BYPASS,RUNNING
1949,38.979999999999997,0,0.4143976166209753,-34.757869495705179,2.7999999999999998,1.7309181527402282,-31.227603039794396,2.7999999999999998,BYPASS,BYPASS,RUNNING
1950,39,0,0.42322607657719419,-34.772397341202755,2.7999999999999998,1.7220896927840093,-31.242130885291971,2.7999999999999998,BYPASS,BYPASS,RUNNING
1951,39.020000000000003,0,0.43205453653341308,-34.78692518670033,2.7999999999999998,1.7132612328277903,-31.256658730789546,2.7999999999999998,BYPASS,BYPASS,RUNNING
1952,39.039999999999999,0,0.44088299648963197,-34.801453032197905,2.7999999999999998,1.7044327728715714,-31.271186576287121,2.7999999999999998,BYPASS,BYPASS,RUNNING
1953,39.060000000000002,0,0.44971145644585087,-34.81598087769548,2.7999999999999998,1.6956043129153524,-31.285714421784697,2.7999999999999998,BYPASS,BYPASS,RUNNING
1954,39.079999999999998,0,0.45853991640206976,-34.830508723193056,2.7999999999999998,1.6867758529591335,-31.300242267282272,2.7999999999999998,BYPASS,BYPASS,RUNNING
1955,39.100000000000001,0,0.46736837635828865,-34.845036568690631,2.7999999999999998,1.6779473930029145,-31.314770112779847,2.7999999999999998,BYPASS,BYPASS,RUNNING
1956,39.119999999999997,0,0.47619683631450754,-34.859564414188206,2.7999999999999998,1.6691189330466956,-31.329297958277422,2.7999999999999998,BYPASS,BYPASS,RUNNING
1957,39.140000000000001,0,0.48502529627072644,-34.874092259685781,2.7999999999999998,1.6602904730904766,-31.343825803774997,2.7999999999999998,BYPASS,BYPASS,RUNNING
1958,39.159999999999997,0,0.49385375622694533,-34.888620105183357,2.7999999999999998,1.6514620131342577,-31.358353649272573,2.7999999999999998,BYPASS,BYPASS,RUNNING
1959,39.18,0,0.50268221618316422,-34.903147950680932,2.7999999999999998,1.6426335531780387,-31.372881494770148,2.7999999999999998,BYPASS,BYPASS,RUNNING
1960,39.200000000000003,0,0.51151067613938306,-34.917675796178507,2.7999999999999998,1.6338050932218198,-31.387409340267723,2.7999999999999998,BYPASS,BYPASS,RUNNING
1961,39.219999999999999,0,0.5203391360956019,-34.932203641676082,2.7999999999999998,1.6249766332656008,-31.401937185765298,2.7999999999999998,BYPASS,BYPASS,RUNNING
1962,39.240000000000002,0,0.52916759605182073,-34.946731487173658,2.7999999999999998,1.6161481733093819,-31.416465031262874,2.7999999999999998,BYPASS,BYPASS,RUNNING
1963,39.259999999999998,0,0.53799605600803957,-34.961259332671233,2.7999999999999998,1.6073197133531629,-31.430992876760449,2.7999999999999998,BYPASS,BYPASS,RUNNING
1964,39.280000000000001,0,0.54682451596425841,-34.975787178168808,2.7999999999999998,1.598491253396944,-31.445520722258024,2.7999999999999998,BYPASS,BYPASS,RUNNING
1965,39.299999999999997,0,0.55565297592047724,-34.990315023666383,2.7999999999999998,1.589662793440725,-31.460048567755599,2.7999999999999998,BYPASS,BYPASS,RUNNING
1966,39.32,0,0.56448143587669608,-35.004842869163959,2.7999999999999998,1.5808343334845061,-31.474576413253175,2.7999999999999998,BYPASS,BYPASS,RUNNING
1967,39.340000000000003,0,0.57330989583291492,-35.019370714661534,2.7999999999999998,1.5720058735282871,-31.48910425875075,2.7999999999999998,BYPASS,BYPASS,RUNNING
1968,39.359999999999999,0,0.58213835578913375,-35.033898560159109,2.7999999999999998,1.5631774135720682,-31.503632104248325,2.7999999999999998,BYPASS,BYPASS,RUNNING
1969,39.380000000000003,0,0.59096681574535259,-35.048426405656684,2.7999999999999998,1.5543489536158492,-31.5181599497459,2.7999999999999998,BYPASS,BYPASS,RUNNING
1970,39.399999999999999,0,0.59979527570157143,-35.06295425115426,2.7999999999999998,1.5455204936596303,-31.532687795243476,2.7999999999999998,BYPASS,BYPASS,RUNNING
1971,39.420000000000002,0,0.60862373565779027,-35.077482096651835,2.7999999999999998,1.5366920337034113,-31.547215640741051,2.7999999999999998,BYPASS,BYPASS,RUNNING
1972,39.439999999999998,0,0.6174521956140091,-35.09200994214941,2.7999999999999998,1.5278635737471924,-31.561743486238626,2.7999999999999998,BYPASS,BYPASS,RUNNING
1973,39.460000000000001,0,0.62628065557022794,-35.106537787646985,2.7999999999999998,1.5190351137909734,-31.576271331736201,2.7999999999999998,BYPASS,BYPASS,RUNNING
1974,39.479999999999997,0,0.63510911552644678,-35.121065633144561,2.7999999999999998,1.5102066538347545,-31.590799177233777,2.7999999999999998,BYPASS,BYPASS,RUNNING
1975,39.5,0,0.64393757548266561,-35.135593478642136,2.7999999999999998,1.5013781938785355,-31.605327022731352,2.7999999999999998,BYPASS,BYPASS,RUNNING
1976,39.520000000000003,0,0.65276603543888445,-35.150121324139711,2.7999999999999998,1.4925497339223166,-31.619854868228927,2.7999999999999998,BYPASS,BYPASS,RUNNING
1977,39.539999999999999,0,0.66159449539510329,-35.164649169637286,2.7999999999999998,1.4837212739660977,-31.634382713726502,2.7999999999999998,BYPASS,BYPASS,RUNNING
1978,39.560000000000002,0,0.67042295535132213,-35.179177015134862,2.7999999999999998,1.4748928140098787,-31.648910559224078,2.7999999999999998,BYPASS,BYPASS,RUNNING
1979,39.579999999999998,0,0.67925141530754096,-35.193704860632437,2.7999999999999998,1.4660643540536598,-31.663438404721653,2.7999999999999998,BYPASS,BYPASS,RUNNING
1980,39.600000000000001,0,0.6880798752637598,-35.208232706130012,2.7999999999999998,1.4572358940974408,-31.677966250219228,2.7999999999999998,BYPASS,BYPASS,RUNNING
1981,39.619999999999997,0,0.69690833521997864,-35.222760551627587,2.7999999999999998,1.4484074341412219,-31.692494095716803,2.7999999999999998,BYPASS,BYPASS,RUNNING
1982,39.640000000000001,0,0.70573679517619747,-35.237288397125162,2.7999999999999998,1.4395789741850029,-31.707021941214379,2.7999999999999998,BYPASS,BYPASS,RUNNING
1983,39.659999999999997,0,0.71456525513241631,-35.251816242622738,2.7999999999999998,1.430750514228784,-31.721549786711954,2.7999999999999998,BYPASS,BYPASS,RUNNING
1984,39.68,0,0.72339371508863515,-35.266344088120313,2.7999999999999998,1.421922054272565,-31.736077632209529,2.7999999999999998,BYPASS,BYPASS,RUNNING
1985,39.700000000000003,0,0.73222217504485398,-35.280871933617888,2.7999999999999998,1.4130935943163461,-31.750605477707104,2.7999999999999998,BYPASS,BYPASS,RUNNING
1986,39.719999999999999,0,0.74105063500107282,-35.295399779115463,2.7999999999999998,1.4042651343601271,-31.76513332320468,2.7999999999999998,BYPASS,BYPASS,RUNNING
1987,39.740000000000002,0,0.74987909495729166,-35.309927624613039,2.7999999999999998,1.3954366744039082,-31.779661168702255,2.7999999999999998,BYPASS,BYPASS,RUNNING
1988,39.759999999999998,0,0.7587075549135105,-35.324455470110614,2.7999999999999998,1.3866082144476892,-31.79418901419983,2.7999999999999998,BYPASS,BYPASS,RUNNING
1989,39.780000000000001,0,0.76753601486972933,-35.338983315608189,2.7999999999999998,1.3777797544914703,-31.808716859697405,2.7999999999999998,BYPASS,BYPASS,RUNNING
1990,39.799999999999997,0,0.77636447482594817,-35.353511161105764,2.7999999999999998,1.3689512945352513,-31.82324470519498,2.7999999999999998,BYPASS,BYPASS,RUNNING
1991,39.82,0,0.78519293478216701,-35.36803900660334,2.7999999999999998,1.3601228345790324,-31.837772550692556,2.7999999999999998,BYPASS,BYPASS,RUNNING
1992,39.840000000000003,0,0.79402139473838584,-35.382566852100915,2.7999999999999998,1.3512943746228134,-31.852300396190131,2.7999999999999998,BYPASS,BYPASS,RUNNING
1993,39.859999999999999,0,0.80284985469460468,-35.39709469759849,2.7999999999999998,1.3424659146665945,-31.866828241687706,2.7999999999999998,BYPASS,BYPASS,RUNNING
1994,39.880000000000003,0,0.81167831465082352,-35.411622543096065,2.7999999999999998,1.3336374547103755,-31.881356087185281,2.7999999999999998,BYPASS,BYPASS,RUNNING
1995,39.899999999999999,0,0.82050677460704236,-35.426150388593641,2.7999999999999998,1.3248089947541566,-31.895883932682857,2.7999999999999998,BYPASS,BYPASS,RUNNING
1996,39.920000000000002,0,0.82933523456326119,-35.440678234091216,2.7999999999999998,1.3159805347979376,-31.910411778180432,2.7999999999999998,BYPASS,BYPASS,RUNNING
1997,39.939999999999998,0,0.83816369451948003,-35.455206079588791,2.7999999999999998,1.3071520748417187,-31.924939623678007,2.7999999999999998,BYPASS,BYPASS,RUNNING
1998,39.960000000000001,0,0.84699215447569887,-35.469733925086366,2.7999999999999998,1.2983236148854997,-31.939467469175582,2.7999999999999998,BYPASS,BYPASS,RUNNING
1999,39.979999999999997,0,0.8558206144319177,-35.484261770583942,2.7999999999999998,1.2894951549292808,-31.953995314673158,2.7999999999999998,BYPASS,BYPASS,RUNNING
2000,40,0,0.86464907438813654,-35.498789616081517,2.7999999999999998,1.2806666949730618,-31.968523160170733,2.7999999999999998,BYPASS,BYPASS,RUNNING
2001,40.020000000000003,0,0.87347753434435538,-35.513317461579092,2.7999999999999998,1.2718382350168429,-31.983051005668308,2.7999999999999998,BYPASS,BYPASS,RUNNING
2002,40.039999999999999,0,0.88230599430057421,-35.527845307076667,2.7999999999999998,1.263009775060624,-31.997578851165883,2.7999999999999998,BYPASS,BYPASS,RUNNING
2003,40.060000000000002,0,0.89113445425679305,-35.542373152574243,2.7999999999999998,1.254181315104405,-32.012106696663459,2.7999999999999998,BYPASS,BYPASS,RUNNING
2004,40.079999999999998,0,0.89996291421301189,-35.556900998071818,2.7999999999999998,1.2453528551481861,-32.026634542161034,2.7999999999999998,BYPASS,BYPASS,RUNNING
2005,40.100000000000001,0,0.90879137416923073,-35.571428843569393,2.7999999999999998,1.2365243951919671,-32.041162387658609,2.7999999999999998,BYPASS,BYPASS,RUNNING
2006,40.119999999999997,0,0.91761983412544956,-35.585956689066968,2.7999999999999998,1.2276959352357482,-32.055690233156184,2.7999999999999998,BYPASS,BYPASS,RUNNING
2007,40.140000000000001,0,0.9264482940816684,-35.600484534564544,2.7999999999999998,1.2188674752795292,-32.07021807865376,2.7999999999999998,BYPASS,BYPASS,RUNNING
2008,40.159999999999997,0,0.93527675403788724,-35.615012380062119,2.7999999999999998,1.2100390153233103,-32.084745924151335,2.7999999999999998,BYPASS,BYPASS,RUNNING
2009,40.18,0,0.94410521399410607,-35.629540225559694,2.7999999999999998,1.2012105553670913,-32.09927376964891,2.7999999999999998,BYPASS,BYPASS,RUNNING
2010,40.200000000000003,0,0.95293367395032491,-35.644068071057269,2.7999999999999998,1.1923820954108724,-32.113801615146485,2.7999999999999998,BYPASS,BYPASS,RUNNING
2011,40.219999999999999,0,0.96176213390654375,-35.658595916554845,2.7999999999999998,1.1835536354546534,-32.128329460644061,2.7999999999999998,BYPASS,BYPASS,RUNNING
2012,40.240000000000002,0,0.97059059386276259,-35.67312376205242,2.7999999999999998,1.1747251754984345,-32.142857306141636,2.7999999999999998,BYPASS,BYPASS,RUNNING
2013,40.259999999999998,0,0.97941905381898142,-35.687651607549995,2.7999999999999998,1.1658967155422155,-32.157385151639211,2.7999999999999998,BYPASS,BYPASS,RUNNING
2014,40.280000000000001,0,0.98824751377520026,-35.70217945304757,2.7999999999999998,1.1570682555859966,-32.171912997136786,2.7999999999999998,BYPASS,BYPASS,RUNNING
2015,40.299999999999997,0,0.9970759737314191,-35.716707298545145,2.7999999999999998,1.1482397956297776,-32.186440842634362,2.7999999999999998,BYPASS,BYPASS,RUNNING
2016,40.32,0,1.0059044336876379,-35.731235144042721,2.7999999999999998,1.1394113356735587,-32.200968688131937,2.7999999999999998,BYPASS,BYPASS,RUNNING
2017,40.340000000000003,0,1.0147328936438567,-35.745762989540296,2.7999999999999998,1.1305828757173397,-32.215496533629512,2.7999999999999998,BYPASS,BYPASS,RUNNING
2018,40.359999999999999,0,1.0235613536000754,-35.760290835037871,2.7999999999999998,1.1217544157611208,-32.230024379127087,2.7999999999999998,BYPASS,BYPASS,RUNNING
2019,40.380000000000003,0,1.0323898135562941,-35.774818680535446,2.7999999999999998,1.1129259558049018,-32.244552224624663,2.7999999999999998,BYPASS,BYPASS,RUNNING
2020,40.399999999999999,0,1.0412182735125128,-35.789346526033022,2.7999999999999998,1.1040974958486829,-32.259080070122238,2.7999999999999998,BYPASS,BYPASS,RUNNING
2021,40.420000000000002,0,1.0500467334687316,-35.803874371530597,2.7999999999999998,1.0952690358924639,-32.273607915619813,2.7999999999999998,BYPASS,BYPASS,RUNNING
2022,40.439999999999998,0,1.0588751934249503,-35.818402217028172,2.7999999999999998,1.086440575936245,-32.288135761117388,2.7999999999999998,BYPASS,BYPASS,RUNNING
2023,40.460000000000001,0,1.067703653381169,-35.832930062525747,2.7999999999999998,1.077612115980026,-32.302663606614963,2.7999999999999998,BYPASS,BYPASS,RUNNING
2024,40.479999999999997,0,1.0765321133373877,-35.847457908023323,2.7999999999999998,1.0687836560238071,-32.317191452112539,2.7999999999999998,BYPASS,BYPASS,RUNNING
2025,40.5,0,1.0853605732936065,-35.861985753520898,2.7999999999999998,1.0599551960675881,-32.331719297610114,2.7999999999999998,BYPASS,BYPASS,RUNNING
2026,40.520000000000003,0,1.0941890332498252,-35.876513599018473,2.7999999999999998,1.0511267361113692,-32.346247143107689,2.7999999999999998,BYPASS,BYPASS,RUNNING
2027,40.539999999999999,0,1.1030174932060439,-35.891041444516048,2.7999999999999998,1.0422982761551502,-32.360774988605264,2.7999999999999998,BYPASS,BYPASS,RUNNING
2028,40.560000000000002,0,1.1118459531622626,-35.905569290013624,2.7999999999999998,1.0334698161989313,-32.37530283410284,2.7999999999999998,BYPASS,BYPASS,RUNNING
2029,40.579999999999998,0,1.1206744131184814,-35.920097135511199,2.7999999999999998,1.0246413562427124,-32.389830679600415,2.7999999999999998,BYPASS,BYPASS,RUNNING
2030,40.600000000000001,0,1.1295028730747001,-35.934624981008774,2.7999999999999998,1.0158128962864934,-32.40435852509799,2.7999999999999998,BYPASS,BYPASS,RUNNING
2031,40.619999999999997,0,1.1383313330309188,-35.949152826506349,2.7999999999999998,1.0069844363302745,-32.418886370595565,2.7999999999999998,BYPASS,BYPASS,RUNNING
2032,40.640000000000001,0,1.1471597929871375,-35.963680672003925,2.7999999999999998,0.9981559763740554,-32.433414216093141,2.7999999999999998,BYPASS,BYPASS,RUNNING
2033,40.659999999999997,0,1.1559882529433563,-35.9782085175015,2.7999999999999998,0.98932751641783634,-32.447942061590716,2.7999999999999998,BYPASS,BYPASS,RUNNING
2034,40.68,0,1.164816712899575,-35.992736362999075,2.7999999999999998,0.98049905646161728,-32.462469907088291,2.7999999999999998,BYPASS,BYPASS,RUNNING
2035,40.700000000000003,0,1.1736451728557937,-36.00726420849665,2.7999999999999998,0.97167059650539822,-32.476997752585866,2.7999999999999998,BYPASS,BYPASS,RUNNING
2036,40.719999999999999,0,1.1824736328120125,-36.021792053994226,2.7999999999999998,0.96284213654917916,-32.491525598083442,2.7999999999999998,BYPASS,BYPASS,RUNNING
2037,40.740000000000002,0,1.1913020927682312,-36.036319899491801,2.7999999999999998,0.9540136765929601,-32.506053443581017,2.7999999999999998,BYPASS,BYPASS,RUNNING
2038,40.759999999999998,0,1.2001305527244499,-36.050847744989376,2.7999999999999998,0.94518521663674104,-32.520581289078592,2.7999999999999998,BYPASS,BYPASS,RUNNING
2039,40.780000000000001,0,1.2089590126806686,-36.065375590486951,2.7999999999999998,0.93635675668052198,-32.535109134576167,2.7999999999999998,BYPASS,BYPASS,RUNNING
2040,40.799999999999997,0,1.2177874726368874,-36.079903435984527,2.7999999999999998,0.92752829672430304,-32.549636980073743,2.7999999999999998,BYPASS,BYPASS,RUNNING
2041,40.82,0,1.2266159325931061,-36.094431281482102,2.7999999999999998,0.91869983676808409,-32.564164825571318,2.7999999999999998,BYPASS,BYPASS,RUNNING
2042,40.840000000000003,0,1.2354443925493248,-36.108959126979677,2.7999999999999998,0.90987137681186514,-32.578692671068893,2.7999999999999998,BYPASS,BYPASS,RUNNING
2043,40.859999999999999,0,1.2442728525055435,-36.123486972477252,2.7999999999999998,0.90104291685564619,-32.593220516566468,2.7999999999999998,BYPASS,BYPASS,RUNNING
2044,40.880000000000003,0,1.2531013124617623,-36.138014817974828,2.7999999999999998,0.89221445689942724,-32.607748362064044,2.7999999999999998,BYPASS,BYPASS,RUNNING
2045,40.899999999999999,0,1.261929772417981,-36.152542663472403,2.7999999999999998,0.8833859969432083,-32.622276207561619,2.7999999999999998,BYPASS,BYPASS,RUNNING
2046,40.920000000000002,0,1.2707582323741997,-36.167070508969978,2.7999999999999998,0.87455753698698935,-32.636804053059194,2.7999999999999998,BYPASS,BYPASS,RUNNING
2047,40.939999999999998,0,1.2795866923304184,-36.181598354467553,2.7999999999999998,0.8657290770307704,-32.651331898556769,2.7999999999999998,BYPASS,BYPASS,RUNNING
2048,40.960000000000001,0,1.2884151522866372,-36.196126199965128,2.7999999999999998,0.85690061707455145,-32.665859744054345,2.7999999999999998,BYPASS,BYPASS,RUNNING
2049,40.979999999999997,0,1.2972436122428559,-36.210654045462704,2.7999999999999998,0.8480721571183325,-32.68038758955192,2.7999999999999998,BYPASS,BYPASS,RUNNING
2050,41,0,1.3060720721990746,-36.225181890960279,2.7999999999999998,0.83924369716211356,-32.694915435049495,2.7999999999999998,BYPASS,BYPASS,RUNNING
2051,41.020000000000003,0,1.3149005321552933,-36.239709736457854,2.7999999999999998,0.83041523720589461,-32.70944328054707,2.7999999999999998,BYPASS,BYPASS,RUNNING
2052,41.039999999999999,0,1.3237289921115121,-36.254237581955429,2.7999999999999998,0.82158677724967566,-32.723971126044646,2.7999999999999998,BYPASS,BYPASS,RUNNING
2053,41.060000000000002,0,1.3325574520677308,-36.268765427453005,2.7999999999999998,0.81275831729345671,-32.738498971542221,2.7999999999999998,BYPASS,BYPASS,RUNNING
2054,41.079999999999998,0,1.3413859120239495,-36.28329327295058,2.7999999999999998,0.80392985733723776,-32.753026817039796,2.7999999999999998,BYPASS,BYPASS,RUNNING
2055,41.100000000000001,0,1.3502143719801682,-36.297821118448155,2.7999999999999998,0.79510139738101882,-32.767554662537371,2.7999999999999998,BYPASS,BYPASS,RUNNING
2056,41.119999999999997,0,1.359042831936387,-36.31234896394573,2.7999999999999998,0.78627293742479987,-32.782082508034946,2.7999999999999998,BYPASS,BYPASS,RUNNING
2057,41.140000000000001,0,1.3678712918926057,-36.326876809443306,2.7999999999999998,0.77744447746858092,-32.796610353532522,2.7999999999999998,BYPASS,BYPASS,RUNNING
2058,41.159999999999997,0,1.3766997518488244,-36.341404654940881,2.7999999999999998,0.76861601751236197,-32.811138199030097,2.7999999999999998,BYPASS,BYPASS,RUNNING
2059,41.18,0,1.3855282118050432,-36.355932500438456,2.7999999999999998,0.75978755755614302,-32.825666044527672,2.7999999999999998,BYPASS,BYPASS,RUNNING
2060,41.200000000000003,0,1.3943566717612619,-36.370460345936031,2.7999999999999998,0.75095909759992407,-32.840193890025247,2.7999999999999998,BYPASS,BYPASS,RUNNING
2061,41.219999999999999,0,1.4031851317174806,-36.384988191433607,2.7999999999999998,0.74213063764370513,-32.854721735522823,2.7999999999999998,BYPASS,BYPASS,RUNNING
2062,41.240000000000002,0,1.4120135916736993,-36.399516036931182,2.7999999999999998,0.73330217768748618,-32.869249581020398,2.7999999999999998,BYPASS,BYPASS,RUNNING
2063,41.259999999999998,0,1.4208420516299181,-36.414043882428757,2.7999999999999998,0.72447371773126723,-32.883777426517973,2.7999999999999998,BYPASS,BYPASS,RUNNING
2064,41.280000000000001,0,1.4296705115861368,-36.428571727926332,2.7999999999999998,0.71564525777504828,-32.898305272015548,2.7999999999999998,BYPASS,BYPASS,RUNNING
2065,41.299999999999997,0,1.4384989715423555,-36.443099573423908,2.7999999999999998,0.70681679781882933,-32.912833117513124,2.7999999999999998,BYPASS,BYPASS,RUNNING
2066,41.32,0,1.4473274314985742,-36.457627418921483,2.7999999999999998,0.69798833786261039,-32.927360963010699,2.7999999999999998,BYPASS,BYPASS,RUNNING
2067,41.340000000000003,0,1.456155891454793,-36.472155264419058,2.7999999999999998,0.68915987790639144,-32.941888808508274,2.7999999999999998,BYPASS,BYPASS,RUNNING
2068,41.359999999999999,0,1.4649843514110117,-36.486683109916633,2.7999999999999998,0.68033141795017249,-32.956416654005849,2.7999999999999998,BYPASS,BYPASS,RUNNING
2069,41.380000000000003,0,1.4738128113672304,-36.501210955414209,2.7999999999999998,0.67150295799395354,-32.970944499503425,2.7999999999999998,BYPASS,BYPASS,RUNNING
2070,41.399999999999999,0,1.4826412713234491,-36.515738800911784,2.7999999999999998,0.66267449803773459,-32.985472345001,2.7999999999999998,BYPASS,BYPASS,RUNNING
2071,41.420000000000002,0,1.4914697312796679,-36.530266646409359,2.7999999999999998,0.65384603808151565,-33.000000190498575,2.7999999999999998,BYPASS,BYPASS,RUNNING
2072,41.439999999999998,0,1.5002981912358866,-36.544794491906934,2.7999999999999998,0.6450175781252967,-33.01452803599615,2.7999999999999998,BYPASS,BYPASS,RUNNING
2073,41.460000000000001,0,1.5091266511921053,-36.55932233740451,2.7999999999999998,0.63618911816907775,-33.029055881493726,2.7999999999999998,BYPASS,BYPASS,RUNNING
2074,41.479999999999997,0,1.517955111148324,-36.573850182902085,2.7999999999999998,0.6273606582128588,-33.043583726991301,2.7999999999999998,BYPASS,BYPASS,RUNNING
2075,41.5,0,1.5267835711045428,-36.58837802839966,2.7999999999999998,0.61853219825663985,-33.058111572488876,2.7999999999999998,BYPASS,BYPASS,RUNNING
2076,41.520000000000003,0,1.5356120310607615,-36.602905873897235,2.7999999999999998,0.60970373830042091,-33.072639417986451,2.7999999999999998,BYPASS,BYPASS,RUNNING
2077,41.539999999999999,0,1.5444404910169802,-36.617433719394811,2.7999999999999998,0.60087527834420196,-33.087167263484027,2.7999999999999998,BYPASS,BYPASS,RUNNING
2078,41.560000000000002,0,1.5532689509731989,-36.631961564892386,2.7999999999999998,0.59204681838798301,-33.101695108981602,2.7999999999999998,BYPASS,BYPASS,RUNNING
2079,41.579999999999998,0,1.5620974109294177,-36.646489410389961,2.7999999999999998,0.58321835843176406,-33.116222954479177,2.7999999999999998,BYPASS,BYPASS,RUNNING
2080,41.600000000000001,0,1.5709258708856364,-36.661017255887536,2.7999999999999998,0.57438989847554511,-33.130750799976752,2.7999999999999998,BYPASS,BYPASS,RUNNING
2081,41.619999999999997,0,1.5797543308418551,-36.675545101385111,2.7999999999999998,0.56556143851932617,-33.145278645474328,2.7999999999999998,BYPASS,BYPASS,RUNNING
2082,41.640000000000001,0,1.5885827907980739,-36.690072946882687,2.7999999999999998,0.55673297856310722,-33.159806490971903,2.7999999999999998,BYPASS,BYPASS,RUNNING
2083,41.659999999999997,0,1.5974112507542926,-36.704600792380262,2.7999999999999998,0.54790451860688827,-33.174334336469478,2.7999999999999998,BYPASS,BYPASS,RUNNING
2084,41.68,0,1.6062397107105113,-36.719128637877837,2.7999999999999998,0.53907605865066932,-33.188862181967053,2.7999999999999998,BYPASS,BYPASS,RUNNING
2085,41.700000000000003,0,1.61506817066673,-36.733656483375412,2.7999999999999998,0.53024759869445037,-33.203390027464629,2.7999999999999998,BYPASS,BYPASS,RUNNING
2086,41.719999999999999,0,1.6238966306229488,-36.748184328872988,2.7999999999999998,0.52141913873823142,-33.217917872962204,2.7999999999999998,BYPASS,BYPASS,RUNNING
2087,41.740000000000002,0,1.6327250905791675,-36.762712174370563,2.7999999999999998,0.51259067878201248,-33.232445718459779,2.7999999999999998,BYPASS,BYPASS,RUNNING
2088,41.759999999999998,0,1.6415535505353862,-36.777240019868138,2.7999999999999998,0.50376221882579353,-33.246973563957354,2.7999999999999998,BYPASS,BYPASS,RUNNING
2089,41.780000000000001,0,1.6503820104916049,-36.791767865365713,2.7999999999999998,0.49493375886957458,-33.26150140945493,2.7999999999999998,BYPASS,BYPASS,RUNNING
2090,41.799999999999997,0,1.6592104704478237,-36.806295710863289,2.7999999999999998,0.48610529891335563,-33.276029254952505,2.7999999999999998,BYPASS,BYPASS,RUNNING
2091,41.82,0,1.6680389304040424,-36.820823556360864,2.7999999999999998,0.47727683895713668,-33.29055710045008,2.7999999999999998,BYPASS,BYPASS,RUNNING
2092,41.840000000000003,0,1.6768673903602611,-36.835351401858439,2.7999999999999998,0.46844837900091774,-33.305084945947655,2.7999999999999998,BYPASS,BYPASS,RUNNING
2093,41.859999999999999,0,1.6856958503164798,-36.849879247356014,2.7999999999999998,0.45961991904469879,-33.31961279144523,2.7999999999999998,BYPASS,BYPASS,RUNNING
2094,41.880000000000003,0,1.6945243102726986,-36.86440709285359,2.7999999999999998,0.45079145908847984,-33.334140636942806,2.7999999999999998,BYPASS,BYPASS,RUNNING
2095,41.899999999999999,0,1.7033527702289173,-36.878934938351165,2.7999999999999998,0.44196299913226089,-33.348668482440381,2.7999999999999998,BYPASS,BYPASS,RUNNING
2096,41.920000000000002,0,1.712181230185136,-36.89346278384874,2.7999999999999998,0.43313453917604194,-33.363196327937956,2.7999999999999998,BYPASS,BYPASS,RUNNING
2097,41.939999999999998,0,1.7210096901413547,-36.907990629346315,2.7999999999999998,0.424306079219823,-33.377724173435531,2.7999999999999998,BYPASS,BYPASS,RUNNING
2098,41.960000000000001,0,1.7298381500975735,-36.922518474843891,2.7999999999999998,0.41547761926360405,-33.392252018933107,2.7999999999999998,BYPASS,BYPASS,RUNNING
2099,41.979999999999997,0,1.7386666100537922,-36.937046320341466,2.7999999999999998,0.4066491593073851,-33.406779864430682,2.7999999999999998,BYPASS,BYPASS,RUNNING
2100,42,0,1.7474950700100109,-36.951574165839041,2.7999999999999998,0.39782069935116615,-33.421307709928257,2.7999999999999998,BYPASS,BYPASS,RUNNING
2101,42.020000000000003,0,1.7563235299662296,-36.966102011336616,2.7999999999999998,0.3889922393949472,-33.435835555425832,2.7999999999999998,BYPASS,BYPASS,RUNNING
2102,42.039999999999999,0,1.7651519899224484,-36.980629856834192,2.7999999999999998,0.38016377943872826,-33.450363400923408,2.7999999999999998,BYPASS,BYPASS,RUNNING
2103,42.060000000000002,0,1.7739804498786671,-36.995157702331767,2.7999999999999998,0.37133531948250931,-33.464891246420983,2.7999999999999998,BYPASS,BYPASS,RUNNING
2104,42.079999999999998,0,1.7828089098348858,-37.009685547829342,2.7999999999999998,0.36250685952629036,-33.479419091918558,2.7999999999999998,BYPASS,BYPASS,RUNNING
2105,42.100000000000001,0,1.7916373697911046,-37.024213393326917,2.7999999999999998,0.35367839957007141,-33.493946937416133,2.7999999999999998,BYPASS,BYPASS,RUNNING
2106,42.119999999999997,0,1.8004658297473233,-37.038741238824493,2.7999999999999998,0.34484993961385246,-33.508474782913709,2.7999999999999998,BYPASS,BYPASS,RUNNING
2107,42.140000000000001,0,1.809294289703542,-37.053269084322068,2.7999999999999998,0.33602147965763352,-33.523002628411284,2.7999999999999998,BYPASS,BYPASS,RUNNING
2108,42.159999999999997,0,1.8181227496597607,-37.067796929819643,2.7999999999999998,0.32719301970141457,-33.537530473908859,2.7999999999999998,BYPASS,BYPASS,RUNNING
2109,42.18,0,1.8269512096159795,-37.082324775317218,2.7999999999999998,0.31836455974519562,-33.552058319406434,2.7999999999999998,BYPASS,BYPASS,RUNNING
2110,42.200000000000003,0,1.8357796695721982,-37.096852620814794,2.7999999999999998,0.30953609978897667,-33.56658616490401,2.7999999999999998,BYPASS,BYPASS,RUNNING
2111,42.219999999999999,0,1.8446081295284169,-37.111380466312369,2.7999999999999998,0.30070763983275772,-33.581114010401585,2.7999999999999998,BYPASS,BYPASS,RUNNING
2112,42.240000000000002,0,1.8534365894846356,-37.125908311809944,2.7999999999999998,0.29187917987653877,-33.59564185589916,2.7999999999999998,BYPASS,BYPASS,RUNNING
2113,42.259999999999998,0,1.8622650494408544,-37.140436157307519,2.7999999999999998,0.28305071992031983,-33.610169701396735,2.7999999999999998,BYPASS,BYPASS,RUNNING
2114,42.280000000000001,0,1.8710935093970731,-37.154964002805094,2.7999999999999998,0.27422225996410088,-33.624697546894311,2.7999999999999998,BYPASS,BYPASS,RUNNING
2115,42.299999999999997,0,1.8799219693532918,-37.16949184830267,2.7999999999999998,0.26539380000788193,-33.639225392391886,2.7999999999999998,BYPASS,BYPASS,RUNNING
2116,42.32,0,1.8887504293095105,-37.184019693800245,2.7999999999999998,0.25656534005166298,-33.653753237889461,2.7999999999999998,BYPASS,BYPASS,RUNNING
2117,42.340000000000003,0,1.8975788892657293,-37.19854753929782,2.7999999999999998,0.24773688009544403,-33.668281083387036,2.7999999999999998,BYPASS,BYPASS,RUNNING
2118,42.359999999999999,0,1.906407349221948,-37.213075384795395,2.7999999999999998,0.23890842013922509,-33.682808928884612,2.7999999999999998,BYPASS,BYPASS,RUNNING
2119,42.380000000000003,0,1.9152358091781667,-37.227603230292971,2.7999999999999998,0.23007996018300614,-33.697336774382187,2.7999999999999998,BYPASS,BYPASS,RUNNING
2120,42.399999999999999,0,1.9240642691343854,-37.242131075790546,2.7999999999999998,0.22125150022678719,-33.711864619879762,2.7999999999999998,BYPASS,BYPASS,RUNNING
2121,42.420000000000002,0,1.9328927290906042,-37.256658921288121,2.7999999999999998,0.21242304027056824,-33.726392465377337,2.7999999999999998,BYPASS,BYPASS,RUNNING
2122,42.439999999999998,0,1.9417211890468229,-37.271186766785696,2.7999999999999998,0.20359458031434929,-33.740920310874913,2.7999999999999998,BYPASS,BYPASS,RUNNING
2123,42.460000000000001,0,1.9505496490030416,-37.285714612283272,2.7999999999999998,0.19476612035813035,-33.755448156372488,2.7999999999999998,BYPASS,BYPASS,RUNNING
2124,42.479999999999997,0,1.9593781089592603,-37.300242457780847,2.7999999999999998,0.1859376604019114,-33.769976001870063,2.7999999999999998,BYPASS,BYPASS,RUNNING
2125,42.5,0,1.9682065689154791,-37.314770303278422,2.7999999999999998,0.17710920044569245,-33.784503847367638,2.7999999999999998,BYPASS,BYPASS,RUNNING
2126,42.520000000000003,0,1.9770350288716978,-37.329298148775997,2.7999999999999998,0.1682807404894735,-33.799031692865213,2.7999999999999998,BYPASS,BYPASS,RUNNING
2127,42.539999999999999,0,1.9858634888279165,-37.343825994273573,2.7999999999999998,0.15945228053325455,-33.813559538362789,2.7999999999999998,BYPASS,BYPASS,RUNNING
2128,42.560000000000002,0,1.9946919487841352,-37.358353839771148,2.7999999999999998,0.15062382057703561,-33.828087383860364,2.7999999999999998,BYPASS,BYPASS,RUNNING
2129,42.579999999999998,0,2.003520408740354,-37.372881685268723,2.7999999999999998,0.14179536062081666,-33.842615229357939,2.7999999999999998,BYPASS,BYPASS,RUNNING
2130,42.600000000000001,0,2.0123488686965727,-37.387409530766298,2.7999999999999998,0.13296690066459771,-33.857143074855514,2.7999999999999998,BYPASS,BYPASS,RUNNING
2131,42.619999999999997,0,2.0211773286527914,-37.401937376263874,2.7999999999999998,0.12413844070837876,-33.87167092035309,2.7999999999999998,BYPASS,BYPASS,RUNNING
2132,42.640000000000001,0,2.0300057886090102,-37.416465221761449,2.7999999999999998,0.11530998075215981,-33.886198765850665,2.7999999999999998,BYPASS,BYPASS,RUNNING
2133,42.659999999999997,0,2.0388342485652289,-37.430993067259024,2.7999999999999998,0.10648152079594086,-33.90072661134824,2.7999999999999998,BYPASS,BYPASS,RUNNING
2134,42.68,0,2.0476627085214476,-37.445520912756599,2.7999999999999998,0.097653060839721917,-33.915254456845815,2.7999999999999998,BYPASS,BYPASS,RUNNING
2135,42.700000000000003,0,2.0564911684776663,-37.460048758254175,2.7999999999999998,0.088824600883502969,-33.929782302343391,2.7999999999999998,BYPASS,BYPASS,RUNNING
2136,42.719999999999999,0,2.0653196284338851,-37.47457660375175,2.7999999999999998,0.079996140927284021,-33.944310147840966,2.7999999999999998,BYPASS,BYPASS,RUNNING
2137,42.740000000000002,0,2.0741480883901038,-37.489104449249325,2.7999999999999998,0.071167680971065073,-33.958837993338541,2.7999999999999998,BYPASS,BYPASS,RUNNING
2138,42.759999999999998,0,2.0829765483463225,-37.5036322947469,2.7999999999999998,0.062339221014846131,-33.973365838836116,2.7999999999999998,BYPASS,BYPASS,RUNNING
2139,42.780000000000001,0,2.0918050083025412,-37.518160140244476,2.7999999999999998,0.05351076105862719,-33.987893684333692,2.7999999999999998,BYPASS,BYPASS,RUNNING
2140,42.799999999999997,0,2.10063346825876,-37.532687985742051,2.7999999999999998,0.044682301102408249,-34.002421529831267,2.7999999999999998,BYPASS,BYPASS,RUNNING
2141,42.82,0,2.1094619282149787,-37.547215831239626,2.7999999999999998,0.035853841146189308,-34.016949375328842,2.7999999999999998,BYPASS,BYPASS,RUNNING
2142,42.840000000000003,0,2.1182903881711974,-37.561743676737201,2.7999999999999998,0.02702538118997037,-34.031477220826417,2.7999999999999998,BYPASS,BYPASS,RUNNING
2143,42.859999999999999,0,2.1271188481274161,-37.576271522234777,2.7999999999999998,0.018196921233751433,-34.046005066323993,2.7999999999999998,BYPASS,BYPASS,RUNNING
2144,42.880000000000003,0,2.1359473080836349,-37.590799367732352,2.7999999999999998,0.0093684612775324968,-34.060532911821568,2.7999999999999998,BYPASS,BYPASS,RUNNING
2145,42.899999999999999,0,2.1447757680398536,-37.605327213229927,2.7999999999999998,0.00054000132131356259,-34.075060757319143,2.7999999999999998,BYPASS,BYPASS,RUNNING
2146,42.920000000000002,0,2.1536042279960723,-37.619855058727502,2.7999999999999998,-0.0082884586349053716,-34.089588602816718,2.7999999999999998,BYPASS,BYPASS,RUNNING
2147,42.939999999999998,0,2.162432687952291,-37.634382904225077,2.7999999999999998,-0.017116918591124304,-34.104116448314294,2.7999999999999998,BYPASS,BYPASS,RUNNING
2148,42.960000000000001,0,2.1712611479085098,-37.648910749722653,2.7999999999999998,-0.025945378547343235,-34.118644293811869,2.7999999999999998,BYPASS,BYPASS,RUNNING
2149,42.979999999999997,0,2.1800896078647285,-37.663438595220228,2.7999999999999998,-0.034773838503562166,-34.133172139309444,2.7999999999999998,BYPASS,BYPASS,RUNNING
2150,43,0,2.1889180678209472,-37.677966440717803,2.7999999999999998,-0.0436022984597811,-34.147699984807019,2.7999999999999998,BYPASS,BYPASS,RUNNING
2151,43.020000000000003,0,2.1977465277771659,-37.692494286215378,2.7999999999999998,-0.052430758416000034,-34.162227830304595,2.7999999999999998,BYPASS,BYPASS,RUNNING
2152,43.039999999999999,0,2.2065749877333847,-37.707022131712954,2.7999999999999998,-0.061259218372218961,-34.17675567580217,2.7999999999999998,BYPASS,BYPASS,RUNNING
2153,43.060000000000002,0,2.2154034476896034,-37.721549977210529,2.7999999999999998,-0.070087678328437888,-34.191283521299745,2.7999999999999998,BYPASS,BYPASS,RUNNING
2154,43.079999999999998,0,2.2242319076458221,-37.736077822708104,2.7999999999999998,-0.078916138284656823,-34.20581136679732,2.7999999999999998,BYPASS,BYPASS,RUNNING
2155,43.100000000000001,0,2.2330603676020409,-37.750605668205679,2.7999999999999998,-0.087744598240875743,-34.220339212294896,2.7999999999999998,BYPASS,BYPASS,RUNNING
2156,43.119999999999997,0,2.2418888275582596,-37.765133513703255,2.7999999999999998,-0.096573058197094663,-34.234867057792471,2.7999999999999998,BYPASS,BYPASS,RUNNING
2157,43.140000000000001,0,2.2507172875144783,-37.77966135920083,2.7999999999999998,-0.10540151815331358,-34.249394903290046,2.7999999999999998,BYPASS,BYPASS,RUNNING
2158,43.159999999999997,0,2.259545747470697,-37.794189204698405,2.7999999999999998,-0.1142299781095325,-34.263922748787621,2.7999999999999998,BYPASS,BYPASS,RUNNING
2159,43.18,0,2.2683742074269158,-37.80871705019598,2.7999999999999998,-0.12305843806575142,-34.278450594285196,2.7999999999999998,BYPASS,BYPASS,RUNNING
2160,43.200000000000003,0,2.2772026673831345,-37.823244895693556,2.7999999999999998,-0.13188689802197034,-34.292978439782772,2.7999999999999998,BYPASS,BYPASS,RUNNING
2161,43.219999999999999,0,2.2860311273393532,-37.837772741191131,2.7999999999999998,-0.14071535797818926,-34.307506285280347,2.7999999999999998,BYPASS,BYPASS,RUNNING
2162,43.240000000000002,0,2.2948595872955719,-37.852300586688706,2.7999999999999998,-0.14954381793440819,-34.322034130777922,2.7999999999999998,BYPASS,BYPASS,RUNNING
2163,43.259999999999998,0,2.3036880472517907,-37.866828432186281,2.7999999999999998,-0.15837227789062711,-34.336561976275497,2.7999999999999998,BYPASS,BYPASS,RUNNING
2164,43.280000000000001,0,2.3125165072080094,-37.881356277683857,2.7999999999999998,-0.16720073784684603,-34.351089821773073,2.7999999999999998,BYPASS,BYPASS,RUNNING
2165,43.299999999999997,0,2.3213449671642281,-37.895884123181432,2.7999999999999998,-0.17602919780306495,-34.365617667270648,2.7999999999999998,BYPASS,BYPASS,RUNNING
2166,43.32,0,2.3301734271204468,-37.910411968679007,2.7999999999999998,-0.18485765775928387,-34.380145512768223,2.7999999999999998,BYPASS,BYPASS,RUNNING
2167,43.340000000000003,0,2.3390018870766656,-37.924939814176582,2.7999999999999998,-0.19368611771550279,-34.394673358265798,2.7999999999999998,BYPASS,BYPASS,RUNNING
2168,43.359999999999999,0,2.3478303470328843,-37.939467659674158,2.7999999999999998,-0.20251457767172171,-34.409201203763374,2.7999999999999998,BYPASS,BYPASS,RUNNING
2169,43.380000000000003,0,2.356658806989103,-37.953995505171733,2.7999999999999998,-0.21134303762794063,-34.423729049260949,2.7999999999999998,BYPASS,BYPASS,RUNNING
2170,43.399999999999999,0,2.3654872669453217,-37.968523350669308,2.7999999999999998,-0.22017149758415955,-34.438256894758524,2.7999999999999998,BYPASS,BYPASS,RUNNING
2171,43.420000000000002,0,2.3743157269015405,-37.983051196166883,2.7999999999999998,-0.22899995754037847,-34.452784740256099,2.7999999999999998,BYPASS,BYPASS,RUNNING
2172,43.439999999999998,0,2.3831441868577588,-37.997579041664459,2.7999999999999998,-0.23782841749659739,-34.467312585753675,2.7999999999999998,BYPASS,BYPASS,RUNNING
2173,43.460000000000001,0,2.391972646813977,-38.012106887162034,2.7999999999999998,-0.24665687745281631,-34.48184043125125,2.7999999999999998,BYPASS,BYPASS,RUNNING
2174,43.479999999999997,0,2.4008011067701953,-38.026634732659609,2.7999999999999998,-0.25548533740903523,-34.496368276748825,2.7999999999999998,BYPASS,BYPASS,RUNNING
2175,43.5,0,2.4096295667264136,-38.041162578157184,2.7999999999999998,-0.26431379736525412,-34.5108961222464,2.7999999999999998,BYPASS,BYPASS,RUNNING
2176,43.520000000000003,0,2.4184580266826319,-38.05569042365476,2.7999999999999998,-0.27314225732147301,-34.525423967743976,2.7999999999999998,BYPASS,BYPASS,RUNNING
2177,43.539999999999999,0,2.4272864866388502,-38.070218269152335,2.7999999999999998,-0.28197071727769191,-34.539951813241551,2.7999999999999998,BYPASS,BYPASS,RUNNING
2178,43.560000000000002,0,2.4361149465950684,-38.08474611464991,2.7999999999999998,-0.2907991772339108,-34.554479658739126,2.7999999999999998,BYPASS,BYPASS,RUNNING
2179,43.579999999999998,0,2.4449434065512867,-38.099273960147485,2.7999999999999998,-0.29962763719012969,-34.569007504236701,2.7999999999999998,BYPASS,BYPASS,RUNNING
2180,43.600000000000001,0,2.453771866507505,-38.11380180564506,2.7999999999999998,-0.30845609714634858,-34.583535349734277,2.7999999999999998,BYPASS,BYPASS,RUNNING
2181,43.619999999999997,0,2.4626003264637233,-38.128329651142636,2.7999999999999998,-0.31728455710256748,-34.598063195231852,2.7999999999999998,BYPASS,BYPASS,RUNNING
2182,43.640000000000001,0,2.4714287864199416,-38.142857496640211,2.7999999999999998,-0.32611301705878637,-34.612591040729427,2.7999999999999998,BYPASS,BYPASS,RUNNING
2183,43.659999999999997,0,2.4802572463761599,-38.157385342137786,2.7999999999999998,-0.33494147701500526,-34.627118886227002,2.7999999999999998,BYPASS,BYPASS,RUNNING
2184,43.68,0,2.4890857063323781,-38.171913187635361,2.7999999999999998,-0.34376993697122415,-34.641646731724578,2.7999999999999998,BYPASS,BYPASS,RUNNING
2185,43.700000000000003,0,2.4979141662885964,-38.186441033132937,2.7999999999999998,-0.35259839692744305,-34.656174577222153,2.7999999999999998,BYPASS,BYPASS,RUNNING
2186,43.719999999999999,0,2.5067426262448147,-38.200968878630512,2.7999999999999998,-0.36142685688366194,-34.670702422719728,2.7999999999999998,BYPASS,BYPASS,RUNNING
2187,43.740000000000002,0,2.515571086201033,-38.215496724128087,2.7999999999999998,-0.37025531683988083,-34.685230268217303,2.7999999999999998,BYPASS,BYPASS,RUNNING
2188,43.759999999999998,0,2.5243995461572513,-38.230024569625662,2.7999999999999998,-0.37908377679609973,-34.699758113714879,2.7999999999999998,BYPASS,BYPASS,RUNNING
2189,43.780000000000001,0,2.5332280061134695,-38.244552415123238,2.7999999999999998,-0.38791223675231862,-34.714285959212454,2.7999999999999998,BYPASS,BYPASS,RUNNING
2190,43.799999999999997,0,2.5420564660696878,-38.259080260620813,2.7999999999999998,-0.39674069670853751,-34.728813804710029,2.7999999999999998,BYPASS,BYPASS,RUNNING
2191,43.82,0,2.5508849260259061,-38.273608106118388,2.7999999999999998,-0.4055691566647564,-34.743341650207604,2.7999999999999998,BYPASS,BYPASS,RUNNING
2192,43.840000000000003,0,2.5597133859821244,-38.288135951615963,2.7999999999999998,-0.4143976166209753,-34.757869495705179,2.7999999999999998,BYPASS,BYPASS,RUNNING
2193,43.859999999999999,0,2.5685418459383427,-38.302663797113539,2.7999999999999998,-0.42322607657719419,-34.772397341202755,2.7999999999999998,BYPASS,BYPASS,RUNNING
2194,43.880000000000003,0,2.577370305894561,-38.317191642611114,2.7999999999999998,-0.43205453653341308,-34.78692518670033,2.7999999999999998,BYPASS,BYPASS,RUNNING
2195,43.899999999999999,0,2.5861987658507792,-38.331719488108689,2.7999999999999998,-0.44088299648963197,-34.801453032197905,2.7999999999999998,BYPASS,BYPASS,RUNNING
2196,43.920000000000002,0,2.5950272258069975,-38.346247333606264,2.7999999999999998,-0.44971145644585087,-34.81598087769548,2.7999999999999998,BYPASS,BYPASS,RUNNING
2197,43.939999999999998,0,2.6038556857632158,-38.36077517910384,2.7999999999999998,-0.45853991640206976,-34.830508723193056,2.7999999999999998,BYPASS,BYPASS,RUNNING
2198,43.960000000000001,0,2.6126841457194341,-38.375303024601415,2.7999999999999998,-0.46736837635828865,-34.845036568690631,2.7999999999999998,BYPASS,BYPASS,RUNNING
2199,43.979999999999997,0,2.6215126056756524,-38.38983087009899,2.7999999999999998,-0.47619683631450754,-34.859564414188206,2.7999999999999998,BYPASS,BYPASS,RUNNING
2200,44,0,2.6303410656318706,-38.404358715596565,2.7999999999999998,-0.48502529627072644,-34.874092259685781,2.7999999999999998,BYPASS,BYPASS,RUNNING
2201,44.020000000000003,0,2.6391695255880889,-38.418886561094141,2.7999999999999998,-0.49385375622694533,-34.888620105183357,2.7999999999999998,BYPASS,BYPASS,RUNNING
2202,44.039999999999999,0,2.6479979855443072,-38.433414406591716,2.7999999999999998,-0.50268221618316422,-34.903147950680932,2.7999999999999998,BYPASS,BYPASS,RUNNING
2203,44.060000000000002,0,2.6568264455005255,-38.447942252089291,2.7999999999999998,-0.51151067613938306,-34.917675796178507,2.7999999999999998,BYPASS,BYPASS,RUNNING
2204,44.079999999999998,0,2.6656549054567438,-38.462470097586866,2.7999999999999998,-0.5203391360956019,-34.932203641676082,2.7999999999999998,BYPASS,BYPASS,RUNNING
2205,44.100000000000001,0,2.6744833654129621,-38.476997943084442,2.7999999999999998,-0.52916759605182073,-34.946731487173658,2.7999999999999998,BYPASS,BYPASS,RUNNING
2206,44.119999999999997,0,2.6833118253691803,-38.491525788582017,2.7999999999999998,-0.53799605600803957,-34.961259332671233,2.7999999999999998,BYPASS,BYPASS,RUNNING
2207,44.140000000000001,0,2.6921402853253986,-38.506053634079592,2.7999999999999998,-0.54682451596425841,-34.975787178168808,2.7999999999999998,BYPASS,BYPASS,RUNNING
2208,44.159999999999997,0,2.7009687452816169,-38.520581479577167,2.7999999999999998,-0.55565297592047724,-34.990315023666383,2.7999999999999998,BYPASS,BYPASS,RUNNING
2209,44.18,0,2.7097972052378352,-38.535109325074743,2.7999999999999998,-0.56448143587669608,-35.004842869163959,2.7999999999999998,BYPASS,BYPASS,RUNNING
2210,44.200000000000003,0,2.7186256651940535,-38.549637170572318,2.7999999999999998,-0.57330989583291492,-35.019370714661534,2.7999999999999998,BYPASS,BYPASS,RUNNING
2211,44.219999999999999,0,2.7274541251502717,-38.564165016069893,2.7999999999999998,-0.58213835578913375,-35.033898560159109,2.7999999999999998,BYPASS,BYPASS,RUNNING
2212,44.240000000000002,0,2.73628258510649,-38.578692861567468,2.7999999999999998,-0.59096681574535259,-35.048426405656684,2.7999999999999998,BYPASS,BYPASS,RUNNING
2213,44.259999999999998,0,2.7451110450627083,-38.593220707065043,2.7999999999999998,-0.59979527570157143,-35.06295425115426,2.7999999999999998,BYPASS,BYPASS,RUNNING
2214,44.280000000000001,0,2.7539395050189266,-38.607748552562619,2.7999999999999998,-0.60862373565779027,-35.077482096651835,2.7999999999999998,BYPASS,BYPASS,RUNNING
2215,44.299999999999997,0,2.7627679649751449,-38.622276398060194,2.7999999999999998,-0.6174521956140091,-35.09200994214941,2.7999999999999998,BYPASS,BYPASS,RUNNING
2216,44.32,0,2.7715964249313632,-38.636804243557769,2.7999999999999998,-0.62628065557022794,-35.106537787646985,2.7999999999999998,BYPASS,BYPASS,RUNNING
2217,44.340000000000003,0,2.7804248848875814,-38.651332089055344,2.7999999999999998,-0.63510911552644678,-35.121065633144561,2.7999999999999998,BYPASS,BYPASS,RUNNING
2218,44.359999999999999,0,2.7892533448437997,-38.66585993455292,2.7999999999999998,-0.64393757548266561,-35.135593478642136,2.7999999999999998,BYPASS,BYPASS,RUNNING
2219,44.380000000000003,0,2.798081804800018,-38.680387780050495,2.7999999999999998,-0.65276603543888445,-35.150121324139711,2.7999999999999998,BYPASS,BYPASS,RUNNING
2220,44.399999999999999,0,2.8069102647562363,-38.69491562554807,2.7999999999999998,-0.66159449539510329,-35.164649169637286,2.7999999999999998,BYPASS,BYPASS,RUNNING
2221,44.420000000000002,0,2.8157387247124546,-38.709443471045645,2.7999999999999998,-0.67042295535132213,-35.179177015134862,2.7999999999999998,BYPASS,BYPASS,RUNNING
2222,44.439999999999998,0,2.8245671846686728,-38.723971316543221,2.7999999999999998,-0.67925141530754096,-35.193704860632437,2.7999999999999998,BYPASS,BYPASS,RUNNING
2223,44.460000000000001,0,2.8333956446248911,-38.738499162040796,2.7999999999999998,-0.6880798752637598,-35.208232706130012,2.7999999999999998,BYPASS,BYPASS,RUNNING
2224,44.479999999999997,0,2.8422241045811094,-38.753027007538371,2.7999999999999998,-0.69690833521997864,-35.222760551627587,2.7999999999999998,BYPASS,BYPASS,RUNNING
2225,44.5,0,2.8510525645373277,-38.767554853035946,2.7999999999999998,-0.70573679517619747,-35.237288397125162,2.7999999999999998,BYPASS,BYPASS,RUNNING
2226,44.520000000000003,0,2.859881024493546,-38.782082698533522,2.7999999999999998,-0.71456525513241631,-35.251816242622738,2.7999999999999998,BYPASS,BYPASS,RUNNING
2227,44.539999999999999,0,2.8687094844497643,-38.796610544031097,2.7999999999999998,-0.72339371508863515,-35.266344088120313,2.7999999999999998,BYPASS,BYPASS,RUNNING
2228,44.560000000000002,0,2.8775379444059825,-38.811138389528672,2.7999999999999998,-0.73222217504485398,-35.280871933617888,2.7999999999999998,BYPASS,BYPASS,RUNNING
2229,44.579999999999998,0,2.8863664043622008,-38.825666235026247,2.7999999999999998,-0.74105063500107282,-35.295399779115463,2.7999999999999998,BYPASS,BYPASS,RUNNING
2230,44.600000000000001,0,2.8951948643184191,-38.840194080523823,2.7999999999999998,-0.74987909495729166,-35.309927624613039,2.7999999999999998,BYPASS,BYPASS,RUNNING
2231,44.619999999999997,0,2.9040233242746374,-38.854721926021398,2.7999999999999998,-0.7587075549135105,-35.324455470110614,2.7999999999999998,BYPASS,BYPASS,RUNNING
2232,44.640000000000001,0,2.9128517842308557,-38.869249771518973,2.7999999999999998,-0.76753601486972933,-35.338983315608189,2.7999999999999998,BYPASS,BYPASS,RUNNING
2233,44.659999999999997,0,2.9216802441870739,-38.883777617016548,2.7999999999999998,-0.77636447482594817,-35.353511161105764,2.7999999999999998,BYPASS,BYPASS,RUNNING
2234,44.68,0,2.9305087041432922,-38.898305462514124,2.7999999999999998,-0.78519293478216701,-35.36803900660334,2.7999999999999998,BYPASS,BYPASS,RUNNING
2235,44.700000000000003,0,2.9393371640995105,-38.912833308011699,2.7999999999999998,-0.79402139473838584,-35.382566852100915,2.7999999999999998,BYPASS,BYPASS,RUNNING
2236,44.719999999999999,0,2.9481656240557288,-38.927361153509274,2.7999999999999998,-0.80284985469460468,-35.39709469759849,2.7999999999999998,BYPASS,BYPASS,RUNNING
2237,44.740000000000002,0,2.9569940840119471,-38.941888999006849,2.7999999999999998,-0.81167831465082352,-35.411622543096065,2.7999999999999998,BYPASS,BYPASS,RUNNING
2238,44.759999999999998,0,2.9658225439681654,-38.956416844504425,2.7999999999999998,-0.82050677460704236,-35.426150388593641,2.7999999999999998,BYPASS,BYPASS,RUNNING
2239,44.780000000000001,0,2.9746510039243836,-38.970944690002,2.7999999999999998,-0.82933523456326119,-35.440678234091216,2.7999999999999998,BYPASS,BYPASS,RUNNING
2240,44.799999999999997,0,2.9834794638806019,-38.985472535499575,2.7999999999999998,-0.83816369451948003,-35.455206079588791,2.7999999999999998,BYPASS,BYPASS,RUNNING
2241,44.82,0,2.9923079238368202,-39.00000038099715,2.7999999999999998,-0.84699215447569887,-35.469733925086366,2.7999999999999998,BYPASS,BYPASS,RUNNING
2242,44.840000000000003,0,3.0011363837930385,-39.014528226494726,2.7999999999999998,-0.8558206144319177,-35.484261770583942,2.7999999999999998,BYPASS,BYPASS,RUNNING
2243,44.859999999999999,0,3.0099648437492568,-39.029056071992301,2.7999999999999998,-0.86464907438813654,-35.498789616081517,2.7999999999999998,BYPASS,BYPASS,RUNNING
2244,44.880000000000003,0,3.0187933037054751,-39.043583917489876,2.7999999999999998,-0.87347753434435538,-35.513317461579092,2.7999999999999998,BYPASS,BYPASS,RUNNING
2245,44.899999999999999,0,3.0276217636616933,-39.058111762987451,2.7999999999999998,-0.88230599430057421,-35.527845307076667,2.7999999999999998,BYPASS,BYPASS,RUNNING
2246,44.920000000000002,0,3.0364502236179116,-39.072639608485026,2.7999999999999998,-0.89113445425679305,-35.542373152574243,2.7999999999999998,BYPASS,BYPASS,RUNNING
2247,44.939999999999998,0,3.0452786835741299,-39.087167453982602,2.7999999999999998,-0.89996291421301189,-35.556900998071818,2.7999999999999998,BYPASS,BYPASS,RUNNING
2248,44.960000000000001,0,3.0541071435303482,-39.101695299480177,2.7999999999999998,-0.90879137416923073,-35.571428843569393,2.7999999999999998,BYPASS,BYPASS,RUNNING
2249,44.979999999999997,0,3.0629356034865665,-39.116223144977752,2.7999999999999998,-0.91761983412544956,-35.585956689066968,2.7999999999999998,BYPASS,BYPASS,RUNNING
2250,45,0,3.0717640634427847,-39.130750990475327,2.7999999999999998,-0.9264482940816684,-35.600484534564544,2.7999999999999998,BYPASS,BYPASS,RUNNING
2251,45.020000000000003,0,3.080592523399003,-39.145278835972903,2.7999999999999998,-0.93527675403788724,-35.615012380062119,2.7999999999999998,BYPASS,BYPASS,RUNNING
2252,45.039999999999999,0,3.0894209833552213,-39.159806681470478,2.7999999999999998,-0.94410521399410607,-35.629540225559694,2.7999999999999998,BYPASS,BYPASS,RUNNING
2253,45.060000000000002,0,3.0982494433114396,-39.174334526968053,2.7999999999999998,-0.95293367395032491,-35.644068071057269,2.7999999999999998,BYPASS,BYPASS,RUNNING
2254,45.079999999999998,0,3.1070779032676579,-39.188862372465628,2.7999999999999998,-0.96176213390654375,-35.658595916554845,2.7999999999999998,BYPASS,BYPASS,RUNNING
2255,45.100000000000001,0,3.1159063632238762,-39.203390217963204,2.7999999999999998,-0.97059059386276259,-35.67312376205242,2.7999999999999998,BYPASS,BYPASS,RUNNING
2256,45.119999999999997,0,3.124734823180094,-39.217918063460779,2.7999999999999998,-0.97941905381898142,-35.687651607549995,2.7999999999999998,BYPASS,BYPASS,RUNNING
2257,45.140000000000001,0,3.1335632831363118,-39.232445908958354,2.7999999999999998,-0.98824751377520026,-35.70217945304757,2.7999999999999998,BYPASS,BYPASS,RUNNING
2258,45.159999999999997,0,3.1423917430925297,-39.246973754455929,2.7999999999999998,-0.9970759737314191,-35.716707298545145,2.7999999999999998,BYPASS,BYPASS,RUNNING
2259,45.18,0,3.1512202030487475,-39.261501599953505,2.7999999999999998,-1.0059044336876379,-35.731235144042721,2.7999999999999998,BYPASS,BYPASS,RUNNING
2260,45.200000000000003,0,3.1600486630049653,-39.27602944545108,2.7999999999999998,-1.0147328936438567,-35.745762989540296,2.7999999999999998,BYPASS,BYPASS,RUNNING
2261,45.219999999999999,0,3.1688771229611832,-39.290557290948655,2.7999999999999998,-1.0235613536000754,-35.760290835037871,2.7999999999999998,BYPASS,BYPASS,RUNNING
2262,45.240000000000002,0,3.177705582917401,-39.30508513644623,2.7999999999999998,-1.0323898135562941,-35.774818680535446,2.7999999999999998,BYPASS,BYPASS,RUNNING
2263,45.259999999999998,0,3.1865340428736189,-39.319612981943806,2.7999999999999998,-1.0412182735125128,-35.789346526033022,2.7999999999999998,BYPASS,BYPASS,RUNNING
2264,45.280000000000001,0,3.1953625028298367,-39.334140827441381,2.7999999999999998,-1.0500467334687316,-35.803874371530597,2.7999999999999998,BYPASS,BYPASS,RUNNING
2265,45.299999999999997,0,3.2041909627860545,-39.348668672938956,2.7999999999999998,-1.0588751934249503,-35.818402217028172,2.7999999999999998,BYPASS,BYPASS,RUNNING
2266,45.32,0,3.2130194227422724,-39.363196518436531,2.7999999999999998,-1.067703653381169,-35.832930062525747,2.7999999999999998,BYPASS,BYPASS,RUNNING
2267,45.340000000000003,0,3.2218478826984902,-39.377724363934107,2.7999999999999998,-1.0765321133373877,-35.847457908023323,2.7999999999999998,BYPASS,BYPASS,RUNNING
2268,45.359999999999999,0,3.230676342654708,-39.392252209431682,2.7999999999999998,-1.0853605732936065,-35.861985753520898,2.7999999999999998,BYPASS,BYPASS,RUNNING
2269,45.380000000000003,0,3.2395048026109259,-39.406780054929257,2.7999999999999998,-1.0941890332498252,-35.876513599018473,2.7999999999999998,BYPASS,BYPASS,RUNNING
2270,45.399999999999999,0,3.2483332625671437,-39.421307900426832,2.7999999999999998,-1.1030174932060439,-35.891041444516048,2.7999999999999998,BYPASS,BYPASS,RUNNING
2271,45.420000000000002,0,3.2571617225233616,-39.435835745924408,2.7999999999999998,-1.1118459531622626,-35.905569290013624,2.7999999999999998,BYPASS,BYPASS,RUNNING
2272,45.439999999999998,0,3.2659901824795794,-39.450363591421983,2.7999999999999998,-1.1206744131184814,-35.920097135511199,2.7999999999999998,BYPASS,BYPASS,RUNNING
2273,45.460000000000001,0,3.2748186424357972,-39.464891436919558,2.7999999999999998,-1.1295028730747001,-35.934624981008774,2.7999999999999998,BYPASS,BYPASS,RUNNING
2274,45.479999999999997,0,3.2836471023920151,-39.479419282417133,2.7999999999999998,-1.1383313330309188,-35.949152826506349,2.7999999999999998,BYPASS,BYPASS,RUNNING
2275,45.5,0,3.2924755623482329,-39.493947127914709,2.7999999999999998,-1.1471597929871375,-35.963680672003925,2.7999999999999998,BYPASS,BYPASS,RUNNING
2276,45.520000000000003,0,3.3013040223044507,-39.508474973412284,2.7999999999999998,-1.1559882529433563,-35.9782085175015,2.7999999999999998,BYPASS,BYPASS,RUNNING
2277,45.539999999999999,0,3.3101324822606686,-39.523002818909859,2.7999999999999998,-1.164816712899575,-35.992736362999075,2.7999999999999998,BYPASS,BYPASS,RUNNING
2278,45.560000000000002,0,3.3189609422168864,-39.537530664407434,2.7999999999999998,-1.1736451728557937,-36.00726420849665,2.7999999999999998,BYPASS,BYPASS,RUNNING
2279,45.579999999999998,0,3.3277894021731043,-39.552058509905009,2.7999999999999998,-1.1824736328120125,-36.021792053994226,2.7999999999999998,BYPASS,BYPASS,RUNNING
2280,45.600000000000001,0,3.3366178621293221,-39.566586355402585,2.7999999999999998,-1.1913020927682312,-36.036319899491801,2.7999999999999998,BYPASS,BYPASS,RUNNING
2281,45.619999999999997,0,3.3454463220855399,-39.58111420090016,2.7999999999999998,-1.2001305527244499,-36.050847744989376,2.7999999999999998,BYPASS,BYPASS,RUNNING
2282,45.640000000000001,0,3.3542747820417578,-39.595642046397735,2.7999999999999998,-1.2089590126806686,-36.065375590486951,2.7999999999999998,BYPASS,BYPASS,RUNNING
2283,45.659999999999997,0,3.3631032419979756,-39.61016989189531,2.7999999999999998,-1.2177874726368874,-36.079903435984527,2.7999999999999998,BYPASS,BYPASS,RUNNING
2284,45.68,0,3.3719317019541934,-39.624697737392886,2.7999999999999998,-1.2266159325931061,-36.094431281482102,2.7999999999999998,BYPASS,BYPASS,RUNNING
2285,45.700000000000003,0,3.3807601619104108,-39.639225582890461,2.7999999999999998,-1.2354443925493248,-36.108959126979677,2.7999999999999998,BYPASS,BYPASS,RUNNING
2286,45.719999999999999,0,3.3895886218666282,-39.653753428388036,2.7999999999999998,-1.2442728525055435,-36.123486972477252,2.7999999999999998,BYPASS,BYPASS,RUNNING
2287,45.740000000000002,0,3.3984170818228456,-39.668281273885611,2.7999999999999998,-1.2531013124617623,-36.138014817974828,2.7999999999999998,BYPASS,BYPASS,RUNNING
2288,45.759999999999998,0,3.407245541779063,-39.682809119383187,2.7999999999999998,-1.261929772417981,-36.152542663472403,2.7999999999999998,BYPASS,BYPASS,RUNNING
2289,45.780000000000001,0,3.4160740017352804,-39.697336964880762,2.7999999999999998,-1.2707582323741997,-36.167070508969978,2.7999999999999998,BYPASS,BYPASS,RUNNING
2290,45.799999999999997,0,3.4249024616914978,-39.711864810378337,2.7999999999999998,-1.2795866923304184,-36.181598354467553,2.7999999999999998,BYPASS,BYPASS,RUNNING
2291,45.82,0,3.4337309216477152,-39.726392655875912,2.7999999999999998,-1.2884151522866372,-36.196126199965128,2.7999999999999998,BYPASS,BYPASS,RUNNING
2292,45.840000000000003,0,3.4425593816039326,-39.740920501373488,2.7999999999999998,-1.2972436122428559,-36.210654045462704,2.7999999999999998,BYPASS,BYPASS,RUNNING
2293,45.859999999999999,0,3.45138784156015,-39.755448346871063,2.7999999999999998,-1.3060720721990746,-36.225181890960279,2.7999999999999998,BYPASS,BYPASS,RUNNING
2294,45.880000000000003,0,3.4602163015163674,-39.769976192368638,2.7999999999999998,-1.3149005321552933,-36.239709736457854,2.7999999999999998,BYPASS,BYPASS,RUNNING
2295,45.899999999999999,0,3.4690447614725848,-39.784504037866213,2.7999999999999998,-1.3237289921115121,-36.254237581955429,2.7999999999999998,BYPASS,BYPASS,RUNNING
2296,45.920000000000002,0,3.4778732214288022,-39.799031883363789,2.7999999999999998,-1.3325574520677308,-36.268765427453005,2.7999999999999998,BYPASS,BYPASS,RUNNING
2297,45.939999999999998,0,3.4867016813850191,-39.813559728861364,2.7999999999999998,-1.3413859120239495,-36.28329327295058,2.7999999999999998,BYPASS,BYPASS,RUNNING
2298,45.960000000000001,0,3.4955301413412361,-39.828087574358939,2.7999999999999998,-1.3502143719801682,-36.297821118448155,2.7999999999999998,BYPASS,BYPASS,RUNNING
2299,45.979999999999997,0,3.504358601297453,-39.842615419856514,2.7999999999999998,-1.359042831936387,-36.31234896394573,2.7999999999999998,BYPASS,BYPASS,RUNNING
2300,46,0,3.51318706125367,-39.85714326535409,2.7999999999999998,-1.3678712918926057,-36.326876809443306,2.7999999999999998,BYPASS,BYPASS,RUNNING
2301,46.020000000000003,0,3.5220155212098869,-39.871671110851665,2.7999999999999998,-1.3766997518488244,-36.341404654940881,2.7999999999999998,BYPASS,BYPASS,RUNNING
2302,46.039999999999999,0,3.5308439811661039,-39.88619895634924,2.7999999999999998,-1.3855282118050432,-36.355932500438456,2.7999999999999998,BYPASS,BYPASS,RUNNING
2303,46.060000000000002,0,3.5396724411223204,-39.900726801846815,2.7999999999999998,-1.3943566717612619,-36.370460345936031,2.7999999999999998,BYPASS,BYPASS,RUNNING
2304,46.079999999999998,0,3.5485009010785369,-39.915254647344391,2.7999999999999998,-1.4031851317174806,-36.384988191433607,2.7999999999999998,BYPASS,BYPASS,RUNNING
2305,46.100000000000001,0,3.5573293610347534,-39.929782492841966,2.7999999999999998,-1.4120135916736993,-36.399516036931182,2.7999999999999998,BYPASS,BYPASS,RUNNING
2306,46.119999999999997,0,3.5661578209909695,-39.944310338339541,2.7999999999999998,-1.4208420516299181,-36.414043882428757,2.7999999999999998,BYPASS,BYPASS,RUNNING
2307,46.140000000000001,0,3.5749862809471851,-39.958838183837116,2.7999999999999998,-1.4296705115861368,-36.428571727926332,2.7999999999999998,BYPASS,BYPASS,RUNNING
2308,46.159999999999997,0,3.5838147409034007,-39.973366029334692,2.7999999999999998,-1.4384989715423555,-36.443099573423908,2.7999999999999998,BYPASS,BYPASS,RUNNING
2309,46.18,0,3.5926432008596154,-39.987893874832267,2.7999999999999998,-1.4473274314985742,-36.457627418921483,2.7999999999999998,BYPASS,BYPASS,RUNNING
2310,46.200000000000003,0,3.6000000000000001,-40,2.7999999999999998,-1.456155891454793,-36.472155264419058,2.7999999999999998,LANDING,BYPASS,RUNNING
2311,46.219999999999999,0,3.6000000000000001,-40,2.7829999999999999,-1.4649843514110117,-36.486683109916633,2.7999999999999998,LANDING,BYPASS,RUNNING
2312,46.240000000000002,0,3.6000000000000001,-40,2.766,-1.4738128113672304,-36.501210955414209,2.7999999999999998,LANDING,BYPASS,RUNNING
2313,46.259999999999998,0,3.6000000000000001,-40,2.7490000000000001,-1.4826412713234491,-36.515738800911784,2.7999999999999998,LANDING,BYPASS,RUNNING
2314,46.280000000000001,0,3.6000000000000001,-40,2.7320000000000002,-1.4914697312796679,-36.530266646409359,2.7999999999999998,LANDING,BYPASS,RUNNING
2315,46.299999999999997,0,3.6000000000000001,-40,2.7150000000000003,-1.5002981912358866,-36.544794491906934,2.7999999999999998,LANDING,BYPASS,RUNNING
2316,46.32,0,3.6000000000000001,-40,2.6980000000000004,-1.5091266511921053,-36.55932233740451,2.7999999999999998,LANDING,BYPASS,RUNNING
2317,46.340000000000003,0,3.6000000000000001,-40,2.6810000000000005,-1.517955111148324,-36.573850182902085,2.7999999999999998,LANDING,BYPASS,RUNNING
2318,46.359999999999999,0,3.6000000000000001,-40,2.6640000000000006,-1.5267835711045428,-36.58837802839966,2.7999999999999998,LANDING,BYPASS,RUNNING
2319,46.380000000000003,0,3.6000000000000001,-40,2.6470000000000007,-1.5356120310607615,-36.602905873897235,2.7999999999999998,LANDING,BYPASS,RUNNING
2320,46.399999999999999,0,3.6000000000000001,-40,2.6300000000000008,-1.5444404910169802,-36.617433719394811,2.7999999999999998,LANDING,BYPASS,RUNNING
2321,46.420000000000002,0,3.6000000000000001,-40,2.6130000000000009,-1.5532689509731989,-36.631961564892386,2.7999999999999998,LANDING,BYPASS,RUNNING
2322,46.439999999999998,0,3.6000000000000001,-40,2.596000000000001,-1.5620974109294177,-36.646489410389961,2.7999999999999998,LANDING,BYPASS,RUNNING
2323,46.460000000000001,0,3.6000000000000001,-40,2.5790000000000011,-1.5709258708856364,-36.661017255887536,2.7999999999999998,LANDING,BYPASS,RUNNING
2324,46.479999999999997,0,3.6000000000000001,-40,2.5620000000000012,-1.5797543308418551,-36.675545101385111,2.7999999999999998,LANDING,BYPASS,RUNNING
2325,46.5,0,3.6000000000000001,-40,2.5450000000000013,-1.5885827907980739,-36.690072946882687,2.7999999999999998,LANDING,BYPASS,RUNNING
2326,46.520000000000003,0,3.6000000000000001,-40,2.5280000000000014,-1.5974112507542926,-36.704600792380262,2.7999999999999998,LANDING,BYPASS,RUNNING
2327,46.539999999999999,0,3.6000000000000001,-40,2.5110000000000015,-1.6062397107105113,-36.719128637877837,2.7999999999999998,LANDING,BYPASS,RUNNING
2328,46.560000000000002,0,3.6000000000000001,-40,2.4940000000000015,-1.61506817066673,-36.733656483375412,2.7999999999999998,LANDING,BYPASS,RUNNING
2329,46.579999999999998,0,3.6000000000000001,-40,2.4770000000000016,-1.6238966306229488,-36.748184328872988,2.7999999999999998,LANDING,BYPASS,RUNNING
2330,46.600000000000001,0,3.6000000000000001,-40,2.4600000000000017,-1.6327250905791675,-36.762712174370563,2.7999999999999998,LANDING,BYPASS,RUNNING
2331,46.619999999999997,0,3.6000000000000001,-40,2.4430000000000018,-1.6415535505353862,-36.777240019868138,2.7999999999999998,LANDING,BYPASS,RUNNING
2332,46.640000000000001,0,3.6000000000000001,-40,2.4260000000000019,-1.6503820104916049,-36.791767865365713,2.7999999999999998,LANDING,BYPASS,RUNNING
2333,46.659999999999997,0,3.6000000000000001,-40,2.409000000000002,-1.6592104704478237,-36.806295710863289,2.7999999999999998,LANDING,BYPASS,RUNNING
2334,46.68,0,3.6000000000000001,-40,2.3920000000000021,-1.6680389304040424,-36.820823556360864,2.7999999999999998,LANDING,BYPASS,RUNNING
2335,46.700000000000003,0,3.6000000000000001,-40,2.3750000000000022,-1.6768673903602611,-36.835351401858439,2.7999999999999998,LANDING,BYPASS,RUNNING
2336,46.719999999999999,0,3.6000000000000001,-40,2.3580000000000023,-1.6856958503164798,-36.849879247356014,2.7999999999999998,LANDING,BYPASS,RUNNING
2337,46.740000000000002,0,3.6000000000000001,-40,2.3410000000000024,-1.6945243102726986,-36.86440709285359,2.7999999999999998,LANDING,BYPASS,RUNNING
2338,46.759999999999998,0,3.6000000000000001,-40,2.3240000000000025,-1.7033527702289173,-36.878934938351165,2.7999999999999998,LANDING,BYPASS,RUNNING
2339,46.780000000000001,0,3.6000000000000001,-40,2.3070000000000026,-1.712181230185136,-36.89346278384874,2.7999999999999998,LANDING,BYPASS,RUNNING
2340,46.799999999999997,0,3.6000000000000001,-40,2.2900000000000027,-1.7210096901413547,-36.907990629346315,2.7999999999999998,LANDING,BYPASS,RUNNING
2341,46.82,0,3.6000000000000001,-40,2.2730000000000028,-1.7298381500975735,-36.922518474843891,2.7999999999999998,LANDING,BYPASS,RUNNING
2342,46.840000000000003,0,3.6000000000000001,-40,2.2560000000000029,-1.7386666100537922,-36.937046320341466,2.7999999999999998,LANDING,BYPASS,RUNNING
2343,46.859999999999999,0,3.6000000000000001,-40,2.239000000000003,-1.7474950700100109,-36.951574165839041,2.7999999999999998,LANDING,BYPASS,RUNNING
2344,46.880000000000003,0,3.6000000000000001,-40,2.2220000000000031,-1.7563235299662296,-36.966102011336616,2.7999999999999998,LANDING,BYPASS,RUNNING
2345,46.899999999999999,0,3.6000000000000001,-40,2.2050000000000032,-1.7651519899224484,-36.980629856834192,2.7999999999999998,LANDING,BYPASS,RUNNING
2346,46.920000000000002,0,3.6000000000000001,-40,2.1880000000000033,-1.7739804498786671,-36.995157702331767,2.7999999999999998,LANDING,BYPASS,RUNNING
2347,46.939999999999998,0,3.6000000000000001,-40,2.1710000000000034,-1.7828089098348858,-37.009685547829342,2.7999999999999998,LANDING,BYPASS,RUNNING
2348,46.960000000000001,0,3.6000000000000001,-40,2.1540000000000035,-1.7916373697911046,-37.024213393326917,2.7999999999999998,LANDING,BYPASS,RUNNING
2349,46.979999999999997,0,3.6000000000000001,-40,2.1370000000000036,-1.8004658297473233,-37.038741238824493,2.7999999999999998,LANDING,BYPASS,RUNNING
2350,47,0,3.6000000000000001,-40,2.1200000000000037,-1.809294289703542,-37.053269084322068,2.7999999999999998,LANDING,BYPASS,RUNNING
2351,47.020000000000003,0,3.6000000000000001,-40,2.1030000000000038,-1.8181227496597607,-37.067796929819643,2.7999999999999998,LANDING,BYPASS,RUNNING
2352,47.039999999999999,0,3.6000000000000001,-40,2.0860000000000039,-1.8269512096159795,-37.082324775317218,2.7999999999999998,LANDING,BYPASS,RUNNING
2353,47.060000000000002,0,3.6000000000000001,-40,2.0690000000000039,-1.8357796695721982,-37.096852620814794,2.7999999999999998,LANDING,BYPASS,RUNNING
2354,47.079999999999998,0,3.6000000000000001,-40,2.052000000000004,-1.8446081295284169,-37.111380466312369,2.7999999999999998,LANDING,BYPASS,RUNNING
2355,47.100000000000001,0,3.6000000000000001,-40,2.0350000000000041,-1.8534365894846356,-37.125908311809944,2.7999999999999998,LANDING,BYPASS,RUNNING
2356,47.119999999999997,0,3.6000000000000001,-40,2.0180000000000042,-1.8622650494408544,-37.140436157307519,2.7999999999999998,LANDING,BYPASS,RUNNING
2357,47.140000000000001,0,3.6000000000000001,-40,2.0010000000000043,-1.8710935093970731,-37.154964002805094,2.7999999999999998,LANDING,BYPASS,RUNNING
2358,47.159999999999997,0,3.6000000000000001,-40,1.9840000000000044,-1.8799219693532918,-37.16949184830267,2.7999999999999998,LANDING,BYPASS,RUNNING
2359,47.18,0,3.6000000000000001,-40,1.9670000000000045,-1.8887504293095105,-37.184019693800245,2.7999999999999998,LANDING,BYPASS,RUNNING
2360,47.200000000000003,0,3.6000000000000001,-40,1.9500000000000046,-1.8975788892657293,-37.19854753929782,2.7999999999999998,LANDING,BYPASS,RUNNING
2361,47.219999999999999,0,3.6000000000000001,-40,1.9330000000000047,-1.906407349221948,-37.213075384795395,2.7999999999999998,LANDING,BYPASS,RUNNING
2362,47.240000000000002,0,3.6000000000000001,-40,1.9160000000000048,-1.9152358091781667,-37.227603230292971,2.7999999999999998,LANDING,BYPASS,RUNNING
2363,47.259999999999998,0,3.6000000000000001,-40,1.8990000000000049,-1.9240642691343854,-37.242131075790546,2.7999999999999998,LANDING,BYPASS,RUNNING
2364,47.280000000000001,0,3.6000000000000001,-40,1.882000000000005,-1.9328927290906042,-37.256658921288121,2.7999999999999998,LANDING,BYPASS,RUNNING
2365,47.299999999999997,0,3.6000000000000001,-40,1.8650000000000051,-1.9417211890468229,-37.271186766785696,2.7999999999999998,LANDING,BYPASS,RUNNING
2366,47.32,0,3.6000000000000001,-40,1.8480000000000052,-1.9505496490030416,-37.285714612283272,2.7999999999999998,LANDING,BYPASS,RUNNING
2367,47.340000000000003,0,3.6000000000000001,-40,1.8310000000000053,-1.9593781089592603,-37.300242457780847,2.7999999999999998,LANDING,BYPASS,RUNNING
2368,47.359999999999999,0,3.6000000000000001,-40,1.8140000000000054,-1.9682065689154791,-37.314770303278422,2.7999999999999998,LANDING,BYPASS,RUNNING
2369,47.380000000000003,0,3.6000000000000001,-40,1.7970000000000055,-1.9770350288716978,-37.329298148775997,2.7999999999999998,LANDING,BYPASS,RUNNING
2370,47.399999999999999,0,3.6000000000000001,-40,1.7800000000000056,-1.9858634888279165,-37.343825994273573,2.7999999999999998,LANDING,BYPASS,RUNNING
2371,47.420000000000002,0,3.6000000000000001,-40,1.7630000000000057,-1.9946919487841352,-37.358353839771148,2.7999999999999998,LANDING,BYPASS,RUNNING
2372,47.439999999999998,0,3.6000000000000001,-40,1.7460000000000058,-2.003520408740354,-37.372881685268723,2.7999999999999998,LANDING,BYPASS,RUNNING
2373,47.460000000000001,0,3.6000000000000001,-40,1.7290000000000059,-2.0123488686965727,-37.387409530766298,2.7999999999999998,LANDING,BYPASS,RUNNING
2374,47.479999999999997,0,3.6000000000000001,-40,1.712000000000006,-2.0211773286527914,-37.401937376263874,2.7999999999999998,LANDING,BYPASS,RUNNING
2375,47.5,0,3.6000000000000001,-40,1.6950000000000061,-2.0300057886090102,-37.416465221761449,2.7999999999999998,LANDING,BYPASS,RUNNING
2376,47.520000000000003,0,3.6000000000000001,-40,1.6780000000000062,-2.0388342485652289,-37.430993067259024,2.7999999999999998,LANDING,BYPASS,RUNNING
2377,47.539999999999999,0,3.6000000000000001,-40,1.6610000000000062,-2.0476627085214476,-37.445520912756599,2.7999999999999998,LANDING,BYPASS,RUNNING
2378,47.560000000000002,0,3.6000000000000001,-40,1.6440000000000063,-2.0564911684776663,-37.460048758254175,2.7999999999999998,LANDING,BYPASS,RUNNING
2379,47.579999999999998,0,3.6000000000000001,-40,1.6270000000000064,-2.0653196284338851,-37.47457660375175,2.7999999999999998,LANDING,BYPASS,RUNNING
2380,47.600000000000001,0,3.6000000000000001,-40,1.6100000000000065,-2.0741480883901038,-37.489104449249325,2.7999999999999998,LANDING,BYPASS,RUNNING
2381,47.619999999999997,0,3.6000000000000001,-40,1.5930000000000066,-2.0829765483463225,-37.5036322947469,2.7999999999999998,LANDING,BYPASS,RUNNING
2382,47.640000000000001,0,3.6000000000000001,-40,1.5760000000000067,-2.0918050083025412,-37.518160140244476,2.7999999999999998,LANDING,BYPASS,RUNNING
2383,47.659999999999997,0,3.6000000000000001,-40,1.5590000000000068,-2.10063346825876,-37.532687985742051,2.7999999999999998,LANDING,BYPASS,RUNNING
2384,47.68,0,3.6000000000000001,-40,1.5420000000000069,-2.1094619282149787,-37.547215831239626,2.7999999999999998,LANDING,BYPASS,RUNNING
2385,47.700000000000003,0,3.6000000000000001,-40,1.525000000000007,-2.1182903881711974,-37.561743676737201,2.7999999999999998,LANDING,BYPASS,RUNNING
2386,47.719999999999999,0,3.6000000000000001,-40,1.5080000000000071,-2.1271188481274161,-37.576271522234777,2.7999999999999998,LANDING,BYPASS,RUNNING
2387,47.740000000000002,0,3.6000000000000001,-40,1.4910000000000072,-2.1359473080836349,-37.590799367732352,2.7999999999999998,LANDING,BYPASS,RUNNING
2388,47.759999999999998,0,3.6000000000000001,-40,1.4740000000000073,-2.1447757680398536,-37.605327213229927,2.7999999999999998,LANDING,BYPASS,RUNNING
2389,47.780000000000001,0,3.6000000000000001,-40,1.4570000000000074,-2.1536042279960723,-37.619855058727502,2.7999999999999998,LANDING,BYPASS,RUNNING
2390,47.799999999999997,0,3.6000000000000001,-40,1.4400000000000075,-2.162432687952291,-37.634382904225077,2.7999999999999998,LANDING,BYPASS,RUNNING
2391,47.82,0,3.6000000000000001,-40,1.4230000000000076,-2.1712611479085098,-37.648910749722653,2.7999999999999998,LANDING,BYPASS,RUNNING
2392,47.840000000000003,0,3.6000000000000001,-40,1.4060000000000077,-2.1800896078647285,-37.663438595220228,2.7999999999999998,LANDING,BYPASS,RUNNING
2393,47.859999999999999,0,3.6000000000000001,-40,1.3890000000000078,-2.1889180678209472,-37.677966440717803,2.7999999999999998,LANDING,BYPASS,RUNNING
2394,47.880000000000003,0,3.6000000000000001,-40,1.3720000000000079,-2.1977465277771659,-37.692494286215378,2.7999999999999998,LANDING,BYPASS,RUNNING
2395,47.899999999999999,0,3.6000000000000001,-40,1.355000000000008,-2.2065749877333847,-37.707022131712954,2.7999999999999998,LANDING,BYPASS,RUNNING
2396,47.920000000000002,0,3.6000000000000001,-40,1.3380000000000081,-2.2154034476896034,-37.721549977210529,2.7999999999999998,LANDING,BYPASS,RUNNING
2397,47.939999999999998,0,3.6000000000000001,-40,1.3210000000000082,-2.2242319076458221,-37.736077822708104,2.7999999999999998,LANDING,BYPASS,RUNNING
2398,47.960000000000001,0,3.6000000000000001,-40,1.3040000000000083,-2.2330603676020409,-37.750605668205679,2.7999999999999998,LANDING,BYPASS,RUNNING
2399,47.979999999999997,0,3.6000000000000001,-40,1.2870000000000084,-2.2418888275582596,-37.765133513703255,2.7999999999999998,LANDING,BYPASS,RUNNING
2400,48,0,3.6000000000000001,-40,1.2700000000000085,-2.2507172875144783,-37.77966135920083,2.7999999999999998,LANDING,BYPASS,RUNNING
2401,48.020000000000003,0,3.6000000000000001,-40,1.2530000000000086,-2.259545747470697,-37.794189204698405,2.7999999999999998,LANDING,BYPASS,RUNNING
2402,48.039999999999999,0,3.6000000000000001,-40,1.2360000000000086,-2.2683742074269158,-37.80871705019598,2.7999999999999998,LANDING,BYPASS,RUNNING
2403,48.060000000000002,0,3.6000000000000001,-40,1.2190000000000087,-2.2772026673831345,-37.823244895693556,2.7999999999999998,LANDING,BYPASS,RUNNING
2404,48.079999999999998,0,3.6000000000000001,-40,1.2020000000000088,-2.2860311273393532,-37.837772741191131,2.7999999999999998,LANDING,BYPASS,RUNNING
2405,48.100000000000001,0,3.6000000000000001,-40,1.1850000000000089,-2.2948595872955719,-37.852300586688706,2.7999999999999998,LANDING,BYPASS,RUNNING
2406,48.119999999999997,0,3.6000000000000001,-40,1.168000000000009,-2.3036880472517907,-37.866828432186281,2.7999999999999998,LANDING,BYPASS,RUNNING
2407,48.140000000000001,0,3.6000000000000001,-40,1.1510000000000091,-2.3125165072080094,-37.881356277683857,2.7999999999999998,LANDING,BYPASS,RUNNING
2408,48.159999999999997,0,3.6000000000000001,-40,1.1340000000000092,-2.3213449671642281,-37.895884123181432,2.7999999999999998,LANDING,BYPASS,RUNNING
2409,48.18,0,3.6000000000000001,-40,1.1170000000000093,-2.3301734271204468,-37.910411968679007,2.7999999999999998,LANDING,BYPASS,RUNNING
2410,48.200000000000003,0,3.6000000000000001,-40,1.1000000000000094,-2.3390018870766656,-37.924939814176582,2.7999999999999998,LANDING,BYPASS,RUNNING
2411,48.219999999999999,0,3.6000000000000001,-40,1.0830000000000095,-2.3478303470328843,-37.939467659674158,2.7999999999999998,LANDING,BYPASS,RUNNING
2412,48.240000000000002,0,3.6000000000000001,-40,1.0660000000000096,-2.356658806989103,-37.953995505171733,2.7999999999999998,LANDING,BYPASS,RUNNING
2413,48.259999999999998,0,3.6000000000000001,-40,1.0490000000000097,-2.3654872669453217,-37.968523350669308,2.7999999999999998,LANDING,BYPASS,RUNNING
2414,48.280000000000001,0,3.6000000000000001,-40,1.0320000000000098,-2.3743157269015405,-37.983051196166883,2.7999999999999998,LANDING,BYPASS,RUNNING
2415,48.299999999999997,0,3.6000000000000001,-40,1.0150000000000099,-2.3831441868577588,-37.997579041664459,2.7999999999999998,LANDING,BYPASS,RUNNING
2416,48.32,0,3.6000000000000001,-40,0.99800000000000988,-2.391972646813977,-38.012106887162034,2.7999999999999998,LANDING,BYPASS,RUNNING
2417,48.340000000000003,0,3.6000000000000001,-40,0.98100000000000986,-2.4008011067701953,-38.026634732659609,2.7999999999999998,LANDING,BYPASS,RUNNING
2418,48.359999999999999,0,3.6000000000000001,-40,0.96400000000000985,-2.4096295667264136,-38.041162578157184,2.7999999999999998,LANDING,BYPASS,RUNNING
2419,48.380000000000003,0,3.6000000000000001,-40,0.94700000000000983,-2.4184580266826319,-38.05569042365476,2.7999999999999998,LANDING,BYPASS,RUNNING
2420,48.399999999999999,0,3.6000000000000001,-40,0.93000000000000982,-2.4272864866388502,-38.070218269152335,2.7999999999999998,LANDING,BYPASS,RUNNING
2421,48.420000000000002,0,3.6000000000000001,-40,0.9130000000000098,-2.4361149465950684,-38.08474611464991,2.7999999999999998,LANDING,BYPASS,RUNNING
2422,48.439999999999998,0,3.6000000000000001,-40,0.89600000000000979,-2.4449434065512867,-38.099273960147485,2.7999999999999998,LANDING,BYPASS,RUNNING
2423,48.460000000000001,0,3.6000000000000001,-40,0.87900000000000977,-2.453771866507505,-38.11380180564506,2.7999999999999998,LANDING,BYPASS,RUNNING
2424,48.479999999999997,0,3.6000000000000001,-40,0.86200000000000976,-2.4626003264637233,-38.128329651142636,2.7999999999999998,LANDING,BYPASS,RUNNING
2425,48.5,0,3.6000000000000001,-40,0.84500000000000974,-2.4714287864199416,-38.142857496640211,2.7999999999999998,LANDING,BYPASS,RUNNING
2426,48.520000000000003,0,3.6000000000000001,-40,0.82800000000000973,-2.4802572463761599,-38.157385342137786,2.7999999999999998,LANDING,BYPASS,RUNNING
2427,48.539999999999999,0,3.6000000000000001,-40,0.81100000000000971,-2.4890857063323781,-38.171913187635361,2.7999999999999998,LANDING,BYPASS,RUNNING
2428,48.560000000000002,0,3.6000000000000001,-40,0.7940000000000097,-2.4979141662885964,-38.186441033132937,2.7999999999999998,LANDING,BYPASS,RUNNING
2429,48.579999999999998,0,3.6000000000000001,-40,0.77700000000000968,-2.5067426262448147,-38.200968878630512,2.7999999999999998,LANDING,BYPASS,RUNNING
2430,48.600000000000001,0,3.6000000000000001,-40,0.76000000000000967,-2.515571086201033,-38.215496724128087,2.7999999999999998,LANDING,BYPASS,RUNNING
2431,48.619999999999997,0,3.6000000000000001,-40,0.74300000000000965,-2.5243995461572513,-38.230024569625662,2.7999999999999998,LANDING,BYPASS,RUNNING
2432,48.640000000000001,0,3.6000000000000001,-40,0.72600000000000964,-2.5332280061134695,-38.244552415123238,2.7999999999999998,LANDING,BYPASS,RUNNING
2433,48.659999999999997,0,3.6000000000000001,-40,0.70900000000000962,-2.5420564660696878,-38.259080260620813,2.7999999999999998,LANDING,BYPASS,RUNNING
2434,48.68,0,3.6000000000000001,-40,0.69200000000000961,-2.5508849260259061,-38.273608106118388,2.7999999999999998,LANDING,BYPASS,RUNNING
2435,48.700000000000003,0,3.6000000000000001,-40,0.67500000000000959,-2.5597133859821244,-38.288135951615963,2.7999999999999998,LANDING,BYPASS,RUNNING
2436,48.719999999999999,0,3.6000000000000001,-40,0.65800000000000958,-2.5685418459383427,-38.302663797113539,2.7999999999999998,LANDING,BYPASS,RUNNING
2437,48.740000000000002,0,3.6000000000000001,-40,0.64100000000000956,-2.577370305894561,-38.317191642611114,2.7999999999999998,LANDING,BYPASS,RUNNING
2438,48.759999999999998,0,3.6000000000000001,-40,0.62400000000000955,-2.5861987658507792,-38.331719488108689,2.7999999999999998,LANDING,BYPASS,RUNNING
2439,48.780000000000001,0,3.6000000000000001,-40,0.60700000000000953,-2.5950272258069975,-38.346247333606264,2.7999999999999998,LANDING,BYPASS,RUNNING
2440,48.799999999999997,0,3.6000000000000001,-40,0.59000000000000952,-2.6038556857632158,-38.36077517910384,2.7999999999999998,LANDING,BYPASS,RUNNING
2441,48.82,0,3.6000000000000001,-40,0.5730000000000095,-2.6126841457194341,-38.375303024601415,2.7999999999999998,LANDING,BYPASS,RUNNING
2442,48.840000000000003,0,3.6000000000000001,-40,0.55600000000000949,-2.6215126056756524,-38.38983087009899,2.7999999999999998,LANDING,BYPASS,RUNNING
2443,48.859999999999999,0,3.6000000000000001,-40,0.53900000000000947,-2.6303410656318706,-38.404358715596565,2.7999999999999998,LANDING,BYPASS,RUNNING
2444,48.880000000000003,0,3.6000000000000001,-40,0.52200000000000946,-2.6391695255880889,-38.418886561094141,2.7999999999999998,LANDING,BYPASS,RUNNING
2445,48.899999999999999,0,3.6000000000000001,-40,0.50500000000000944,-2.6479979855443072,-38.433414406591716,2.7999999999999998,LANDING,BYPASS,RUNNING
2446,48.920000000000002,0,3.6000000000000001,-40,0.48800000000000943,-2.6568264455005255,-38.447942252089291,2.7999999999999998,LANDING,BYPASS,RUNNING
2447,48.939999999999998,0,3.6000000000000001,-40,0.47100000000000941,-2.6656549054567438,-38.462470097586866,2.7999999999999998,LANDING,BYPASS,RUNNING
2448,48.960000000000001,0,3.6000000000000001,-40,0.4540000000000094,-2.6744833654129621,-38.476997943084442,2.7999999999999998,LANDING,BYPASS,RUNNING
2449,48.979999999999997,0,3.6000000000000001,-40,0.43700000000000938,-2.6833118253691803,-38.491525788582017,2.7999999999999998,LANDING,BYPASS,RUNNING
2450,49,0,3.6000000000000001,-40,0.42000000000000937,-2.6921402853253986,-38.506053634079592,2.7999999999999998,LANDING,BYPASS,RUNNING
2451,49.020000000000003,0,3.6000000000000001,-40,0.40300000000000935,-2.7009687452816169,-38.520581479577167,2.7999999999999998,LANDING,BYPASS,RUNNING
2452,49.039999999999999,0,3.6000000000000001,-40,0.38600000000000934,-2.7097972052378352,-38.535109325074743,2.7999999999999998,LANDING,BYPASS,RUNNING
2453,49.060000000000002,0,3.6000000000000001,-40,0.36900000000000932,-2.7186256651940535,-38.549637170572318,2.7999999999999998,LANDING,BYPASS,RUNNING
2454,49.079999999999998,0,3.6000000000000001,-40,0.35200000000000931,-2.7274541251502717,-38.564165016069893,2.7999999999999998,LANDING,BYPASS,RUNNING
2455,49.100000000000001,0,3.6000000000000001,-40,0.33500000000000929,-2.73628258510649,-38.578692861567468,2.7999999999999998,LANDING,BYPASS,RUNNING
2456,49.119999999999997,0,3.6000000000000001,-40,0.31800000000000928,-2.7451110450627083,-38.593220707065043,2.7999999999999998,LANDING,BYPASS,RUNNING
2457,49.140000000000001,0,3.6000000000000001,-40,0.30100000000000926,-2.7539395050189266,-38.607748552562619,2.7999999999999998,LANDING,BYPASS,RUNNING
2458,49.159999999999997,0,3.6000000000000001,-40,0.28400000000000925,-2.7627679649751449,-38.622276398060194,2.7999999999999998,LANDING,BYPASS,RUNNING
2459,49.18,0,3.6000000000000001,-40,0.26700000000000923,-2.7715964249313632,-38.636804243557769,2.7999999999999998,LANDING,BYPASS,RUNNING
2460,49.200000000000003,0,3.6000000000000001,-40,0.25000000000000921,-2.7804248848875814,-38.651332089055344,2.7999999999999998,LANDING,BYPASS,RUNNING
2461,49.219999999999999,0,3.6000000000000001,-40,0.2330000000000092,-2.7892533448437997,-38.66585993455292,2.7999999999999998,LANDING,BYPASS,RUNNING
2462,49.240000000000002,0,3.6000000000000001,-40,0.21600000000000918,-2.798081804800018,-38.680387780050495,2.7999999999999998,LANDING,BYPASS,RUNNING
2463,49.259999999999998,0,3.6000000000000001,-40,0.19900000000000917,-2.8069102647562363,-38.69491562554807,2.7999999999999998,LANDING,BYPASS,RUNNING
2464,49.280000000000001,0,3.6000000000000001,-40,0.18200000000000915,-2.8157387247124546,-38.709443471045645,2.7999999999999998,LANDING,BYPASS,RUNNING
2465,49.299999999999997,0,3.6000000000000001,-40,0.16500000000000914,-2.8245671846686728,-38.723971316543221,2.7999999999999998,LANDING,BYPASS,RUNNING
2466,49.32,0,3.6000000000000001,-40,0.14800000000000912,-2.8333956446248911,-38.738499162040796,2.7999999999999998,LANDING,BYPASS,RUNNING
2467,49.340000000000003,0,3.6000000000000001,-40,0.13100000000000911,-2.8422241045811094,-38.753027007538371,2.7999999999999998,LANDING,BYPASS,RUNNING
2468,49.359999999999999,0,3.6000000000000001,-40,0.12,-2.8510525645373277,-38.767554853035946,2.7999999999999998,LANDED,BYPASS,RUNNING
2469,49.380000000000003,0,3.6000000000000001,-40,0.12,-2.859881024493546,-38.782082698533522,2.7999999999999998,LANDED,BYPASS,RUNNING
2470,49.399999999999999,0,3.6000000000000001,-40,0.12,-2.8687094844497643,-38.796610544031097,2.7999999999999998,LANDED,BYPASS,RUNNING
2471,49.420000000000002,0,3.6000000000000001,-40,0.12,-2.8775379444059825,-38.811138389528672,2.7999999999999998,LANDED,BYPASS,RUNNING
2472,49.439999999999998,0,3.6000000000000001,-40,0.12,-2.8863664043622008,-38.825666235026247,2.7999999999999998,LANDED,BYPASS,RUNNING
2473,49.460000000000001,0,3.6000000000000001,-40,0.12,-2.8951948643184191,-38.840194080523823,2.7999999999999998,LANDED,BYPASS,RUNNING
2474,49.479999999999997,0,3.6000000000000001,-40,0.12,-2.9040233242746374,-38.854721926021398,2.7999999999999998,LANDED,BYPASS,RUNNING
2475,49.5,0,3.6000000000000001,-40,0.12,-2.9128517842308557,-38.869249771518973,2.7999999999999998,LANDED,BYPASS,RUNNING
2476,49.520000000000003,0,3.6000000000000001,-40,0.12,-2.9216802441870739,-38.883777617016548,2.7999999999999998,LANDED,BYPASS,RUNNING
2477,49.539999999999999,0,3.6000000000000001,-40,0.12,-2.9305087041432922,-38.898305462514124,2.7999999999999998,LANDED,BYPASS,RUNNING
2478,49.560000000000002,0,3.6000000000000001,-40,0.12,-2.9393371640995105,-38.912833308011699,2.7999999999999998,LANDED,BYPASS,RUNNING
2479,49.579999999999998,0,3.6000000000000001,-40,0.12,-2.9481656240557288,-38.927361153509274,2.7999999999999998,LANDED,BYPASS,RUNNING
2480,49.600000000000001,0,3.6000000000000001,-40,0.12,-2.9569940840119471,-38.941888999006849,2.7999999999999998,LANDED,BYPASS,RUNNING
2481,49.619999999999997,0,3.6000000000000001,-40,0.12,-2.9658225439681654,-38.956416844504425,2.7999999999999998,LANDED,BYPASS,RUNNING
2482,49.640000000000001,0,3.6000000000000001,-40,0.12,-2.9746510039243836,-38.970944690002,2.7999999999999998,LANDED,BYPASS,RUNNING
2483,49.659999999999997,0,3.6000000000000001,-40,0.12,-2.9834794638806019,-38.985472535499575,2.7999999999999998,LANDED,BYPASS,RUNNING
2484,49.68,0,3.6000000000000001,-40,0.12,-2.9923079238368202,-39.00000038099715,2.7999999999999998,LANDED,BYPASS,RUNNING
2485,49.700000000000003,0,3.6000000000000001,-40,0.12,-3.0011363837930385,-39.014528226494726,2.7999999999999998,LANDED,BYPASS,RUNNING
2486,49.719999999999999,0,3.6000000000000001,-40,0.12,-3.0099648437492568,-39.029056071992301,2.7999999999999998,LANDED,BYPASS,RUNNING
2487,49.740000000000002,0,3.6000000000000001,-40,0.12,-3.0187933037054751,-39.043583917489876,2.7999999999999998,LANDED,BYPASS,RUNNING
2488,49.759999999999998,0,3.6000000000000001,-40,0.12,-3.0276217636616933,-39.058111762987451,2.7999999999999998,LANDED,BYPASS,RUNNING
2489,49.780000000000001,0,3.6000000000000001,-40,0.12,-3.0364502236179116,-39.072639608485026,2.7999999999999998,LANDED,BYPASS,RUNNING
2490,49.799999999999997,0,3.6000000000000001,-40,0.12,-3.0452786835741299,-39.087167453982602,2.7999999999999998,LANDED,BYPASS,RUNNING
2491,49.82,0,3.6000000000000001,-40,0.12,-3.0541071435303482,-39.101695299480177,2.7999999999999998,LANDED,BYPASS,RUNNING
2492,49.840000000000003,0,3.6000000000000001,-40,0.12,-3.0629356034865665,-39.116223144977752,2.7999999999999998,LANDED,BYPASS,RUNNING
2493,49.859999999999999,0,3.6000000000000001,-40,0.12,-3.0717640634427847,-39.130750990475327,2.7999999999999998,LANDED,BYPASS,RUNNING
2494,49.880000000000003,0,3.6000000000000001,-40,0.12,-3.080592523399003,-39.145278835972903,2.7999999999999998,LANDED,BYPASS,RUNNING
2495,49.899999999999999,0,3.6000000000000001,-40,0.12,-3.0894209833552213,-39.159806681470478,2.7999999999999998,LANDED,BYPASS,RUNNING
2496,49.920000000000002,0,3.6000000000000001,-40,0.12,-3.0982494433114396,-39.174334526968053,2.7999999999999998,LANDED,BYPASS,RUNNING
2497,49.939999999999998,0,3.6000000000000001,-40,0.12,-3.1070779032676579,-39.188862372465628,2.7999999999999998,LANDED,BYPASS,RUNNING
2498,49.960000000000001,0,3.6000000000000001,-40,0.12,-3.1159063632238762,-39.203390217963204,2.7999999999999998,LANDED,BYPASS,RUNNING
2499,49.979999999999997,0,3.6000000000000001,-40,0.12,-3.124734823180094,-39.217918063460779,2.7999999999999998,LANDED,BYPASS,RUNNING
2500,50,0,3.6000000000000001,-40,0.12,-3.1335632831363118,-39.232445908958354,2.7999999999999998,LANDED,BYPASS,RUNNING
2501,50.020000000000003,0,3.6000000000000001,-40,0.12,-3.1423917430925297,-39.246973754455929,2.7999999999999998,LANDED,BYPASS,RUNNING
2502,50.039999999999999,0,3.6000000000000001,-40,0.12,-3.1512202030487475,-39.261501599953505,2.7999999999999998,LANDED,BYPASS,RUNNING
2503,50.060000000000002,0,3.6000000000000001,-40,0.12,-3.1600486630049653,-39.27602944545108,2.7999999999999998,LANDED,BYPASS,RUNNING
2504,50.079999999999998,0,3.6000000000000001,-40,0.12,-3.1688771229611832,-39.290557290948655,2.7999999999999998,LANDED,BYPASS,RUNNING
2505,50.100000000000001,0,3.6000000000000001,-40,0.12,-3.177705582917401,-39.30508513644623,2.7999999999999998,LANDED,BYPASS,RUNNING
2506,50.119999999999997,0,3.6000000000000001,-40,0.12,-3.1865340428736189,-39.319612981943806,2.7999999999999998,LANDED,BYPASS,RUNNING
2507,50.140000000000001,0,3.6000000000000001,-40,0.12,-3.1953625028298367,-39.334140827441381,2.7999999999999998,LANDED,BYPASS,RUNNING
2508,50.159999999999997,0,3.6000000000000001,-40,0.12,-3.2041909627860545,-39.348668672938956,2.7999999999999998,LANDED,BYPASS,RUNNING
2509,50.18,0,3.6000000000000001,-40,0.12,-3.2130194227422724,-39.363196518436531,2.7999999999999998,LANDED,BYPASS,RUNNING
2510,50.200000000000003,0,3.6000000000000001,-40,0.12,-3.2218478826984902,-39.377724363934107,2.7999999999999998,LANDED,BYPASS,RUNNING
2511,50.219999999999999,0,3.6000000000000001,-40,0.12,-3.230676342654708,-39.392252209431682,2.7999999999999998,LANDED,BYPASS,RUNNING
2512,50.240000000000002,0,3.6000000000000001,-40,0.12,-3.2395048026109259,-39.406780054929257,2.7999999999999998,LANDED,BYPASS,RUNNING
2513,50.259999999999998,0,3.6000000000000001,-40,0.12,-3.2483332625671437,-39.421307900426832,2.7999999999999998,LANDED,BYPASS,RUNNING
2514,50.280000000000001,0,3.6000000000000001,-40,0.12,-3.2571617225233616,-39.435835745924408,2.7999999999999998,LANDED,BYPASS,RUNNING
2515,50.299999999999997,0,3.6000000000000001,-40,0.12,-3.2659901824795794,-39.450363591421983,2.7999999999999998,LANDED,BYPASS,RUNNING
2516,50.32,0,3.6000000000000001,-40,0.12,-3.2748186424357972,-39.464891436919558,2.7999999999999998,LANDED,BYPASS,RUNNING
2517,50.340000000000003,0,3.6000000000000001,-40,0.12,-3.2836471023920151,-39.479419282417133,2.7999999999999998,LANDED,BYPASS,RUNNING
2518,50.359999999999999,0,3.6000000000000001,-40,0.12,-3.2924755623482329,-39.493947127914709,2.7999999999999998,LANDED,BYPASS,RUNNING
2519,50.380000000000003,0,3.6000000000000001,-40,0.12,-3.3013040223044507,-39.508474973412284,2.7999999999999998,LANDED,BYPASS,RUNNING
2520,50.399999999999999,0,3.6000000000000001,-40,0.12,-3.3101324822606686,-39.523002818909859,2.7999999999999998,LANDED,BYPASS,RUNNING
2521,50.420000000000002,0,3.6000000000000001,-40,0.12,-3.3189609422168864,-39.537530664407434,2.7999999999999998,LANDED,BYPASS,RUNNING
2522,50.439999999999998,0,3.6000000000000001,-40,0.12,-3.3277894021731043,-39.552058509905009,2.7999999999999998,LANDED,BYPASS,RUNNING
2523,50.460000000000001,0,3.6000000000000001,-40,0.12,-3.3366178621293221,-39.566586355402585,2.7999999999999998,LANDED,BYPASS,RUNNING
2524,50.479999999999997,0,3.6000000000000001,-40,0.12,-3.3454463220855399,-39.58111420090016,2.7999999999999998,LANDED,BYPASS,RUNNING
2525,50.5,0,3.6000000000000001,-40,0.12,-3.3542747820417578,-39.595642046397735,2.7999999999999998,LANDED,BYPASS,RUNNING
2526,50.520000000000003,0,3.6000000000000001,-40,0.12,-3.3631032419979756,-39.61016989189531,2.7999999999999998,LANDED,BYPASS,RUNNING
2527,50.539999999999999,0,3.6000000000000001,-40,0.12,-3.3719317019541934,-39.624697737392886,2.7999999999999998,LANDED,BYPASS,RUNNING
2528,50.560000000000002,0,3.6000000000000001,-40,0.12,-3.3807601619104108,-39.639225582890461,2.7999999999999998,LANDED,BYPASS,RUNNING
2529,50.579999999999998,0,3.6000000000000001,-40,0.12,-3.3895886218666282,-39.653753428388036,2.7999999999999998,LANDED,BYPASS,RUNNING
2530,50.600000000000001,0,3.6000000000000001,-40,0.12,-3.3984170818228456,-39.668281273885611,2.7999999999999998,LANDED,BYPASS,RUNNING
2531,50.619999999999997,0,3.6000000000000001,-40,0.12,-3.407245541779063,-39.682809119383187,2.7999999999999998,LANDED,BYPASS,RUNNING
2532,50.640000000000001,0,3.6000000000000001,-40,0.12,-3.4160740017352804,-39.697336964880762,2.7999999999999998,LANDED,BYPASS,RUNNING
2533,50.659999999999997,0,3.6000000000000001,-40,0.12,-3.4249024616914978,-39.711864810378337,2.7999999999999998,LANDED,BYPASS,RUNNING
2534,50.68,0,3.6000000000000001,-40,0.12,-3.4337309216477152,-39.726392655875912,2.7999999999999998,LANDED,BYPASS,RUNNING
2535,50.700000000000003,0,3.6000000000000001,-40,0.12,-3.4425593816039326,-39.740920501373488,2.7999999999999998,LANDED,BYPASS,RUNNING
2536,50.719999999999999,0,3.6000000000000001,-40,0.12,-3.45138784156015,-39.755448346871063,2.7999999999999998,LANDED,BYPASS,RUNNING
2537,50.740000000000002,0,3.6000000000000001,-40,0.12,-3.4602163015163674,-39.769976192368638,2.7999999999999998,LANDED,BYPASS,RUNNING
2538,50.759999999999998,0,3.6000000000000001,-40,0.12,-3.4690447614725848,-39.784504037866213,2.7999999999999998,LANDED,BYPASS,RUNNING
2539,50.780000000000001,0,3.6000000000000001,-40,0.12,-3.4778732214288022,-39.799031883363789,2.7999999999999998,LANDED,BYPASS,RUNNING
2540,50.799999999999997,0,3.6000000000000001,-40,0.12,-3.4867016813850191,-39.813559728861364,2.7999999999999998,LANDED,BYPASS,RUNNING
2541,50.82,0,3.6000000000000001,-40,0.12,-3.4955301413412361,-39.828087574358939,2.7999999999999998,LANDED,BYPASS,RUNNING
2542,50.840000000000003,0,3.6000000000000001,-40,0.12,-3.504358601297453,-39.842615419856514,2.7999999999999998,LANDED,BYPASS,RUNNING
2543,50.859999999999999,0,3.6000000000000001,-40,0.12,-3.51318706125367,-39.85714326535409,2.7999999999999998,LANDED,BYPASS,RUNNING
2544,50.880000000000003,0,3.6000000000000001,-40,0.12,-3.5220155212098869,-39.871671110851665,2.7999999999999998,LANDED,BYPASS,RUNNING
2545,50.899999999999999,0,3.6000000000000001,-40,0.12,-3.5308439811661039,-39.88619895634924,2.7999999999999998,LANDED,BYPASS,RUNNING
2546,50.920000000000002,0,3.6000000000000001,-40,0.12,-3.5396724411223204,-39.900726801846815,2.7999999999999998,LANDED,BYPASS,RUNNING
2547,50.939999999999998,0,3.6000000000000001,-40,0.12,-3.5485009010785369,-39.915254647344391,2.7999999999999998,LANDED,BYPASS,RUNNING
2548,50.960000000000001,0,3.6000000000000001,-40,0.12,-3.5573293610347534,-39.929782492841966,2.7999999999999998,LANDED,BYPASS,RUNNING
2549,50.979999999999997,0,3.6000000000000001,-40,0.12,-3.5661578209909695,-39.944310338339541,2.7999999999999998,LANDED,BYPASS,RUNNING
2550,51,0,3.6000000000000001,-40,0.12,-3.5749862809471851,-39.958838183837116,2.7999999999999998,LANDED,BYPASS,RUNNING
2551,51.020000000000003,0,3.6000000000000001,-40,0.12,-3.5838147409034007,-39.973366029334692,2.7999999999999998,LANDED,BYPASS,RUNNING
2552,51.039999999999999,0,3.6000000000000001,-40,0.12,-3.5926432008596154,-39.987893874832267,2.7999999999999998,LANDED,BYPASS,RUNNING
2553,51.060000000000002,0,3.6000000000000001,-40,0.12,-3.6000000000000001,-40,2.7999999999999998,LANDED,LANDING,RUNNING
2554,51.079999999999998,0,3.6000000000000001,-40,0.12,-3.6000000000000001,-40,2.7829999999999999,LANDED,LANDING,RUNNING
2555,51.100000000000001,0,3.6000000000000001,-40,0.12,-3.6000000000000001,-40,2.766,LANDED,LANDING,RUNNING
2556,51.119999999999997,0,3.6000000000000001,-40,0.12,-3.6000000000000001,-40,2.7490000000000001,LANDED,LANDING,RUNNING
2557,51.140000000000001,0,3.6000000000000001,-40,0.12,-3.6000000000000001,-40,2.7320000000000002,LANDED,LANDING,RUNNING
2558,51.159999999999997,0,3.6000000000000001,-40,0.12,-3.6000000000000001,-40,2.7150000000000003,LANDED,LANDING,RUNNING
2559,51.18,0,3.6000000000000001,-40,0.12,-3.6000000000000001,-40,2.6980000000000004,LANDED,LANDING,RUNNING
2560,51.200000000000003,0,3.6000000000000001,-40,0.12,-3.6000000000000001,-40,2.6810000000000005,LANDED,LANDING,RUNNING
2561,51.219999999999999,0,3.6000000000000001,-40,0.12,-3.6000000000000001,-40,2.6640000000000006,LANDED,LANDING,RUNNING
2562,51.240000000000002,0,3.6000000000000001,-40,0.12,-3.6000000000000001,-40,2.6470000000000007,LANDED,LANDING,RUNNING
2563,51.259999999999998,0,3.6000000000000001,-40,0.12,-3.6000000000000001,-40,2.6300000000000008,LANDED,LANDING,RUNNING
2564,51.280000000000001,0,3.6000000000000001,-40,0.12,-3.6000000000000001,-40,2.6130000000000009,LANDED,LANDING,RUNNING
2565,51.299999999999997,0,3.6000000000000001,-40,0.12,-3.6000000000000001,-40,2.596000000000001,LANDED,LANDING,RUNNING
2566,51.32,0,3.6000000000000001,-40,0.12,-3.6000000000000001,-40,2.5790000000000011,LANDED,LANDING,RUNNING
2567,51.340000000000003,0,3.6000000000000001,-40,0.12,-3.6000000000000001,-40,2.5620000000000012,LANDED,LANDING,RUNNING
2568,51.359999999999999,0,3.6000000000000001,-40,0.12,-3.6000000000000001,-40,2.5450000000000013,LANDED,LANDING,RUNNING
2569,51.380000000000003,0,3.6000000000000001,-40,0.12,-3.6000000000000001,-40,2.5280000000000014,LANDED,LANDING,RUNNING
2570,51.399999999999999,0,3.6000000000000001,-40,0.12,-3.6000000000000001,-40,2.5110000000000015,LANDED,LANDING,RUNNING
2571,51.420000000000002,0,3.6000000000000001,-40,0.12,-3.6000000000000001,-40,2.4940000000000015,LANDED,LANDING,RUNNING
2572,51.439999999999998,0,3.6000000000000001,-40,0.12,-3.6000000000000001,-40,2.4770000000000016,LANDED,LANDING,RUNNING
2573,51.460000000000001,0,3.6000000000000001,-40,0.12,-3.6000000000000001,-40,2.4600000000000017,LANDED,LANDING,RUNNING
2574,51.479999999999997,0,3.6000000000000001,-40,0.12,-3.6000000000000001,-40,2.4430000000000018,LANDED,LANDING,RUNNING
2575,51.5,0,3.6000000000000001,-40,0.12,-3.6000000000000001,-40,2.4260000000000019,LANDED,LANDING,RUNNING
2576,51.520000000000003,0,3.6000000000000001,-40,0.12,-3.6000000000000001,-40,2.409000000000002,LANDED,LANDING,RUNNING
2577,51.539999999999999,0,3.6000000000000001,-40,0.12,-3.6000000000000001,-40,2.3920000000000021,LANDED,LANDING,RUNNING
2578,51.560000000000002,0,3.6000000000000001,-40,0.12,-3.6000000000000001,-40,2.3750000000000022,LANDED,LANDING,RUNNING
2579,51.579999999999998,0,3.6000000000000001,-40,0.12,-3.6000000000000001,-40,2.3580000000000023,LANDED,LANDING,RUNNING
2580,51.600000000000001,0,3.6000000000000001,-40,0.12,-3.6000000000000001,-40,2.3410000000000024,LANDED,LANDING,RUNNING
2581,51.619999999999997,0,3.6000000000000001,-40,0.12,-3.6000000000000001,-40,2.3240000000000025,LANDED,LANDING,RUNNING
2582,51.640000000000001,0,3.6000000000000001,-40,0.12,-3.6000000000000001,-40,2.3070000000000026,LANDED,LANDING,RUNNING
2583,51.659999999999997,0,3.6000000000000001,-40,0.12,-3.6000000000000001,-40,2.2900000000000027,LANDED,LANDING,RUNNING
2584,51.68,0,3.6000000000000001,-40,0.12,-3.6000000000000001,-40,2.2730000000000028,LANDED,LANDING,RUNNING
2585,51.700000000000003,0,3.6000000000000001,-40,0.12,-3.6000000000000001,-40,2.2560000000000029,LANDED,LANDING,RUNNING
2586,51.719999999999999,0,3.6000000000000001,-40,0.12,-3.6000000000000001,-40,2.239000000000003,LANDED,LANDING,RUNNING
2587,51.740000000000002,0,3.6000000000000001,-40,0.12,-3.6000000000000001,-40,2.2220000000000031,LANDED,LANDING,RUNNING
2588,51.759999999999998,0,3.6000000000000001,-40,0.12,-3.6000000000000001,-40,2.2050000000000032,LANDED,LANDING,RUNNING
2589,51.780000000000001,0,3.6000000000000001,-40,0.12,-3.6000000000000001,-40,2.1880000000000033,LANDED,LANDING,RUNNING
2590,51.799999999999997,0,3.6000000000000001,-40,0.12,-3.6000000000000001,-40,2.1710000000000034,LANDED,LANDING,RUNNING
2591,51.82,0,3.6000000000000001,-40,0.12,-3.6000000000000001,-40,2.1540000000000035,LANDED,LANDING,RUNNING
2592,51.840000000000003,0,3.6000000000000001,-40,0.12,-3.6000000000000001,-40,2.1370000000000036,LANDED,LANDING,RUNNING
2593,51.859999999999999,0,3.6000000000000001,-40,0.12,-3.6000000000000001,-40,2.1200000000000037,LANDED,LANDING,RUNNING
2594,51.880000000000003,0,3.6000000000000001,-40,0.12,-3.6000000000000001,-40,2.1030000000000038,LANDED,LANDING,RUNNING
2595,51.899999999999999,0,3.6000000000000001,-40,0.12,-3.6000000000000001,-40,2.0860000000000039,LANDED,LANDING,RUNNING
2596,51.920000000000002,0,3.6000000000000001,-40,0.12,-3.6000000000000001,-40,2.0690000000000039,LANDED,LANDING,RUNNING
2597,51.939999999999998,0,3.6000000000000001,-40,0.12,-3.6000000000000001,-40,2.052000000000004,LANDED,LANDING,RUNNING
2598,51.960000000000001,0,3.6000000000000001,-40,0.12,-3.6000000000000001,-40,2.0350000000000041,LANDED,LANDING,RUNNING
2599,51.979999999999997,0,3.6000000000000001,-40,0.12,-3.6000000000000001,-40,2.0180000000000042,LANDED,LANDING,RUNNING
2600,52,0,3.6000000000000001,-40,0.12,-3.6000000000000001,-40,2.0010000000000043,LANDED,LANDING,RUNNING
2601,52.020000000000003,0,3.6000000000000001,-40,0.12,-3.6000000000000001,-40,1.9840000000000044,LANDED,LANDING,RUNNING
2602,52.039999999999999,0,3.6000000000000001,-40,0.12,-3.6000000000000001,-40,1.9670000000000045,LANDED,LANDING,RUNNING
2603,52.060000000000002,0,3.6000000000000001,-40,0.12,-3.6000000000000001,-40,1.9500000000000046,LANDED,LANDING,RUNNING
2604,52.079999999999998,0,3.6000000000000001,-40,0.12,-3.6000000000000001,-40,1.9330000000000047,LANDED,LANDING,RUNNING
2605,52.100000000000001,0,3.6000000000000001,-40,0.12,-3.6000000000000001,-40,1.9160000000000048,LANDED,LANDING,RUNNING
2606,52.119999999999997,0,3.6000000000000001,-40,0.12,-3.6000000000000001,-40,1.8990000000000049,LANDED,LANDING,RUNNING
2607,52.140000000000001,0,3.6000000000000001,-40,0.12,-3.6000000000000001,-40,1.882000000000005,LANDED,LANDING,RUNNING
2608,52.159999999999997,0,3.6000000000000001,-40,0.12,-3.6000000000000001,-40,1.8650000000000051,LANDED,LANDING,RUNNING
2609,52.18,0,3.6000000000000001,-40,0.12,-3.6000000000000001,-40,1.8480000000000052,LANDED,LANDING,RUNNING
2610,52.200000000000003,0,3.6000000000000001,-40,0.12,-3.6000000000000001,-40,1.8310000000000053,LANDED,LANDING,RUNNING
2611,52.219999999999999,0,3.6000000000000001,-40,0.12,-3.6000000000000001,-40,1.8140000000000054,LANDED,LANDING,RUNNING
2612,52.240000000000002,0,3.6000000000000001,-40,0.12,-3.6000000000000001,-40,1.7970000000000055,LANDED,LANDING,RUNNING
2613,52.259999999999998,0,3.6000000000000001,-40,0.12,-3.6000000000000001,-40,1.7800000000000056,LANDED,LANDING,RUNNING
2614,52.280000000000001,0,3.6000000000000001,-40,0.12,-3.6000000000000001,-40,1.7630000000000057,LANDED,LANDING,RUNNING
2615,52.299999999999997,0,3.6000000000000001,-40,0.12,-3.6000000000000001,-40,1.7460000000000058,LANDED,LANDING,RUNNING
2616,52.32,0,3.6000000000000001,-40,0.12,-3.6000000000000001,-40,1.7290000000000059,LANDED,LANDING,RUNNING
2617,52.340000000000003,0,3.6000000000000001,-40,0.12,-3.6000000000000001,-40,1.712000000000006,LANDED,LANDING,RUNNING
2618,52.359999999999999,0,3.6000000000000001,-40,0.12,-3.6000000000000001,-40,1.6950000000000061,LANDED,LANDING,RUNNING
2619,52.380000000000003,0,3.6000000000000001,-40,0.12,-3.6000000000000001,-40,1.6780000000000062,LANDED,LANDING,RUNNING
2620,52.399999999999999,0,3.6000000000000001,-40,0.12,-3.6000000000000001,-40,1.6610000000000062,LANDED,LANDING,RUNNING
2621,52.420000000000002,0,3.6000000000000001,-40,0.12,-3.6000000000000001,-40,1.6440000000000063,LANDED,LANDING,RUNNING
2622,52.439999999999998,0,3.6000000000000001,-40,0.12,-3.6000000000000001,-40,1.6270000000000064,LANDED,LANDING,RUNNING
2623,52.460000000000001,0,3.6000000000000001,-40,0.12,-3.6000000000000001,-40,1.6100000000000065,LANDED,LANDING,RUNNING
2624,52.479999999999997,0,3.6000000000000001,-40,0.12,-3.6000000000000001,-40,1.5930000000000066,LANDED,LANDING,RUNNING
2625,52.5,0,3.6000000000000001,-40,0.12,-3.6000000000000001,-40,1.5760000000000067,LANDED,LANDING,RUNNING
2626,52.520000000000003,0,3.6000000000000001,-40,0.12,-3.6000000000000001,-40,1.5590000000000068,LANDED,LANDING,RUNNING
2627,52.539999999999999,0,3.6000000000000001,-40,0.12,-3.6000000000000001,-40,1.5420000000000069,LANDED,LANDING,RUNNING
2628,52.560000000000002,0,3.6000000000000001,-40,0.12,-3.6000000000000001,-40,1.525000000000007,LANDED,LANDING,RUNNING
2629,52.579999999999998,0,3.6000000000000001,-40,0.12,-3.6000000000000001,-40,1.5080000000000071,LANDED,LANDING,RUNNING
2630,52.600000000000001,0,3.6000000000000001,-40,0.12,-3.6000000000000001,-40,1.4910000000000072,LANDED,LANDING,RUNNING
2631,52.619999999999997,0,3.6000000000000001,-40,0.12,-3.6000000000000001,-40,1.4740000000000073,LANDED,LANDING,RUNNING
2632,52.640000000000001,0,3.6000000000000001,-40,0.12,-3.6000000000000001,-40,1.4570000000000074,LANDED,LANDING,RUNNING
2633,52.659999999999997,0,3.6000000000000001,-40,0.12,-3.6000000000000001,-40,1.4400000000000075,LANDED,LANDING,RUNNING
2634,52.68,0,3.6000000000000001,-40,0.12,-3.6000000000000001,-40,1.4230000000000076,LANDED,LANDING,RUNNING
2635,52.700000000000003,0,3.6000000000000001,-40,0.12,-3.6000000000000001,-40,1.4060000000000077,LANDED,LANDING,RUNNING
2636,52.719999999999999,0,3.6000000000000001,-40,0.12,-3.6000000000000001,-40,1.3890000000000078,LANDED,LANDING,RUNNING
2637,52.740000000000002,0,3.6000000000000001,-40,0.12,-3.6000000000000001,-40,1.3720000000000079,LANDED,LANDING,RUNNING
2638,52.759999999999998,0,3.6000000000000001,-40,0.12,-3.6000000000000001,-40,1.355000000000008,LANDED,LANDING,RUNNING
2639,52.780000000000001,0,3.6000000000000001,-40,0.12,-3.6000000000000001,-40,1.3380000000000081,LANDED,LANDING,RUNNING
2640,52.799999999999997,0,3.6000000000000001,-40,0.12,-3.6000000000000001,-40,1.3210000000000082,LANDED,LANDING,RUNNING
2641,52.82,0,3.6000000000000001,-40,0.12,-3.6000000000000001,-40,1.3040000000000083,LANDED,LANDING,RUNNING
2642,52.840000000000003,0,3.6000000000000001,-40,0.12,-3.6000000000000001,-40,1.2870000000000084,LANDED,LANDING,RUNNING
2643,52.859999999999999,0,3.6000000000000001,-40,0.12,-3.6000000000000001,-40,1.2700000000000085,LANDED,LANDING,RUNNING
2644,52.880000000000003,0,3.6000000000000001,-40,0.12,-3.6000000000000001,-40,1.2530000000000086,LANDED,LANDING,RUNNING
2645,52.899999999999999,0,3.6000000000000001,-40,0.12,-3.6000000000000001,-40,1.2360000000000086,LANDED,LANDING,RUNNING
2646,52.920000000000002,0,3.6000000000000001,-40,0.12,-3.6000000000000001,-40,1.2190000000000087,LANDED,LANDING,RUNNING
2647,52.939999999999998,0,3.6000000000000001,-40,0.12,-3.6000000000000001,-40,1.2020000000000088,LANDED,LANDING,RUNNING
2648,52.960000000000001,0,3.6000000000000001,-40,0.12,-3.6000000000000001,-40,1.1850000000000089,LANDED,LANDING,RUNNING
2649,52.979999999999997,0,3.6000000000000001,-40,0.12,-3.6000000000000001,-40,1.168000000000009,LANDED,LANDING,RUNNING
2650,53,0,3.6000000000000001,-40,0.12,-3.6000000000000001,-40,1.1510000000000091,LANDED,LANDING,RUNNING
2651,53.020000000000003,0,3.6000000000000001,-40,0.12,-3.6000000000000001,-40,1.1340000000000092,LANDED,LANDING,RUNNING
2652,53.039999999999999,0,3.6000000000000001,-40,0.12,-3.6000000000000001,-40,1.1170000000000093,LANDED,LANDING,RUNNING
2653,53.060000000000002,0,3.6000000000000001,-40,0.12,-3.6000000000000001,-40,1.1000000000000094,LANDED,LANDING,RUNNING
2654,53.079999999999998,0,3.6000000000000001,-40,0.12,-3.6000000000000001,-40,1.0830000000000095,LANDED,LANDING,RUNNING
2655,53.100000000000001,0,3.6000000000000001,-40,0.12,-3.6000000000000001,-40,1.0660000000000096,LANDED,LANDING,RUNNING
2656,53.119999999999997,0,3.6000000000000001,-40,0.12,-3.6000000000000001,-40,1.0490000000000097,LANDED,LANDING,RUNNING
2657,53.140000000000001,0,3.6000000000000001,-40,0.12,-3.6000000000000001,-40,1.0320000000000098,LANDED,LANDING,RUNNING
2658,53.159999999999997,0,3.6000000000000001,-40,0.12,-3.6000000000000001,-40,1.0150000000000099,LANDED,LANDING,RUNNING
2659,53.18,0,3.6000000000000001,-40,0.12,-3.6000000000000001,-40,0.99800000000000988,LANDED,LANDING,RUNNING
2660,53.200000000000003,0,3.6000000000000001,-40,0.12,-3.6000000000000001,-40,0.98100000000000986,LANDED,LANDING,RUNNING
2661,53.219999999999999,0,3.6000000000000001,-40,0.12,-3.6000000000000001,-40,0.96400000000000985,LANDED,LANDING,RUNNING
2662,53.240000000000002,0,3.6000000000000001,-40,0.12,-3.6000000000000001,-40,0.94700000000000983,LANDED,LANDING,RUNNING
2663,53.259999999999998,0,3.6000000000000001,-40,0.12,-3.6000000000000001,-40,0.93000000000000982,LANDED,LANDING,RUNNING
2664,53.280000000000001,0,3.6000000000000001,-40,0.12,-3.6000000000000001,-40,0.9130000000000098,LANDED,LANDING,RUNNING
2665,53.299999999999997,0,3.6000000000000001,-40,0.12,-3.6000000000000001,-40,0.89600000000000979,LANDED,LANDING,RUNNING
2666,53.32,0,3.6000000000000001,-40,0.12,-3.6000000000000001,-40,0.87900000000000977,LANDED,LANDING,RUNNING
2667,53.340000000000003,0,3.6000000000000001,-40,0.12,-3.6000000000000001,-40,0.86200000000000976,LANDED,LANDING,RUNNING
2668,53.359999999999999,0,3.6000000000000001,-40,0.12,-3.6000000000000001,-40,0.84500000000000974,LANDED,LANDING,RUNNING
2669,53.380000000000003,0,3.6000000000000001,-40,0.12,-3.6000000000000001,-40,0.82800000000000973,LANDED,LANDING,RUNNING
2670,53.399999999999999,0,3.6000000000000001,-40,0.12,-3.6000000000000001,-40,0.81100000000000971,LANDED,LANDING,RUNNING
2671,53.420000000000002,0,3.6000000000000001,-40,0.12,-3.6000000000000001,-40,0.7940000000000097,LANDED,LANDING,RUNNING
2672,53.439999999999998,0,3.6000000000000001,-40,0.12,-3.6000000000000001,-40,0.77700000000000968,LANDED,LANDING,RUNNING
2673,53.460000000000001,0,3.6000000000000001,-40,0.12,-3.6000000000000001,-40,0.76000000000000967,LANDED,LANDING,RUNNING
2674,53.479999999999997,0,3.6000000000000001,-40,0.12,-3.6000000000000001,-40,0.74300000000000965,LANDED,LANDING,RUNNING
2675,53.5,0,3.6000000000000001,-40,0.12,-3.6000000000000001,-40,0.72600000000000964,LANDED,LANDING,RUNNING
2676,53.520000000000003,0,3.6000000000000001,-40,0.12,-3.6000000000000001,-40,0.70900000000000962,LANDED,LANDING,RUNNING
2677,53.539999999999999,0,3.6000000000000001,-40,0.12,-3.6000000000000001,-40,0.69200000000000961,LANDED,LANDING,RUNNING
2678,53.560000000000002,0,3.6000000000000001,-40,0.12,-3.6000000000000001,-40,0.67500000000000959,LANDED,LANDING,RUNNING
2679,53.579999999999998,0,3.6000000000000001,-40,0.12,-3.6000000000000001,-40,0.65800000000000958,LANDED,LANDING,RUNNING
2680,53.600000000000001,0,3.6000000000000001,-40,0.12,-3.6000000000000001,-40,0.64100000000000956,LANDED,LANDING,RUNNING
2681,53.619999999999997,0,3.6000000000000001,-40,0.12,-3.6000000000000001,-40,0.62400000000000955,LANDED,LANDING,RUNNING
2682,53.640000000000001,0,3.6000000000000001,-40,0.12,-3.6000000000000001,-40,0.60700000000000953,LANDED,LANDING,RUNNING
2683,53.659999999999997,0,3.6000000000000001,-40,0.12,-3.6000000000000001,-40,0.59000000000000952,LANDED,LANDING,RUNNING
2684,53.68,0,3.6000000000000001,-40,0.12,-3.6000000000000001,-40,0.5730000000000095,LANDED,LANDING,RUNNING
2685,53.700000000000003,0,3.6000000000000001,-40,0.12,-3.6000000000000001,-40,0.55600000000000949,LANDED,LANDING,RUNNING
2686,53.719999999999999,0,3.6000000000000001,-40,0.12,-3.6000000000000001,-40,0.53900000000000947,LANDED,LANDING,RUNNING
2687,53.740000000000002,0,3.6000000000000001,-40,0.12,-3.6000000000000001,-40,0.52200000000000946,LANDED,LANDING,RUNNING
2688,53.759999999999998,0,3.6000000000000001,-40,0.12,-3.6000000000000001,-40,0.50500000000000944,LANDED,LANDING,RUNNING
2689,53.780000000000001,0,3.6000000000000001,-40,0.12,-3.6000000000000001,-40,0.48800000000000943,LANDED,LANDING,RUNNING
2690,53.799999999999997,0,3.6000000000000001,-40,0.12,-3.6000000000000001,-40,0.47100000000000941,LANDED,LANDING,RUNNING
2691,53.82,0,3.6000000000000001,-40,0.12,-3.6000000000000001,-40,0.4540000000000094,LANDED,LANDING,RUNNING
2692,53.840000000000003,0,3.6000000000000001,-40,0.12,-3.6000000000000001,-40,0.43700000000000938,LANDED,LANDING,RUNNING
2693,53.859999999999999,0,3.6000000000000001,-40,0.12,-3.6000000000000001,-40,0.42000000000000937,LANDED,LANDING,RUNNING
2694,53.880000000000003,0,3.6000000000000001,-40,0.12,-3.6000000000000001,-40,0.40300000000000935,LANDED,LANDING,RUNNING
2695,53.899999999999999,0,3.6000000000000001,-40,0.12,-3.6000000000000001,-40,0.38600000000000934,LANDED,LANDING,RUNNING
2696,53.920000000000002,0,3.6000000000000001,-40,0.12,-3.6000000000000001,-40,0.36900000000000932,LANDED,LANDING,RUNNING
2697,53.939999999999998,0,3.6000000000000001,-40,0.12,-3.6000000000000001,-40,0.35200000000000931,LANDED,LANDING,RUNNING
2698,53.960000000000001,0,3.6000000000000001,-40,0.12,-3.6000000000000001,-40,0.33500000000000929,LANDED,LANDING,RUNNING
2699,53.979999999999997,0,3.6000000000000001,-40,0.12,-3.6000000000000001,-40,0.31800000000000928,LANDED,LANDING,RUNNING
2700,54,0,3.6000000000000001,-40,0.12,-3.6000000000000001,-40,0.30100000000000926,LANDED,LANDING,RUNNING
2701,54.020000000000003,0,3.6000000000000001,-40,0.12,-3.6000000000000001,-40,0.28400000000000925,LANDED,LANDING,RUNNING
2702,54.039999999999999,0,3.6000000000000001,-40,0.12,-3.6000000000000001,-40,0.26700000000000923,LANDED,LANDING,RUNNING
2703,54.060000000000002,0,3.6000000000000001,-40,0.12,-3.6000000000000001,-40,0.25000000000000921,LANDED,LANDING,RUNNING
2704,54.079999999999998,0,3.6000000000000001,-40,0.12,-3.6000000000000001,-40,0.2330000000000092,LANDED,LANDING,RUNNING
2705,54.100000000000001,0,3.6000000000000001,-40,0.12,-3.6000000000000001,-40,0.21600000000000918,LANDED,LANDING,RUNNING
2706,54.119999999999997,0,3.6000000000000001,-40,0.12,-3.6000000000000001,-40,0.19900000000000917,LANDED,LANDING,RUNNING
2707,54.140000000000001,0,3.6000000000000001,-40,0.12,-3.6000000000000001,-40,0.18200000000000915,LANDED,LANDING,RUNNING
2708,54.159999999999997,0,3.6000000000000001,-40,0.12,-3.6000000000000001,-40,0.16500000000000914,LANDED,LANDING,RUNNING
2709,54.18,0,3.6000000000000001,-40,0.12,-3.6000000000000001,-40,0.14800000000000912,LANDED,LANDING,RUNNING
2710,54.200000000000003,0,3.6000000000000001,-40,0.12,-3.6000000000000001,-40,0.13100000000000911,LANDED,LANDING,RUNNING
2711,54.219999999999999,0,3.6000000000000001,-40,0.12,-3.6000000000000001,-40,0.12,LANDED,LANDED,COMPLETE
2712,54.240000000000002,0,3.6000000000000001,-40,0.12,-3.6000000000000001,-40,0.12,LANDED,LANDED,COMPLETE
2713,54.259999999999998,0,3.6000000000000001,-40,0.12,-3.6000000000000001,-40,0.12,LANDED,LANDED,COMPLETE
2714,54.280000000000001,0,3.6000000000000001,-40,0.12,-3.6000000000000001,-40,0.12,LANDED,LANDED,COMPLETE
2715,54.299999999999997,0,3.6000000000000001,-40,0.12,-3.6000000000000001,-40,0.12,LANDED,LANDED,COMPLETE
2716,54.32,0,3.6000000000000001,-40,0.12,-3.6000000000000001,-40,0.12,LANDED,LANDED,COMPLETE
2717,54.340000000000003,0,3.6000000000000001,-40,0.12,-3.6000000000000001,-40,0.12,LANDED,LANDED,COMPLETE
2718,54.359999999999999,0,3.6000000000000001,-40,0.12,-3.6000000000000001,-40,0.12,LANDED,LANDED,COMPLETE
2719,54.380000000000003,0,3.6000000000000001,-40,0.12,-3.6000000000000001,-40,0.12,LANDED,LANDED,COMPLETE
2720,54.399999999999999,0,3.6000000000000001,-40,0.12,-3.6000000000000001,-40,0.12,LANDED,LANDED,COMPLETE
2721,54.420000000000002,0,3.6000000000000001,-40,0.12,-3.6000000000000001,-40,0.12,LANDED,LANDED,COMPLETE
2722,54.439999999999998,0,3.6000000000000001,-40,0.12,-3.6000000000000001,-40,0.12,LANDED,LANDED,COMPLETE
2723,54.460000000000001,0,3.6000000000000001,-40,0.12,-3.6000000000000001,-40,0.12,LANDED,LANDED,COMPLETE
2724,54.479999999999997,0,3.6000000000000001,-40,0.12,-3.6000000000000001,-40,0.12,LANDED,LANDED,COMPLETE
2725,54.5,0,3.6000000000000001,-40,0.12,-3.6000000000000001,-40,0.12,LANDED,LANDED,COMPLETE
2726,54.520000000000003,0,3.6000000000000001,-40,0.12,-3.6000000000000001,-40,0.12,LANDED,LANDED,COMPLETE
2727,54.539999999999999,0,3.6000000000000001,-40,0.12,-3.6000000000000001,-40,0.12,LANDED,LANDED,COMPLETE
2728,54.560000000000002,0,3.6000000000000001,-40,0.12,-3.6000000000000001,-40,0.12,LANDED,LANDED,COMPLETE
2729,54.579999999999998,0,3.6000000000000001,-40,0.12,-3.6000000000000001,-40,0.12,LANDED,LANDED,COMPLETE
2730,54.600000000000001,0,3.6000000000000001,-40,0.12,-3.6000000000000001,-40,0.12,LANDED,LANDED,COMPLETE
2731,54.619999999999997,0,3.6000000000000001,-40,0.12,-3.6000000000000001,-40,0.12,LANDED,LANDED,COMPLETE
2732,54.640000000000001,0,3.6000000000000001,-40,0.12,-3.6000000000000001,-40,0.12,LANDED,LANDED,COMPLETE
2732,54.640000000000001,1,3.6000000000000001,-40,0.12,-3.6000000000000001,-40,0.12,LANDED,LANDED,COMPLETE
2732,54.640000000000001,1,3.6000000000000001,-40,0.12,-3.6000000000000001,-40,0.12,LANDED,LANDED,COMPLETE
