tick,sim_time,paused,x1,y1,z1,x2,y2,z2,phase1,phase2,status
0,0,1,-3.6000000000000001,-8.1999999999999993,0.12,3.6000000000000001,-8.1999999999999993,0.12,READY,READY,RUNNING
0,0,1,-3.6000000000000001,-8.1999999999999993,0.12,3.6000000000000001,-8.1999999999999993,0.12,READY,READY,RUNNING
0,0,1,-3.6000000000000001,-8.1999999999999993,0.12,3.6000000000000001,-8.1999999999999993,0.12,READY,READY,RUNNING
0,0,1,-3.6000000000000001,-8.1999999999999993,0.12,3.6000000000000001,-8.1999999999999993,0.12,READY,READY,RUNNING
0,0,1,-3.6000000000000001,-8.1999999999999993,0.12,3.6000000000000001,-8.1999999999999993,0.12,READY,READY,RUNNING
0,0,1,-3.6000000000000001,-8.1999999999999993,0.12,3.6000000000000001,-8.1999999999999993,0.12,READY,READY,RUNNING
0,0,1,-3.6000000000000001,-8.1999999999999993,0.12,3.6000000000000001,-8.1999999999999993,0.12,READY,READY,RUNNING
0,0,1,-3.6000000000000001,-8.1999999999999993,0.12,3.6000000000000001,-8.1999999999999993,0.12,READY,READY,RUNNING
0,0,1,-3.6000000000000001,-8.1999999999999993,0.12,3.6000000000000001,-8.1999999999999993,0.12,READY,READY,RUNNING
0,0,1,-3.6000000000000001,-8.1999999999999993,0.12,3.6000000000000001,-8.1999999999999993,0.12,READY,READY,RUNNING
0,0,1,-3.6000000000000001,-8.1999999999999993,0.12,3.6000000000000001,-8.1999999999999993,0.12,READY,READY,RUNNING
0,0,1,-3.6000000000000001,-8.1999999999999993,0.12,3.6000000000000001,-8.1999999999999993,0.12,READY,READY,RUNNING
0,0,1,-3.6000000000000001,-8.1999999999999993,0.12,3.6000000000000001,-8.1999999999999993,0.12,READY,READY,RUNNING
0,0,1,-3.6000000000000001,-8.1999999999999993,0.12,3.6000000000000001,-8.1999999999999993,0.12,READY,READY,RUNNING
0,0,1,-3.6000000000000001,-8.1999999999999993,0.12,3.6000000000000001,-8.1999999999999993,0.12,READY,READY,RUNNING
0,0,1,-3.6000000000000001,-8.1999999999999993,0.12,3.6000000000000001,-8.1999999999999993,0.12,READY,READY,RUNNING
0,0,1,-3.6000000000000001,-8.1999999999999993,0.12,3.6000000000000001,-8.1999999999999993,0.12,READY,READY,RUNNING
0,0,1,-3.6000000000000001,-8.1999999999999993,0.12,3.6000000000000001,-8.1999999999999993,0.12,READY,READY,RUNNING
0,0,1,-3.6000000000000001,-8.1999999999999993,0.12,3.6000000000000001,-8.1999999999999993,0.12,READY,READY,RUNNING
0,0,1,-3.6000000000000001,-8.1999999999999993,0.12,3.6000000000000001,-8.1999999999999993,0.12,READY,READY,RUNNING
0,0,1,-3.6000000000000001,-8.1999999999999993,0.12,3.6000000000000001,-8.1999999999999993,0.12,READY,READY,RUNNING
0,0,1,-3.6000000000000001,-8.1999999999999993,0.12,3.6000000000000001,-8.1999999999999993,0.12,READY,READY,RUNNING
0,0,1,-3.6000000000000001,-8.1999999999999993,0.12,3.6000000000000001,-8.1999999999999993,0.12,READY,READY,RUNNING
0,0,1,-3.6000000000000001,-8.1999999999999993,0.12,3.6000000000000001,-8.1999999999999993,0.12,READY,READY,RUNNING
0,0,1,-3.6000000000000001,-8.1999999999999993,0.12,3.6000000000000001,-8.1999999999999993,0.12,READY,READY,RUNNING
0,0,1,-3.6000000000000001,-8.1999999999999993,0.12,3.6000000000000001,-8.1999999999999993,0.12,READY,READY,RUNNING
0,0,1,-3.6000000000000001,-8.1999999999999993,0.12,3.6000000000000001,-8.1999999999999993,0.12,READY,READY,RUNNING
0,0,1,-3.6000000000000001,-8.1999999999999993,0.12,3.6000000000000001,-8.1999999999999993,0.12,READY,READY,RUNNING
0,0,1,-3.6000000000000001,-8.1999999999999993,0.12,3.6000000000000001,-8.1999999999999993,0.12,READY,READY,RUNNING
0,0,1,-3.6000000000000001,-8.1999999999999993,0.12,3.6000000000000001,-8.1999999999999993,0.12,READY,READY,RUNNING
0,0,1,-3.6000000000000001,-8.1999999999999993,0.12,3.6000000000000001,-8.1999999999999993,0.12,READY,READY,RUNNING
0,0,1,-3.6000000000000001,-8.1999999999999993,0.12,3.6000000000000001,-8.1999999999999993,0.12,READY,READY,RUNNING
0,0,1,-3.6000000000000001,-8.1999999999999993,0.12,3.6000000000000001,-8.1999999999999993,0.12,READY,READY,RUNNING
0,0,1,-3.6000000000000001,-8.1999999999999993,0.12,3.6000000000000001,-8.1999999999999993,0.12,READY,READY,RUNNING
0,0,1,-3.6000000000000001,-8.1999999999999993,0.12,3.6000000000000001,-8.1999999999999993,0.12,READY,READY,RUNNING
0,0,1,-3.6000000000000001,-8.1999999999999993,0.12,3.6000000000000001,-8.1999999999999993,0.12,READY,READY,RUNNING
0,0,1,-3.6000000000000001,-8.1999999999999993,0.12,3.6000000000000001,-8.1999999999999993,0.12,READY,READY,RUNNING
0,0,1,-3.6000000000000001,-8.1999999999999993,0.12,3.6000000000000001,-8.1999999999999993,0.12,READY,READY,RUNNING
0,0,1,-3.6000000000000001,-8.1999999999999993,0.12,3.6000000000000001,-8.1999999999999993,0.12,READY,READY,RUNNING
0,0,1,-3.6000000000000001,-8.1999999999999993,0.12,3.6000000000000001,-8.1999999999999993,0.12,READY,READY,RUNNING
0,0,1,-3.6000000000000001,-8.1999999999999993,0.12,3.6000000000000001,-8.1999999999999993,0.12,READY,READY,RUNNING
0,0,1,-3.6000000000000001,-8.1999999999999993,0.12,3.6000000000000001,-8.1999999999999993,0.12,READY,READY,RUNNING
0,0,1,-3.6000000000000001,-8.1999999999999993,0.12,3.6000000000000001,-8.1999999999999993,0.12,READY,READY,RUNNING
0,0,1,-3.6000000000000001,-8.1999999999999993,0.12,3.6000000000000001,-8.1999999999999993,0.12,READY,READY,RUNNING
0,0,1,-3.6000000000000001,-8.1999999999999993,0.12,3.6000000000000001,-8.1999999999999993,0.12,READY,READY,RUNNING
0,0,1,-3.6000000000000001,-8.1999999999999993,0.12,3.6000000000000001,-8.1999999999999993,0.12,READY,READY,RUNNING
0,0,1,-3.6000000000000001,-8.1999999999999993,0.12,3.6000000000000001,-8.1999999999999993,0.12,READY,READY,RUNNING
0,0,1,-3.6000000000000001,-8.1999999999999993,0.12,3.6000000000000001,-8.1999999999999993,0.12,READY,READY,RUNNING
0,0,1,-3.6000000000000001,-8.1999999999999993,0.12,3.6000000000000001,-8.1999999999999993,0.12,READY,READY,RUNNING
0,0,1,-3.6000000000000001,-8.1999999999999993,0.12,3.6000000000000001,-8.1999999999999993,0.12,READY,READY,RUNNING
0,0,1,-3.6000000000000001,-8.1999999999999993,0.12,3.6000000000000001,-8.1999999999999993,0.12,READY,READY,RUNNING
0,0,1,-3.6000000000000001,-8.1999999999999993,0.12,3.6000000000000001,-8.1999999999999993,0.12,READY,READY,RUNNING
0,0,1,-3.6000000000000001,-8.1999999999999993,0.12,3.6000000000000001,-8.1999999999999993,0.12,READY,READY,RUNNING
0,0,1,-3.6000000000000001,-8.1999999999999993,0.12,3.6000000000000001,-8.1999999999999993,0.12,READY,READY,RUNNING
0,0,1,-3.6000000000000001,-8.1999999999999993,0.12,3.6000000000000001,-8.1999999999999993,0.12,READY,READY,RUNNING
0,0,1,-3.6000000000000001,-8.1999999999999993,0.12,3.6000000000000001,-8.1999999999999993,0.12,READY,READY,RUNNING
0,0,1,-3.6000000000000001,-8.1999999999999993,0.12,3.6000000000000001,-8.1999999999999993,0.12,READY,READY,RUNNING
0,0,1,-3.6000000000000001,-8.1999999999999993,0.12,3.6000000000000001,-8.1999999999999993,0.12,READY,READY,RUNNING
0,0,1,-3.6000000000000001,-8.1999999999999993,0.12,3.6000000000000001,-8.1999999999999993,0.12,READY,READY,RUNNING
0,0,1,-3.6000000000000001,-8.1999999999999993,0.12,3.6000000000000001,-8.1999999999999993,0.12,READY,READY,RUNNING
0,0,1,-3.6000000000000001,-8.1999999999999993,0.12,3.6000000000000001,-8.1999999999999993,0.12,READY,READY,RUNNING
0,0,1,-3.6000000000000001,-8.1999999999999993,0.12,3.6000000000000001,-8.1999999999999993,0.12,READY,READY,RUNNING
0,0,1,-3.6000000000000001,-8.1999999999999993,0.12,3.6000000000000001,-8.1999999999999993,0.12,READY,READY,RUNNING
0,0,1,-3.6000000000000001,-8.1999999999999993,0.12,3.6000000000000001,-8.1999999999999993,0.12,READY,READY,RUNNING
0,0,1,-3.6000000000000001,-8.1999999999999993,0.12,3.6000000000000001,-8.1999999999999993,0.12,READY,READY,RUNNING
0,0,1,-3.6000000000000001,-8.1999999999999993,0.12,3.6000000000000001,-8.1999999999999993,0.12,READY,READY,RUNNING
0,0,1,-3.6000000000000001,-8.1999999999999993,0.12,3.6000000000000001,-8.1999999999999993,0.12,READY,READY,RUNNING
0,0,1,-3.6000000000000001,-8.1999999999999993,0.12,3.6000000000000001,-8.1999999999999993,0.12,READY,READY,RUNNING
0,0,1,-3.6000000000000001,-8.1999999999999993,0.12,3.6000000000000001,-8.1999999999999993,0.12,READY,READY,RUNNING
0,0,1,-3.6000000000000001,-8.1999999999999993,0.12,3.6000000000000001,-8.1999999999999993,0.12,READY,READY,RUNNING
0,0,1,-3.6000000000000001,-8.1999999999999993,0.12,3.6000000000000001,-8.1999999999999993,0.12,READY,READY,RUNNING
0,0,1,-3.6000000000000001,-8.1999999999999993,0.12,3.6000000000000001,-8.1999999999999993,0.12,READY,READY,RUNNING
0,0,1,-3.6000000000000001,-8.1999999999999993,0.12,3.6000000000000001,-8.1999999999999993,0.12,READY,READY,RUNNING
0,0,1,-3.6000000000000001,-8.1999999999999993,0.12,3.6000000000000001,-8.1999999999999993,0.12,READY,READY,RUNNING
0,0,1,-3.6000000000000001,-8.1999999999999993,0.12,3.6000000000000001,-8.1999999999999993,0.12,READY,READY,RUNNING
0,0,1,-3.6000000000000001,-8.1999999999999993,0.12,3.6000000000000001,-8.1999999999999993,0.12,READY,READY,RUNNING
0,0,1,-3.6000000000000001,-8.1999999999999993,0.12,3.6000000000000001,-8.1999999999999993,0.12,READY,READY,RUNNING
0,0,1,-3.6000000000000001,-8.1999999999999993,0.12,3.6000000000000001,-8.1999999999999993,0.12,READY,READY,RUNNING
0,0,1,-3.6000000000000001,-8.1999999999999993,0.12,3.6000000000000001,-8.1999999999999993,0.12,READY,READY,RUNNING
0,0,1,-3.6000000000000001,-8.1999999999999993,0.12,3.6000000000000001,-8.1999999999999993,0.12,READY,READY,RUNNING
0,0,1,-3.6000000000000001,-8.1999999999999993,0.12,3.6000000000000001,-8.1999999999999993,0.12,READY,READY,RUNNING
0,0,1,-3.6000000000000001,-8.1999999999999993,0.12,3.6000000000000001,-8.1999999999999993,0.12,READY,READY,RUNNING
0,0,1,-3.6000000000000001,-8.1999999999999993,0.12,3.6000000000000001,-8.1999999999999993,0.12,READY,READY,RUNNING
0,0,1,-3.6000000000000001,-8.1999999999999993,0.12,3.6000000000000001,-8.1999999999999993,0.12,READY,READY,RUNNING
0,0,1,-3.6000000000000001,-8.1999999999999993,0.12,3.6000000000000001,-8.1999999999999993,0.12,READY,READY,RUNNING
0,0,1,-3.6000000000000001,-8.1999999999999993,0.12,3.6000000000000001,-8.1999999999999993,0.12,READY,READY,RUNNING
0,0,1,-3.6000000000000001,-8.1999999999999993,0.12,3.6000000000000001,-8.1999999999999993,0.12,READY,READY,RUNNING
0,0,1,-3.6000000000000001,-8.1999999999999993,0.12,3.6000000000000001,-8.1999999999999993,0.12,READY,READY,RUNNING
0,0,1,-3.6000000000000001,-8.1999999999999993,0.12,3.6000000000000001,-8.1999999999999993,0.12,READY,READY,RUNNING
0,0,1,-3.6000000000000001,-8.1999999999999993,0.12,3.6000000000000001,-8.1999999999999993,0.12,READY,READY,RUNNING
0,0,1,-3.6000000000000001,-8.1999999999999993,0.12,3.6000000000000001,-8.1999999999999993,0.12,READY,READY,RUNNING
0,0,1,-3.6000000000000001,-8.1999999999999993,0.12,3.6000000000000001,-8.1999999999999993,0.12,READY,READY,RUNNING
0,0,1,-3.6000000000000001,-8.1999999999999993,0.12,3.6000000000000001,-8.1999999999999993,0.12,READY,READY,RUNNING
0,0,1,-3.6000000000000001,-8.1999999999999993,0.12,3.6000000000000001,-8.1999999999999993,0.12,READY,READY,RUNNING
0,0,1,-3.6000000000000001,-8.1999999999999993,0.12,3.6000000000000001,-8.1999999999999993,0.12,READY,READY,RUNNING
0,0,1,-3.6000000000000001,-8.1999999999999993,0.12,3.6000000000000001,-8.1999999999999993,0.12,READY,READY,RUNNING
0,0,1,-3.6000000000000001,-8.1999999999999993,0.12,3.6000000000000001,-8.1999999999999993,0.12,READY,READY,RUNNING
0,0,1,-3.6000000000000001,-8.1999999999999993,0.12,3.6000000000000001,-8.1999999999999993,0.12,READY,READY,RUNNING
0,0,1,-3.6000000000000001,-8.1999999999999993,0.12,3.6000000000000001,-8.1999999999999993,0.12,READY,READY,RUNNING
0,0,1,-3.6000000000000001,-8.1999999999999993,0.12,3.6000000000000001,-8.1999999999999993,0.12,READY,READY,RUNNING
0,0,1,-3.6000000000000001,-8.1999999999999993,0.12,3.6000000000000001,-8.1999999999999993,0.12,READY,READY,RUNNING
0,0,1,-3.6000000000000001,-8.1999999999999993,0.12,3.6000000000000001,-8.1999999999999993,0.12,READY,READY,RUNNING
0,0,1,-3.6000000000000001,-8.1999999999999993,0.12,3.6000000000000001,-8.1999999999999993,0.12,READY,READY,RUNNING
0,0,1,-3.6000000000000001,-8.1999999999999993,0.12,3.6000000000000001,-8.1999999999999993,0.12,READY,READY,RUNNING
0,0,1,-3.6000000000000001,-8.1999999999999993,0.12,3.6000000000000001,-8.1999999999999993,0.12,READY,READY,RUNNING
0,0,1,-3.6000000000000001,-8.1999999999999993,0.12,3.6000000000000001,-8.1999999999999993,0.12,READY,READY,RUNNING
0,0,1,-3.6000000000000001,-8.1999999999999993,0.12,3.6000000000000001,-8.1999999999999993,0.12,READY,READY,RUNNING
0,0,1,-3.6000000000000001,-8.1999999999999993,0.12,3.6000000000000001,-8.1999999999999993,0.12,READY,READY,RUNNING
0,0,1,-3.6000000000000001,-8.1999999999999993,0.12,3.6000000000000001,-8.1999999999999993,0.12,READY,READY,RUNNING
0,0,1,-3.6000000000000001,-8.1999999999999993,0.12,3.6000000000000001,-8.1999999999999993,0.12,READY,READY,RUNNING
0,0,1,-3.6000000000000001,-8.1999999999999993,0.12,3.6000000000000001,-8.1999999999999993,0.12,READY,READY,RUNNING
0,0,1,-3.6000000000000001,-8.1999999999999993,0.12,3.6000000000000001,-8.1999999999999993,0.12,READY,READY,RUNNING
0,0,1,-3.6000000000000001,-8.1999999999999993,0.12,3.6000000000000001,-8.1999999999999993,0.12,READY,READY,RUNNING
0,0,1,-3.6000000000000001,-8.1999999999999993,0.12,3.6000000000000001,-8.1999999999999993,0.12,READY,READY,RUNNING
0,0,1,-3.6000000000000001,-8.1999999999999993,0.12,3.6000000000000001,-8.1999999999999993,0.12,READY,READY,RUNNING
0,0,1,-3.6000000000000001,-8.1999999999999993,0.12,3.6000000000000001,-8.1999999999999993,0.12,READY,READY,RUNNING
0,0,1,-3.6000000000000001,-8.1999999999999993,0.12,3.6000000000000001,-8.1999999999999993,0.12,READY,READY,RUNNING
0,0,1,-3.6000000000000001,-8.1999999999999993,0.12,3.6000000000000001,-8.1999999999999993,0.12,READY,READY,RUNNING
0,0,1,-3.6000000000000001,-8.1999999999999993,0.12,3.6000000000000001,-8.1999999999999993,0.12,READY,READY,RUNNING
0,0,1,-3.6000000000000001,-8.1999999999999993,0.12,3.6000000000000001,-8.1999999999999993,0.12,READY,READY,RUNNING
0,0,1,-3.6000000000000001,-8.1999999999999993,0.12,3.6000000000000001,-8.1999999999999993,0.12,READY,READY,RUNNING
0,0,1,-3.6000000000000001,-8.1999999999999993,0.12,3.6000000000000001,-8.1999999999999993,0.12,READY,READY,RUNNING
0,0,1,-3.6000000000000001,-8.1999999999999993,0.12,3.6000000000000001,-8.1999999999999993,0.12,READY,READY,RUNNING
0,0,1,-3.6000000000000001,-8.1999999999999993,0.12,3.6000000000000001,-8.1999999999999993,0.12,READY,READY,RUNNING
0,0,1,-3.6000000000000001,-8.1999999999999993,0.12,3.6000000000000001,-8.1999999999999993,0.12,READY,READY,RUNNING
0,0,1,-3.6000000000000001,-8.1999999999999993,0.12,3.6000000000000001,-8.1999999999999993,0.12,READY,READY,RUNNING
0,0,1,-3.6000000000000001,-8.1999999999999993,0.12,3.6000000000000001,-8.1999999999999993,0.12,READY,READY,RUNNING
0,0,1,-3.6000000000000001,-8.1999999999999993,0.12,3.6000000000000001,-8.1999999999999993,0.12,READY,READY,RUNNING
0,0,1,-3.6000000000000001,-8.1999999999999993,0.12,3.6000000000000001,-8.1999999999999993,0.12,READY,READY,RUNNING
0,0,1,-3.6000000000000001,-8.1999999999999993,0.12,3.6000000000000001,-8.1999999999999993,0.12,READY,READY,RUNNING
0,0,1,-3.6000000000000001,-8.1999999999999993,0.12,3.6000000000000001,-8.1999999999999993,0.12,READY,READY,RUNNING
0,0,1,-3.6000000000000001,-8.1999999999999993,0.12,3.6000000000000001,-8.1999999999999993,0.12,READY,READY,RUNNING
0,0,1,-3.6000000000000001,-8.1999999999999993,0.12,3.6000000000000001,-8.1999999999999993,0.12,READY,READY,RUNNING
0,0,1,-3.6000000000000001,-8.1999999999999993,0.12,3.6000000000000001,-8.1999999999999993,0.12,READY,READY,RUNNING
0,0,1,-3.6000000000000001,-8.1999999999999993,0.12,3.6000000000000001,-8.1999999999999993,0.12,READY,READY,RUNNING
0,0,1,-3.6000000000000001,-8.1999999999999993,0.12,3.6000000000000001,-8.1999999999999993,0.12,READY,READY,RUNNING
0,0,1,-3.6000000000000001,-8.1999999999999993,0.12,3.6000000000000001,-8.1999999999999993,0.12,READY,READY,RUNNING
0,0,1,-3.6000000000000001,-8.1999999999999993,0.12,3.6000000000000001,-8.1999999999999993,0.12,READY,READY,RUNNING
0,0,1,-3.6000000000000001,-8.1999999999999993,0.12,3.6000000000000001,-8.1999999999999993,0.12,READY,READY,RUNNING
0,0,1,-3.6000000000000001,-8.1999999999999993,0.12,3.6000000000000001,-8.1999999999999993,0.12,READY,READY,RUNNING
0,0,1,-3.6000000000000001,-8.1999999999999993,0.12,3.6000000000000001,-8.1999999999999993,0.12,READY,READY,RUNNING
0,0,1,-3.6000000000000001,-8.1999999999999993,0.12,3.6000000000000001,-8.1999999999999993,0.12,READY,READY,RUNNING
0,0,1,-3.6000000000000001,-8.1999999999999993,0.12,3.6000000000000001,-8.1999999999999993,0.12,READY,READY,RUNNING
0,0,1,-3.6000000000000001,-8.1999999999999993,0.12,3.6000000000000001,-8.1999999999999993,0.12,READY,READY,RUNNING
0,0,1,-3.6000000000000001,-8.1999999999999993,0.12,3.6000000000000001,-8.1999999999999993,0.12,READY,READY,RUNNING
0,0,1,-3.6000000000000001,-8.1999999999999993,0.12,3.6000000000000001,-8.1999999999999993,0.12,READY,READY,RUNNING
0,0,1,-3.6000000000000001,-8.1999999999999993,0.12,3.6000000000000001,-8.1999999999999993,0.12,READY,READY,RUNNING
0,0,1,-3.6000000000000001,-8.1999999999999993,0.12,3.6000000000000001,-8.1999999999999993,0.12,READY,READY,RUNNING
0,0,1,-3.6000000000000001,-8.1999999999999993,0.12,3.6000000000000001,-8.1999999999999993,0.12,READY,READY,RUNNING
0,0,1,-3.6000000000000001,-8.1999999999999993,0.12,3.6000000000000001,-8.1999999999999993,0.12,READY,READY,RUNNING
0,0,1,-3.6000000000000001,-8.1999999999999993,0.12,3.6000000000000001,-8.1999999999999993,0.12,READY,READY,RUNNING
0,0,1,-3.6000000000000001,-8.1999999999999993,0.12,3.6000000000000001,-8.1999999999999993,0.12,READY,READY,RUNNING
0,0,1,-3.6000000000000001,-8.1999999999999993,0.12,3.6000000000000001,-8.1999999999999993,0.12,READY,READY,RUNNING
0,0,1,-3.6000000000000001,-8.1999999999999993,0.12,3.6000000000000001,-8.1999999999999993,0.12,READY,READY,RUNNING
0,0,1,-3.6000000000000001,-8.1999999999999993,0.12,3.6000000000000001,-8.1999999999999993,0.12,READY,READY,RUNNING
0,0,1,-3.6000000000000001,-8.1999999999999993,0.12,3.6000000000000001,-8.1999999999999993,0.12,READY,READY,RUNNING
0,0,1,-3.6000000000000001,-8.1999999999999993,0.12,3.6000000000000001,-8.1999999999999993,0.12,READY,READY,RUNNING
0,0,1,-3.6000000000000001,-8.1999999999999993,0.12,3.6000000000000001,-8.1999999999999993,0.12,READY,READY,RUNNING
0,0,1,-3.6000000000000001,-8.1999999999999993,0.12,3.6000000000000001,-8.1999999999999993,0.12,READY,READY,RUNNING
0,0,1,-3.6000000000000001,-8.1999999999999993,0.12,3.6000000000000001,-8.1999999999999993,0.12,READY,READY,RUNNING
0,0,1,-3.6000000000000001,-8.1999999999999993,0.12,3.6000000000000001,-8.1999999999999993,0.12,READY,READY,RUNNING
0,0,1,-3.6000000000000001,-8.1999999999999993,0.12,3.6000000000000001,-8.1999999999999993,0.12,READY,READY,RUNNING
0,0,1,-3.6000000000000001,-8.1999999999999993,0.12,3.6000000000000001,-8.1999999999999993,0.12,READY,READY,RUNNING
0,0,1,-3.6000000000000001,-8.1999999999999993,0.12,3.6000000000000001,-8.1999999999999993,0.12,READY,READY,RUNNING
0,0,1,-3.6000000000000001,-8.1999999999999993,0.12,3.6000000000000001,-8.1999999999999993,0.12,READY,READY,RUNNING
0,0,1,-3.6000000000000001,-8.1999999999999993,0.12,3.6000000000000001,-8.1999999999999993,0.12,READY,READY,RUNNING
0,0,1,-3.6000000000000001,-8.1999999999999993,0.12,3.6000000000000001,-8.1999999999999993,0.12,READY,READY,RUNNING
0,0,1,-3.6000000000000001,-8.1999999999999993,0.12,3.6000000000000001,-8.1999999999999993,0.12,READY,READY,RUNNING
0,0,1,-3.6000000000000001,-8.1999999999999993,0.12,3.6000000000000001,-8.1999999999999993,0.12,READY,READY,RUNNING
0,0,1,-3.6000000000000001,-8.1999999999999993,0.12,3.6000000000000001,-8.1999999999999993,0.12,READY,READY,RUNNING
0,0,1,-3.6000000000000001,-8.1999999999999993,0.12,3.6000000000000001,-8.1999999999999993,0.12,READY,READY,RUNNING
0,0,1,-3.6000000000000001,-8.1999999999999993,0.12,3.6000000000000001,-8.1999999999999993,0.12,READY,READY,RUNNING
0,0,1,-3.6000000000000001,-8.1999999999999993,0.12,3.6000000000000001,-8.1999999999999993,0.12,READY,READY,RUNNING
0,0,1,-3.6000000000000001,-8.1999999999999993,0.12,3.6000000000000001,-8.1999999999999993,0.12,READY,READY,RUNNING
0,0,1,-3.6000000000000001,-8.1999999999999993,0.12,3.6000000000000001,-8.1999999999999993,0.12,READY,READY,RUNNING
0,0,1,-3.6000000000000001,-8.1999999999999993,0.12,3.6000000000000001,-8.1999999999999993,0.12,READY,READY,RUNNING
0,0,1,-3.6000000000000001,-8.1999999999999993,0.12,3.6000000000000001,-8.1999999999999993,0.12,READY,READY,RUNNING
1,0.02,0,-3.6000000000000001,-8.1999999999999993,0.12,3.6000000000000001,-8.1999999999999993,0.12,READY,READY,RUNNING
2,0.040000000000000001,0,-3.6000000000000001,-8.1999999999999993,0.12,3.6000000000000001,-8.1999999999999993,0.12,READY,READY,RUNNING
3,0.059999999999999998,0,-3.6000000000000001,-8.1999999999999993,0.12,3.6000000000000001,-8.1999999999999993,0.12,READY,READY,RUNNING
4,0.080000000000000002,0,-3.6000000000000001,-8.1999999999999993,0.12,3.6000000000000001,-8.1999999999999993,0.12,READY,READY,RUNNING
5,0.10000000000000001,0,-3.6000000000000001,-8.1999999999999993,0.12,3.6000000000000001,-8.1999999999999993,0.12,READY,READY,RUNNING
6,0.12,0,-3.6000000000000001,-8.1999999999999993,0.12,3.6000000000000001,-8.1999999999999993,0.12,READY,READY,RUNNING
7,0.14000000000000001,0,-3.6000000000000001,-8.1999999999999993,0.12,3.6000000000000001,-8.1999999999999993,0.12,READY,READY,RUNNING
8,0.16,0,-3.6000000000000001,-8.1999999999999993,0.12,3.6000000000000001,-8.1999999999999993,0.12,READY,READY,RUNNING
9,0.17999999999999999,0,-3.6000000000000001,-8.1999999999999993,0.12,3.6000000000000001,-8.1999999999999993,0.12,READY,READY,RUNNING
10,0.20000000000000001,0,-3.6000000000000001,-8.1999999999999993,0.12,3.6000000000000001,-8.1999999999999993,0.12,READY,READY,RUNNING
11,0.22,0,-3.6000000000000001,-8.1999999999999993,0.12,3.6000000000000001,-8.1999999999999993,0.12,READY,READY,RUNNING
12,0.23999999999999999,0,-3.6000000000000001,-8.1999999999999993,0.12,3.6000000000000001,-8.1999999999999993,0.12,READY,READY,RUNNING
13,0.26000000000000001,0,-3.6000000000000001,-8.1999999999999993,0.12,3.6000000000000001,-8.1999999999999993,0.12,READY,READY,RUNNING
14,0.28000000000000003,0,-3.6000000000000001,-8.1999999999999993,0.12,3.6000000000000001,-8.1999999999999993,0.12,READY,READY,RUNNING
15,0.29999999999999999,0,-3.6000000000000001,-8.1999999999999993,0.12,3.6000000000000001,-8.1999999999999993,0.12,READY,READY,RUNNING
16,0.32000000000000001,0,-3.6000000000000001,-8.1999999999999993,0.12,3.6000000000000001,-8.1999999999999993,0.12,READY,READY,RUNNING
17,0.34000000000000002,0,-3.6000000000000001,-8.1999999999999993,0.12,3.6000000000000001,-8.1999999999999993,0.12,READY,READY,RUNNING
18,0.35999999999999999,0,-3.6000000000000001,-8.1999999999999993,0.12,3.6000000000000001,-8.1999999999999993,0.12,READY,READY,RUNNING
19,0.38,0,-3.6000000000000001,-8.1999999999999993,0.12,3.6000000000000001,-8.1999999999999993,0.12,READY,READY,RUNNING
20,0.40000000000000002,0,-3.6000000000000001,-8.1999999999999993,0.12,3.6000000000000001,-8.1999999999999993,0.12,READY,READY,RUNNING
21,0.41999999999999998,0,-3.6000000000000001,-8.1999999999999993,0.12,3.6000000000000001,-8.1999999999999993,0.12,READY,READY,RUNNING
22,0.44,0,-3.6000000000000001,-8.1999999999999993,0.12,3.6000000000000001,-8.1999999999999993,0.12,READY,READY,RUNNING
23,0.46000000000000002,0,-3.6000000000000001,-8.1999999999999993,0.12,3.6000000000000001,-8.1999999999999993,0.12,READY,READY,RUNNING
24,0.47999999999999998,0,-3.6000000000000001,-8.1999999999999993,0.12,3.6000000000000001,-8.1999999999999993,0.12,READY,READY,RUNNING
25,0.5,0,-3.6000000000000001,-8.1999999999999993,0.12,3.6000000000000001,-8.1999999999999993,0.12,READY,READY,RUNNING
26,0.52000000000000002,0,-3.6000000000000001,-8.1999999999999993,0.12,3.6000000000000001,-8.1999999999999993,0.12,READY,READY,RUNNING
27,0.54000000000000004,0,-3.6000000000000001,-8.1999999999999993,0.12,3.6000000000000001,-8.1999999999999993,0.12,READY,READY,RUNNING
28,0.56000000000000005,0,-3.6000000000000001,-8.1999999999999993,0.12,3.6000000000000001,-8.1999999999999993,0.12,READY,READY,RUNNING
29,0.57999999999999996,0,-3.6000000000000001,-8.1999999999999993,0.12,3.6000000000000001,-8.1999999999999993,0.12,READY,READY,RUNNING
30,0.59999999999999998,0,-3.6000000000000001,-8.1999999999999993,0.12,3.6000000000000001,-8.1999999999999993,0.12,READY,READY,RUNNING
31,0.62,0,-3.6000000000000001,-8.1999999999999993,0.12,3.6000000000000001,-8.1999999999999993,0.12,READY,READY,RUNNING
32,0.64000000000000001,0,-3.6000000000000001,-8.1999999999999993,0.12,3.6000000000000001,-8.1999999999999993,0.12,READY,READY,RUNNING
33,0.66000000000000003,0,-3.6000000000000001,-8.1999999999999993,0.12,3.6000000000000001,-8.1999999999999993,0.12,READY,READY,RUNNING
34,0.68000000000000005,0,-3.6000000000000001,-8.1999999999999993,0.12,3.6000000000000001,-8.1999999999999993,0.12,READY,READY,RUNNING
35,0.69999999999999996,0,-3.6000000000000001,-8.1999999999999993,0.12,3.6000000000000001,-8.1999999999999993,0.12,READY,READY,RUNNING
36,0.71999999999999997,0,-3.6000000000000001,-8.1999999999999993,0.12,3.6000000000000001,-8.1999999999999993,0.12,READY,READY,RUNNING
37,0.73999999999999999,0,-3.6000000000000001,-8.1999999999999993,0.12,3.6000000000000001,-8.1999999999999993,0.12,READY,READY,RUNNING
38,0.76000000000000001,0,-3.6000000000000001,-8.1999999999999993,0.12,3.6000000000000001,-8.1999999999999993,0.12,READY,READY,RUNNING
39,0.78000000000000003,0,-3.6000000000000001,-8.1999999999999993,0.12,3.6000000000000001,-8.1999999999999993,0.12,READY,READY,RUNNING
40,0.80000000000000004,0,-3.6000000000000001,-8.1999999999999993,0.12,3.6000000000000001,-8.1999999999999993,0.12,READY,READY,RUNNING
41,0.81999999999999995,0,-3.6000000000000001,-8.1999999999999993,0.12,3.6000000000000001,-8.1999999999999993,0.12,READY,READY,RUNNING
42,0.83999999999999997,0,-3.6000000000000001,-8.1999999999999993,0.12,3.6000000000000001,-8.1999999999999993,0.12,READY,READY,RUNNING
43,0.85999999999999999,0,-3.6000000000000001,-8.1999999999999993,0.12,3.6000000000000001,-8.1999999999999993,0.12,READY,READY,RUNNING
44,0.88,0,-3.6000000000000001,-8.1999999999999993,0.12,3.6000000000000001,-8.1999999999999993,0.12,READY,READY,RUNNING
45,0.90000000000000002,0,-3.6000000000000001,-8.1999999999999993,0.12,3.6000000000000001,-8.1999999999999993,0.12,READY,READY,RUNNING
46,0.92000000000000004,0,-3.6000000000000001,-8.1999999999999993,0.12,3.6000000000000001,-8.1999999999999993,0.12,READY,READY,RUNNING
47,0.93999999999999995,0,-3.6000000000000001,-8.1999999999999993,0.12,3.6000000000000001,-8.1999999999999993,0.12,READY,READY,RUNNING
48,0.95999999999999996,0,-3.6000000000000001,-8.1999999999999993,0.12,3.6000000000000001,-8.1999999999999993,0.12,READY,READY,RUNNING
49,0.97999999999999998,0,-3.6000000000000001,-8.1999999999999993,0.12,3.6000000000000001,-8.1999999999999993,0.12,READY,READY,RUNNING
50,1,0,-3.6000000000000001,-8.1999999999999993,0.12,3.6000000000000001,-8.1999999999999993,0.12,READY,READY,RUNNING
51,1.02,0,-3.6000000000000001,-8.1999999999999993,0.12,3.6000000000000001,-8.1999999999999993,0.12,READY,READY,RUNNING
52,1.04,0,-3.6000000000000001,-8.1999999999999993,0.12,3.6000000000000001,-8.1999999999999993,0.12,READY,READY,RUNNING
53,1.0600000000000001,0,-3.6000000000000001,-8.1999999999999993,0.12,3.6000000000000001,-8.1999999999999993,0.12,READY,READY,RUNNING
54,1.0800000000000001,0,-3.6000000000000001,-8.1999999999999993,0.12,3.6000000000000001,-8.1999999999999993,0.12,READY,READY,RUNNING
55,1.1000000000000001,0,-3.6000000000000001,-8.1999999999999993,0.12,3.6000000000000001,-8.1999999999999993,0.12,READY,READY,RUNNING
56,1.1200000000000001,0,-3.6000000000000001,-8.1999999999999993,0.12,3.6000000000000001,-8.1999999999999993,0.12,READY,READY,RUNNING
57,1.1399999999999999,0,-3.6000000000000001,-8.1999999999999993,0.12,3.6000000000000001,-8.1999999999999993,0.12,READY,READY,RUNNING
58,1.1599999999999999,0,-3.6000000000000001,-8.1999999999999993,0.12,3.6000000000000001,-8.1999999999999993,0.12,READY,READY,RUNNING
59,1.1799999999999999,0,-3.6000000000000001,-8.1999999999999993,0.12,3.6000000000000001,-8.1999999999999993,0.12,READY,READY,RUNNING
60,1.2,0,-3.6000000000000001,-8.1999999999999993,0.12,3.6000000000000001,-8.1999999999999993,0.12,READY,READY,RUNNING
61,1.22,0,-3.6000000000000001,-8.1999999999999993,0.12,3.6000000000000001,-8.1999999999999993,0.12,READY,READY,RUNNING
62,1.24,0,-3.6000000000000001,-8.1999999999999993,0.12,3.6000000000000001,-8.1999999999999993,0.12,READY,READY,RUNNING
63,1.26,0,-3.6000000000000001,-8.1999999999999993,0.12,3.6000000000000001,-8.1999999999999993,0.12,READY,READY,RUNNING
64,1.28,0,-3.6000000000000001,-8.1999999999999993,0.12,3.6000000000000001,-8.1999999999999993,0.12,READY,READY,RUNNING
65,1.3,0,-3.6000000000000001,-8.1999999999999993,0.12,3.6000000000000001,-8.1999999999999993,0.12,READY,READY,RUNNING
66,1.3200000000000001,0,-3.6000000000000001,-8.1999999999999993,0.12,3.6000000000000001,-8.1999999999999993,0.12,READY,READY,RUNNING
67,1.3400000000000001,0,-3.6000000000000001,-8.1999999999999993,0.12,3.6000000000000001,-8.1999999999999993,0.12,READY,READY,RUNNING
68,1.3600000000000001,0,-3.6000000000000001,-8.1999999999999993,0.12,3.6000000000000001,-8.1999999999999993,0.12,READY,READY,RUNNING
69,1.3799999999999999,0,-3.6000000000000001,-8.1999999999999993,0.12,3.6000000000000001,-8.1999999999999993,0.12,READY,READY,RUNNING
70,1.3999999999999999,0,-3.6000000000000001,-8.1999999999999993,0.12,3.6000000000000001,-8.1999999999999993,0.12,READY,READY,RUNNING
71,1.4199999999999999,0,-3.6000000000000001,-8.1999999999999993,0.12,3.6000000000000001,-8.1999999999999993,0.12,READY,READY,RUNNING
72,1.4399999999999999,0,-3.6000000000000001,-8.1999999999999993,0.12,3.6000000000000001,-8.1999999999999993,0.12,READY,READY,RUNNING
73,1.46,0,-3.6000000000000001,-8.1999999999999993,0.12,3.6000000000000001,-8.1999999999999993,0.12,READY,READY,RUNNING
74,1.48,0,-3.6000000000000001,-8.1999999999999993,0.12,3.6000000000000001,-8.1999999999999993,0.12,READY,READY,RUNNING
75,1.5,0,-3.6000000000000001,-8.1999999999999993,0.12,3.6000000000000001,-8.1999999999999993,0.12,READY,READY,RUNNING
76,1.52,0,-3.6000000000000001,-8.1999999999999993,0.12,3.6000000000000001,-8.1999999999999993,0.12,READY,READY,RUNNING
77,1.54,0,-3.6000000000000001,-8.1999999999999993,0.12,3.6000000000000001,-8.1999999999999993,0.12,READY,READY,RUNNING
78,1.5600000000000001,0,-3.6000000000000001,-8.1999999999999993,0.12,3.6000000000000001,-8.1999999999999993,0.12,READY,READY,RUNNING
79,1.5800000000000001,0,-3.6000000000000001,-8.1999999999999993,0.12,3.6000000000000001,-8.1999999999999993,0.12,READY,READY,RUNNING
80,1.6000000000000001,0,-3.6000000000000001,-8.1999999999999993,0.12,3.6000000000000001,-8.1999999999999993,0.12,READY,READY,RUNNING
81,1.6200000000000001,0,-3.6000000000000001,-8.1999999999999993,0.12,3.6000000000000001,-8.1999999999999993,0.12,READY,READY,RUNNING
82,1.6399999999999999,0,-3.6000000000000001,-8.1999999999999993,0.12,3.6000000000000001,-8.1999999999999993,0.12,READY,READY,RUNNING
83,1.6599999999999999,0,-3.6000000000000001,-8.1999999999999993,0.12,3.6000000000000001,-8.1999999999999993,0.12,READY,READY,RUNNING
84,1.6799999999999999,0,-3.6000000000000001,-8.1999999999999993,0.12,3.6000000000000001,-8.1999999999999993,0.12,READY,READY,RUNNING
85,1.7,0,-3.6000000000000001,-8.1999999999999993,0.12,3.6000000000000001,-8.1999999999999993,0.12,READY,READY,RUNNING
86,1.72,0,-3.6000000000000001,-8.1999999999999993,0.12,3.6000000000000001,-8.1999999999999993,0.12,READY,READY,RUNNING
87,1.74,0,-3.6000000000000001,-8.1999999999999993,0.12,3.6000000000000001,-8.1999999999999993,0.12,READY,READY,RUNNING
88,1.76,0,-3.6000000000000001,-8.1999999999999993,0.12,3.6000000000000001,-8.1999999999999993,0.12,READY,READY,RUNNING
89,1.78,0,-3.6000000000000001,-8.1999999999999993,0.12,3.6000000000000001,-8.1999999999999993,0.12,READY,READY,RUNNING
90,1.8,0,-3.6000000000000001,-8.1999999999999993,0.12,3.6000000000000001,-8.1999999999999993,0.12,READY,READY,RUNNING
91,1.8200000000000001,0,-3.6000000000000001,-8.1999999999999993,0.12,3.6000000000000001,-8.1999999999999993,0.12,READY,READY,RUNNING
92,1.8400000000000001,0,-3.6000000000000001,-8.1999999999999993,0.12,3.6000000000000001,-8.1999999999999993,0.12,READY,READY,RUNNING
93,1.8600000000000001,0,-3.6000000000000001,-8.1999999999999993,0.12,3.6000000000000001,-8.1999999999999993,0.12,READY,READY,RUNNING
94,1.8799999999999999,0,-3.6000000000000001,-8.1999999999999993,0.12,3.6000000000000001,-8.1999999999999993,0.12,READY,READY,RUNNING
95,1.8999999999999999,0,-3.6000000000000001,-8.1999999999999993,0.12,3.6000000000000001,-8.1999999999999993,0.12,READY,READY,RUNNING
96,1.9199999999999999,0,-3.6000000000000001,-8.1999999999999993,0.12,3.6000000000000001,-8.1999999999999993,0.12,READY,READY,RUNNING
97,1.9399999999999999,0,-3.6000000000000001,-8.1999999999999993,0.12,3.6000000000000001,-8.1999999999999993,0.12,READY,READY,RUNNING
98,1.96,0,-3.6000000000000001,-8.1999999999999993,0.12,3.6000000000000001,-8.1999999999999993,0.12,READY,READY,RUNNING
99,1.98,0,-3.6000000000000001,-8.1999999999999993,0.12,3.6000000000000001,-8.1999999999999993,0.12,READY,READY,RUNNING
100,2,0,-3.6000000000000001,-8.1999999999999993,0.12,3.6000000000000001,-8.1999999999999993,0.12,READY,READY,RUNNING
101,2.02,0,-3.6000000000000001,-8.1999999999999993,0.12,3.6000000000000001,-8.1999999999999993,0.12,READY,READY,RUNNING
102,2.04,0,-3.6000000000000001,-8.1999999999999993,0.12,3.6000000000000001,-8.1999999999999993,0.12,READY,READY,RUNNING
103,2.0600000000000001,0,-3.6000000000000001,-8.1999999999999993,0.12,3.6000000000000001,-8.1999999999999993,0.12,READY,READY,RUNNING
104,2.0800000000000001,0,-3.6000000000000001,-8.1999999999999993,0.12,3.6000000000000001,-8.1999999999999993,0.12,READY,READY,RUNNING
105,2.1000000000000001,0,-3.6000000000000001,-8.1999999999999993,0.12,3.6000000000000001,-8.1999999999999993,0.12,READY,READY,RUNNING
106,2.1200000000000001,0,-3.6000000000000001,-8.1999999999999993,0.12,3.6000000000000001,-8.1999999999999993,0.12,READY,READY,RUNNING
107,2.1400000000000001,0,-3.6000000000000001,-8.1999999999999993,0.12,3.6000000000000001,-8.1999999999999993,0.12,READY,READY,RUNNING
108,2.1600000000000001,0,-3.6000000000000001,-8.1999999999999993,0.12,3.6000000000000001,-8.1999999999999993,0.12,READY,READY,RUNNING
109,2.1800000000000002,0,-3.6000000000000001,-8.1999999999999993,0.12,3.6000000000000001,-8.1999999999999993,0.12,READY,READY,RUNNING
110,2.2000000000000002,0,-3.6000000000000001,-8.1999999999999993,0.12,3.6000000000000001,-8.1999999999999993,0.12,READY,READY,RUNNING
111,2.2200000000000002,0,-3.6000000000000001,-8.1999999999999993,0.12,3.6000000000000001,-8.1999999999999993,0.12,READY,READY,RUNNING
112,2.2400000000000002,0,-3.6000000000000001,-8.1999999999999993,0.12,3.6000000000000001,-8.1999999999999993,0.12,READY,READY,RUNNING
113,2.2599999999999998,0,-3.6000000000000001,-8.1999999999999993,0.12,3.6000000000000001,-8.1999999999999993,0.12,READY,READY,RUNNING
114,2.2799999999999998,0,-3.6000000000000001,-8.1999999999999993,0.12,3.6000000000000001,-8.1999999999999993,0.12,READY,READY,RUNNING
115,2.2999999999999998,0,-3.6000000000000001,-8.1999999999999993,0.12,3.6000000000000001,-8.1999999999999993,0.12,READY,READY,RUNNING
116,2.3199999999999998,0,-3.6000000000000001,-8.1999999999999993,0.12,3.6000000000000001,-8.1999999999999993,0.12,READY,READY,RUNNING
117,2.3399999999999999,0,-3.6000000000000001,-8.1999999999999993,0.12,3.6000000000000001,-8.1999999999999993,0.12,READY,READY,RUNNING
118,2.3599999999999999,0,-3.6000000000000001,-8.1999999999999993,0.12,3.6000000000000001,-8.1999999999999993,0.12,READY,READY,RUNNING
119,2.3799999999999999,0,-3.6000000000000001,-8.1999999999999993,0.12,3.6000000000000001,-8.1999999999999993,0.12,READY,READY,RUNNING
120,2.3999999999999999,0,-3.6000000000000001,-8.1999999999999993,0.12,3.6000000000000001,-8.1999999999999993,0.12,READY,READY,RUNNING
121,2.4199999999999999,0,-3.6000000000000001,-8.1999999999999993,0.12,3.6000000000000001,-8.1999999999999993,0.12,READY,READY,RUNNING
122,2.4399999999999999,0,-3.6000000000000001,-8.1999999999999993,0.12,3.6000000000000001,-8.1999999999999993,0.12,READY,READY,RUNNING
123,2.46,0,-3.6000000000000001,-8.1999999999999993,0.12,3.6000000000000001,-8.1999999999999993,0.12,READY,READY,RUNNING
124,2.48,0,-3.6000000000000001,-8.1999999999999993,0.12,3.6000000000000001,-8.1999999999999993,0.12,READY,READY,RUNNING
125,2.5,0,-3.6000000000000001,-8.1999999999999993,0.12,3.6000000000000001,-8.1999999999999993,0.12,READY,READY,RUNNING
126,2.52,0,-3.6000000000000001,-8.1999999999999993,0.12,3.6000000000000001,-8.1999999999999993,0.12,READY,READY,RUNNING
127,2.54,0,-3.6000000000000001,-8.1999999999999993,0.12,3.6000000000000001,-8.1999999999999993,0.12,READY,READY,RUNNING
128,2.5600000000000001,0,-3.6000000000000001,-8.1999999999999993,0.12,3.6000000000000001,-8.1999999999999993,0.12,READY,READY,RUNNING
129,2.5800000000000001,0,-3.6000000000000001,-8.1999999999999993,0.12,3.6000000000000001,-8.1999999999999993,0.12,READY,READY,RUNNING
130,2.6000000000000001,0,-3.6000000000000001,-8.1999999999999993,0.12,3.6000000000000001,-8.1999999999999993,0.12,READY,READY,RUNNING
131,2.6200000000000001,0,-3.6000000000000001,-8.1999999999999993,0.12,3.6000000000000001,-8.1999999999999993,0.12,READY,READY,RUNNING
132,2.6400000000000001,0,-3.6000000000000001,-8.1999999999999993,0.12,3.6000000000000001,-8.1999999999999993,0.12,READY,READY,RUNNING
133,2.6600000000000001,0,-3.6000000000000001,-8.1999999999999993,0.12,3.6000000000000001,-8.1999999999999993,0.12,READY,READY,RUNNING
134,2.6800000000000002,0,-3.6000000000000001,-8.1999999999999993,0.12,3.6000000000000001,-8.1999999999999993,0.12,READY,READY,RUNNING
135,2.7000000000000002,0,-3.6000000000000001,-8.1999999999999993,0.12,3.6000000000000001,-8.1999999999999993,0.12,READY,READY,RUNNING
136,2.7200000000000002,0,-3.6000000000000001,-8.1999999999999993,0.12,3.6000000000000001,-8.1999999999999993,0.12,READY,READY,RUNNING
137,2.7400000000000002,0,-3.6000000000000001,-8.1999999999999993,0.12,3.6000000000000001,-8.1999999999999993,0.12,READY,READY,RUNNING
138,2.7599999999999998,0,-3.6000000000000001,-8.1999999999999993,0.12,3.6000000000000001,-8.1999999999999993,0.12,READY,READY,RUNNING
139,2.7799999999999998,0,-3.6000000000000001,-8.1999999999999993,0.12,3.6000000000000001,-8.1999999999999993,0.12,READY,READY,RUNNING
140,2.7999999999999998,0,-3.6000000000000001,-8.1999999999999993,0.12,3.6000000000000001,-8.1999999999999993,0.12,READY,READY,RUNNING
141,2.8199999999999998,0,-3.6000000000000001,-8.1999999999999993,0.12,3.6000000000000001,-8.1999999999999993,0.12,READY,READY,RUNNING
142,2.8399999999999999,0,-3.6000000000000001,-8.1999999999999993,0.12,3.6000000000000001,-8.1999999999999993,0.12,READY,READY,RUNNING
143,2.8599999999999999,0,-3.6000000000000001,-8.1999999999999993,0.12,3.6000000000000001,-8.1999999999999993,0.12,READY,READY,RUNNING
144,2.8799999999999999,0,-3.6000000000000001,-8.1999999999999993,0.12,3.6000000000000001,-8.1999999999999993,0.12,READY,READY,RUNNING
145,2.8999999999999999,0,-3.6000000000000001,-8.1999999999999993,0.12,3.6000000000000001,-8.1999999999999993,0.12,READY,READY,RUNNING
146,2.9199999999999999,0,-3.6000000000000001,-8.1999999999999993,0.12,3.6000000000000001,-8.1999999999999993,0.12,READY,READY,RUNNING
147,2.9399999999999999,0,-3.6000000000000001,-8.1999999999999993,0.12,3.6000000000000001,-8.1999999999999993,0.12,READY,READY,RUNNING
148,2.96,0,-3.6000000000000001,-8.1999999999999993,0.12,3.6000000000000001,-8.1999999999999993,0.12,READY,READY,RUNNING
149,2.98,0,-3.6000000000000001,-8.1999999999999993,0.12,3.6000000000000001,-8.1999999999999993,0.12,READY,READY,RUNNING
150,3,0,-3.6000000000000001,-8.1999999999999993,0.13700000000000001,3.6000000000000001,-8.1999999999999993,0.13700000000000001,TAKEOFF,TAKEOFF,RUNNING
151,3.02,0,-3.6000000000000001,-8.1999999999999993,0.15400000000000003,3.6000000000000001,-8.1999999999999993,0.15400000000000003,TAKEOFF,TAKEOFF,RUNNING
152,3.04,0,-3.6000000000000001,-8.1999999999999993,0.17100000000000004,3.6000000000000001,-8.1999999999999993,0.17100000000000004,TAKEOFF,TAKEOFF,RUNNING
153,3.0600000000000001,0,-3.6000000000000001,-8.1999999999999993,0.18800000000000006,3.6000000000000001,-8.1999999999999993,0.18800000000000006,TAKEOFF,TAKEOFF,RUNNING
154,3.0800000000000001,0,-3.6000000000000001,-8.1999999999999993,0.20500000000000007,3.6000000000000001,-8.1999999999999993,0.20500000000000007,TAKEOFF,TAKEOFF,RUNNING
155,3.1000000000000001,0,-3.6000000000000001,-8.1999999999999993,0.22200000000000009,3.6000000000000001,-8.1999999999999993,0.22200000000000009,TAKEOFF,TAKEOFF,RUNNING
156,3.1200000000000001,0,-3.6000000000000001,-8.1999999999999993,0.2390000000000001,3.6000000000000001,-8.1999999999999993,0.2390000000000001,TAKEOFF,TAKEOFF,RUNNING
157,3.1400000000000001,0,-3.6000000000000001,-8.1999999999999993,0.25600000000000012,3.6000000000000001,-8.1999999999999993,0.25600000000000012,TAKEOFF,TAKEOFF,RUNNING
158,3.1600000000000001,0,-3.6000000000000001,-8.1999999999999993,0.27300000000000013,3.6000000000000001,-8.1999999999999993,0.27300000000000013,TAKEOFF,TAKEOFF,RUNNING
159,3.1800000000000002,0,-3.6000000000000001,-8.1999999999999993,0.29000000000000015,3.6000000000000001,-8.1999999999999993,0.29000000000000015,TAKEOFF,TAKEOFF,RUNNING
160,3.2000000000000002,0,-3.6000000000000001,-8.1999999999999993,0.30700000000000016,3.6000000000000001,-8.1999999999999993,0.30700000000000016,TAKEOFF,TAKEOFF,RUNNING
161,3.2200000000000002,0,-3.6000000000000001,-8.1999999999999993,0.32400000000000018,3.6000000000000001,-8.1999999999999993,0.32400000000000018,TAKEOFF,TAKEOFF,RUNNING
162,3.2400000000000002,0,-3.6000000000000001,-8.1999999999999993,0.34100000000000019,3.6000000000000001,-8.1999999999999993,0.34100000000000019,TAKEOFF,TAKEOFF,RUNNING
163,3.2599999999999998,0,-3.6000000000000001,-8.1999999999999993,0.35800000000000021,3.6000000000000001,-8.1999999999999993,0.35800000000000021,TAKEOFF,TAKEOFF,RUNNING
164,3.2799999999999998,0,-3.6000000000000001,-8.1999999999999993,0.37500000000000022,3.6000000000000001,-8.1999999999999993,0.37500000000000022,TAKEOFF,TAKEOFF,RUNNING
165,3.2999999999999998,0,-3.6000000000000001,-8.1999999999999993,0.39200000000000024,3.6000000000000001,-8.1999999999999993,0.39200000000000024,TAKEOFF,TAKEOFF,RUNNING
166,3.3199999999999998,0,-3.6000000000000001,-8.1999999999999993,0.40900000000000025,3.6000000000000001,-8.1999999999999993,0.40900000000000025,TAKEOFF,TAKEOFF,RUNNING
167,3.3399999999999999,0,-3.6000000000000001,-8.1999999999999993,0.42600000000000027,3.6000000000000001,-8.1999999999999993,0.42600000000000027,TAKEOFF,TAKEOFF,RUNNING
168,3.3599999999999999,0,-3.6000000000000001,-8.1999999999999993,0.44300000000000028,3.6000000000000001,-8.1999999999999993,0.44300000000000028,TAKEOFF,TAKEOFF,RUNNING
169,3.3799999999999999,0,-3.6000000000000001,-8.1999999999999993,0.4600000000000003,3.6000000000000001,-8.1999999999999993,0.4600000000000003,TAKEOFF,TAKEOFF,RUNNING
170,3.3999999999999999,0,-3.6000000000000001,-8.1999999999999993,0.47700000000000031,3.6000000000000001,-8.1999999999999993,0.47700000000000031,TAKEOFF,TAKEOFF,RUNNING
171,3.4199999999999999,0,-3.6000000000000001,-8.1999999999999993,0.49400000000000033,3.6000000000000001,-8.1999999999999993,0.49400000000000033,TAKEOFF,TAKEOFF,RUNNING
172,3.4399999999999999,0,-3.6000000000000001,-8.1999999999999993,0.51100000000000034,3.6000000000000001,-8.1999999999999993,0.51100000000000034,TAKEOFF,TAKEOFF,RUNNING
173,3.46,0,-3.6000000000000001,-8.1999999999999993,0.52800000000000036,3.6000000000000001,-8.1999999999999993,0.52800000000000036,TAKEOFF,TAKEOFF,RUNNING
174,3.48,0,-3.6000000000000001,-8.1999999999999993,0.54500000000000037,3.6000000000000001,-8.1999999999999993,0.54500000000000037,TAKEOFF,TAKEOFF,RUNNING
175,3.5,0,-3.6000000000000001,-8.1999999999999993,0.56200000000000039,3.6000000000000001,-8.1999999999999993,0.56200000000000039,TAKEOFF,TAKEOFF,RUNNING
176,3.52,0,-3.6000000000000001,-8.1999999999999993,0.5790000000000004,3.6000000000000001,-8.1999999999999993,0.5790000000000004,TAKEOFF,TAKEOFF,RUNNING
177,3.54,0,-3.6000000000000001,-8.1999999999999993,0.59600000000000042,3.6000000000000001,-8.1999999999999993,0.59600000000000042,TAKEOFF,TAKEOFF,RUNNING
178,3.5600000000000001,0,-3.6000000000000001,-8.1999999999999993,0.61300000000000043,3.6000000000000001,-8.1999999999999993,0.61300000000000043,TAKEOFF,TAKEOFF,RUNNING
179,3.5800000000000001,0,-3.6000000000000001,-8.1999999999999993,0.63000000000000045,3.6000000000000001,-8.1999999999999993,0.63000000000000045,TAKEOFF,TAKEOFF,RUNNING
180,3.6000000000000001,0,-3.6000000000000001,-8.1999999999999993,0.64700000000000046,3.6000000000000001,-8.1999999999999993,0.64700000000000046,TAKEOFF,TAKEOFF,RUNNING
181,3.6200000000000001,0,-3.6000000000000001,-8.1999999999999993,0.66400000000000048,3.6000000000000001,-8.1999999999999993,0.66400000000000048,TAKEOFF,TAKEOFF,RUNNING
182,3.6400000000000001,0,-3.6000000000000001,-8.1999999999999993,0.68100000000000049,3.6000000000000001,-8.1999999999999993,0.68100000000000049,TAKEOFF,TAKEOFF,RUNNING
183,3.6600000000000001,0,-3.6000000000000001,-8.1999999999999993,0.69800000000000051,3.6000000000000001,-8.1999999999999993,0.69800000000000051,TAKEOFF,TAKEOFF,RUNNING
184,3.6800000000000002,0,-3.6000000000000001,-8.1999999999999993,0.71500000000000052,3.6000000000000001,-8.1999999999999993,0.71500000000000052,TAKEOFF,TAKEOFF,RUNNING
185,3.7000000000000002,0,-3.6000000000000001,-8.1999999999999993,0.73200000000000054,3.6000000000000001,-8.1999999999999993,0.73200000000000054,TAKEOFF,TAKEOFF,RUNNING
186,3.7200000000000002,0,-3.6000000000000001,-8.1999999999999993,0.74900000000000055,3.6000000000000001,-8.1999999999999993,0.74900000000000055,TAKEOFF,TAKEOFF,RUNNING
187,3.7400000000000002,0,-3.6000000000000001,-8.1999999999999993,0.76600000000000057,3.6000000000000001,-8.1999999999999993,0.76600000000000057,TAKEOFF,TAKEOFF,RUNNING
188,3.7599999999999998,0,-3.6000000000000001,-8.1999999999999993,0.78300000000000058,3.6000000000000001,-8.1999999999999993,0.78300000000000058,TAKEOFF,TAKEOFF,RUNNING
189,3.7799999999999998,0,-3.6000000000000001,-8.1999999999999993,0.8000000000000006,3.6000000000000001,-8.1999999999999993,0.8000000000000006,TAKEOFF,TAKEOFF,RUNNING
190,3.7999999999999998,0,-3.6000000000000001,-8.1999999999999993,0.81700000000000061,3.6000000000000001,-8.1999999999999993,0.81700000000000061,TAKEOFF,TAKEOFF,RUNNING
191,3.8199999999999998,0,-3.6000000000000001,-8.1999999999999993,0.83400000000000063,3.6000000000000001,-8.1999999999999993,0.83400000000000063,TAKEOFF,TAKEOFF,RUNNING
192,3.8399999999999999,0,-3.6000000000000001,-8.1999999999999993,0.85100000000000064,3.6000000000000001,-8.1999999999999993,0.85100000000000064,TAKEOFF,TAKEOFF,RUNNING
193,3.8599999999999999,0,-3.6000000000000001,-8.1999999999999993,0.86800000000000066,3.6000000000000001,-8.1999999999999993,0.86800000000000066,TAKEOFF,TAKEOFF,RUNNING
194,3.8799999999999999,0,-3.6000000000000001,-8.1999999999999993,0.88500000000000068,3.6000000000000001,-8.1999999999999993,0.88500000000000068,TAKEOFF,TAKEOFF,RUNNING
195,3.8999999999999999,0,-3.6000000000000001,-8.1999999999999993,0.90200000000000069,3.6000000000000001,-8.1999999999999993,0.90200000000000069,TAKEOFF,TAKEOFF,RUNNING
196,3.9199999999999999,0,-3.6000000000000001,-8.1999999999999993,0.91900000000000071,3.6000000000000001,-8.1999999999999993,0.91900000000000071,TAKEOFF,TAKEOFF,RUNNING
197,3.9399999999999999,0,-3.6000000000000001,-8.1999999999999993,0.93600000000000072,3.6000000000000001,-8.1999999999999993,0.93600000000000072,TAKEOFF,TAKEOFF,RUNNING
198,3.96,0,-3.6000000000000001,-8.1999999999999993,0.95300000000000074,3.6000000000000001,-8.1999999999999993,0.95300000000000074,TAKEOFF,TAKEOFF,RUNNING
199,3.98,0,-3.6000000000000001,-8.1999999999999993,0.97000000000000075,3.6000000000000001,-8.1999999999999993,0.97000000000000075,TAKEOFF,TAKEOFF,RUNNING
200,4,0,-3.6000000000000001,-8.1999999999999993,0.98700000000000077,3.6000000000000001,-8.1999999999999993,0.98700000000000077,TAKEOFF,TAKEOFF,RUNNING
201,4.0199999999999996,0,-3.6000000000000001,-8.1999999999999993,1.0040000000000007,3.6000000000000001,-8.1999999999999993,1.0040000000000007,TAKEOFF,TAKEOFF,RUNNING
202,4.04,0,-3.6000000000000001,-8.1999999999999993,1.0210000000000006,3.6000000000000001,-8.1999999999999993,1.0210000000000006,TAKEOFF,TAKEOFF,RUNNING
203,4.0599999999999996,0,-3.6000000000000001,-8.1999999999999993,1.0380000000000005,3.6000000000000001,-8.1999999999999993,1.0380000000000005,TAKEOFF,TAKEOFF,RUNNING
204,4.0800000000000001,0,-3.6000000000000001,-8.1999999999999993,1.0550000000000004,3.6000000000000001,-8.1999999999999993,1.0550000000000004,TAKEOFF,TAKEOFF,RUNNING
205,4.0999999999999996,0,-3.6000000000000001,-8.1999999999999993,1.0720000000000003,3.6000000000000001,-8.1999999999999993,1.0720000000000003,TAKEOFF,TAKEOFF,RUNNING
206,4.1200000000000001,0,-3.6000000000000001,-8.1999999999999993,1.0890000000000002,3.6000000000000001,-8.1999999999999993,1.0890000000000002,TAKEOFF,TAKEOFF,RUNNING
207,4.1399999999999997,0,-3.6000000000000001,-8.1999999999999993,1.1060000000000001,3.6000000000000001,-8.1999999999999993,1.1060000000000001,TAKEOFF,TAKEOFF,RUNNING
208,4.1600000000000001,0,-3.6000000000000001,-8.1999999999999993,1.123,3.6000000000000001,-8.1999999999999993,1.123,TAKEOFF,TAKEOFF,RUNNING
209,4.1799999999999997,0,-3.6000000000000001,-8.1999999999999993,1.1399999999999999,3.6000000000000001,-8.1999999999999993,1.1399999999999999,TAKEOFF,TAKEOFF,RUNNING
210,4.2000000000000002,0,-3.6000000000000001,-8.1999999999999993,1.1569999999999998,3.6000000000000001,-8.1999999999999993,1.1569999999999998,TAKEOFF,TAKEOFF,RUNNING
211,4.2199999999999998,0,-3.6000000000000001,-8.1999999999999993,1.1739999999999997,3.6000000000000001,-8.1999999999999993,1.1739999999999997,TAKEOFF,TAKEOFF,RUNNING
212,4.2400000000000002,0,-3.6000000000000001,-8.1999999999999993,1.1909999999999996,3.6000000000000001,-8.1999999999999993,1.1909999999999996,TAKEOFF,TAKEOFF,RUNNING
213,4.2599999999999998,0,-3.6000000000000001,-8.1999999999999993,1.2079999999999995,3.6000000000000001,-8.1999999999999993,1.2079999999999995,TAKEOFF,TAKEOFF,RUNNING
214,4.2800000000000002,0,-3.6000000000000001,-8.1999999999999993,1.2249999999999994,3.6000000000000001,-8.1999999999999993,1.2249999999999994,TAKEOFF,TAKEOFF,RUNNING
215,4.2999999999999998,0,-3.6000000000000001,-8.1999999999999993,1.2419999999999993,3.6000000000000001,-8.1999999999999993,1.2419999999999993,TAKEOFF,TAKEOFF,RUNNING
216,4.3200000000000003,0,-3.6000000000000001,-8.1999999999999993,1.2589999999999992,3.6000000000000001,-8.1999999999999993,1.2589999999999992,TAKEOFF,TAKEOFF,RUNNING
217,4.3399999999999999,0,-3.6000000000000001,-8.1999999999999993,1.2759999999999991,3.6000000000000001,-8.1999999999999993,1.2759999999999991,TAKEOFF,TAKEOFF,RUNNING
218,4.3600000000000003,0,-3.6000000000000001,-8.1999999999999993,1.292999999999999,3.6000000000000001,-8.1999999999999993,1.292999999999999,TAKEOFF,TAKEOFF,RUNNING
219,4.3799999999999999,0,-3.6000000000000001,-8.1999999999999993,1.3099999999999989,3.6000000000000001,-8.1999999999999993,1.3099999999999989,TAKEOFF,TAKEOFF,RUNNING
220,4.4000000000000004,0,-3.6000000000000001,-8.1999999999999993,1.3269999999999988,3.6000000000000001,-8.1999999999999993,1.3269999999999988,TAKEOFF,TAKEOFF,RUNNING
221,4.4199999999999999,0,-3.6000000000000001,-8.1999999999999993,1.3439999999999988,3.6000000000000001,-8.1999999999999993,1.3439999999999988,TAKEOFF,TAKEOFF,RUNNING
222,4.4400000000000004,0,-3.6000000000000001,-8.1999999999999993,1.3609999999999987,3.6000000000000001,-8.1999999999999993,1.3609999999999987,TAKEOFF,TAKEOFF,RUNNING
223,4.46,0,-3.6000000000000001,-8.1999999999999993,1.3779999999999986,3.6000000000000001,-8.1999999999999993,1.3779999999999986,TAKEOFF,TAKEOFF,RUNNING
224,4.4800000000000004,0,-3.6000000000000001,-8.1999999999999993,1.3949999999999985,3.6000000000000001,-8.1999999999999993,1.3949999999999985,TAKEOFF,TAKEOFF,RUNNING
225,4.5,0,-3.6000000000000001,-8.1999999999999993,1.4119999999999984,3.6000000000000001,-8.1999999999999993,1.4119999999999984,TAKEOFF,TAKEOFF,RUNNING
226,4.5199999999999996,0,-3.6000000000000001,-8.1999999999999993,1.4289999999999983,3.6000000000000001,-8.1999999999999993,1.4289999999999983,TAKEOFF,TAKEOFF,RUNNING
227,4.54,0,-3.6000000000000001,-8.1999999999999993,1.4459999999999982,3.6000000000000001,-8.1999999999999993,1.4459999999999982,TAKEOFF,TAKEOFF,RUNNING
228,4.5599999999999996,0,-3.6000000000000001,-8.1999999999999993,1.4629999999999981,3.6000000000000001,-8.1999999999999993,1.4629999999999981,TAKEOFF,TAKEOFF,RUNNING
229,4.5800000000000001,0,-3.6000000000000001,-8.1999999999999993,1.479999999999998,3.6000000000000001,-8.1999999999999993,1.479999999999998,TAKEOFF,TAKEOFF,RUNNING
230,4.5999999999999996,0,-3.6000000000000001,-8.1999999999999993,1.4969999999999979,3.6000000000000001,-8.1999999999999993,1.4969999999999979,TAKEOFF,TAKEOFF,RUNNING
231,4.6200000000000001,0,-3.6000000000000001,-8.1999999999999993,1.5139999999999978,3.6000000000000001,-8.1999999999999993,1.5139999999999978,TAKEOFF,TAKEOFF,RUNNING
232,4.6399999999999997,0,-3.6000000000000001,-8.1999999999999993,1.5309999999999977,3.6000000000000001,-8.1999999999999993,1.5309999999999977,TAKEOFF,TAKEOFF,RUNNING
233,4.6600000000000001,0,-3.6000000000000001,-8.1999999999999993,1.5479999999999976,3.6000000000000001,-8.1999999999999993,1.5479999999999976,TAKEOFF,TAKEOFF,RUNNING
234,4.6799999999999997,0,-3.6000000000000001,-8.1999999999999993,1.5649999999999975,3.6000000000000001,-8.1999999999999993,1.5649999999999975,TAKEOFF,TAKEOFF,RUNNING
235,4.7000000000000002,0,-3.6000000000000001,-8.1999999999999993,1.5819999999999974,3.6000000000000001,-8.1999999999999993,1.5819999999999974,TAKEOFF,TAKEOFF,RUNNING
236,4.7199999999999998,0,-3.6000000000000001,-8.1999999999999993,1.5989999999999973,3.6000000000000001,-8.1999999999999993,1.5989999999999973,TAKEOFF,TAKEOFF,RUNNING
237,4.7400000000000002,0,-3.6000000000000001,-8.1999999999999993,1.6159999999999972,3.6000000000000001,-8.1999999999999993,1.6159999999999972,TAKEOFF,TAKEOFF,RUNNING
238,4.7599999999999998,0,-3.6000000000000001,-8.1999999999999993,1.6329999999999971,3.6000000000000001,-8.1999999999999993,1.6329999999999971,TAKEOFF,TAKEOFF,RUNNING
239,4.7800000000000002,0,-3.6000000000000001,-8.1999999999999993,1.649999999999997,3.6000000000000001,-8.1999999999999993,1.649999999999997,TAKEOFF,TAKEOFF,RUNNING
240,4.7999999999999998,0,-3.6000000000000001,-8.1999999999999993,1.6669999999999969,3.6000000000000001,-8.1999999999999993,1.6669999999999969,TAKEOFF,TAKEOFF,RUNNING
241,4.8200000000000003,0,-3.6000000000000001,-8.1999999999999993,1.6839999999999968,3.6000000000000001,-8.1999999999999993,1.6839999999999968,TAKEOFF,TAKEOFF,RUNNING
242,4.8399999999999999,0,-3.6000000000000001,-8.1999999999999993,1.7009999999999967,3.6000000000000001,-8.1999999999999993,1.7009999999999967,TAKEOFF,TAKEOFF,RUNNING
243,4.8600000000000003,0,-3.6000000000000001,-8.1999999999999993,1.7179999999999966,3.6000000000000001,-8.1999999999999993,1.7179999999999966,TAKEOFF,TAKEOFF,RUNNING
244,4.8799999999999999,0,-3.6000000000000001,-8.1999999999999993,1.7349999999999965,3.6000000000000001,-8.1999999999999993,1.7349999999999965,TAKEOFF,TAKEOFF,RUNNING
245,4.9000000000000004,0,-3.6000000000000001,-8.1999999999999993,1.7519999999999964,3.6000000000000001,-8.1999999999999993,1.7519999999999964,TAKEOFF,TAKEOFF,RUNNING
246,4.9199999999999999,0,-3.6000000000000001,-8.1999999999999993,1.7689999999999964,3.6000000000000001,-8.1999999999999993,1.7689999999999964,TAKEOFF,TAKEOFF,RUNNING
247,4.9400000000000004,0,-3.6000000000000001,-8.1999999999999993,1.7859999999999963,3.6000000000000001,-8.1999999999999993,1.7859999999999963,TAKEOFF,TAKEOFF,RUNNING
248,4.96,0,-3.6000000000000001,-8.1999999999999993,1.8029999999999962,3.6000000000000001,-8.1999999999999993,1.8029999999999962,TAKEOFF,TAKEOFF,RUNNING
249,4.9800000000000004,0,-3.6000000000000001,-8.1999999999999993,1.8199999999999961,3.6000000000000001,-8.1999999999999993,1.8199999999999961,TAKEOFF,TAKEOFF,RUNNING
250,5,0,-3.6000000000000001,-8.1999999999999993,1.836999999999996,3.6000000000000001,-8.1999999999999993,1.836999999999996,TAKEOFF,TAKEOFF,RUNNING
251,5.0199999999999996,0,-3.6000000000000001,-8.1999999999999993,1.8539999999999959,3.6000000000000001,-8.1999999999999993,1.8539999999999959,TAKEOFF,TAKEOFF,RUNNING
252,5.04,0,-3.6000000000000001,-8.1999999999999993,1.8709999999999958,3.6000000000000001,-8.1999999999999993,1.8709999999999958,TAKEOFF,TAKEOFF,RUNNING
253,5.0599999999999996,0,-3.6000000000000001,-8.1999999999999993,1.8879999999999957,3.6000000000000001,-8.1999999999999993,1.8879999999999957,TAKEOFF,TAKEOFF,RUNNING
254,5.0800000000000001,0,-3.6000000000000001,-8.1999999999999993,1.9049999999999956,3.6000000000000001,-8.1999999999999993,1.9049999999999956,TAKEOFF,TAKEOFF,RUNNING
255,5.0999999999999996,0,-3.6000000000000001,-8.1999999999999993,1.9219999999999955,3.6000000000000001,-8.1999999999999993,1.9219999999999955,TAKEOFF,TAKEOFF,RUNNING
256,5.1200000000000001,0,-3.6000000000000001,-8.1999999999999993,1.9389999999999954,3.6000000000000001,-8.1999999999999993,1.9389999999999954,TAKEOFF,TAKEOFF,RUNNING
257,5.1399999999999997,0,-3.6000000000000001,-8.1999999999999993,1.9559999999999953,3.6000000000000001,-8.1999999999999993,1.9559999999999953,TAKEOFF,TAKEOFF,RUNNING
258,5.1600000000000001,0,-3.6000000000000001,-8.1999999999999993,1.9729999999999952,3.6000000000000001,-8.1999999999999993,1.9729999999999952,TAKEOFF,TAKEOFF,RUNNING
259,5.1799999999999997,0,-3.6000000000000001,-8.1999999999999993,1.9899999999999951,3.6000000000000001,-8.1999999999999993,1.9899999999999951,TAKEOFF,TAKEOFF,RUNNING
260,5.2000000000000002,0,-3.6000000000000001,-8.1999999999999993,2.0069999999999952,3.6000000000000001,-8.1999999999999993,2.0069999999999952,TAKEOFF,TAKEOFF,RUNNING
261,5.2199999999999998,0,-3.6000000000000001,-8.1999999999999993,2.0239999999999951,3.6000000000000001,-8.1999999999999993,2.0239999999999951,TAKEOFF,TAKEOFF,RUNNING
262,5.2400000000000002,0,-3.6000000000000001,-8.1999999999999993,2.040999999999995,3.6000000000000001,-8.1999999999999993,2.040999999999995,TAKEOFF,TAKEOFF,RUNNING
263,5.2599999999999998,0,-3.6000000000000001,-8.1999999999999993,2.0579999999999949,3.6000000000000001,-8.1999999999999993,2.0579999999999949,TAKEOFF,TAKEOFF,RUNNING
264,5.2800000000000002,0,-3.6000000000000001,-8.1999999999999993,2.0749999999999948,3.6000000000000001,-8.1999999999999993,2.0749999999999948,TAKEOFF,TAKEOFF,RUNNING
265,5.2999999999999998,0,-3.6000000000000001,-8.1999999999999993,2.0919999999999948,3.6000000000000001,-8.1999999999999993,2.0919999999999948,TAKEOFF,TAKEOFF,RUNNING
266,5.3200000000000003,0,-3.6000000000000001,-8.1999999999999993,2.1089999999999947,3.6000000000000001,-8.1999999999999993,2.1089999999999947,TAKEOFF,TAKEOFF,RUNNING
267,5.3399999999999999,0,-3.6000000000000001,-8.1999999999999993,2.1259999999999946,3.6000000000000001,-8.1999999999999993,2.1259999999999946,TAKEOFF,TAKEOFF,RUNNING
268,5.3600000000000003,0,-3.6000000000000001,-8.1999999999999993,2.1429999999999945,3.6000000000000001,-8.1999999999999993,2.1429999999999945,TAKEOFF,TAKEOFF,RUNNING
269,5.3799999999999999,0,-3.6000000000000001,-8.1999999999999993,2.1599999999999944,3.6000000000000001,-8.1999999999999993,2.1599999999999944,TAKEOFF,TAKEOFF,RUNNING
270,5.4000000000000004,0,-3.6000000000000001,-8.1999999999999993,2.1769999999999943,3.6000000000000001,-8.1999999999999993,2.1769999999999943,TAKEOFF,TAKEOFF,RUNNING
271,5.4199999999999999,0,-3.6000000000000001,-8.1999999999999993,2.1939999999999942,3.6000000000000001,-8.1999999999999993,2.1939999999999942,TAKEOFF,TAKEOFF,RUNNING
272,5.4400000000000004,0,-3.6000000000000001,-8.1999999999999993,2.2109999999999941,3.6000000000000001,-8.1999999999999993,2.2109999999999941,TAKEOFF,TAKEOFF,RUNNING
273,5.46,0,-3.6000000000000001,-8.1999999999999993,2.227999999999994,3.6000000000000001,-8.1999999999999993,2.227999999999994,TAKEOFF,TAKEOFF,RUNNING
274,5.4800000000000004,0,-3.6000000000000001,-8.1999999999999993,2.2449999999999939,3.6000000000000001,-8.1999999999999993,2.2449999999999939,TAKEOFF,TAKEOFF,RUNNING
275,5.5,0,-3.6000000000000001,-8.1999999999999993,2.2619999999999938,3.6000000000000001,-8.1999999999999993,2.2619999999999938,TAKEOFF,TAKEOFF,RUNNING
276,5.5199999999999996,0,-3.6000000000000001,-8.1999999999999993,2.2789999999999937,3.6000000000000001,-8.1999999999999993,2.2789999999999937,TAKEOFF,TAKEOFF,RUNNING
277,5.54,0,-3.6000000000000001,-8.1999999999999993,2.2959999999999936,3.6000000000000001,-8.1999999999999993,2.2959999999999936,TAKEOFF,TAKEOFF,RUNNING
278,5.5599999999999996,0,-3.6000000000000001,-8.1999999999999993,2.3129999999999935,3.6000000000000001,-8.1999999999999993,2.3129999999999935,TAKEOFF,TAKEOFF,RUNNING
279,5.5800000000000001,0,-3.6000000000000001,-8.1999999999999993,2.3299999999999934,3.6000000000000001,-8.1999999999999993,2.3299999999999934,TAKEOFF,TAKEOFF,RUNNING
280,5.5999999999999996,0,-3.6000000000000001,-8.1999999999999993,2.3469999999999933,3.6000000000000001,-8.1999999999999993,2.3469999999999933,TAKEOFF,TAKEOFF,RUNNING
281,5.6200000000000001,0,-3.6000000000000001,-8.1999999999999993,2.3639999999999932,3.6000000000000001,-8.1999999999999993,2.3639999999999932,TAKEOFF,TAKEOFF,RUNNING
282,5.6399999999999997,0,-3.6000000000000001,-8.1999999999999993,2.3809999999999931,3.6000000000000001,-8.1999999999999993,2.3809999999999931,TAKEOFF,TAKEOFF,RUNNING
283,5.6600000000000001,0,-3.6000000000000001,-8.1999999999999993,2.397999999999993,3.6000000000000001,-8.1999999999999993,2.397999999999993,TAKEOFF,TAKEOFF,RUNNING
284,5.6799999999999997,0,-3.6000000000000001,-8.1999999999999993,2.4149999999999929,3.6000000000000001,-8.1999999999999993,2.4149999999999929,TAKEOFF,TAKEOFF,RUNNING
285,5.7000000000000002,0,-3.6000000000000001,-8.1999999999999993,2.4319999999999928,3.6000000000000001,-8.1999999999999993,2.4319999999999928,TAKEOFF,TAKEOFF,RUNNING
286,5.7199999999999998,0,-3.6000000000000001,-8.1999999999999993,2.4489999999999927,3.6000000000000001,-8.1999999999999993,2.4489999999999927,TAKEOFF,TAKEOFF,RUNNING
287,5.7400000000000002,0,-3.6000000000000001,-8.1999999999999993,2.4659999999999926,3.6000000000000001,-8.1999999999999993,2.4659999999999926,TAKEOFF,TAKEOFF,RUNNING
288,5.7599999999999998,0,-3.6000000000000001,-8.1999999999999993,2.4829999999999925,3.6000000000000001,-8.1999999999999993,2.4829999999999925,TAKEOFF,TAKEOFF,RUNNING
289,5.7800000000000002,0,-3.6000000000000001,-8.1999999999999993,2.4999999999999925,3.6000000000000001,-8.1999999999999993,2.4999999999999925,TAKEOFF,TAKEOFF,RUNNING
290,5.7999999999999998,0,-3.6000000000000001,-8.1999999999999993,2.5169999999999924,3.6000000000000001,-8.1999999999999993,2.5169999999999924,TAKEOFF,TAKEOFF,RUNNING
291,5.8200000000000003,0,-3.6000000000000001,-8.1999999999999993,2.5339999999999923,3.6000000000000001,-8.1999999999999993,2.5339999999999923,TAKEOFF,TAKEOFF,RUNNING
292,5.8399999999999999,0,-3.6000000000000001,-8.1999999999999993,2.5509999999999922,3.6000000000000001,-8.1999999999999993,2.5509999999999922,TAKEOFF,TAKEOFF,RUNNING
293,5.8600000000000003,0,-3.6000000000000001,-8.1999999999999993,2.5679999999999921,3.6000000000000001,-8.1999999999999993,2.5679999999999921,TAKEOFF,TAKEOFF,RUNNING
294,5.8799999999999999,0,-3.6000000000000001,-8.1999999999999993,2.584999999999992,3.6000000000000001,-8.1999999999999993,2.584999999999992,TAKEOFF,TAKEOFF,RUNNING
295,5.9000000000000004,0,-3.6000000000000001,-8.1999999999999993,2.6019999999999919,3.6000000000000001,-8.1999999999999993,2.6019999999999919,TAKEOFF,TAKEOFF,RUNNING
296,5.9199999999999999,0,-3.6000000000000001,-8.1999999999999993,2.6189999999999918,3.6000000000000001,-8.1999999999999993,2.6189999999999918,TAKEOFF,TAKEOFF,RUNNING
297,5.9400000000000004,0,-3.6000000000000001,-8.1999999999999993,2.6359999999999917,3.6000000000000001,-8.1999999999999993,2.6359999999999917,TAKEOFF,TAKEOFF,RUNNING
298,5.96,0,-3.6000000000000001,-8.1999999999999993,2.6529999999999916,3.6000000000000001,-8.1999999999999993,2.6529999999999916,TAKEOFF,TAKEOFF,RUNNING
299,5.9800000000000004,0,-3.6000000000000001,-8.1999999999999993,2.6699999999999915,3.6000000000000001,-8.1999999999999993,2.6699999999999915,TAKEOFF,TAKEOFF,RUNNING
300,6,0,-3.6000000000000001,-8.1999999999999993,2.6869999999999914,3.6000000000000001,-8.1999999999999993,2.6869999999999914,TAKEOFF,TAKEOFF,RUNNING
301,6.0199999999999996,0,-3.6000000000000001,-8.1999999999999993,2.7039999999999913,3.6000000000000001,-8.1999999999999993,2.7039999999999913,TAKEOFF,TAKEOFF,RUNNING
302,6.04,0,-3.6000000000000001,-8.1999999999999993,2.7209999999999912,3.6000000000000001,-8.1999999999999993,2.7209999999999912,TAKEOFF,TAKEOFF,RUNNING
303,6.0599999999999996,0,-3.6000000000000001,-8.1999999999999993,2.7379999999999911,3.6000000000000001,-8.1999999999999993,2.7379999999999911,TAKEOFF,TAKEOFF,RUNNING
304,6.0800000000000001,0,-3.6000000000000001,-8.1999999999999993,2.754999999999991,3.6000000000000001,-8.1999999999999993,2.754999999999991,TAKEOFF,TAKEOFF,RUNNING
305,6.0999999999999996,0,-3.6000000000000001,-8.1999999999999993,2.7719999999999909,3.6000000000000001,-8.1999999999999993,2.7719999999999909,TAKEOFF,TAKEOFF,RUNNING
306,6.1200000000000001,0,-3.6000000000000001,-8.1999999999999993,2.7889999999999908,3.6000000000000001,-8.1999999999999993,2.7889999999999908,TAKEOFF,TAKEOFF,RUNNING
307,6.1399999999999997,0,-3.6000000000000001,-8.1999999999999993,2.7999999999999998,3.6000000000000001,-8.1999999999999993,2.7999999999999998,TRAVEL,YIELD,RUNNING
308,6.1600000000000001,0,-3.5908649084868758,-8.2143370186247644,2.7999999999999998,3.6000000000000001,-8.1999999999999993,2.7999999999999998,TRAVEL,YIELD,RUNNING
309,6.1799999999999997,0,-3.5817298169737515,-8.2286740372495295,2.7999999999999998,3.6000000000000001,-8.1999999999999993,2.7999999999999998,TRAVEL,YIELD,RUNNING
310,6.2000000000000002,0,-3.5725947254606272,-8.2430110558742946,2.7999999999999998,3.6000000000000001,-8.1999999999999993,2.7999999999999998,TRAVEL,YIELD,RUNNING
311,6.2199999999999998,0,-3.5634596339475029,-8.2573480744990597,2.7999999999999998,3.6000000000000001,-8.1999999999999993,2.7999999999999998,TRAVEL,YIELD,RUNNING
312,6.2400000000000002,0,-3.5543245424343786,-8.2716850931238248,2.7999999999999998,3.6000000000000001,-8.1999999999999993,2.7999999999999998,TRAVEL,YIELD,RUNNING
313,6.2599999999999998,0,-3.5451894509212543,-8.2860221117485899,2.7999999999999998,3.6000000000000001,-8.1999999999999993,2.7999999999999998,TRAVEL,YIELD,RUNNING
314,6.2800000000000002,0,-3.53605435940813,-8.300359130373355,2.7999999999999998,3.6000000000000001,-8.1999999999999993,2.7999999999999998,TRAVEL,YIELD,RUNNING
315,6.2999999999999998,0,-3.5269192678950056,-8.3146961489981202,2.7999999999999998,3.6000000000000001,-8.1999999999999993,2.7999999999999998,TRAVEL,YIELD,RUNNING
316,6.3200000000000003,0,-3.5177841763818813,-8.3290331676228853,2.7999999999999998,3.6000000000000001,-8.1999999999999993,2.7999999999999998,TRAVEL,YIELD,RUNNING
317,6.3399999999999999,0,-3.508649084868757,-8.3433701862476504,2.7999999999999998,3.6000000000000001,-8.1999999999999993,2.7999999999999998,TRAVEL,YIELD,RUNNING
318,6.3600000000000003,0,-3.4995139933556327,-8.3577072048724155,2.7999999999999998,3.6000000000000001,-8.1999999999999993,2.7999999999999998,TRAVEL,YIELD,RUNNING
319,6.3799999999999999,0,-3.4903789018425084,-8.3720442234971806,2.7999999999999998,3.6000000000000001,-8.1999999999999993,2.7999999999999998,TRAVEL,YIELD,RUNNING
320,6.4000000000000004,0,-3.4812438103293841,-8.3863812421219457,2.7999999999999998,3.6000000000000001,-8.1999999999999993,2.7999999999999998,TRAVEL,YIELD,RUNNING
321,6.4199999999999999,0,-3.4721087188162598,-8.4007182607467108,2.7999999999999998,3.6000000000000001,-8.1999999999999993,2.7999999999999998,TRAVEL,YIELD,RUNNING
322,6.4400000000000004,0,-3.4629736273031355,-8.4150552793714759,2.7999999999999998,3.6000000000000001,-8.1999999999999993,2.7999999999999998,TRAVEL,YIELD,RUNNING
323,6.46,0,-3.4538385357900112,-8.429392297996241,2.7999999999999998,3.6000000000000001,-8.1999999999999993,2.7999999999999998,TRAVEL,YIELD,RUNNING
324,6.4800000000000004,0,-3.4447034442768869,-8.4437293166210061,2.7999999999999998,3.6000000000000001,-8.1999999999999993,2.7999999999999998,TRAVEL,YIELD,RUNNING
325,6.5,0,-3.4355683527637626,-8.4580663352457712,2.7999999999999998,3.6000000000000001,-8.1999999999999993,2.7999999999999998,TRAVEL,YIELD,RUNNING
326,6.5199999999999996,0,-3.4264332612506383,-8.4724033538705363,2.7999999999999998,3.6000000000000001,-8.1999999999999993,2.7999999999999998,TRAVEL,YIELD,RUNNING
327,6.54,0,-3.417298169737514,-8.4867403724953014,2.7999999999999998,3.6000000000000001,-8.1999999999999993,2.7999999999999998,TRAVEL,YIELD,RUNNING
328,6.5599999999999996,0,-3.4081630782243897,-8.5010773911200666,2.7999999999999998,3.6000000000000001,-8.1999999999999993,2.7999999999999998,TRAVEL,YIELD,RUNNING
329,6.5800000000000001,0,-3.3990279867112654,-8.5154144097448317,2.7999999999999998,3.6000000000000001,-8.1999999999999993,2.7999999999999998,TRAVEL,YIELD,RUNNING
330,6.5999999999999996,0,-3.3898928951981411,-8.5297514283695968,2.7999999999999998,3.6000000000000001,-8.1999999999999993,2.7999999999999998,TRAVEL,YIELD,RUNNING
331,6.6200000000000001,0,-3.3807578036850168,-8.5440884469943619,2.7999999999999998,3.6000000000000001,-8.1999999999999993,2.7999999999999998,TRAVEL,YIELD,RUNNING
332,6.6399999999999997,0,-3.3716227121718925,-8.558425465619127,2.7999999999999998,3.6000000000000001,-8.1999999999999993,2.7999999999999998,TRAVEL,YIELD,RUNNING
333,6.6600000000000001,0,-3.3624876206587682,-8.5727624842438921,2.7999999999999998,3.6000000000000001,-8.1999999999999993,2.7999999999999998,TRAVEL,YIELD,RUNNING
334,6.6799999999999997,0,-3.3533525291456439,-8.5870995028686572,2.7999999999999998,3.6000000000000001,-8.1999999999999993,2.7999999999999998,TRAVEL,YIELD,RUNNING
335,6.7000000000000002,0,-3.3442174376325196,-8.6014365214934223,2.7999999999999998,3.6000000000000001,-8.1999999999999993,2.7999999999999998,TRAVEL,YIELD,RUNNING
336,6.7199999999999998,0,-3.3350823461193952,-8.6157735401181874,2.7999999999999998,3.6000000000000001,-8.1999999999999993,2.7999999999999998,TRAVEL,YIELD,RUNNING
337,6.7400000000000002,0,-3.3259472546062709,-8.6301105587429525,2.7999999999999998,3.6000000000000001,-8.1999999999999993,2.7999999999999998,TRAVEL,YIELD,RUNNING
338,6.7599999999999998,0,-3.3168121630931466,-8.6444475773677176,2.7999999999999998,3.6000000000000001,-8.1999999999999993,2.7999999999999998,TRAVEL,YIELD,RUNNING
339,6.7800000000000002,0,-3.3076770715800223,-8.6587845959924827,2.7999999999999998,3.6000000000000001,-8.1999999999999993,2.7999999999999998,TRAVEL,YIELD,RUNNING
340,6.7999999999999998,0,-3.298541980066898,-8.6731216146172478,2.7999999999999998,3.6000000000000001,-8.1999999999999993,2.7999999999999998,TRAVEL,YIELD,RUNNING
341,6.8200000000000003,0,-3.2894068885537737,-8.687458633242013,2.7999999999999998,3.6000000000000001,-8.1999999999999993,2.7999999999999998,TRAVEL,YIELD,RUNNING
342,6.8399999999999999,0,-3.2802717970406494,-8.7017956518667781,2.7999999999999998,3.6000000000000001,-8.1999999999999993,2.7999999999999998,TRAVEL,YIELD,RUNNING
343,6.8600000000000003,0,-3.2711367055275251,-8.7161326704915432,2.7999999999999998,3.6000000000000001,-8.1999999999999993,2.7999999999999998,TRAVEL,YIELD,RUNNING
344,6.8799999999999999,0,-3.2620016140144008,-8.7304696891163083,2.7999999999999998,3.6000000000000001,-8.1999999999999993,2.7999999999999998,TRAVEL,YIELD,RUNNING
345,6.9000000000000004,0,-3.2528665225012765,-8.7448067077410734,2.7999999999999998,3.6000000000000001,-8.1999999999999993,2.7999999999999998,TRAVEL,YIELD,RUNNING
346,6.9199999999999999,0,-3.2437314309881522,-8.7591437263658385,2.7999999999999998,3.6000000000000001,-8.1999999999999993,2.7999999999999998,TRAVEL,YIELD,RUNNING
347,6.9400000000000004,0,-3.2345963394750279,-8.7734807449906036,2.7999999999999998,3.6000000000000001,-8.1999999999999993,2.7999999999999998,TRAVEL,YIELD,RUNNING
348,6.96,0,-3.2254612479619036,-8.7878177636153687,2.7999999999999998,3.6000000000000001,-8.1999999999999993,2.7999999999999998,TRAVEL,YIELD,RUNNING
349,6.9800000000000004,0,-3.2163261564487793,-8.8021547822401338,2.7999999999999998,3.6000000000000001,-8.1999999999999993,2.7999999999999998,TRAVEL,YIELD,RUNNING
350,7,0,-3.207191064935655,-8.8164918008648989,2.7999999999999998,3.6000000000000001,-8.1999999999999993,2.7999999999999998,TRAVEL,YIELD,RUNNING
351,7.0199999999999996,0,-3.1980559734225307,-8.830828819489664,2.7999999999999998,3.6000000000000001,-8.1999999999999993,2.7999999999999998,TRAVEL,YIELD,RUNNING
352,7.04,0,-3.1889208819094064,-8.8451658381144291,2.7999999999999998,3.6000000000000001,-8.1999999999999993,2.7999999999999998,TRAVEL,YIELD,RUNNING
353,7.0599999999999996,0,-3.1797857903962821,-8.8595028567391942,2.7999999999999998,3.6000000000000001,-8.1999999999999993,2.7999999999999998,TRAVEL,YIELD,RUNNING
354,7.0800000000000001,0,-3.1706506988831578,-8.8738398753639594,2.7999999999999998,3.6000000000000001,-8.1999999999999993,2.7999999999999998,TRAVEL,YIELD,RUNNING
355,7.0999999999999996,0,-3.1615156073700335,-8.8881768939887245,2.7999999999999998,3.6000000000000001,-8.1999999999999993,2.7999999999999998,TRAVEL,YIELD,RUNNING
356,7.1200000000000001,0,-3.1523805158569091,-8.9025139126134896,2.7999999999999998,3.6000000000000001,-8.1999999999999993,2.7999999999999998,TRAVEL,YIELD,RUNNING
357,7.1399999999999997,0,-3.1432454243437848,-8.9168509312382547,2.7999999999999998,3.6000000000000001,-8.1999999999999993,2.7999999999999998,TRAVEL,YIELD,RUNNING
358,7.1600000000000001,0,-3.1341103328306605,-8.9311879498630198,2.7999999999999998,3.6000000000000001,-8.1999999999999993,2.7999999999999998,TRAVEL,YIELD,RUNNING
359,7.1799999999999997,0,-3.1249752413175362,-8.9455249684877849,2.7999999999999998,3.6000000000000001,-8.1999999999999993,2.7999999999999998,TRAVEL,YIELD,RUNNING
360,7.2000000000000002,0,-3.1158401498044119,-8.95986198711255,2.7999999999999998,3.6000000000000001,-8.1999999999999993,2.7999999999999998,TRAVEL,YIELD,RUNNING
361,7.2199999999999998,0,-3.1067050582912876,-8.9741990057373151,2.7999999999999998,3.6000000000000001,-8.1999999999999993,2.7999999999999998,TRAVEL,YIELD,RUNNING
362,7.2400000000000002,0,-3.0975699667781633,-8.9885360243620802,2.7999999999999998,3.6000000000000001,-8.1999999999999993,2.7999999999999998,TRAVEL,YIELD,RUNNING
363,7.2599999999999998,0,-3.088434875265039,-9.0028730429868453,2.7999999999999998,3.6000000000000001,-8.1999999999999993,2.7999999999999998,TRAVEL,YIELD,RUNNING
364,7.2800000000000002,0,-3.0792997837519147,-9.0172100616116104,2.7999999999999998,3.6000000000000001,-8.1999999999999993,2.7999999999999998,TRAVEL,YIELD,RUNNING
365,7.2999999999999998,0,-3.0701646922387904,-9.0315470802363755,2.7999999999999998,3.6000000000000001,-8.1999999999999993,2.7999999999999998,TRAVEL,YIELD,RUNNING
366,7.3200000000000003,0,-3.0610296007256661,-9.0458840988611406,2.7999999999999998,3.6000000000000001,-8.1999999999999993,2.7999999999999998,TRAVEL,YIELD,RUNNING
367,7.3399999999999999,0,-3.0518945092125418,-9.0602211174859058,2.7999999999999998,3.6000000000000001,-8.1999999999999993,2.7999999999999998,TRAVEL,YIELD,RUNNING
368,7.3600000000000003,0,-3.0427594176994175,-9.0745581361106709,2.7999999999999998,3.6000000000000001,-8.1999999999999993,2.7999999999999998,TRAVEL,YIELD,RUNNING
369,7.3799999999999999,0,-3.0336243261862932,-9.088895154735436,2.7999999999999998,3.6000000000000001,-8.1999999999999993,2.7999999999999998,TRAVEL,YIELD,RUNNING
370,7.4000000000000004,0,-3.0244892346731689,-9.1032321733602011,2.7999999999999998,3.6000000000000001,-8.1999999999999993,2.7999999999999998,TRAVEL,YIELD,RUNNING
371,7.4199999999999999,0,-3.0153541431600446,-9.1175691919849662,2.7999999999999998,3.6000000000000001,-8.1999999999999993,2.7999999999999998,TRAVEL,YIELD,RUNNING
372,7.4400000000000004,0,-3.0062190516469203,-9.1319062106097313,2.7999999999999998,3.6000000000000001,-8.1999999999999993,2.7999999999999998,TRAVEL,YIELD,RUNNING
373,7.46,0,-2.997083960133796,-9.1462432292344964,2.7999999999999998,3.6000000000000001,-8.1999999999999993,2.7999999999999998,TRAVEL,YIELD,RUNNING
374,7.4800000000000004,0,-2.9879488686206717,-9.1605802478592615,2.7999999999999998,3.6000000000000001,-8.1999999999999993,2.7999999999999998,TRAVEL,YIELD,RUNNING
375,7.5,0,-2.9788137771075474,-9.1749172664840266,2.7999999999999998,3.6000000000000001,-8.1999999999999993,2.7999999999999998,TRAVEL,YIELD,RUNNING
376,7.5199999999999996,0,-2.9696786855944231,-9.1892542851087917,2.7999999999999998,3.6000000000000001,-8.1999999999999993,2.7999999999999998,TRAVEL,YIELD,RUNNING
377,7.54,0,-2.9605435940812987,-9.2035913037335568,2.7999999999999998,3.6000000000000001,-8.1999999999999993,2.7999999999999998,TRAVEL,YIELD,RUNNING
378,7.5599999999999996,0,-2.9514085025681744,-9.2179283223583219,2.7999999999999998,3.6000000000000001,-8.1999999999999993,2.7999999999999998,TRAVEL,YIELD,RUNNING
379,7.5800000000000001,0,-2.9422734110550501,-9.232265340983087,2.7999999999999998,3.6000000000000001,-8.1999999999999993,2.7999999999999998,TRAVEL,YIELD,RUNNING
380,7.5999999999999996,0,-2.9331383195419258,-9.2466023596078522,2.7999999999999998,3.6000000000000001,-8.1999999999999993,2.7999999999999998,TRAVEL,YIELD,RUNNING
381,7.6200000000000001,0,-2.9240032280288015,-9.2609393782326173,2.7999999999999998,3.6000000000000001,-8.1999999999999993,2.7999999999999998,TRAVEL,YIELD,RUNNING
382,7.6399999999999997,0,-2.9148681365156772,-9.2752763968573824,2.7999999999999998,3.6000000000000001,-8.1999999999999993,2.7999999999999998,TRAVEL,YIELD,RUNNING
383,7.6600000000000001,0,-2.9057330450025529,-9.2896134154821475,2.7999999999999998,3.6000000000000001,-8.1999999999999993,2.7999999999999998,TRAVEL,YIELD,RUNNING
384,7.6799999999999997,0,-2.8965979534894286,-9.3039504341069126,2.7999999999999998,3.6000000000000001,-8.1999999999999993,2.7999999999999998,TRAVEL,YIELD,RUNNING
385,7.7000000000000002,0,-2.8874628619763043,-9.3182874527316777,2.7999999999999998,3.6000000000000001,-8.1999999999999993,2.7999999999999998,TRAVEL,YIELD,RUNNING
386,7.7199999999999998,0,-2.87832777046318,-9.3326244713564428,2.7999999999999998,3.6000000000000001,-8.1999999999999993,2.7999999999999998,TRAVEL,YIELD,RUNNING
387,7.7400000000000002,0,-2.8691926789500557,-9.3469614899812079,2.7999999999999998,3.6000000000000001,-8.1999999999999993,2.7999999999999998,TRAVEL,YIELD,RUNNING
388,7.7599999999999998,0,-2.8600575874369314,-9.361298508605973,2.7999999999999998,3.6000000000000001,-8.1999999999999993,2.7999999999999998,TRAVEL,YIELD,RUNNING
389,7.7800000000000002,0,-2.8509224959238071,-9.3756355272307381,2.7999999999999998,3.6000000000000001,-8.1999999999999993,2.7999999999999998,TRAVEL,YIELD,RUNNING
390,7.7999999999999998,0,-2.8417874044106828,-9.3899725458555032,2.7999999999999998,3.6000000000000001,-8.1999999999999993,2.7999999999999998,TRAVEL,YIELD,RUNNING
391,7.8200000000000003,0,-2.8326523128975585,-9.4043095644802683,2.7999999999999998,3.6000000000000001,-8.1999999999999993,2.7999999999999998,TRAVEL,YIELD,RUNNING
392,7.8399999999999999,0,-2.8235172213844342,-9.4186465831050334,2.7999999999999998,3.6000000000000001,-8.1999999999999993,2.7999999999999998,TRAVEL,YIELD,RUNNING
393,7.8600000000000003,0,-2.8143821298713099,-9.4329836017297986,2.7999999999999998,3.6000000000000001,-8.1999999999999993,2.7999999999999998,TRAVEL,YIELD,RUNNING
394,7.8799999999999999,0,-2.8052470383581856,-9.4473206203545637,2.7999999999999998,3.6000000000000001,-8.1999999999999993,2.7999999999999998,TRAVEL,YIELD,RUNNING
395,7.9000000000000004,0,-2.7961119468450613,-9.4616576389793288,2.7999999999999998,3.6000000000000001,-8.1999999999999993,2.7999999999999998,TRAVEL,YIELD,RUNNING
396,7.9199999999999999,0,-2.786976855331937,-9.4759946576040939,2.7999999999999998,3.6000000000000001,-8.1999999999999993,2.7999999999999998,TRAVEL,YIELD,RUNNING
397,7.9400000000000004,0,-2.7778417638188126,-9.490331676228859,2.7999999999999998,3.6000000000000001,-8.1999999999999993,2.7999999999999998,TRAVEL,YIELD,RUNNING
398,7.96,0,-2.7687066723056883,-9.5046686948536241,2.7999999999999998,3.6000000000000001,-8.1999999999999993,2.7999999999999998,TRAVEL,YIELD,RUNNING
399,7.9800000000000004,0,-2.759571580792564,-9.5190057134783892,2.7999999999999998,3.6000000000000001,-8.1999999999999993,2.7999999999999998,TRAVEL,YIELD,RUNNING
400,8,0,-2.7504364892794397,-9.5333427321031543,2.7999999999999998,3.6000000000000001,-8.1999999999999993,2.7999999999999998,TRAVEL,YIELD,RUNNING
401,8.0199999999999996,0,-2.7413013977663154,-9.5476797507279194,2.7999999999999998,3.6000000000000001,-8.1999999999999993,2.7999999999999998,TRAVEL,YIELD,RUNNING
402,8.0399999999999991,0,-2.7321663062531911,-9.5620167693526845,2.7999999999999998,3.6000000000000001,-8.1999999999999993,2.7999999999999998,TRAVEL,YIELD,RUNNING
403,8.0600000000000005,0,-2.7230312147400668,-9.5763537879774496,2.7999999999999998,3.6000000000000001,-8.1999999999999993,2.7999999999999998,TRAVEL,YIELD,RUNNING
404,8.0800000000000001,0,-2.7138961232269425,-9.5906908066022147,2.7999999999999998,3.6000000000000001,-8.1999999999999993,2.7999999999999998,TRAVEL,YIELD,RUNNING
405,8.0999999999999996,0,-2.7047610317138182,-9.6050278252269798,2.7999999999999998,3.6000000000000001,-8.1999999999999993,2.7999999999999998,TRAVEL,YIELD,RUNNING
406,8.1199999999999992,0,-2.6956259402006939,-9.619364843851745,2.7999999999999998,3.6000000000000001,-8.1999999999999993,2.7999999999999998,TRAVEL,YIELD,RUNNING
407,8.1400000000000006,0,-2.6864908486875696,-9.6337018624765101,2.7999999999999998,3.6000000000000001,-8.1999999999999993,2.7999999999999998,TRAVEL,YIELD,RUNNING
408,8.1600000000000001,0,-2.6773557571744453,-9.6480388811012752,2.7999999999999998,3.6000000000000001,-8.1999999999999993,2.7999999999999998,TRAVEL,YIELD,RUNNING
409,8.1799999999999997,0,-2.668220665661321,-9.6623758997260403,2.7999999999999998,3.6000000000000001,-8.1999999999999993,2.7999999999999998,TRAVEL,YIELD,RUNNING
410,8.1999999999999993,0,-2.6590855741481967,-9.6767129183508054,2.7999999999999998,3.6000000000000001,-8.1999999999999993,2.7999999999999998,TRAVEL,YIELD,RUNNING
411,8.2200000000000006,0,-2.6499504826350724,-9.6910499369755705,2.7999999999999998,3.6000000000000001,-8.1999999999999993,2.7999999999999998,TRAVEL,YIELD,RUNNING
412,8.2400000000000002,0,-2.6408153911219481,-9.7053869556003356,2.7999999999999998,3.6000000000000001,-8.1999999999999993,2.7999999999999998,TRAVEL,YIELD,RUNNING
413,8.2599999999999998,0,-2.6316802996088238,-9.7197239742251007,2.7999999999999998,3.6000000000000001,-8.1999999999999993,2.7999999999999998,TRAVEL,YIELD,RUNNING
414,8.2799999999999994,0,-2.6225452080956995,-9.7340609928498658,2.7999999999999998,3.6000000000000001,-8.1999999999999993,2.7999999999999998,TRAVEL,YIELD,RUNNING
415,8.3000000000000007,0,-2.6134101165825752,-9.7483980114746309,2.7999999999999998,3.6000000000000001,-8.1999999999999993,2.7999999999999998,TRAVEL,YIELD,RUNNING
416,8.3200000000000003,0,-2.6042750250694509,-9.762735030099396,2.7999999999999998,3.6000000000000001,-8.1999999999999993,2.7999999999999998,TRAVEL,YIELD,RUNNING
417,8.3399999999999999,0,-2.5951399335563266,-9.7770720487241611,2.7999999999999998,3.6000000000000001,-8.1999999999999993,2.7999999999999998,TRAVEL,YIELD,RUNNING
418,8.3599999999999994,0,-2.5860048420432022,-9.7914090673489262,2.7999999999999998,3.6000000000000001,-8.1999999999999993,2.7999999999999998,TRAVEL,YIELD,RUNNING
419,8.3800000000000008,0,-2.5768697505300779,-9.8057460859736914,2.7999999999999998,3.6000000000000001,-8.1999999999999993,2.7999999999999998,TRAVEL,YIELD,RUNNING
420,8.4000000000000004,0,-2.5677346590169536,-9.8200831045984565,2.7999999999999998,3.6000000000000001,-8.1999999999999993,2.7999999999999998,TRAVEL,YIELD,RUNNING
421,8.4199999999999999,0,-2.5585995675038293,-9.8344201232232216,2.7999999999999998,3.6000000000000001,-8.1999999999999993,2.7999999999999998,TRAVEL,YIELD,RUNNING
422,8.4399999999999995,0,-2.549464475990705,-9.8487571418479867,2.7999999999999998,3.6000000000000001,-8.1999999999999993,2.7999999999999998,TRAVEL,YIELD,RUNNING
423,8.4600000000000009,0,-2.5403293844775807,-9.8630941604727518,2.7999999999999998,3.6000000000000001,-8.1999999999999993,2.7999999999999998,TRAVEL,YIELD,RUNNING
424,8.4800000000000004,0,-2.5311942929644564,-9.8774311790975169,2.7999999999999998,3.6000000000000001,-8.1999999999999993,2.7999999999999998,TRAVEL,YIELD,RUNNING
425,8.5,0,-2.5220592014513321,-9.891768197722282,2.7999999999999998,3.6000000000000001,-8.1999999999999993,2.7999999999999998,TRAVEL,YIELD,RUNNING
426,8.5199999999999996,0,-2.5129241099382078,-9.9061052163470471,2.7999999999999998,3.6000000000000001,-8.1999999999999993,2.7999999999999998,TRAVEL,YIELD,RUNNING
427,8.5399999999999991,0,-2.5037890184250835,-9.9204422349718122,2.7999999999999998,3.6000000000000001,-8.1999999999999993,2.7999999999999998,TRAVEL,YIELD,RUNNING
428,8.5600000000000005,0,-2.4946539269119592,-9.9347792535965773,2.7999999999999998,3.6000000000000001,-8.1999999999999993,2.7999999999999998,TRAVEL,YIELD,RUNNING
429,8.5800000000000001,0,-2.4855188353988349,-9.9491162722213424,2.7999999999999998,3.6000000000000001,-8.1999999999999993,2.7999999999999998,TRAVEL,YIELD,RUNNING
430,8.5999999999999996,0,-2.4763837438857106,-9.9634532908461075,2.7999999999999998,3.6000000000000001,-8.1999999999999993,2.7999999999999998,TRAVEL,YIELD,RUNNING
431,8.6199999999999992,0,-2.4672486523725863,-9.9777903094708726,2.7999999999999998,3.6000000000000001,-8.1999999999999993,2.7999999999999998,TRAVEL,YIELD,RUNNING
432,8.6400000000000006,0,-2.458113560859462,-9.9921273280956378,2.7999999999999998,3.6000000000000001,-8.1999999999999993,2.7999999999999998,TRAVEL,YIELD,RUNNING
433,8.6600000000000001,0,-2.4489784693463377,-10.006464346720403,2.7999999999999998,3.6000000000000001,-8.1999999999999993,2.7999999999999998,TRAVEL,YIELD,RUNNING
434,8.6799999999999997,0,-2.4398433778332134,-10.020801365345168,2.7999999999999998,3.6000000000000001,-8.1999999999999993,2.7999999999999998,TRAVEL,YIELD,RUNNING
435,8.6999999999999993,0,-2.4307082863200891,-10.035138383969933,2.7999999999999998,3.6000000000000001,-8.1999999999999993,2.7999999999999998,TRAVEL,YIELD,RUNNING
436,8.7200000000000006,0,-2.4215731948069648,-10.049475402594698,2.7999999999999998,3.6000000000000001,-8.1999999999999993,2.7999999999999998,TRAVEL,YIELD,RUNNING
437,8.7400000000000002,0,-2.4124381032938405,-10.063812421219463,2.7999999999999998,3.6000000000000001,-8.1999999999999993,2.7999999999999998,TRAVEL,YIELD,RUNNING
438,8.7599999999999998,0,-2.4033030117807161,-10.078149439844228,2.7999999999999998,3.6000000000000001,-8.1999999999999993,2.7999999999999998,TRAVEL,YIELD,RUNNING
439,8.7799999999999994,0,-2.3941679202675918,-10.092486458468994,2.7999999999999998,3.6000000000000001,-8.1999999999999993,2.7999999999999998,TRAVEL,YIELD,RUNNING
440,8.8000000000000007,0,-2.3850328287544675,-10.106823477093759,2.7999999999999998,3.6000000000000001,-8.1999999999999993,2.7999999999999998,TRAVEL,YIELD,RUNNING
441,8.8200000000000003,0,-2.3758977372413432,-10.121160495718524,2.7999999999999998,3.6000000000000001,-8.1999999999999993,2.7999999999999998,TRAVEL,YIELD,RUNNING
442,8.8399999999999999,0,-2.3667626457282189,-10.135497514343289,2.7999999999999998,3.6000000000000001,-8.1999999999999993,2.7999999999999998,TRAVEL,YIELD,RUNNING
443,8.8599999999999994,0,-2.3576275542150946,-10.149834532968054,2.7999999999999998,3.6000000000000001,-8.1999999999999993,2.7999999999999998,TRAVEL,YIELD,RUNNING
444,8.8800000000000008,0,-2.3484924627019703,-10.164171551592819,2.7999999999999998,3.6000000000000001,-8.1999999999999993,2.7999999999999998,TRAVEL,YIELD,RUNNING
445,8.9000000000000004,0,-2.339357371188846,-10.178508570217584,2.7999999999999998,3.6000000000000001,-8.1999999999999993,2.7999999999999998,TRAVEL,YIELD,RUNNING
446,8.9199999999999999,0,-2.3302222796757217,-10.192845588842349,2.7999999999999998,3.6000000000000001,-8.1999999999999993,2.7999999999999998,TRAVEL,YIELD,RUNNING
447,8.9399999999999995,0,-2.3210871881625974,-10.207182607467114,2.7999999999999998,3.6000000000000001,-8.1999999999999993,2.7999999999999998,TRAVEL,YIELD,RUNNING
448,8.9600000000000009,0,-2.3119520966494731,-10.221519626091879,2.7999999999999998,3.6000000000000001,-8.1999999999999993,2.7999999999999998,TRAVEL,YIELD,RUNNING
449,8.9800000000000004,0,-2.3028170051363488,-10.235856644716645,2.7999999999999998,3.6000000000000001,-8.1999999999999993,2.7999999999999998,TRAVEL,YIELD,RUNNING
450,9,0,-2.2936819136232245,-10.25019366334141,2.7999999999999998,3.6000000000000001,-8.1999999999999993,2.7999999999999998,TRAVEL,YIELD,RUNNING
451,9.0199999999999996,0,-2.2845468221101002,-10.264530681966175,2.7999999999999998,3.6000000000000001,-8.1999999999999993,2.7999999999999998,TRAVEL,YIELD,RUNNING
452,9.0399999999999991,0,-2.2754117305969759,-10.27886770059094,2.7999999999999998,3.6000000000000001,-8.1999999999999993,2.7999999999999998,TRAVEL,YIELD,RUNNING
453,9.0600000000000005,0,-2.2662766390838516,-10.293204719215705,2.7999999999999998,3.6000000000000001,-8.1999999999999993,2.7999999999999998,TRAVEL,YIELD,RUNNING
454,9.0800000000000001,0,-2.2571415475707273,-10.30754173784047,2.7999999999999998,3.6000000000000001,-8.1999999999999993,2.7999999999999998,TRAVEL,YIELD,RUNNING
455,9.0999999999999996,0,-2.248006456057603,-10.321878756465235,2.7999999999999998,3.6000000000000001,-8.1999999999999993,2.7999999999999998,TRAVEL,YIELD,RUNNING
456,9.1199999999999992,0,-2.2388713645444787,-10.33621577509,2.7999999999999998,3.6000000000000001,-8.1999999999999993,2.7999999999999998,TRAVEL,YIELD,RUNNING
457,9.1400000000000006,0,-2.2297362730313544,-10.350552793714765,2.7999999999999998,3.6000000000000001,-8.1999999999999993,2.7999999999999998,TRAVEL,YIELD,RUNNING
458,9.1600000000000001,0,-2.22060118151823,-10.364889812339531,2.7999999999999998,3.6000000000000001,-8.1999999999999993,2.7999999999999998,TRAVEL,YIELD,RUNNING
459,9.1799999999999997,0,-2.2114660900051057,-10.379226830964296,2.7999999999999998,3.6000000000000001,-8.1999999999999993,2.7999999999999998,TRAVEL,YIELD,RUNNING
460,9.1999999999999993,0,-2.2023309984919814,-10.393563849589061,2.7999999999999998,3.6000000000000001,-8.1999999999999993,2.7999999999999998,TRAVEL,YIELD,RUNNING
461,9.2200000000000006,0,-2.1931959069788571,-10.407900868213826,2.7999999999999998,3.6000000000000001,-8.1999999999999993,2.7999999999999998,TRAVEL,YIELD,RUNNING
462,9.2400000000000002,0,-2.1840608154657328,-10.422237886838591,2.7999999999999998,3.6000000000000001,-8.1999999999999993,2.7999999999999998,TRAVEL,YIELD,RUNNING
463,9.2599999999999998,0,-2.1749257239526085,-10.436574905463356,2.7999999999999998,3.6000000000000001,-8.1999999999999993,2.7999999999999998,TRAVEL,YIELD,RUNNING
464,9.2799999999999994,0,-2.1657906324394842,-10.450911924088121,2.7999999999999998,3.6000000000000001,-8.1999999999999993,2.7999999999999998,TRAVEL,YIELD,RUNNING
465,9.3000000000000007,0,-2.1566555409263599,-10.465248942712886,2.7999999999999998,3.6000000000000001,-8.1999999999999993,2.7999999999999998,TRAVEL,YIELD,RUNNING
466,9.3200000000000003,0,-2.1475204494132356,-10.479585961337651,2.7999999999999998,3.6000000000000001,-8.1999999999999993,2.7999999999999998,TRAVEL,YIELD,RUNNING
467,9.3399999999999999,0,-2.1383853579001113,-10.493922979962417,2.7999999999999998,3.6000000000000001,-8.1999999999999993,2.7999999999999998,TRAVEL,YIELD,RUNNING
468,9.3599999999999994,0,-2.129250266386987,-10.508259998587182,2.7999999999999998,3.6000000000000001,-8.1999999999999993,2.7999999999999998,TRAVEL,YIELD,RUNNING
469,9.3800000000000008,0,-2.1201151748738627,-10.522597017211947,2.7999999999999998,3.6000000000000001,-8.1999999999999993,2.7999999999999998,TRAVEL,YIELD,RUNNING
470,9.4000000000000004,0,-2.1109800833607384,-10.536934035836712,2.7999999999999998,3.6000000000000001,-8.1999999999999993,2.7999999999999998,TRAVEL,YIELD,RUNNING
471,9.4199999999999999,0,-2.1018449918476141,-10.551271054461477,2.7999999999999998,3.6000000000000001,-8.1999999999999993,2.7999999999999998,TRAVEL,YIELD,RUNNING
472,9.4399999999999995,0,-2.0927099003344898,-10.565608073086242,2.7999999999999998,3.6000000000000001,-8.1999999999999993,2.7999999999999998,TRAVEL,YIELD,RUNNING
473,9.4600000000000009,0,-2.0835748088213655,-10.579945091711007,2.7999999999999998,3.6000000000000001,-8.1999999999999993,2.7999999999999998,TRAVEL,YIELD,RUNNING
474,9.4800000000000004,0,-2.0744397173082412,-10.594282110335772,2.7999999999999998,3.6000000000000001,-8.1999999999999993,2.7999999999999998,TRAVEL,YIELD,RUNNING
475,9.5,0,-2.0653046257951169,-10.608619128960537,2.7999999999999998,3.6000000000000001,-8.1999999999999993,2.7999999999999998,TRAVEL,YIELD,RUNNING
476,9.5199999999999996,0,-2.0561695342819926,-10.622956147585302,2.7999999999999998,3.6000000000000001,-8.1999999999999993,2.7999999999999998,TRAVEL,YIELD,RUNNING
477,9.5399999999999991,0,-2.0470344427688683,-10.637293166210068,2.7999999999999998,3.6000000000000001,-8.1999999999999993,2.7999999999999998,TRAVEL,YIELD,RUNNING
478,9.5600000000000005,0,-2.037899351255744,-10.651630184834833,2.7999999999999998,3.6000000000000001,-8.1999999999999993,2.7999999999999998,TRAVEL,YIELD,RUNNING
479,9.5800000000000001,0,-2.0287642597426196,-10.665967203459598,2.7999999999999998,3.6000000000000001,-8.1999999999999993,2.7999999999999998,TRAVEL,YIELD,RUNNING
480,9.5999999999999996,0,-2.0196291682294953,-10.680304222084363,2.7999999999999998,3.6000000000000001,-8.1999999999999993,2.7999999999999998,TRAVEL,YIELD,RUNNING
481,9.6199999999999992,0,-2.010494076716371,-10.694641240709128,2.7999999999999998,3.6000000000000001,-8.1999999999999993,2.7999999999999998,TRAVEL,YIELD,RUNNING
482,9.6400000000000006,0,-2.0013589852032467,-10.708978259333893,2.7999999999999998,3.6000000000000001,-8.1999999999999993,2.7999999999999998,TRAVEL,YIELD,RUNNING
483,9.6600000000000001,0,-1.9922238936901224,-10.723315277958658,2.7999999999999998,3.6000000000000001,-8.1999999999999993,2.7999999999999998,TRAVEL,YIELD,RUNNING
484,9.6799999999999997,0,-1.9830888021769981,-10.737652296583423,2.7999999999999998,3.6000000000000001,-8.1999999999999993,2.7999999999999998,TRAVEL,YIELD,RUNNING
485,9.6999999999999993,0,-1.9739537106638738,-10.751989315208188,2.7999999999999998,3.6000000000000001,-8.1999999999999993,2.7999999999999998,TRAVEL,YIELD,RUNNING
486,9.7200000000000006,0,-1.9648186191507495,-10.766326333832954,2.7999999999999998,3.6000000000000001,-8.1999999999999993,2.7999999999999998,TRAVEL,YIELD,RUNNING
487,9.7400000000000002,0,-1.9556835276376252,-10.780663352457719,2.7999999999999998,3.6000000000000001,-8.1999999999999993,2.7999999999999998,TRAVEL,YIELD,RUNNING
488,9.7599999999999998,0,-1.9465484361245009,-10.795000371082484,2.7999999999999998,3.6000000000000001,-8.1999999999999993,2.7999999999999998,TRAVEL,YIELD,RUNNING
489,9.7799999999999994,0,-1.9374133446113766,-10.809337389707249,2.7999999999999998,3.6000000000000001,-8.1999999999999993,2.7999999999999998,TRAVEL,YIELD,RUNNING
490,9.8000000000000007,0,-1.9282782530982523,-10.823674408332014,2.7999999999999998,3.6000000000000001,-8.1999999999999993,2.7999999999999998,TRAVEL,YIELD,RUNNING
491,9.8200000000000003,0,-1.919143161585128,-10.838011426956779,2.7999999999999998,3.6000000000000001,-8.1999999999999993,2.7999999999999998,TRAVEL,YIELD,RUNNING
492,9.8399999999999999,0,-1.9100080700720037,-10.852348445581544,2.7999999999999998,3.6000000000000001,-8.1999999999999993,2.7999999999999998,TRAVEL,YIELD,RUNNING
493,9.8599999999999994,0,-1.9008729785588794,-10.866685464206309,2.7999999999999998,3.6000000000000001,-8.1999999999999993,2.7999999999999998,TRAVEL,YIELD,RUNNING
494,9.8800000000000008,0,-1.8917378870457551,-10.881022482831074,2.7999999999999998,3.6000000000000001,-8.1999999999999993,2.7999999999999998,TRAVEL,YIELD,RUNNING
495,9.9000000000000004,0,-1.8826027955326308,-10.89535950145584,2.7999999999999998,3.6000000000000001,-8.1999999999999993,2.7999999999999998,TRAVEL,YIELD,RUNNING
496,9.9199999999999999,0,-1.8734677040195065,-10.909696520080605,2.7999999999999998,3.6000000000000001,-8.1999999999999993,2.7999999999999998,TRAVEL,YIELD,RUNNING
497,9.9399999999999995,0,-1.8643326125063822,-10.92403353870537,2.7999999999999998,3.6000000000000001,-8.1999999999999993,2.7999999999999998,TRAVEL,YIELD,RUNNING
498,9.9600000000000009,0,-1.8551975209932579,-10.938370557330135,2.7999999999999998,3.6000000000000001,-8.1999999999999993,2.7999999999999998,TRAVEL,YIELD,RUNNING
499,9.9800000000000004,0,-1.8460624294801335,-10.9527075759549,2.7999999999999998,3.6000000000000001,-8.1999999999999993,2.7999999999999998,TRAVEL,YIELD,RUNNING
500,10,0,-1.8369273379670092,-10.967044594579665,2.7999999999999998,3.6000000000000001,-8.1999999999999993,2.7999999999999998,TRAVEL,YIELD,RUNNING
501,10.02,0,-1.8277922464538849,-10.98138161320443,2.7999999999999998,3.6000000000000001,-8.1999999999999993,2.7999999999999998,TRAVEL,YIELD,RUNNING
502,10.039999999999999,0,-1.8186571549407606,-10.995718631829195,2.7999999999999998,3.6000000000000001,-8.1999999999999993,2.7999999999999998,TRAVEL,YIELD,RUNNING
503,10.06,0,-1.8095220634276363,-11.01005565045396,2.7999999999999998,3.6000000000000001,-8.1999999999999993,2.7999999999999998,TRAVEL,YIELD,RUNNING
504,10.08,0,-1.800386971914512,-11.024392669078726,2.7999999999999998,3.6000000000000001,-8.1999999999999993,2.7999999999999998,TRAVEL,YIELD,RUNNING
505,10.1,0,-1.7912518804013877,-11.038729687703491,2.7999999999999998,3.6000000000000001,-8.1999999999999993,2.7999999999999998,TRAVEL,YIELD,RUNNING
506,10.119999999999999,0,-1.7821167888882634,-11.053066706328256,2.7999999999999998,3.6000000000000001,-8.1999999999999993,2.7999999999999998,TRAVEL,YIELD,RUNNING
507,10.140000000000001,0,-1.7729816973751391,-11.067403724953021,2.7999999999999998,3.6000000000000001,-8.1999999999999993,2.7999999999999998,TRAVEL,YIELD,RUNNING
508,10.16,0,-1.7638466058620148,-11.081740743577786,2.7999999999999998,3.6000000000000001,-8.1999999999999993,2.7999999999999998,TRAVEL,YIELD,RUNNING
509,10.18,0,-1.7547115143488905,-11.096077762202551,2.7999999999999998,3.6000000000000001,-8.1999999999999993,2.7999999999999998,TRAVEL,YIELD,RUNNING
510,10.199999999999999,0,-1.7455764228357662,-11.110414780827316,2.7999999999999998,3.6000000000000001,-8.1999999999999993,2.7999999999999998,TRAVEL,YIELD,RUNNING
510,10.199999999999999,1,-1.7455764228357662,-11.110414780827316,2.7999999999999998,3.6000000000000001,-8.1999999999999993,2.7999999999999998,TRAVEL,YIELD,RUNNING
510,10.199999999999999,1,-1.7455764228357662,-11.110414780827316,2.7999999999999998,3.6000000000000001,-8.1999999999999993,2.7999999999999998,TRAVEL,YIELD,RUNNING
510,10.199999999999999,1,-1.7455764228357662,-11.110414780827316,2.7999999999999998,3.6000000000000001,-8.1999999999999993,2.7999999999999998,TRAVEL,YIELD,RUNNING
510,10.199999999999999,1,-1.7455764228357662,-11.110414780827316,2.7999999999999998,3.6000000000000001,-8.1999999999999993,2.7999999999999998,TRAVEL,YIELD,RUNNING
510,10.199999999999999,1,-1.7455764228357662,-11.110414780827316,2.7999999999999998,3.6000000000000001,-8.1999999999999993,2.7999999999999998,TRAVEL,YIELD,RUNNING
510,10.199999999999999,1,-1.7455764228357662,-11.110414780827316,2.7999999999999998,3.6000000000000001,-8.1999999999999993,2.7999999999999998,TRAVEL,YIELD,RUNNING
510,10.199999999999999,1,-1.7455764228357662,-11.110414780827316,2.7999999999999998,3.6000000000000001,-8.1999999999999993,2.7999999999999998,TRAVEL,YIELD,RUNNING
510,10.199999999999999,1,-1.7455764228357662,-11.110414780827316,2.7999999999999998,3.6000000000000001,-8.1999999999999993,2.7999999999999998,TRAVEL,YIELD,RUNNING
510,10.199999999999999,1,-1.7455764228357662,-11.110414780827316,2.7999999999999998,3.6000000000000001,-8.1999999999999993,2.7999999999999998,TRAVEL,YIELD,RUNNING
510,10.199999999999999,1,-1.7455764228357662,-11.110414780827316,2.7999999999999998,3.6000000000000001,-8.1999999999999993,2.7999999999999998,TRAVEL,YIELD,RUNNING
510,10.199999999999999,1,-1.7455764228357662,-11.110414780827316,2.7999999999999998,3.6000000000000001,-8.1999999999999993,2.7999999999999998,TRAVEL,YIELD,RUNNING
510,10.199999999999999,1,-1.7455764228357662,-11.110414780827316,2.7999999999999998,3.6000000000000001,-8.1999999999999993,2.7999999999999998,TRAVEL,YIELD,RUNNING
510,10.199999999999999,1,-1.7455764228357662,-11.110414780827316,2.7999999999999998,3.6000000000000001,-8.1999999999999993,2.7999999999999998,TRAVEL,YIELD,RUNNING
510,10.199999999999999,1,-1.7455764228357662,-11.110414780827316,2.7999999999999998,3.6000000000000001,-8.1999999999999993,2.7999999999999998,TRAVEL,YIELD,RUNNING
510,10.199999999999999,1,-1.7455764228357662,-11.110414780827316,2.7999999999999998,3.6000000000000001,-8.1999999999999993,2.7999999999999998,TRAVEL,YIELD,RUNNING
510,10.199999999999999,1,-1.7455764228357662,-11.110414780827316,2.7999999999999998,3.6000000000000001,-8.1999999999999993,2.7999999999999998,TRAVEL,YIELD,RUNNING
510,10.199999999999999,1,-1.7455764228357662,-11.110414780827316,2.7999999999999998,3.6000000000000001,-8.1999999999999993,2.7999999999999998,TRAVEL,YIELD,RUNNING
510,10.199999999999999,1,-1.7455764228357662,-11.110414780827316,2.7999999999999998,3.6000000000000001,-8.1999999999999993,2.7999999999999998,TRAVEL,YIELD,RUNNING
510,10.199999999999999,1,-1.7455764228357662,-11.110414780827316,2.7999999999999998,3.6000000000000001,-8.1999999999999993,2.7999999999999998,TRAVEL,YIELD,RUNNING
510,10.199999999999999,1,-1.7455764228357662,-11.110414780827316,2.7999999999999998,3.6000000000000001,-8.1999999999999993,2.7999999999999998,TRAVEL,YIELD,RUNNING
510,10.199999999999999,1,-1.7455764228357662,-11.110414780827316,2.7999999999999998,3.6000000000000001,-8.1999999999999993,2.7999999999999998,TRAVEL,YIELD,RUNNING
510,10.199999999999999,1,-1.7455764228357662,-11.110414780827316,2.7999999999999998,3.6000000000000001,-8.1999999999999993,2.7999999999999998,TRAVEL,YIELD,RUNNING
510,10.199999999999999,1,-1.7455764228357662,-11.110414780827316,2.7999999999999998,3.6000000000000001,-8.1999999999999993,2.7999999999999998,TRAVEL,YIELD,RUNNING
510,10.199999999999999,1,-1.7455764228357662,-11.110414780827316,2.7999999999999998,3.6000000000000001,-8.1999999999999993,2.7999999999999998,TRAVEL,YIELD,RUNNING
510,10.199999999999999,1,-1.7455764228357662,-11.110414780827316,2.7999999999999998,3.6000000000000001,-8.1999999999999993,2.7999999999999998,TRAVEL,YIELD,RUNNING
510,10.199999999999999,1,-1.7455764228357662,-11.110414780827316,2.7999999999999998,3.6000000000000001,-8.1999999999999993,2.7999999999999998,TRAVEL,YIELD,RUNNING
510,10.199999999999999,1,-1.7455764228357662,-11.110414780827316,2.7999999999999998,3.6000000000000001,-8.1999999999999993,2.7999999999999998,TRAVEL,YIELD,RUNNING
510,10.199999999999999,1,-1.7455764228357662,-11.110414780827316,2.7999999999999998,3.6000000000000001,-8.1999999999999993,2.7999999999999998,TRAVEL,YIELD,RUNNING
510,10.199999999999999,1,-1.7455764228357662,-11.110414780827316,2.7999999999999998,3.6000000000000001,-8.1999999999999993,2.7999999999999998,TRAVEL,YIELD,RUNNING
510,10.199999999999999,1,-1.7455764228357662,-11.110414780827316,2.7999999999999998,3.6000000000000001,-8.1999999999999993,2.7999999999999998,TRAVEL,YIELD,RUNNING
510,10.199999999999999,1,-1.7455764228357662,-11.110414780827316,2.7999999999999998,3.6000000000000001,-8.1999999999999993,2.7999999999999998,TRAVEL,YIELD,RUNNING
510,10.199999999999999,1,-1.7455764228357662,-11.110414780827316,2.7999999999999998,3.6000000000000001,-8.1999999999999993,2.7999999999999998,TRAVEL,YIELD,RUNNING
510,10.199999999999999,1,-1.7455764228357662,-11.110414780827316,2.7999999999999998,3.6000000000000001,-8.1999999999999993,2.7999999999999998,TRAVEL,YIELD,RUNNING
510,10.199999999999999,1,-1.7455764228357662,-11.110414780827316,2.7999999999999998,3.6000000000000001,-8.1999999999999993,2.7999999999999998,TRAVEL,YIELD,RUNNING
510,10.199999999999999,1,-1.7455764228357662,-11.110414780827316,2.7999999999999998,3.6000000000000001,-8.1999999999999993,2.7999999999999998,TRAVEL,YIELD,RUNNING
510,10.199999999999999,1,-1.7455764228357662,-11.110414780827316,2.7999999999999998,3.6000000000000001,-8.1999999999999993,2.7999999999999998,TRAVEL,YIELD,RUNNING
510,10.199999999999999,1,-1.7455764228357662,-11.110414780827316,2.7999999999999998,3.6000000000000001,-8.1999999999999993,2.7999999999999998,TRAVEL,YIELD,RUNNING
510,10.199999999999999,1,-1.7455764228357662,-11.110414780827316,2.7999999999999998,3.6000000000000001,-8.1999999999999993,2.7999999999999998,TRAVEL,YIELD,RUNNING
510,10.199999999999999,1,-1.7455764228357662,-11.110414780827316,2.7999999999999998,3.6000000000000001,-8.1999999999999993,2.7999999999999998,TRAVEL,YIELD,RUNNING
510,10.199999999999999,1,-1.7455764228357662,-11.110414780827316,2.7999999999999998,3.6000000000000001,-8.1999999999999993,2.7999999999999998,TRAVEL,YIELD,RUNNING
510,10.199999999999999,1,-1.7455764228357662,-11.110414780827316,2.7999999999999998,3.6000000000000001,-8.1999999999999993,2.7999999999999998,TRAVEL,YIELD,RUNNING
510,10.199999999999999,1,-1.7455764228357662,-11.110414780827316,2.7999999999999998,3.6000000000000001,-8.1999999999999993,2.7999999999999998,TRAVEL,YIELD,RUNNING
510,10.199999999999999,1,-1.7455764228357662,-11.110414780827316,2.7999999999999998,3.6000000000000001,-8.1999999999999993,2.7999999999999998,TRAVEL,YIELD,RUNNING
510,10.199999999999999,1,-1.7455764228357662,-11.110414780827316,2.7999999999999998,3.6000000000000001,-8.1999999999999993,2.7999999999999998,TRAVEL,YIELD,RUNNING
510,10.199999999999999,1,-1.7455764228357662,-11.110414780827316,2.7999999999999998,3.6000000000000001,-8.1999999999999993,2.7999999999999998,TRAVEL,YIELD,RUNNING
510,10.199999999999999,1,-1.7455764228357662,-11.110414780827316,2.7999999999999998,3.6000000000000001,-8.1999999999999993,2.7999999999999998,TRAVEL,YIELD,RUNNING
510,10.199999999999999,1,-1.7455764228357662,-11.110414780827316,2.7999999999999998,3.6000000000000001,-8.1999999999999993,2.7999999999999998,TRAVEL,YIELD,RUNNING
510,10.199999999999999,1,-1.7455764228357662,-11.110414780827316,2.7999999999999998,3.6000000000000001,-8.1999999999999993,2.7999999999999998,TRAVEL,YIELD,RUNNING
510,10.199999999999999,1,-1.7455764228357662,-11.110414780827316,2.7999999999999998,3.6000000000000001,-8.1999999999999993,2.7999999999999998,TRAVEL,YIELD,RUNNING
510,10.199999999999999,1,-1.7455764228357662,-11.110414780827316,2.7999999999999998,3.6000000000000001,-8.1999999999999993,2.7999999999999998,TRAVEL,YIELD,RUNNING
510,10.199999999999999,1,-1.7455764228357662,-11.110414780827316,2.7999999999999998,3.6000000000000001,-8.1999999999999993,2.7999999999999998,TRAVEL,YIELD,RUNNING
510,10.199999999999999,1,-1.7455764228357662,-11.110414780827316,2.7999999999999998,3.6000000000000001,-8.1999999999999993,2.7999999999999998,TRAVEL,YIELD,RUNNING
510,10.199999999999999,1,-1.7455764228357662,-11.110414780827316,2.7999999999999998,3.6000000000000001,-8.1999999999999993,2.7999999999999998,TRAVEL,YIELD,RUNNING
510,10.199999999999999,1,-1.7455764228357662,-11.110414780827316,2.7999999999999998,3.6000000000000001,-8.1999999999999993,2.7999999999999998,TRAVEL,YIELD,RUNNING
510,10.199999999999999,1,-1.7455764228357662,-11.110414780827316,2.7999999999999998,3.6000000000000001,-8.1999999999999993,2.7999999999999998,TRAVEL,YIELD,RUNNING
510,10.199999999999999,1,-1.7455764228357662,-11.110414780827316,2.7999999999999998,3.6000000000000001,-8.1999999999999993,2.7999999999999998,TRAVEL,YIELD,RUNNING
510,10.199999999999999,1,-1.7455764228357662,-11.110414780827316,2.7999999999999998,3.6000000000000001,-8.1999999999999993,2.7999999999999998,TRAVEL,YIELD,RUNNING
510,10.199999999999999,1,-1.7455764228357662,-11.110414780827316,2.7999999999999998,3.6000000000000001,-8.1999999999999993,2.7999999999999998,TRAVEL,YIELD,RUNNING
510,10.199999999999999,1,-1.7455764228357662,-11.110414780827316,2.7999999999999998,3.6000000000000001,-8.1999999999999993,2.7999999999999998,TRAVEL,YIELD,RUNNING
510,10.199999999999999,1,-1.7455764228357662,-11.110414780827316,2.7999999999999998,3.6000000000000001,-8.1999999999999993,2.7999999999999998,TRAVEL,YIELD,RUNNING
510,10.199999999999999,1,-1.7455764228357662,-11.110414780827316,2.7999999999999998,3.6000000000000001,-8.1999999999999993,2.7999999999999998,TRAVEL,YIELD,RUNNING
510,10.199999999999999,1,-1.7455764228357662,-11.110414780827316,2.7999999999999998,3.6000000000000001,-8.1999999999999993,2.7999999999999998,TRAVEL,YIELD,RUNNING
510,10.199999999999999,1,-1.7455764228357662,-11.110414780827316,2.7999999999999998,3.6000000000000001,-8.1999999999999993,2.7999999999999998,TRAVEL,YIELD,RUNNING
510,10.199999999999999,1,-1.7455764228357662,-11.110414780827316,2.7999999999999998,3.6000000000000001,-8.1999999999999993,2.7999999999999998,TRAVEL,YIELD,RUNNING
510,10.199999999999999,1,-1.7455764228357662,-11.110414780827316,2.7999999999999998,3.6000000000000001,-8.1999999999999993,2.7999999999999998,TRAVEL,YIELD,RUNNING
510,10.199999999999999,1,-1.7455764228357662,-11.110414780827316,2.7999999999999998,3.6000000000000001,-8.1999999999999993,2.7999999999999998,TRAVEL,YIELD,RUNNING
510,10.199999999999999,1,-1.7455764228357662,-11.110414780827316,2.7999999999999998,3.6000000000000001,-8.1999999999999993,2.7999999999999998,TRAVEL,YIELD,RUNNING
510,10.199999999999999,1,-1.7455764228357662,-11.110414780827316,2.7999999999999998,3.6000000000000001,-8.1999999999999993,2.7999999999999998,TRAVEL,YIELD,RUNNING
510,10.199999999999999,1,-1.7455764228357662,-11.110414780827316,2.7999999999999998,3.6000000000000001,-8.1999999999999993,2.7999999999999998,TRAVEL,YIELD,RUNNING
510,10.199999999999999,1,-1.7455764228357662,-11.110414780827316,2.7999999999999998,3.6000000000000001,-8.1999999999999993,2.7999999999999998,TRAVEL,YIELD,RUNNING
510,10.199999999999999,1,-1.7455764228357662,-11.110414780827316,2.7999999999999998,3.6000000000000001,-8.1999999999999993,2.7999999999999998,TRAVEL,YIELD,RUNNING
510,10.199999999999999,1,-1.7455764228357662,-11.110414780827316,2.7999999999999998,3.6000000000000001,-8.1999999999999993,2.7999999999999998,TRAVEL,YIELD,RUNNING
510,10.199999999999999,1,-1.7455764228357662,-11.110414780827316,2.7999999999999998,3.6000000000000001,-8.1999999999999993,2.7999999999999998,TRAVEL,YIELD,RUNNING
510,10.199999999999999,1,-1.7455764228357662,-11.110414780827316,2.7999999999999998,3.6000000000000001,-8.1999999999999993,2.7999999999999998,TRAVEL,YIELD,RUNNING
510,10.199999999999999,1,-1.7455764228357662,-11.110414780827316,2.7999999999999998,3.6000000000000001,-8.1999999999999993,2.7999999999999998,TRAVEL,YIELD,RUNNING
510,10.199999999999999,1,-1.7455764228357662,-11.110414780827316,2.7999999999999998,3.6000000000000001,-8.1999999999999993,2.7999999999999998,TRAVEL,YIELD,RUNNING
510,10.199999999999999,1,-1.7455764228357662,-11.110414780827316,2.7999999999999998,3.6000000000000001,-8.1999999999999993,2.7999999999999998,TRAVEL,YIELD,RUNNING
510,10.199999999999999,1,-1.7455764228357662,-11.110414780827316,2.7999999999999998,3.6000000000000001,-8.1999999999999993,2.7999999999999998,TRAVEL,YIELD,RUNNING
510,10.199999999999999,1,-1.7455764228357662,-11.110414780827316,2.7999999999999998,3.6000000000000001,-8.1999999999999993,2.7999999999999998,TRAVEL,YIELD,RUNNING
510,10.199999999999999,1,-1.7455764228357662,-11.110414780827316,2.7999999999999998,3.6000000000000001,-8.1999999999999993,2.7999999999999998,TRAVEL,YIELD,RUNNING
510,10.199999999999999,1,-1.7455764228357662,-11.110414780827316,2.7999999999999998,3.6000000000000001,-8.1999999999999993,2.7999999999999998,TRAVEL,YIELD,RUNNING
510,10.199999999999999,1,-1.7455764228357662,-11.110414780827316,2.7999999999999998,3.6000000000000001,-8.1999999999999993,2.7999999999999998,TRAVEL,YIELD,RUNNING
510,10.199999999999999,1,-1.7455764228357662,-11.110414780827316,2.7999999999999998,3.6000000000000001,-8.1999999999999993,2.7999999999999998,TRAVEL,YIELD,RUNNING
510,10.199999999999999,1,-1.7455764228357662,-11.110414780827316,2.7999999999999998,3.6000000000000001,-8.1999999999999993,2.7999999999999998,TRAVEL,YIELD,RUNNING
510,10.199999999999999,1,-1.7455764228357662,-11.110414780827316,2.7999999999999998,3.6000000000000001,-8.1999999999999993,2.7999999999999998,TRAVEL,YIELD,RUNNING
510,10.199999999999999,1,-1.7455764228357662,-11.110414780827316,2.7999999999999998,3.6000000000000001,-8.1999999999999993,2.7999999999999998,TRAVEL,YIELD,RUNNING
510,10.199999999999999,1,-1.7455764228357662,-11.110414780827316,2.7999999999999998,3.6000000000000001,-8.1999999999999993,2.7999999999999998,TRAVEL,YIELD,RUNNING
510,10.199999999999999,1,-1.7455764228357662,-11.110414780827316,2.7999999999999998,3.6000000000000001,-8.1999999999999993,2.7999999999999998,TRAVEL,YIELD,RUNNING
510,10.199999999999999,1,-1.7455764228357662,-11.110414780827316,2.7999999999999998,3.6000000000000001,-8.1999999999999993,2.7999999999999998,TRAVEL,YIELD,RUNNING
510,10.199999999999999,1,-1.7455764228357662,-11.110414780827316,2.7999999999999998,3.6000000000000001,-8.1999999999999993,2.7999999999999998,TRAVEL,YIELD,RUNNING
510,10.199999999999999,1,-1.7455764228357662,-11.110414780827316,2.7999999999999998,3.6000000000000001,-8.1999999999999993,2.7999999999999998,TRAVEL,YIELD,RUNNING
510,10.199999999999999,1,-1.7455764228357662,-11.110414780827316,2.7999999999999998,3.6000000000000001,-8.1999999999999993,2.7999999999999998,TRAVEL,YIELD,RUNNING
510,10.199999999999999,1,-1.7455764228357662,-11.110414780827316,2.7999999999999998,3.6000000000000001,-8.1999999999999993,2.7999999999999998,TRAVEL,YIELD,RUNNING
510,10.199999999999999,1,-1.7455764228357662,-11.110414780827316,2.7999999999999998,3.6000000000000001,-8.1999999999999993,2.7999999999999998,TRAVEL,YIELD,RUNNING
510,10.199999999999999,1,-1.7455764228357662,-11.110414780827316,2.7999999999999998,3.6000000000000001,-8.1999999999999993,2.7999999999999998,TRAVEL,YIELD,RUNNING
510,10.199999999999999,1,-1.7455764228357662,-11.110414780827316,2.7999999999999998,3.6000000000000001,-8.1999999999999993,2.7999999999999998,TRAVEL,YIELD,RUNNING
510,10.199999999999999,1,-1.7455764228357662,-11.110414780827316,2.7999999999999998,3.6000000000000001,-8.1999999999999993,2.7999999999999998,TRAVEL,YIELD,RUNNING
510,10.199999999999999,1,-1.7455764228357662,-11.110414780827316,2.7999999999999998,3.6000000000000001,-8.1999999999999993,2.7999999999999998,TRAVEL,YIELD,RUNNING
510,10.199999999999999,1,-1.7455764228357662,-11.110414780827316,2.7999999999999998,3.6000000000000001,-8.1999999999999993,2.7999999999999998,TRAVEL,YIELD,RUNNING
510,10.199999999999999,1,-1.7455764228357662,-11.110414780827316,2.7999999999999998,3.6000000000000001,-8.1999999999999993,2.7999999999999998,TRAVEL,YIELD,RUNNING
510,10.199999999999999,1,-1.7455764228357662,-11.110414780827316,2.7999999999999998,3.6000000000000001,-8.1999999999999993,2.7999999999999998,TRAVEL,YIELD,RUNNING
510,10.199999999999999,1,-1.7455764228357662,-11.110414780827316,2.7999999999999998,3.6000000000000001,-8.1999999999999993,2.7999999999999998,TRAVEL,YIELD,RUNNING
510,10.199999999999999,1,-1.7455764228357662,-11.110414780827316,2.7999999999999998,3.6000000000000001,-8.1999999999999993,2.7999999999999998,TRAVEL,YIELD,RUNNING
510,10.199999999999999,1,-1.7455764228357662,-11.110414780827316,2.7999999999999998,3.6000000000000001,-8.1999999999999993,2.7999999999999998,TRAVEL,YIELD,RUNNING
510,10.199999999999999,1,-1.7455764228357662,-11.110414780827316,2.7999999999999998,3.6000000000000001,-8.1999999999999993,2.7999999999999998,TRAVEL,YIELD,RUNNING
510,10.199999999999999,1,-1.7455764228357662,-11.110414780827316,2.7999999999999998,3.6000000000000001,-8.1999999999999993,2.7999999999999998,TRAVEL,YIELD,RUNNING
510,10.199999999999999,1,-1.7455764228357662,-11.110414780827316,2.7999999999999998,3.6000000000000001,-8.1999999999999993,2.7999999999999998,TRAVEL,YIELD,RUNNING
510,10.199999999999999,1,-1.7455764228357662,-11.110414780827316,2.7999999999999998,3.6000000000000001,-8.1999999999999993,2.7999999999999998,TRAVEL,YIELD,RUNNING
510,10.199999999999999,1,-1.7455764228357662,-11.110414780827316,2.7999999999999998,3.6000000000000001,-8.1999999999999993,2.7999999999999998,TRAVEL,YIELD,RUNNING
510,10.199999999999999,1,-1.7455764228357662,-11.110414780827316,2.7999999999999998,3.6000000000000001,-8.1999999999999993,2.7999999999999998,TRAVEL,YIELD,RUNNING
510,10.199999999999999,1,-1.7455764228357662,-11.110414780827316,2.7999999999999998,3.6000000000000001,-8.1999999999999993,2.7999999999999998,TRAVEL,YIELD,RUNNING
510,10.199999999999999,1,-1.7455764228357662,-11.110414780827316,2.7999999999999998,3.6000000000000001,-8.1999999999999993,2.7999999999999998,TRAVEL,YIELD,RUNNING
510,10.199999999999999,1,-1.7455764228357662,-11.110414780827316,2.7999999999999998,3.6000000000000001,-8.1999999999999993,2.7999999999999998,TRAVEL,YIELD,RUNNING
510,10.199999999999999,1,-1.7455764228357662,-11.110414780827316,2.7999999999999998,3.6000000000000001,-8.1999999999999993,2.7999999999999998,TRAVEL,YIELD,RUNNING
510,10.199999999999999,1,-1.7455764228357662,-11.110414780827316,2.7999999999999998,3.6000000000000001,-8.1999999999999993,2.7999999999999998,TRAVEL,YIELD,RUNNING
510,10.199999999999999,1,-1.7455764228357662,-11.110414780827316,2.7999999999999998,3.6000000000000001,-8.1999999999999993,2.7999999999999998,TRAVEL,YIELD,RUNNING
510,10.199999999999999,1,-1.7455764228357662,-11.110414780827316,2.7999999999999998,3.6000000000000001,-8.1999999999999993,2.7999999999999998,TRAVEL,YIELD,RUNNING
510,10.199999999999999,1,-1.7455764228357662,-11.110414780827316,2.7999999999999998,3.6000000000000001,-8.1999999999999993,2.7999999999999998,TRAVEL,YIELD,RUNNING
510,10.199999999999999,1,-1.7455764228357662,-11.110414780827316,2.7999999999999998,3.6000000000000001,-8.1999999999999993,2.7999999999999998,TRAVEL,YIELD,RUNNING
510,10.199999999999999,1,-1.7455764228357662,-11.110414780827316,2.7999999999999998,3.6000000000000001,-8.1999999999999993,2.7999999999999998,TRAVEL,YIELD,RUNNING
510,10.199999999999999,1,-1.7455764228357662,-11.110414780827316,2.7999999999999998,3.6000000000000001,-8.1999999999999993,2.7999999999999998,TRAVEL,YIELD,RUNNING
510,10.199999999999999,1,-1.7455764228357662,-11.110414780827316,2.7999999999999998,3.6000000000000001,-8.1999999999999993,2.7999999999999998,TRAVEL,YIELD,RUNNING
510,10.199999999999999,1,-1.7455764228357662,-11.110414780827316,2.7999999999999998,3.6000000000000001,-8.1999999999999993,2.7999999999999998,TRAVEL,YIELD,RUNNING
510,10.199999999999999,1,-1.7455764228357662,-11.110414780827316,2.7999999999999998,3.6000000000000001,-8.1999999999999993,2.7999999999999998,TRAVEL,YIELD,RUNNING
510,10.199999999999999,1,-1.7455764228357662,-11.110414780827316,2.7999999999999998,3.6000000000000001,-8.1999999999999993,2.7999999999999998,TRAVEL,YIELD,RUNNING
510,10.199999999999999,1,-1.7455764228357662,-11.110414780827316,2.7999999999999998,3.6000000000000001,-8.1999999999999993,2.7999999999999998,TRAVEL,YIELD,RUNNING
510,10.199999999999999,1,-1.7455764228357662,-11.110414780827316,2.7999999999999998,3.6000000000000001,-8.1999999999999993,2.7999999999999998,TRAVEL,YIELD,RUNNING
510,10.199999999999999,1,-1.7455764228357662,-11.110414780827316,2.7999999999999998,3.6000000000000001,-8.1999999999999993,2.7999999999999998,TRAVEL,YIELD,RUNNING
510,10.199999999999999,1,-1.7455764228357662,-11.110414780827316,2.7999999999999998,3.6000000000000001,-8.1999999999999993,2.7999999999999998,TRAVEL,YIELD,RUNNING
510,10.199999999999999,1,-1.7455764228357662,-11.110414780827316,2.7999999999999998,3.6000000000000001,-8.1999999999999993,2.7999999999999998,TRAVEL,YIELD,RUNNING
510,10.199999999999999,1,-1.7455764228357662,-11.110414780827316,2.7999999999999998,3.6000000000000001,-8.1999999999999993,2.7999999999999998,TRAVEL,YIELD,RUNNING
510,10.199999999999999,1,-1.7455764228357662,-11.110414780827316,2.7999999999999998,3.6000000000000001,-8.1999999999999993,2.7999999999999998,TRAVEL,YIELD,RUNNING
510,10.199999999999999,1,-1.7455764228357662,-11.110414780827316,2.7999999999999998,3.6000000000000001,-8.1999999999999993,2.7999999999999998,TRAVEL,YIELD,RUNNING
510,10.199999999999999,1,-1.7455764228357662,-11.110414780827316,2.7999999999999998,3.6000000000000001,-8.1999999999999993,2.7999999999999998,TRAVEL,YIELD,RUNNING
510,10.199999999999999,1,-1.7455764228357662,-11.110414780827316,2.7999999999999998,3.6000000000000001,-8.1999999999999993,2.7999999999999998,TRAVEL,YIELD,RUNNING
510,10.199999999999999,1,-1.7455764228357662,-11.110414780827316,2.7999999999999998,3.6000000000000001,-8.1999999999999993,2.7999999999999998,TRAVEL,YIELD,RUNNING
510,10.199999999999999,1,-1.7455764228357662,-11.110414780827316,2.7999999999999998,3.6000000000000001,-8.1999999999999993,2.7999999999999998,TRAVEL,YIELD,RUNNING
510,10.199999999999999,1,-1.7455764228357662,-11.110414780827316,2.7999999999999998,3.6000000000000001,-8.1999999999999993,2.7999999999999998,TRAVEL,YIELD,RUNNING
510,10.199999999999999,1,-1.7455764228357662,-11.110414780827316,2.7999999999999998,3.6000000000000001,-8.1999999999999993,2.7999999999999998,TRAVEL,YIELD,RUNNING
510,10.199999999999999,1,-1.7455764228357662,-11.110414780827316,2.7999999999999998,3.6000000000000001,-8.1999999999999993,2.7999999999999998,TRAVEL,YIELD,RUNNING
510,10.199999999999999,1,-1.7455764228357662,-11.110414780827316,2.7999999999999998,3.6000000000000001,-8.1999999999999993,2.7999999999999998,TRAVEL,YIELD,RUNNING
510,10.199999999999999,1,-1.7455764228357662,-11.110414780827316,2.7999999999999998,3.6000000000000001,-8.1999999999999993,2.7999999999999998,TRAVEL,YIELD,RUNNING
510,10.199999999999999,1,-1.7455764228357662,-11.110414780827316,2.7999999999999998,3.6000000000000001,-8.1999999999999993,2.7999999999999998,TRAVEL,YIELD,RUNNING
510,10.199999999999999,1,-1.7455764228357662,-11.110414780827316,2.7999999999999998,3.6000000000000001,-8.1999999999999993,2.7999999999999998,TRAVEL,YIELD,RUNNING
510,10.199999999999999,1,-1.7455764228357662,-11.110414780827316,2.7999999999999998,3.6000000000000001,-8.1999999999999993,2.7999999999999998,TRAVEL,YIELD,RUNNING
510,10.199999999999999,1,-1.7455764228357662,-11.110414780827316,2.7999999999999998,3.6000000000000001,-8.1999999999999993,2.7999999999999998,TRAVEL,YIELD,RUNNING
510,10.199999999999999,1,-1.7455764228357662,-11.110414780827316,2.7999999999999998,3.6000000000000001,-8.1999999999999993,2.7999999999999998,TRAVEL,YIELD,RUNNING
510,10.199999999999999,1,-1.7455764228357662,-11.110414780827316,2.7999999999999998,3.6000000000000001,-8.1999999999999993,2.7999999999999998,TRAVEL,YIELD,RUNNING
510,10.199999999999999,1,-1.7455764228357662,-11.110414780827316,2.7999999999999998,3.6000000000000001,-8.1999999999999993,2.7999999999999998,TRAVEL,YIELD,RUNNING
510,10.199999999999999,1,-1.7455764228357662,-11.110414780827316,2.7999999999999998,3.6000000000000001,-8.1999999999999993,2.7999999999999998,TRAVEL,YIELD,RUNNING
510,10.199999999999999,1,-1.7455764228357662,-11.110414780827316,2.7999999999999998,3.6000000000000001,-8.1999999999999993,2.7999999999999998,TRAVEL,YIELD,RUNNING
510,10.199999999999999,1,-1.7455764228357662,-11.110414780827316,2.7999999999999998,3.6000000000000001,-8.1999999999999993,2.7999999999999998,TRAVEL,YIELD,RUNNING
510,10.199999999999999,1,-1.7455764228357662,-11.110414780827316,2.7999999999999998,3.6000000000000001,-8.1999999999999993,2.7999999999999998,TRAVEL,YIELD,RUNNING
510,10.199999999999999,1,-1.7455764228357662,-11.110414780827316,2.7999999999999998,3.6000000000000001,-8.1999999999999993,2.7999999999999998,TRAVEL,YIELD,RUNNING
510,10.199999999999999,1,-1.7455764228357662,-11.110414780827316,2.7999999999999998,3.6000000000000001,-8.1999999999999993,2.7999999999999998,TRAVEL,YIELD,RUNNING
510,10.199999999999999,1,-1.7455764228357662,-11.110414780827316,2.7999999999999998,3.6000000000000001,-8.1999999999999993,2.7999999999999998,TRAVEL,YIELD,RUNNING
510,10.199999999999999,1,-1.7455764228357662,-11.110414780827316,2.7999999999999998,3.6000000000000001,-8.1999999999999993,2.7999999999999998,TRAVEL,YIELD,RUNNING
510,10.199999999999999,1,-1.7455764228357662,-11.110414780827316,2.7999999999999998,3.6000000000000001,-8.1999999999999993,2.7999999999999998,TRAVEL,YIELD,RUNNING
510,10.199999999999999,1,-1.7455764228357662,-11.110414780827316,2.7999999999999998,3.6000000000000001,-8.1999999999999993,2.7999999999999998,TRAVEL,YIELD,RUNNING
510,10.199999999999999,1,-1.7455764228357662,-11.110414780827316,2.7999999999999998,3.6000000000000001,-8.1999999999999993,2.7999999999999998,TRAVEL,YIELD,RUNNING
510,10.199999999999999,1,-1.7455764228357662,-11.110414780827316,2.7999999999999998,3.6000000000000001,-8.1999999999999993,2.7999999999999998,TRAVEL,YIELD,RUNNING
510,10.199999999999999,1,-1.7455764228357662,-11.110414780827316,2.7999999999999998,3.6000000000000001,-8.1999999999999993,2.7999999999999998,TRAVEL,YIELD,RUNNING
510,10.199999999999999,1,-1.7455764228357662,-11.110414780827316,2.7999999999999998,3.6000000000000001,-8.1999999999999993,2.7999999999999998,TRAVEL,YIELD,RUNNING
510,10.199999999999999,1,-1.7455764228357662,-11.110414780827316,2.7999999999999998,3.6000000000000001,-8.1999999999999993,2.7999999999999998,TRAVEL,YIELD,RUNNING
510,10.199999999999999,1,-1.7455764228357662,-11.110414780827316,2.7999999999999998,3.6000000000000001,-8.1999999999999993,2.7999999999999998,TRAVEL,YIELD,RUNNING
510,10.199999999999999,1,-1.7455764228357662,-11.110414780827316,2.7999999999999998,3.6000000000000001,-8.1999999999999993,2.7999999999999998,TRAVEL,YIELD,RUNNING
510,10.199999999999999,1,-1.7455764228357662,-11.110414780827316,2.7999999999999998,3.6000000000000001,-8.1999999999999993,2.7999999999999998,TRAVEL,YIELD,RUNNING
510,10.199999999999999,1,-1.7455764228357662,-11.110414780827316,2.7999999999999998,3.6000000000000001,-8.1999999999999993,2.7999999999999998,TRAVEL,YIELD,RUNNING
510,10.199999999999999,1,-1.7455764228357662,-11.110414780827316,2.7999999999999998,3.6000000000000001,-8.1999999999999993,2.7999999999999998,TRAVEL,YIELD,RUNNING
510,10.199999999999999,1,-1.7455764228357662,-11.110414780827316,2.7999999999999998,3.6000000000000001,-8.1999999999999993,2.7999999999999998,TRAVEL,YIELD,RUNNING
510,10.199999999999999,1,-1.7455764228357662,-11.110414780827316,2.7999999999999998,3.6000000000000001,-8.1999999999999993,2.7999999999999998,TRAVEL,YIELD,RUNNING
510,10.199999999999999,1,-1.7455764228357662,-11.110414780827316,2.7999999999999998,3.6000000000000001,-8.1999999999999993,2.7999999999999998,TRAVEL,YIELD,RUNNING
510,10.199999999999999,1,-1.7455764228357662,-11.110414780827316,2.7999999999999998,3.6000000000000001,-8.1999999999999993,2.7999999999999998,TRAVEL,YIELD,RUNNING
510,10.199999999999999,1,-1.7455764228357662,-11.110414780827316,2.7999999999999998,3.6000000000000001,-8.1999999999999993,2.7999999999999998,TRAVEL,YIELD,RUNNING
510,10.199999999999999,1,-1.7455764228357662,-11.110414780827316,2.7999999999999998,3.6000000000000001,-8.1999999999999993,2.7999999999999998,TRAVEL,YIELD,RUNNING
510,10.199999999999999,1,-1.7455764228357662,-11.110414780827316,2.7999999999999998,3.6000000000000001,-8.1999999999999993,2.7999999999999998,TRAVEL,YIELD,RUNNING
510,10.199999999999999,1,-1.7455764228357662,-11.110414780827316,2.7999999999999998,3.6000000000000001,-8.1999999999999993,2.7999999999999998,TRAVEL,YIELD,RUNNING
510,10.199999999999999,1,-1.7455764228357662,-11.110414780827316,2.7999999999999998,3.6000000000000001,-8.1999999999999993,2.7999999999999998,TRAVEL,YIELD,RUNNING
510,10.199999999999999,1,-1.7455764228357662,-11.110414780827316,2.7999999999999998,3.6000000000000001,-8.1999999999999993,2.7999999999999998,TRAVEL,YIELD,RUNNING
510,10.199999999999999,1,-1.7455764228357662,-11.110414780827316,2.7999999999999998,3.6000000000000001,-8.1999999999999993,2.7999999999999998,TRAVEL,YIELD,RUNNING
510,10.199999999999999,1,-1.7455764228357662,-11.110414780827316,2.7999999999999998,3.6000000000000001,-8.1999999999999993,2.7999999999999998,TRAVEL,YIELD,RUNNING
510,10.199999999999999,1,-1.7455764228357662,-11.110414780827316,2.7999999999999998,3.6000000000000001,-8.1999999999999993,2.7999999999999998,TRAVEL,YIELD,RUNNING
510,10.199999999999999,1,-1.7455764228357662,-11.110414780827316,2.7999999999999998,3.6000000000000001,-8.1999999999999993,2.7999999999999998,TRAVEL,YIELD,RUNNING
510,10.199999999999999,1,-1.7455764228357662,-11.110414780827316,2.7999999999999998,3.6000000000000001,-8.1999999999999993,2.7999999999999998,TRAVEL,YIELD,RUNNING
510,10.199999999999999,1,-1.7455764228357662,-11.110414780827316,2.7999999999999998,3.6000000000000001,-8.1999999999999993,2.7999999999999998,TRAVEL,YIELD,RUNNING
510,10.199999999999999,1,-1.7455764228357662,-11.110414780827316,2.7999999999999998,3.6000000000000001,-8.1999999999999993,2.7999999999999998,TRAVEL,YIELD,RUNNING
510,10.199999999999999,1,-1.7455764228357662,-11.110414780827316,2.7999999999999998,3.6000000000000001,-8.1999999999999993,2.7999999999999998,TRAVEL,YIELD,RUNNING
510,10.199999999999999,1,-1.7455764228357662,-11.110414780827316,2.7999999999999998,3.6000000000000001,-8.1999999999999993,2.7999999999999998,TRAVEL,YIELD,RUNNING
510,10.199999999999999,1,-1.7455764228357662,-11.110414780827316,2.7999999999999998,3.6000000000000001,-8.1999999999999993,2.7999999999999998,TRAVEL,YIELD,RUNNING
510,10.199999999999999,1,-1.7455764228357662,-11.110414780827316,2.7999999999999998,3.6000000000000001,-8.1999999999999993,2.7999999999999998,TRAVEL,YIELD,RUNNING
510,10.199999999999999,1,-1.7455764228357662,-11.110414780827316,2.7999999999999998,3.6000000000000001,-8.1999999999999993,2.7999999999999998,TRAVEL,YIELD,RUNNING
510,10.199999999999999,1,-1.7455764228357662,-11.110414780827316,2.7999999999999998,3.6000000000000001,-8.1999999999999993,2.7999999999999998,TRAVEL,YIELD,RUNNING
510,10.199999999999999,1,-1.7455764228357662,-11.110414780827316,2.7999999999999998,3.6000000000000001,-8.1999999999999993,2.7999999999999998,TRAVEL,YIELD,RUNNING
510,10.199999999999999,1,-1.7455764228357662,-11.110414780827316,2.7999999999999998,3.6000000000000001,-8.1999999999999993,2.7999999999999998,TRAVEL,YIELD,RUNNING
510,10.199999999999999,1,-1.7455764228357662,-11.110414780827316,2.7999999999999998,3.6000000000000001,-8.1999999999999993,2.7999999999999998,TRAVEL,YIELD,RUNNING
510,10.199999999999999,1,-1.7455764228357662,-11.110414780827316,2.7999999999999998,3.6000000000000001,-8.1999999999999993,2.7999999999999998,TRAVEL,YIELD,RUNNING
510,10.199999999999999,1,-1.7455764228357662,-11.110414780827316,2.7999999999999998,3.6000000000000001,-8.1999999999999993,2.7999999999999998,TRAVEL,YIELD,RUNNING
510,10.199999999999999,1,-1.7455764228357662,-11.110414780827316,2.7999999999999998,3.6000000000000001,-8.1999999999999993,2.7999999999999998,TRAVEL,YIELD,RUNNING
510,10.199999999999999,1,-1.7455764228357662,-11.110414780827316,2.7999999999999998,3.6000000000000001,-8.1999999999999993,2.7999999999999998,TRAVEL,YIELD,RUNNING
510,10.199999999999999,1,-1.7455764228357662,-11.110414780827316,2.7999999999999998,3.6000000000000001,-8.1999999999999993,2.7999999999999998,TRAVEL,YIELD,RUNNING
510,10.199999999999999,1,-1.7455764228357662,-11.110414780827316,2.7999999999999998,3.6000000000000001,-8.1999999999999993,2.7999999999999998,TRAVEL,YIELD,RUNNING
510,10.199999999999999,1,-1.7455764228357662,-11.110414780827316,2.7999999999999998,3.6000000000000001,-8.1999999999999993,2.7999999999999998,TRAVEL,YIELD,RUNNING
510,10.199999999999999,1,-1.7455764228357662,-11.110414780827316,2.7999999999999998,3.6000000000000001,-8.1999999999999993,2.7999999999999998,TRAVEL,YIELD,RUNNING
510,10.199999999999999,1,-1.7455764228357662,-11.110414780827316,2.7999999999999998,3.6000000000000001,-8.1999999999999993,2.7999999999999998,TRAVEL,YIELD,RUNNING
510,10.199999999999999,1,-1.7455764228357662,-11.110414780827316,2.7999999999999998,3.6000000000000001,-8.1999999999999993,2.7999999999999998,TRAVEL,YIELD,RUNNING
510,10.199999999999999,1,-1.7455764228357662,-11.110414780827316,2.7999999999999998,3.6000000000000001,-8.1999999999999993,2.7999999999999998,TRAVEL,YIELD,RUNNING
510,10.199999999999999,1,-1.7455764228357662,-11.110414780827316,2.7999999999999998,3.6000000000000001,-8.1999999999999993,2.7999999999999998,TRAVEL,YIELD,RUNNING
510,10.199999999999999,1,-1.7455764228357662,-11.110414780827316,2.7999999999999998,3.6000000000000001,-8.1999999999999993,2.7999999999999998,TRAVEL,YIELD,RUNNING
510,10.199999999999999,1,-1.7455764228357662,-11.110414780827316,2.7999999999999998,3.6000000000000001,-8.1999999999999993,2.7999999999999998,TRAVEL,YIELD,RUNNING
510,10.199999999999999,1,-1.7455764228357662,-11.110414780827316,2.7999999999999998,3.6000000000000001,-8.1999999999999993,2.7999999999999998,TRAVEL,YIELD,RUNNING
510,10.199999999999999,1,-1.7455764228357662,-11.110414780827316,2.7999999999999998,3.6000000000000001,-8.1999999999999993,2.7999999999999998,TRAVEL,YIELD,RUNNING
510,10.199999999999999,1,-1.7455764228357662,-11.110414780827316,2.7999999999999998,3.6000000000000001,-8.1999999999999993,2.7999999999999998,TRAVEL,YIELD,RUNNING
510,10.199999999999999,1,-1.7455764228357662,-11.110414780827316,2.7999999999999998,3.6000000000000001,-8.1999999999999993,2.7999999999999998,TRAVEL,YIELD,RUNNING
510,10.199999999999999,1,-1.7455764228357662,-11.110414780827316,2.7999999999999998,3.6000000000000001,-8.1999999999999993,2.7999999999999998,TRAVEL,YIELD,RUNNING
510,10.199999999999999,1,-1.7455764228357662,-11.110414780827316,2.7999999999999998,3.6000000000000001,-8.1999999999999993,2.7999999999999998,TRAVEL,YIELD,RUNNING
510,10.199999999999999,1,-1.7455764228357662,-11.110414780827316,2.7999999999999998,3.6000000000000001,-8.1999999999999993,2.7999999999999998,TRAVEL,YIELD,RUNNING
510,10.199999999999999,1,-1.7455764228357662,-11.110414780827316,2.7999999999999998,3.6000000000000001,-8.1999999999999993,2.7999999999999998,TRAVEL,YIELD,RUNNING
510,10.199999999999999,1,-1.7455764228357662,-11.110414780827316,2.7999999999999998,3.6000000000000001,-8.1999999999999993,2.7999999999999998,TRAVEL,YIELD,RUNNING
510,10.199999999999999,1,-1.7455764228357662,-11.110414780827316,2.7999999999999998,3.6000000000000001,-8.1999999999999993,2.7999999999999998,TRAVEL,YIELD,RUNNING
510,10.199999999999999,1,-1.7455764228357662,-11.110414780827316,2.7999999999999998,3.6000000000000001,-8.1999999999999993,2.7999999999999998,TRAVEL,YIELD,RUNNING
510,10.199999999999999,1,-1.7455764228357662,-11.110414780827316,2.7999999999999998,3.6000000000000001,-8.1999999999999993,2.7999999999999998,TRAVEL,YIELD,RUNNING
510,10.199999999999999,1,-1.7455764228357662,-11.110414780827316,2.7999999999999998,3.6000000000000001,-8.1999999999999993,2.7999999999999998,TRAVEL,YIELD,RUNNING
510,10.199999999999999,1,-1.7455764228357662,-11.110414780827316,2.7999999999999998,3.6000000000000001,-8.1999999999999993,2.7999999999999998,TRAVEL,YIELD,RUNNING
510,10.199999999999999,1,-1.7455764228357662,-11.110414780827316,2.7999999999999998,3.6000000000000001,-8.1999999999999993,2.7999999999999998,TRAVEL,YIELD,RUNNING
510,10.199999999999999,1,-1.7455764228357662,-11.110414780827316,2.7999999999999998,3.6000000000000001,-8.1999999999999993,2.7999999999999998,TRAVEL,YIELD,RUNNING
510,10.199999999999999,1,-1.7455764228357662,-11.110414780827316,2.7999999999999998,3.6000000000000001,-8.1999999999999993,2.7999999999999998,TRAVEL,YIELD,RUNNING
510,10.199999999999999,1,-1.7455764228357662,-11.110414780827316,2.7999999999999998,3.6000000000000001,-8.1999999999999993,2.7999999999999998,TRAVEL,YIELD,RUNNING
510,10.199999999999999,1,-1.7455764228357662,-11.110414780827316,2.7999999999999998,3.6000000000000001,-8.1999999999999993,2.7999999999999998,TRAVEL,YIELD,RUNNING
510,10.199999999999999,1,-1.7455764228357662,-11.110414780827316,2.7999999999999998,3.6000000000000001,-8.1999999999999993,2.7999999999999998,TRAVEL,YIELD,RUNNING
510,10.199999999999999,1,-1.7455764228357662,-11.110414780827316,2.7999999999999998,3.6000000000000001,-8.1999999999999993,2.7999999999999998,TRAVEL,YIELD,RUNNING
510,10.199999999999999,1,-1.7455764228357662,-11.110414780827316,2.7999999999999998,3.6000000000000001,-8.1999999999999993,2.7999999999999998,TRAVEL,YIELD,RUNNING
510,10.199999999999999,1,-1.7455764228357662,-11.110414780827316,2.7999999999999998,3.6000000000000001,-8.1999999999999993,2.7999999999999998,TRAVEL,YIELD,RUNNING
510,10.199999999999999,1,-1.7455764228357662,-11.110414780827316,2.7999999999999998,3.6000000000000001,-8.1999999999999993,2.7999999999999998,TRAVEL,YIELD,RUNNING
510,10.199999999999999,1,-1.7455764228357662,-11.110414780827316,2.7999999999999998,3.6000000000000001,-8.1999999999999993,2.7999999999999998,TRAVEL,YIELD,RUNNING
510,10.199999999999999,1,-1.7455764228357662,-11.110414780827316,2.7999999999999998,3.6000000000000001,-8.1999999999999993,2.7999999999999998,TRAVEL,YIELD,RUNNING
510,10.199999999999999,1,-1.7455764228357662,-11.110414780827316,2.7999999999999998,3.6000000000000001,-8.1999999999999993,2.7999999999999998,TRAVEL,YIELD,RUNNING
510,10.199999999999999,1,-1.7455764228357662,-11.110414780827316,2.7999999999999998,3.6000000000000001,-8.1999999999999993,2.7999999999999998,TRAVEL,YIELD,RUNNING
510,10.199999999999999,1,-1.7455764228357662,-11.110414780827316,2.7999999999999998,3.6000000000000001,-8.1999999999999993,2.7999999999999998,TRAVEL,YIELD,RUNNING
510,10.199999999999999,1,-1.7455764228357662,-11.110414780827316,2.7999999999999998,3.6000000000000001,-8.1999999999999993,2.7999999999999998,TRAVEL,YIELD,RUNNING
510,10.199999999999999,1,-1.7455764228357662,-11.110414780827316,2.7999999999999998,3.6000000000000001,-8.1999999999999993,2.7999999999999998,TRAVEL,YIELD,RUNNING
510,10.199999999999999,1,-1.7455764228357662,-11.110414780827316,2.7999999999999998,3.6000000000000001,-8.1999999999999993,2.7999999999999998,TRAVEL,YIELD,RUNNING
510,10.199999999999999,1,-1.7455764228357662,-11.110414780827316,2.7999999999999998,3.6000000000000001,-8.1999999999999993,2.7999999999999998,TRAVEL,YIELD,RUNNING
510,10.199999999999999,1,-1.7455764228357662,-11.110414780827316,2.7999999999999998,3.6000000000000001,-8.1999999999999993,2.7999999999999998,TRAVEL,YIELD,RUNNING
510,10.199999999999999,1,-1.7455764228357662,-11.110414780827316,2.7999999999999998,3.6000000000000001,-8.1999999999999993,2.7999999999999998,TRAVEL,YIELD,RUNNING
510,10.199999999999999,1,-1.7455764228357662,-11.110414780827316,2.7999999999999998,3.6000000000000001,-8.1999999999999993,2.7999999999999998,TRAVEL,YIELD,RUNNING
510,10.199999999999999,1,-1.7455764228357662,-11.110414780827316,2.7999999999999998,3.6000000000000001,-8.1999999999999993,2.7999999999999998,TRAVEL,YIELD,RUNNING
510,10.199999999999999,1,-1.7455764228357662,-11.110414780827316,2.7999999999999998,3.6000000000000001,-8.1999999999999993,2.7999999999999998,TRAVEL,YIELD,RUNNING
510,10.199999999999999,1,-1.7455764228357662,-11.110414780827316,2.7999999999999998,3.6000000000000001,-8.1999999999999993,2.7999999999999998,TRAVEL,YIELD,RUNNING
510,10.199999999999999,1,-1.7455764228357662,-11.110414780827316,2.7999999999999998,3.6000000000000001,-8.1999999999999993,2.7999999999999998,TRAVEL,YIELD,RUNNING
510,10.199999999999999,1,-1.7455764228357662,-11.110414780827316,2.7999999999999998,3.6000000000000001,-8.1999999999999993,2.7999999999999998,TRAVEL,YIELD,RUNNING
510,10.199999999999999,1,-1.7455764228357662,-11.110414780827316,2.7999999999999998,3.6000000000000001,-8.1999999999999993,2.7999999999999998,TRAVEL,YIELD,RUNNING
510,10.199999999999999,1,-1.7455764228357662,-11.110414780827316,2.7999999999999998,3.6000000000000001,-8.1999999999999993,2.7999999999999998,TRAVEL,YIELD,RUNNING
510,10.199999999999999,1,-1.7455764228357662,-11.110414780827316,2.7999999999999998,3.6000000000000001,-8.1999999999999993,2.7999999999999998,TRAVEL,YIELD,RUNNING
510,10.199999999999999,1,-1.7455764228357662,-11.110414780827316,2.7999999999999998,3.6000000000000001,-8.1999999999999993,2.7999999999999998,TRAVEL,YIELD,RUNNING
510,10.199999999999999,1,-1.7455764228357662,-11.110414780827316,2.7999999999999998,3.6000000000000001,-8.1999999999999993,2.7999999999999998,TRAVEL,YIELD,RUNNING
510,10.199999999999999,1,-1.7455764228357662,-11.110414780827316,2.7999999999999998,3.6000000000000001,-8.1999999999999993,2.7999999999999998,TRAVEL,YIELD,RUNNING
510,10.199999999999999,1,-1.7455764228357662,-11.110414780827316,2.7999999999999998,3.6000000000000001,-8.1999999999999993,2.7999999999999998,TRAVEL,YIELD,RUNNING
510,10.199999999999999,1,-1.7455764228357662,-11.110414780827316,2.7999999999999998,3.6000000000000001,-8.1999999999999993,2.7999999999999998,TRAVEL,YIELD,RUNNING
510,10.199999999999999,1,-1.7455764228357662,-11.110414780827316,2.7999999999999998,3.6000000000000001,-8.1999999999999993,2.7999999999999998,TRAVEL,YIELD,RUNNING
510,10.199999999999999,1,-1.7455764228357662,-11.110414780827316,2.7999999999999998,3.6000000000000001,-8.1999999999999993,2.7999999999999998,TRAVEL,YIELD,RUNNING
510,10.199999999999999,1,-1.7455764228357662,-11.110414780827316,2.7999999999999998,3.6000000000000001,-8.1999999999999993,2.7999999999999998,TRAVEL,YIELD,RUNNING
510,10.199999999999999,1,-1.7455764228357662,-11.110414780827316,2.7999999999999998,3.6000000000000001,-8.1999999999999993,2.7999999999999998,TRAVEL,YIELD,RUNNING
510,10.199999999999999,1,-1.7455764228357662,-11.110414780827316,2.7999999999999998,3.6000000000000001,-8.1999999999999993,2.7999999999999998,TRAVEL,YIELD,RUNNING
510,10.199999999999999,1,-1.7455764228357662,-11.110414780827316,2.7999999999999998,3.6000000000000001,-8.1999999999999993,2.7999999999999998,TRAVEL,YIELD,RUNNING
510,10.199999999999999,1,-1.7455764228357662,-11.110414780827316,2.7999999999999998,3.6000000000000001,-8.1999999999999993,2.7999999999999998,TRAVEL,YIELD,RUNNING
510,10.199999999999999,1,-1.7455764228357662,-11.110414780827316,2.7999999999999998,3.6000000000000001,-8.1999999999999993,2.7999999999999998,TRAVEL,YIELD,RUNNING
510,10.199999999999999,1,-1.7455764228357662,-11.110414780827316,2.7999999999999998,3.6000000000000001,-8.1999999999999993,2.7999999999999998,TRAVEL,YIELD,RUNNING
510,10.199999999999999,1,-1.7455764228357662,-11.110414780827316,2.7999999999999998,3.6000000000000001,-8.1999999999999993,2.7999999999999998,TRAVEL,YIELD,RUNNING
510,10.199999999999999,1,-1.7455764228357662,-11.110414780827316,2.7999999999999998,3.6000000000000001,-8.1999999999999993,2.7999999999999998,TRAVEL,YIELD,RUNNING
510,10.199999999999999,1,-1.7455764228357662,-11.110414780827316,2.7999999999999998,3.6000000000000001,-8.1999999999999993,2.7999999999999998,TRAVEL,YIELD,RUNNING
510,10.199999999999999,1,-1.7455764228357662,-11.110414780827316,2.7999999999999998,3.6000000000000001,-8.1999999999999993,2.7999999999999998,TRAVEL,YIELD,RUNNING
510,10.199999999999999,1,-1.7455764228357662,-11.110414780827316,2.7999999999999998,3.6000000000000001,-8.1999999999999993,2.7999999999999998,TRAVEL,YIELD,RUNNING
510,10.199999999999999,1,-1.7455764228357662,-11.110414780827316,2.7999999999999998,3.6000000000000001,-8.1999999999999993,2.7999999999999998,TRAVEL,YIELD,RUNNING
510,10.199999999999999,1,-1.7455764228357662,-11.110414780827316,2.7999999999999998,3.6000000000000001,-8.1999999999999993,2.7999999999999998,TRAVEL,YIELD,RUNNING
510,10.199999999999999,1,-1.7455764228357662,-11.110414780827316,2.7999999999999998,3.6000000000000001,-8.1999999999999993,2.7999999999999998,TRAVEL,YIELD,RUNNING
510,10.199999999999999,1,-1.7455764228357662,-11.110414780827316,2.7999999999999998,3.6000000000000001,-8.1999999999999993,2.7999999999999998,TRAVEL,YIELD,RUNNING
510,10.199999999999999,1,-1.7455764228357662,-11.110414780827316,2.7999999999999998,3.6000000000000001,-8.1999999999999993,2.7999999999999998,TRAVEL,YIELD,RUNNING
510,10.199999999999999,1,-1.7455764228357662,-11.110414780827316,2.7999999999999998,3.6000000000000001,-8.1999999999999993,2.7999999999999998,TRAVEL,YIELD,RUNNING
510,10.199999999999999,1,-1.7455764228357662,-11.110414780827316,2.7999999999999998,3.6000000000000001,-8.1999999999999993,2.7999999999999998,TRAVEL,YIELD,RUNNING
510,10.199999999999999,1,-1.7455764228357662,-11.110414780827316,2.7999999999999998,3.6000000000000001,-8.1999999999999993,2.7999999999999998,TRAVEL,YIELD,RUNNING
510,10.199999999999999,1,-1.7455764228357662,-11.110414780827316,2.7999999999999998,3.6000000000000001,-8.1999999999999993,2.7999999999999998,TRAVEL,YIELD,RUNNING
510,10.199999999999999,1,-1.7455764228357662,-11.110414780827316,2.7999999999999998,3.6000000000000001,-8.1999999999999993,2.7999999999999998,TRAVEL,YIELD,RUNNING
510,10.199999999999999,1,-1.7455764228357662,-11.110414780827316,2.7999999999999998,3.6000000000000001,-8.1999999999999993,2.7999999999999998,TRAVEL,YIELD,RUNNING
510,10.199999999999999,1,-1.7455764228357662,-11.110414780827316,2.7999999999999998,3.6000000000000001,-8.1999999999999993,2.7999999999999998,TRAVEL,YIELD,RUNNING
510,10.199999999999999,1,-1.7455764228357662,-11.110414780827316,2.7999999999999998,3.6000000000000001,-8.1999999999999993,2.7999999999999998,TRAVEL,YIELD,RUNNING
510,10.199999999999999,1,-1.7455764228357662,-11.110414780827316,2.7999999999999998,3.6000000000000001,-8.1999999999999993,2.7999999999999998,TRAVEL,YIELD,RUNNING
510,10.199999999999999,1,-1.7455764228357662,-11.110414780827316,2.7999999999999998,3.6000000000000001,-8.1999999999999993,2.7999999999999998,TRAVEL,YIELD,RUNNING
510,10.199999999999999,1,-1.7455764228357662,-11.110414780827316,2.7999999999999998,3.6000000000000001,-8.1999999999999993,2.7999999999999998,TRAVEL,YIELD,RUNNING
510,10.199999999999999,1,-1.7455764228357662,-11.110414780827316,2.7999999999999998,3.6000000000000001,-8.1999999999999993,2.7999999999999998,TRAVEL,YIELD,RUNNING
510,10.199999999999999,1,-1.7455764228357662,-11.110414780827316,2.7999999999999998,3.6000000000000001,-8.1999999999999993,2.7999999999999998,TRAVEL,YIELD,RUNNING
510,10.199999999999999,1,-1.7455764228357662,-11.110414780827316,2.7999999999999998,3.6000000000000001,-8.1999999999999993,2.7999999999999998,TRAVEL,YIELD,RUNNING
510,10.199999999999999,1,-1.7455764228357662,-11.110414780827316,2.7999999999999998,3.6000000000000001,-8.1999999999999993,2.7999999999999998,TRAVEL,YIELD,RUNNING
510,10.199999999999999,1,-1.7455764228357662,-11.110414780827316,2.7999999999999998,3.6000000000000001,-8.1999999999999993,2.7999999999999998,TRAVEL,YIELD,RUNNING
510,10.199999999999999,1,-1.7455764228357662,-11.110414780827316,2.7999999999999998,3.6000000000000001,-8.1999999999999993,2.7999999999999998,TRAVEL,YIELD,RUNNING
510,10.199999999999999,1,-1.7455764228357662,-11.110414780827316,2.7999999999999998,3.6000000000000001,-8.1999999999999993,2.7999999999999998,TRAVEL,YIELD,RUNNING
510,10.199999999999999,1,-1.7455764228357662,-11.110414780827316,2.7999999999999998,3.6000000000000001,-8.1999999999999993,2.7999999999999998,TRAVEL,YIELD,RUNNING
510,10.199999999999999,1,-1.7455764228357662,-11.110414780827316,2.7999999999999998,3.6000000000000001,-8.1999999999999993,2.7999999999999998,TRAVEL,YIELD,RUNNING
510,10.199999999999999,1,-1.7455764228357662,-11.110414780827316,2.7999999999999998,3.6000000000000001,-8.1999999999999993,2.7999999999999998,TRAVEL,YIELD,RUNNING
510,10.199999999999999,1,-1.7455764228357662,-11.110414780827316,2.7999999999999998,3.6000000000000001,-8.1999999999999993,2.7999999999999998,TRAVEL,YIELD,RUNNING
510,10.199999999999999,1,-1.7455764228357662,-11.110414780827316,2.7999999999999998,3.6000000000000001,-8.1999999999999993,2.7999999999999998,TRAVEL,YIELD,RUNNING
510,10.199999999999999,1,-1.7455764228357662,-11.110414780827316,2.7999999999999998,3.6000000000000001,-8.1999999999999993,2.7999999999999998,TRAVEL,YIELD,RUNNING
510,10.199999999999999,1,-1.7455764228357662,-11.110414780827316,2.7999999999999998,3.6000000000000001,-8.1999999999999993,2.7999999999999998,TRAVEL,YIELD,RUNNING
510,10.199999999999999,1,-1.7455764228357662,-11.110414780827316,2.7999999999999998,3.6000000000000001,-8.1999999999999993,2.7999999999999998,TRAVEL,YIELD,RUNNING
510,10.199999999999999,1,-1.7455764228357662,-11.110414780827316,2.7999999999999998,3.6000000000000001,-8.1999999999999993,2.7999999999999998,TRAVEL,YIELD,RUNNING
510,10.199999999999999,1,-1.7455764228357662,-11.110414780827316,2.7999999999999998,3.6000000000000001,-8.1999999999999993,2.7999999999999998,TRAVEL,YIELD,RUNNING
510,10.199999999999999,1,-1.7455764228357662,-11.110414780827316,2.7999999999999998,3.6000000000000001,-8.1999999999999993,2.7999999999999998,TRAVEL,YIELD,RUNNING
510,10.199999999999999,1,-1.7455764228357662,-11.110414780827316,2.7999999999999998,3.6000000000000001,-8.1999999999999993,2.7999999999999998,TRAVEL,YIELD,RUNNING
510,10.199999999999999,1,-1.7455764228357662,-11.110414780827316,2.7999999999999998,3.6000000000000001,-8.1999999999999993,2.7999999999999998,TRAVEL,YIELD,RUNNING
510,10.199999999999999,1,-1.7455764228357662,-11.110414780827316,2.7999999999999998,3.6000000000000001,-8.1999999999999993,2.7999999999999998,TRAVEL,YIELD,RUNNING
510,10.199999999999999,1,-1.7455764228357662,-11.110414780827316,2.7999999999999998,3.6000000000000001,-8.1999999999999993,2.7999999999999998,TRAVEL,YIELD,RUNNING
510,10.199999999999999,1,-1.7455764228357662,-11.110414780827316,2.7999999999999998,3.6000000000000001,-8.1999999999999993,2.7999999999999998,TRAVEL,YIELD,RUNNING
510,10.199999999999999,1,-1.7455764228357662,-11.110414780827316,2.7999999999999998,3.6000000000000001,-8.1999999999999993,2.7999999999999998,TRAVEL,YIELD,RUNNING
510,10.199999999999999,1,-1.7455764228357662,-11.110414780827316,2.7999999999999998,3.6000000000000001,-8.1999999999999993,2.7999999999999998,TRAVEL,YIELD,RUNNING
510,10.199999999999999,1,-1.7455764228357662,-11.110414780827316,2.7999999999999998,3.6000000000000001,-8.1999999999999993,2.7999999999999998,TRAVEL,YIELD,RUNNING
510,10.199999999999999,1,-1.7455764228357662,-11.110414780827316,2.7999999999999998,3.6000000000000001,-8.1999999999999993,2.7999999999999998,TRAVEL,YIELD,RUNNING
510,10.199999999999999,1,-1.7455764228357662,-11.110414780827316,2.7999999999999998,3.6000000000000001,-8.1999999999999993,2.7999999999999998,TRAVEL,YIELD,RUNNING
510,10.199999999999999,1,-1.7455764228357662,-11.110414780827316,2.7999999999999998,3.6000000000000001,-8.1999999999999993,2.7999999999999998,TRAVEL,YIELD,RUNNING
510,10.199999999999999,1,-1.7455764228357662,-11.110414780827316,2.7999999999999998,3.6000000000000001,-8.1999999999999993,2.7999999999999998,TRAVEL,YIELD,RUNNING
510,10.199999999999999,1,-1.7455764228357662,-11.110414780827316,2.7999999999999998,3.6000000000000001,-8.1999999999999993,2.7999999999999998,TRAVEL,YIELD,RUNNING
510,10.199999999999999,1,-1.7455764228357662,-11.110414780827316,2.7999999999999998,3.6000000000000001,-8.1999999999999993,2.7999999999999998,TRAVEL,YIELD,RUNNING
510,10.199999999999999,1,-1.7455764228357662,-11.110414780827316,2.7999999999999998,3.6000000000000001,-8.1999999999999993,2.7999999999999998,TRAVEL,YIELD,RUNNING
510,10.199999999999999,1,-1.7455764228357662,-11.110414780827316,2.7999999999999998,3.6000000000000001,-8.1999999999999993,2.7999999999999998,TRAVEL,YIELD,RUNNING
510,10.199999999999999,1,-1.7455764228357662,-11.110414780827316,2.7999999999999998,3.6000000000000001,-8.1999999999999993,2.7999999999999998,TRAVEL,YIELD,RUNNING
510,10.199999999999999,1,-1.7455764228357662,-11.110414780827316,2.7999999999999998,3.6000000000000001,-8.1999999999999993,2.7999999999999998,TRAVEL,YIELD,RUNNING
510,10.199999999999999,1,-1.7455764228357662,-11.110414780827316,2.7999999999999998,3.6000000000000001,-8.1999999999999993,2.7999999999999998,TRAVEL,YIELD,RUNNING
510,10.199999999999999,1,-1.7455764228357662,-11.110414780827316,2.7999999999999998,3.6000000000000001,-8.1999999999999993,2.7999999999999998,TRAVEL,YIELD,RUNNING
510,10.199999999999999,1,-1.7455764228357662,-11.110414780827316,2.7999999999999998,3.6000000000000001,-8.1999999999999993,2.7999999999999998,TRAVEL,YIELD,RUNNING
510,10.199999999999999,1,-1.7455764228357662,-11.110414780827316,2.7999999999999998,3.6000000000000001,-8.1999999999999993,2.7999999999999998,TRAVEL,YIELD,RUNNING
510,10.199999999999999,1,-1.7455764228357662,-11.110414780827316,2.7999999999999998,3.6000000000000001,-8.1999999999999993,2.7999999999999998,TRAVEL,YIELD,RUNNING
510,10.199999999999999,1,-1.7455764228357662,-11.110414780827316,2.7999999999999998,3.6000000000000001,-8.1999999999999993,2.7999999999999998,TRAVEL,YIELD,RUNNING
510,10.199999999999999,1,-1.7455764228357662,-11.110414780827316,2.7999999999999998,3.6000000000000001,-8.1999999999999993,2.7999999999999998,TRAVEL,YIELD,RUNNING
510,10.199999999999999,1,-1.7455764228357662,-11.110414780827316,2.7999999999999998,3.6000000000000001,-8.1999999999999993,2.7999999999999998,TRAVEL,YIELD,RUNNING
510,10.199999999999999,1,-1.7455764228357662,-11.110414780827316,2.7999999999999998,3.6000000000000001,-8.1999999999999993,2.7999999999999998,TRAVEL,YIELD,RUNNING
510,10.199999999999999,1,-1.7455764228357662,-11.110414780827316,2.7999999999999998,3.6000000000000001,-8.1999999999999993,2.7999999999999998,TRAVEL,YIELD,RUNNING
510,10.199999999999999,1,-1.7455764228357662,-11.110414780827316,2.7999999999999998,3.6000000000000001,-8.1999999999999993,2.7999999999999998,TRAVEL,YIELD,RUNNING
510,10.199999999999999,1,-1.7455764228357662,-11.110414780827316,2.7999999999999998,3.6000000000000001,-8.1999999999999993,2.7999999999999998,TRAVEL,YIELD,RUNNING
510,10.199999999999999,1,-1.7455764228357662,-11.110414780827316,2.7999999999999998,3.6000000000000001,-8.1999999999999993,2.7999999999999998,TRAVEL,YIELD,RUNNING
510,10.199999999999999,1,-1.7455764228357662,-11.110414780827316,2.7999999999999998,3.6000000000000001,-8.1999999999999993,2.7999999999999998,TRAVEL,YIELD,RUNNING
510,10.199999999999999,1,-1.7455764228357662,-11.110414780827316,2.7999999999999998,3.6000000000000001,-8.1999999999999993,2.7999999999999998,TRAVEL,YIELD,RUNNING
510,10.199999999999999,1,-1.7455764228357662,-11.110414780827316,2.7999999999999998,3.6000000000000001,-8.1999999999999993,2.7999999999999998,TRAVEL,YIELD,RUNNING
510,10.199999999999999,1,-1.7455764228357662,-11.110414780827316,2.7999999999999998,3.6000000000000001,-8.1999999999999993,2.7999999999999998,TRAVEL,YIELD,RUNNING
510,10.199999999999999,1,-1.7455764228357662,-11.110414780827316,2.7999999999999998,3.6000000000000001,-8.1999999999999993,2.7999999999999998,TRAVEL,YIELD,RUNNING
510,10.199999999999999,1,-1.7455764228357662,-11.110414780827316,2.7999999999999998,3.6000000000000001,-8.1999999999999993,2.7999999999999998,TRAVEL,YIELD,RUNNING
510,10.199999999999999,1,-1.7455764228357662,-11.110414780827316,2.7999999999999998,3.6000000000000001,-8.1999999999999993,2.7999999999999998,TRAVEL,YIELD,RUNNING
510,10.199999999999999,1,-1.7455764228357662,-11.110414780827316,2.7999999999999998,3.6000000000000001,-8.1999999999999993,2.7999999999999998,TRAVEL,YIELD,RUNNING
510,10.199999999999999,1,-1.7455764228357662,-11.110414780827316,2.7999999999999998,3.6000000000000001,-8.1999999999999993,2.7999999999999998,TRAVEL,YIELD,RUNNING
510,10.199999999999999,1,-1.7455764228357662,-11.110414780827316,2.7999999999999998,3.6000000000000001,-8.1999999999999993,2.7999999999999998,TRAVEL,YIELD,RUNNING
510,10.199999999999999,1,-1.7455764228357662,-11.110414780827316,2.7999999999999998,3.6000000000000001,-8.1999999999999993,2.7999999999999998,TRAVEL,YIELD,RUNNING
510,10.199999999999999,1,-1.7455764228357662,-11.110414780827316,2.7999999999999998,3.6000000000000001,-8.1999999999999993,2.7999999999999998,TRAVEL,YIELD,RUNNING
510,10.199999999999999,1,-1.7455764228357662,-11.110414780827316,2.7999999999999998,3.6000000000000001,-8.1999999999999993,2.7999999999999998,TRAVEL,YIELD,RUNNING
510,10.199999999999999,1,-1.7455764228357662,-11.110414780827316,2.7999999999999998,3.6000000000000001,-8.1999999999999993,2.7999999999999998,TRAVEL,YIELD,RUNNING
510,10.199999999999999,1,-1.7455764228357662,-11.110414780827316,2.7999999999999998,3.6000000000000001,-8.1999999999999993,2.7999999999999998,TRAVEL,YIELD,RUNNING
510,10.199999999999999,1,-1.7455764228357662,-11.110414780827316,2.7999999999999998,3.6000000000000001,-8.1999999999999993,2.7999999999999998,TRAVEL,YIELD,RUNNING
510,10.199999999999999,1,-1.7455764228357662,-11.110414780827316,2.7999999999999998,3.6000000000000001,-8.1999999999999993,2.7999999999999998,TRAVEL,YIELD,RUNNING
510,10.199999999999999,1,-1.7455764228357662,-11.110414780827316,2.7999999999999998,3.6000000000000001,-8.1999999999999993,2.7999999999999998,TRAVEL,YIELD,RUNNING
510,10.199999999999999,1,-1.7455764228357662,-11.110414780827316,2.7999999999999998,3.6000000000000001,-8.1999999999999993,2.7999999999999998,TRAVEL,YIELD,RUNNING
510,10.199999999999999,1,-1.7455764228357662,-11.110414780827316,2.7999999999999998,3.6000000000000001,-8.1999999999999993,2.7999999999999998,TRAVEL,YIELD,RUNNING
510,10.199999999999999,1,-1.7455764228357662,-11.110414780827316,2.7999999999999998,3.6000000000000001,-8.1999999999999993,2.7999999999999998,TRAVEL,YIELD,RUNNING
510,10.199999999999999,1,-1.7455764228357662,-11.110414780827316,2.7999999999999998,3.6000000000000001,-8.1999999999999993,2.7999999999999998,TRAVEL,YIELD,RUNNING
510,10.199999999999999,1,-1.7455764228357662,-11.110414780827316,2.7999999999999998,3.6000000000000001,-8.1999999999999993,2.7999999999999998,TRAVEL,YIELD,RUNNING
510,10.199999999999999,1,-1.7455764228357662,-11.110414780827316,2.7999999999999998,3.6000000000000001,-8.1999999999999993,2.7999999999999998,TRAVEL,YIELD,RUNNING
510,10.199999999999999,1,-1.7455764228357662,-11.110414780827316,2.7999999999999998,3.6000000000000001,-8.1999999999999993,2.7999999999999998,TRAVEL,YIELD,RUNNING
510,10.199999999999999,1,-1.7455764228357662,-11.110414780827316,2.7999999999999998,3.6000000000000001,-8.1999999999999993,2.7999999999999998,TRAVEL,YIELD,RUNNING
510,10.199999999999999,1,-1.7455764228357662,-11.110414780827316,2.7999999999999998,3.6000000000000001,-8.1999999999999993,2.7999999999999998,TRAVEL,YIELD,RUNNING
510,10.199999999999999,1,-1.7455764228357662,-11.110414780827316,2.7999999999999998,3.6000000000000001,-8.1999999999999993,2.7999999999999998,TRAVEL,YIELD,RUNNING
510,10.199999999999999,1,-1.7455764228357662,-11.110414780827316,2.7999999999999998,3.6000000000000001,-8.1999999999999993,2.7999999999999998,TRAVEL,YIELD,RUNNING
510,10.199999999999999,1,-1.7455764228357662,-11.110414780827316,2.7999999999999998,3.6000000000000001,-8.1999999999999993,2.7999999999999998,TRAVEL,YIELD,RUNNING
510,10.199999999999999,1,-1.7455764228357662,-11.110414780827316,2.7999999999999998,3.6000000000000001,-8.1999999999999993,2.7999999999999998,TRAVEL,YIELD,RUNNING
510,10.199999999999999,1,-1.7455764228357662,-11.110414780827316,2.7999999999999998,3.6000000000000001,-8.1999999999999993,2.7999999999999998,TRAVEL,YIELD,RUNNING
510,10.199999999999999,1,-1.7455764228357662,-11.110414780827316,2.7999999999999998,3.6000000000000001,-8.1999999999999993,2.7999999999999998,TRAVEL,YIELD,RUNNING
510,10.199999999999999,1,-1.7455764228357662,-11.110414780827316,2.7999999999999998,3.6000000000000001,-8.1999999999999993,2.7999999999999998,TRAVEL,YIELD,RUNNING
510,10.199999999999999,1,-1.7455764228357662,-11.110414780827316,2.7999999999999998,3.6000000000000001,-8.1999999999999993,2.7999999999999998,TRAVEL,YIELD,RUNNING
510,10.199999999999999,1,-1.7455764228357662,-11.110414780827316,2.7999999999999998,3.6000000000000001,-8.1999999999999993,2.7999999999999998,TRAVEL,YIELD,RUNNING
510,10.199999999999999,1,-1.7455764228357662,-11.110414780827316,2.7999999999999998,3.6000000000000001,-8.1999999999999993,2.7999999999999998,TRAVEL,YIELD,RUNNING
510,10.199999999999999,1,-1.7455764228357662,-11.110414780827316,2.7999999999999998,3.6000000000000001,-8.1999999999999993,2.7999999999999998,TRAVEL,YIELD,RUNNING
510,10.199999999999999,1,-1.7455764228357662,-11.110414780827316,2.7999999999999998,3.6000000000000001,-8.1999999999999993,2.7999999999999998,TRAVEL,YIELD,RUNNING
510,10.199999999999999,1,-1.7455764228357662,-11.110414780827316,2.7999999999999998,3.6000000000000001,-8.1999999999999993,2.7999999999999998,TRAVEL,YIELD,RUNNING
510,10.199999999999999,1,-1.7455764228357662,-11.110414780827316,2.7999999999999998,3.6000000000000001,-8.1999999999999993,2.7999999999999998,TRAVEL,YIELD,RUNNING
510,10.199999999999999,1,-1.7455764228357662,-11.110414780827316,2.7999999999999998,3.6000000000000001,-8.1999999999999993,2.7999999999999998,TRAVEL,YIELD,RUNNING
510,10.199999999999999,1,-1.7455764228357662,-11.110414780827316,2.7999999999999998,3.6000000000000001,-8.1999999999999993,2.7999999999999998,TRAVEL,YIELD,RUNNING
510,10.199999999999999,1,-1.7455764228357662,-11.110414780827316,2.7999999999999998,3.6000000000000001,-8.1999999999999993,2.7999999999999998,TRAVEL,YIELD,RUNNING
510,10.199999999999999,1,-1.7455764228357662,-11.110414780827316,2.7999999999999998,3.6000000000000001,-8.1999999999999993,2.7999999999999998,TRAVEL,YIELD,RUNNING
510,10.199999999999999,1,-1.7455764228357662,-11.110414780827316,2.7999999999999998,3.6000000000000001,-8.1999999999999993,2.7999999999999998,TRAVEL,YIELD,RUNNING
510,10.199999999999999,1,-1.7455764228357662,-11.110414780827316,2.7999999999999998,3.6000000000000001,-8.1999999999999993,2.7999999999999998,TRAVEL,YIELD,RUNNING
510,10.199999999999999,1,-1.7455764228357662,-11.110414780827316,2.7999999999999998,3.6000000000000001,-8.1999999999999993,2.7999999999999998,TRAVEL,YIELD,RUNNING
510,10.199999999999999,1,-1.7455764228357662,-11.110414780827316,2.7999999999999998,3.6000000000000001,-8.1999999999999993,2.7999999999999998,TRAVEL,YIELD,RUNNING
510,10.199999999999999,1,-1.7455764228357662,-11.110414780827316,2.7999999999999998,3.6000000000000001,-8.1999999999999993,2.7999999999999998,TRAVEL,YIELD,RUNNING
510,10.199999999999999,1,-1.7455764228357662,-11.110414780827316,2.7999999999999998,3.6000000000000001,-8.1999999999999993,2.7999999999999998,TRAVEL,YIELD,RUNNING
510,10.199999999999999,1,-1.7455764228357662,-11.110414780827316,2.7999999999999998,3.6000000000000001,-8.1999999999999993,2.7999999999999998,TRAVEL,YIELD,RUNNING
510,10.199999999999999,1,-1.7455764228357662,-11.110414780827316,2.7999999999999998,3.6000000000000001,-8.1999999999999993,2.7999999999999998,TRAVEL,YIELD,RUNNING
510,10.199999999999999,1,-1.7455764228357662,-11.110414780827316,2.7999999999999998,3.6000000000000001,-8.1999999999999993,2.7999999999999998,TRAVEL,YIELD,RUNNING
510,10.199999999999999,1,-1.7455764228357662,-11.110414780827316,2.7999999999999998,3.6000000000000001,-8.1999999999999993,2.7999999999999998,TRAVEL,YIELD,RUNNING
510,10.199999999999999,1,-1.7455764228357662,-11.110414780827316,2.7999999999999998,3.6000000000000001,-8.1999999999999993,2.7999999999999998,TRAVEL,YIELD,RUNNING
510,10.199999999999999,1,-1.7455764228357662,-11.110414780827316,2.7999999999999998,3.6000000000000001,-8.1999999999999993,2.7999999999999998,TRAVEL,YIELD,RUNNING
510,10.199999999999999,1,-1.7455764228357662,-11.110414780827316,2.7999999999999998,3.6000000000000001,-8.1999999999999993,2.7999999999999998,TRAVEL,YIELD,RUNNING
510,10.199999999999999,1,-1.7455764228357662,-11.110414780827316,2.7999999999999998,3.6000000000000001,-8.1999999999999993,2.7999999999999998,TRAVEL,YIELD,RUNNING
510,10.199999999999999,1,-1.7455764228357662,-11.110414780827316,2.7999999999999998,3.6000000000000001,-8.1999999999999993,2.7999999999999998,TRAVEL,YIELD,RUNNING
510,10.199999999999999,1,-1.7455764228357662,-11.110414780827316,2.7999999999999998,3.6000000000000001,-8.1999999999999993,2.7999999999999998,TRAVEL,YIELD,RUNNING
510,10.199999999999999,1,-1.7455764228357662,-11.110414780827316,2.7999999999999998,3.6000000000000001,-8.1999999999999993,2.7999999999999998,TRAVEL,YIELD,RUNNING
510,10.199999999999999,1,-1.7455764228357662,-11.110414780827316,2.7999999999999998,3.6000000000000001,-8.1999999999999993,2.7999999999999998,TRAVEL,YIELD,RUNNING
510,10.199999999999999,1,-1.7455764228357662,-11.110414780827316,2.7999999999999998,3.6000000000000001,-8.1999999999999993,2.7999999999999998,TRAVEL,YIELD,RUNNING
510,10.199999999999999,1,-1.7455764228357662,-11.110414780827316,2.7999999999999998,3.6000000000000001,-8.1999999999999993,2.7999999999999998,TRAVEL,YIELD,RUNNING
510,10.199999999999999,1,-1.7455764228357662,-11.110414780827316,2.7999999999999998,3.6000000000000001,-8.1999999999999993,2.7999999999999998,TRAVEL,YIELD,RUNNING
510,10.199999999999999,1,-1.7455764228357662,-11.110414780827316,2.7999999999999998,3.6000000000000001,-8.1999999999999993,2.7999999999999998,TRAVEL,YIELD,RUNNING
510,10.199999999999999,1,-1.7455764228357662,-11.110414780827316,2.7999999999999998,3.6000000000000001,-8.1999999999999993,2.7999999999999998,TRAVEL,YIELD,RUNNING
510,10.199999999999999,1,-1.7455764228357662,-11.110414780827316,2.7999999999999998,3.6000000000000001,-8.1999999999999993,2.7999999999999998,TRAVEL,YIELD,RUNNING
510,10.199999999999999,1,-1.7455764228357662,-11.110414780827316,2.7999999999999998,3.6000000000000001,-8.1999999999999993,2.7999999999999998,TRAVEL,YIELD,RUNNING
510,10.199999999999999,1,-1.7455764228357662,-11.110414780827316,2.7999999999999998,3.6000000000000001,-8.1999999999999993,2.7999999999999998,TRAVEL,YIELD,RUNNING
510,10.199999999999999,1,-1.7455764228357662,-11.110414780827316,2.7999999999999998,3.6000000000000001,-8.1999999999999993,2.7999999999999998,TRAVEL,YIELD,RUNNING
510,10.199999999999999,1,-1.7455764228357662,-11.110414780827316,2.7999999999999998,3.6000000000000001,-8.1999999999999993,2.7999999999999998,TRAVEL,YIELD,RUNNING
510,10.199999999999999,1,-1.7455764228357662,-11.110414780827316,2.7999999999999998,3.6000000000000001,-8.1999999999999993,2.7999999999999998,TRAVEL,YIELD,RUNNING
510,10.199999999999999,1,-1.7455764228357662,-11.110414780827316,2.7999999999999998,3.6000000000000001,-8.1999999999999993,2.7999999999999998,TRAVEL,YIELD,RUNNING
510,10.199999999999999,1,-1.7455764228357662,-11.110414780827316,2.7999999999999998,3.6000000000000001,-8.1999999999999993,2.7999999999999998,TRAVEL,YIELD,RUNNING
510,10.199999999999999,1,-1.7455764228357662,-11.110414780827316,2.7999999999999998,3.6000000000000001,-8.1999999999999993,2.7999999999999998,TRAVEL,YIELD,RUNNING
510,10.199999999999999,1,-1.7455764228357662,-11.110414780827316,2.7999999999999998,3.6000000000000001,-8.1999999999999993,2.7999999999999998,TRAVEL,YIELD,RUNNING
510,10.199999999999999,1,-1.7455764228357662,-11.110414780827316,2.7999999999999998,3.6000000000000001,-8.1999999999999993,2.7999999999999998,TRAVEL,YIELD,RUNNING
510,10.199999999999999,1,-1.7455764228357662,-11.110414780827316,2.7999999999999998,3.6000000000000001,-8.1999999999999993,2.7999999999999998,TRAVEL,YIELD,RUNNING
510,10.199999999999999,1,-1.7455764228357662,-11.110414780827316,2.7999999999999998,3.6000000000000001,-8.1999999999999993,2.7999999999999998,TRAVEL,YIELD,RUNNING
510,10.199999999999999,1,-1.7455764228357662,-11.110414780827316,2.7999999999999998,3.6000000000000001,-8.1999999999999993,2.7999999999999998,TRAVEL,YIELD,RUNNING
510,10.199999999999999,1,-1.7455764228357662,-11.110414780827316,2.7999999999999998,3.6000000000000001,-8.1999999999999993,2.7999999999999998,TRAVEL,YIELD,RUNNING
510,10.199999999999999,1,-1.7455764228357662,-11.110414780827316,2.7999999999999998,3.6000000000000001,-8.1999999999999993,2.7999999999999998,TRAVEL,YIELD,RUNNING
510,10.199999999999999,1,-1.7455764228357662,-11.110414780827316,2.7999999999999998,3.6000000000000001,-8.1999999999999993,2.7999999999999998,TRAVEL,YIELD,RUNNING
510,10.199999999999999,1,-1.7455764228357662,-11.110414780827316,2.7999999999999998,3.6000000000000001,-8.1999999999999993,2.7999999999999998,TRAVEL,YIELD,RUNNING
510,10.199999999999999,1,-1.7455764228357662,-11.110414780827316,2.7999999999999998,3.6000000000000001,-8.1999999999999993,2.7999999999999998,TRAVEL,YIELD,RUNNING
510,10.199999999999999,1,-1.7455764228357662,-11.110414780827316,2.7999999999999998,3.6000000000000001,-8.1999999999999993,2.7999999999999998,TRAVEL,YIELD,RUNNING
510,10.199999999999999,1,-1.7455764228357662,-11.110414780827316,2.7999999999999998,3.6000000000000001,-8.1999999999999993,2.7999999999999998,TRAVEL,YIELD,RUNNING
510,10.199999999999999,1,-1.7455764228357662,-11.110414780827316,2.7999999999999998,3.6000000000000001,-8.1999999999999993,2.7999999999999998,TRAVEL,YIELD,RUNNING
510,10.199999999999999,1,-1.7455764228357662,-11.110414780827316,2.7999999999999998,3.6000000000000001,-8.1999999999999993,2.7999999999999998,TRAVEL,YIELD,RUNNING
510,10.199999999999999,1,-1.7455764228357662,-11.110414780827316,2.7999999999999998,3.6000000000000001,-8.1999999999999993,2.7999999999999998,TRAVEL,YIELD,RUNNING
510,10.199999999999999,1,-1.7455764228357662,-11.110414780827316,2.7999999999999998,3.6000000000000001,-8.1999999999999993,2.7999999999999998,TRAVEL,YIELD,RUNNING
510,10.199999999999999,1,-1.7455764228357662,-11.110414780827316,2.7999999999999998,3.6000000000000001,-8.1999999999999993,2.7999999999999998,TRAVEL,YIELD,RUNNING
510,10.199999999999999,1,-1.7455764228357662,-11.110414780827316,2.7999999999999998,3.6000000000000001,-8.1999999999999993,2.7999999999999998,TRAVEL,YIELD,RUNNING
510,10.199999999999999,1,-1.7455764228357662,-11.110414780827316,2.7999999999999998,3.6000000000000001,-8.1999999999999993,2.7999999999999998,TRAVEL,YIELD,RUNNING
510,10.199999999999999,1,-1.7455764228357662,-11.110414780827316,2.7999999999999998,3.6000000000000001,-8.1999999999999993,2.7999999999999998,TRAVEL,YIELD,RUNNING
510,10.199999999999999,1,-1.7455764228357662,-11.110414780827316,2.7999999999999998,3.6000000000000001,-8.1999999999999993,2.7999999999999998,TRAVEL,YIELD,RUNNING
510,10.199999999999999,1,-1.7455764228357662,-11.110414780827316,2.7999999999999998,3.6000000000000001,-8.1999999999999993,2.7999999999999998,TRAVEL,YIELD,RUNNING
510,10.199999999999999,1,-1.7455764228357662,-11.110414780827316,2.7999999999999998,3.6000000000000001,-8.1999999999999993,2.7999999999999998,TRAVEL,YIELD,RUNNING
510,10.199999999999999,1,-1.7455764228357662,-11.110414780827316,2.7999999999999998,3.6000000000000001,-8.1999999999999993,2.7999999999999998,TRAVEL,YIELD,RUNNING
510,10.199999999999999,1,-1.7455764228357662,-11.110414780827316,2.7999999999999998,3.6000000000000001,-8.1999999999999993,2.7999999999999998,TRAVEL,YIELD,RUNNING
510,10.199999999999999,1,-1.7455764228357662,-11.110414780827316,2.7999999999999998,3.6000000000000001,-8.1999999999999993,2.7999999999999998,TRAVEL,YIELD,RUNNING
510,10.199999999999999,1,-1.7455764228357662,-11.110414780827316,2.7999999999999998,3.6000000000000001,-8.1999999999999993,2.7999999999999998,TRAVEL,YIELD,RUNNING
510,10.199999999999999,1,-1.7455764228357662,-11.110414780827316,2.7999999999999998,3.6000000000000001,-8.1999999999999993,2.7999999999999998,TRAVEL,YIELD,RUNNING
510,10.199999999999999,1,-1.7455764228357662,-11.110414780827316,2.7999999999999998,3.6000000000000001,-8.1999999999999993,2.7999999999999998,TRAVEL,YIELD,RUNNING
510,10.199999999999999,1,-1.7455764228357662,-11.110414780827316,2.7999999999999998,3.6000000000000001,-8.1999999999999993,2.7999999999999998,TRAVEL,YIELD,RUNNING
510,10.199999999999999,1,-1.7455764228357662,-11.110414780827316,2.7999999999999998,3.6000000000000001,-8.1999999999999993,2.7999999999999998,TRAVEL,YIELD,RUNNING
510,10.199999999999999,1,-1.7455764228357662,-11.110414780827316,2.7999999999999998,3.6000000000000001,-8.1999999999999993,2.7999999999999998,TRAVEL,YIELD,RUNNING
510,10.199999999999999,1,-1.7455764228357662,-11.110414780827316,2.7999999999999998,3.6000000000000001,-8.1999999999999993,2.7999999999999998,TRAVEL,YIELD,RUNNING
510,10.199999999999999,1,-1.7455764228357662,-11.110414780827316,2.7999999999999998,3.6000000000000001,-8.1999999999999993,2.7999999999999998,TRAVEL,YIELD,RUNNING
510,10.199999999999999,1,-1.7455764228357662,-11.110414780827316,2.7999999999999998,3.6000000000000001,-8.1999999999999993,2.7999999999999998,TRAVEL,YIELD,RUNNING
510,10.199999999999999,1,-1.7455764228357662,-11.110414780827316,2.7999999999999998,3.6000000000000001,-8.1999999999999993,2.7999999999999998,TRAVEL,YIELD,RUNNING
510,10.199999999999999,1,-1.7455764228357662,-11.110414780827316,2.7999999999999998,3.6000000000000001,-8.1999999999999993,2.7999999999999998,TRAVEL,YIELD,RUNNING
510,10.199999999999999,1,-1.7455764228357662,-11.110414780827316,2.7999999999999998,3.6000000000000001,-8.1999999999999993,2.7999999999999998,TRAVEL,YIELD,RUNNING
510,10.199999999999999,1,-1.7455764228357662,-11.110414780827316,2.7999999999999998,3.6000000000000001,-8.1999999999999993,2.7999999999999998,TRAVEL,YIELD,RUNNING
510,10.199999999999999,1,-1.7455764228357662,-11.110414780827316,2.7999999999999998,3.6000000000000001,-8.1999999999999993,2.7999999999999998,TRAVEL,YIELD,RUNNING
510,10.199999999999999,1,-1.7455764228357662,-11.110414780827316,2.7999999999999998,3.6000000000000001,-8.1999999999999993,2.7999999999999998,TRAVEL,YIELD,RUNNING
510,10.199999999999999,1,-1.7455764228357662,-11.110414780827316,2.7999999999999998,3.6000000000000001,-8.1999999999999993,2.7999999999999998,TRAVEL,YIELD,RUNNING
510,10.199999999999999,1,-1.7455764228357662,-11.110414780827316,2.7999999999999998,3.6000000000000001,-8.1999999999999993,2.7999999999999998,TRAVEL,YIELD,RUNNING
510,10.199999999999999,1,-1.7455764228357662,-11.110414780827316,2.7999999999999998,3.6000000000000001,-8.1999999999999993,2.7999999999999998,TRAVEL,YIELD,RUNNING
510,10.199999999999999,1,-1.7455764228357662,-11.110414780827316,2.7999999999999998,3.6000000000000001,-8.1999999999999993,2.7999999999999998,TRAVEL,YIELD,RUNNING
510,10.199999999999999,1,-1.7455764228357662,-11.110414780827316,2.7999999999999998,3.6000000000000001,-8.1999999999999993,2.7999999999999998,TRAVEL,YIELD,RUNNING
510,10.199999999999999,1,-1.7455764228357662,-11.110414780827316,2.7999999999999998,3.6000000000000001,-8.1999999999999993,2.7999999999999998,TRAVEL,YIELD,RUNNING
510,10.199999999999999,1,-1.7455764228357662,-11.110414780827316,2.7999999999999998,3.6000000000000001,-8.1999999999999993,2.7999999999999998,TRAVEL,YIELD,RUNNING
510,10.199999999999999,1,-1.7455764228357662,-11.110414780827316,2.7999999999999998,3.6000000000000001,-8.1999999999999993,2.7999999999999998,TRAVEL,YIELD,RUNNING
510,10.199999999999999,1,-1.7455764228357662,-11.110414780827316,2.7999999999999998,3.6000000000000001,-8.1999999999999993,2.7999999999999998,TRAVEL,YIELD,RUNNING
510,10.199999999999999,1,-1.7455764228357662,-11.110414780827316,2.7999999999999998,3.6000000000000001,-8.1999999999999993,2.7999999999999998,TRAVEL,YIELD,RUNNING
510,10.199999999999999,1,-1.7455764228357662,-11.110414780827316,2.7999999999999998,3.6000000000000001,-8.1999999999999993,2.7999999999999998,TRAVEL,YIELD,RUNNING
510,10.199999999999999,1,-1.7455764228357662,-11.110414780827316,2.7999999999999998,3.6000000000000001,-8.1999999999999993,2.7999999999999998,TRAVEL,YIELD,RUNNING
510,10.199999999999999,1,-1.7455764228357662,-11.110414780827316,2.7999999999999998,3.6000000000000001,-8.1999999999999993,2.7999999999999998,TRAVEL,YIELD,RUNNING
510,10.199999999999999,1,-1.7455764228357662,-11.110414780827316,2.7999999999999998,3.6000000000000001,-8.1999999999999993,2.7999999999999998,TRAVEL,YIELD,RUNNING
510,10.199999999999999,1,-1.7455764228357662,-11.110414780827316,2.7999999999999998,3.6000000000000001,-8.1999999999999993,2.7999999999999998,TRAVEL,YIELD,RUNNING
510,10.199999999999999,1,-1.7455764228357662,-11.110414780827316,2.7999999999999998,3.6000000000000001,-8.1999999999999993,2.7999999999999998,TRAVEL,YIELD,RUNNING
510,10.199999999999999,1,-1.7455764228357662,-11.110414780827316,2.7999999999999998,3.6000000000000001,-8.1999999999999993,2.7999999999999998,TRAVEL,YIELD,RUNNING
510,10.199999999999999,1,-1.7455764228357662,-11.110414780827316,2.7999999999999998,3.6000000000000001,-8.1999999999999993,2.7999999999999998,TRAVEL,YIELD,RUNNING
510,10.199999999999999,1,-1.7455764228357662,-11.110414780827316,2.7999999999999998,3.6000000000000001,-8.1999999999999993,2.7999999999999998,TRAVEL,YIELD,RUNNING
510,10.199999999999999,1,-1.7455764228357662,-11.110414780827316,2.7999999999999998,3.6000000000000001,-8.1999999999999993,2.7999999999999998,TRAVEL,YIELD,RUNNING
510,10.199999999999999,1,-1.7455764228357662,-11.110414780827316,2.7999999999999998,3.6000000000000001,-8.1999999999999993,2.7999999999999998,TRAVEL,YIELD,RUNNING
510,10.199999999999999,1,-1.7455764228357662,-11.110414780827316,2.7999999999999998,3.6000000000000001,-8.1999999999999993,2.7999999999999998,TRAVEL,YIELD,RUNNING
510,10.199999999999999,1,-1.7455764228357662,-11.110414780827316,2.7999999999999998,3.6000000000000001,-8.1999999999999993,2.7999999999999998,TRAVEL,YIELD,RUNNING
510,10.199999999999999,1,-1.7455764228357662,-11.110414780827316,2.7999999999999998,3.6000000000000001,-8.1999999999999993,2.7999999999999998,TRAVEL,YIELD,RUNNING
510,10.199999999999999,1,-1.7455764228357662,-11.110414780827316,2.7999999999999998,3.6000000000000001,-8.1999999999999993,2.7999999999999998,TRAVEL,YIELD,RUNNING
510,10.199999999999999,1,-1.7455764228357662,-11.110414780827316,2.7999999999999998,3.6000000000000001,-8.1999999999999993,2.7999999999999998,TRAVEL,YIELD,RUNNING
510,10.199999999999999,1,-1.7455764228357662,-11.110414780827316,2.7999999999999998,3.6000000000000001,-8.1999999999999993,2.7999999999999998,TRAVEL,YIELD,RUNNING
510,10.199999999999999,1,-1.7455764228357662,-11.110414780827316,2.7999999999999998,3.6000000000000001,-8.1999999999999993,2.7999999999999998,TRAVEL,YIELD,RUNNING
510,10.199999999999999,1,-1.7455764228357662,-11.110414780827316,2.7999999999999998,3.6000000000000001,-8.1999999999999993,2.7999999999999998,TRAVEL,YIELD,RUNNING
510,10.199999999999999,1,-1.7455764228357662,-11.110414780827316,2.7999999999999998,3.6000000000000001,-8.1999999999999993,2.7999999999999998,TRAVEL,YIELD,RUNNING
510,10.199999999999999,1,-1.7455764228357662,-11.110414780827316,2.7999999999999998,3.6000000000000001,-8.1999999999999993,2.7999999999999998,TRAVEL,YIELD,RUNNING
510,10.199999999999999,1,-1.7455764228357662,-11.110414780827316,2.7999999999999998,3.6000000000000001,-8.1999999999999993,2.7999999999999998,TRAVEL,YIELD,RUNNING
510,10.199999999999999,1,-1.7455764228357662,-11.110414780827316,2.7999999999999998,3.6000000000000001,-8.1999999999999993,2.7999999999999998,TRAVEL,YIELD,RUNNING
510,10.199999999999999,1,-1.7455764228357662,-11.110414780827316,2.7999999999999998,3.6000000000000001,-8.1999999999999993,2.7999999999999998,TRAVEL,YIELD,RUNNING
510,10.199999999999999,1,-1.7455764228357662,-11.110414780827316,2.7999999999999998,3.6000000000000001,-8.1999999999999993,2.7999999999999998,TRAVEL,YIELD,RUNNING
510,10.199999999999999,1,-1.7455764228357662,-11.110414780827316,2.7999999999999998,3.6000000000000001,-8.1999999999999993,2.7999999999999998,TRAVEL,YIELD,RUNNING
510,10.199999999999999,1,-1.7455764228357662,-11.110414780827316,2.7999999999999998,3.6000000000000001,-8.1999999999999993,2.7999999999999998,TRAVEL,YIELD,RUNNING
510,10.199999999999999,1,-1.7455764228357662,-11.110414780827316,2.7999999999999998,3.6000000000000001,-8.1999999999999993,2.7999999999999998,TRAVEL,YIELD,RUNNING
510,10.199999999999999,1,-1.7455764228357662,-11.110414780827316,2.7999999999999998,3.6000000000000001,-8.1999999999999993,2.7999999999999998,TRAVEL,YIELD,RUNNING
510,10.199999999999999,1,-1.7455764228357662,-11.110414780827316,2.7999999999999998,3.6000000000000001,-8.1999999999999993,2.7999999999999998,TRAVEL,YIELD,RUNNING
510,10.199999999999999,1,-1.7455764228357662,-11.110414780827316,2.7999999999999998,3.6000000000000001,-8.1999999999999993,2.7999999999999998,TRAVEL,YIELD,RUNNING
510,10.199999999999999,1,-1.7455764228357662,-11.110414780827316,2.7999999999999998,3.6000000000000001,-8.1999999999999993,2.7999999999999998,TRAVEL,YIELD,RUNNING
510,10.199999999999999,1,-1.7455764228357662,-11.110414780827316,2.7999999999999998,3.6000000000000001,-8.1999999999999993,2.7999999999999998,TRAVEL,YIELD,RUNNING
510,10.199999999999999,1,-1.7455764228357662,-11.110414780827316,2.7999999999999998,3.6000000000000001,-8.1999999999999993,2.7999999999999998,TRAVEL,YIELD,RUNNING
510,10.199999999999999,1,-1.7455764228357662,-11.110414780827316,2.7999999999999998,3.6000000000000001,-8.1999999999999993,2.7999999999999998,TRAVEL,YIELD,RUNNING
510,10.199999999999999,1,-1.7455764228357662,-11.110414780827316,2.7999999999999998,3.6000000000000001,-8.1999999999999993,2.7999999999999998,TRAVEL,YIELD,RUNNING
510,10.199999999999999,1,-1.7455764228357662,-11.110414780827316,2.7999999999999998,3.6000000000000001,-8.1999999999999993,2.7999999999999998,TRAVEL,YIELD,RUNNING
510,10.199999999999999,1,-1.7455764228357662,-11.110414780827316,2.7999999999999998,3.6000000000000001,-8.1999999999999993,2.7999999999999998,TRAVEL,YIELD,RUNNING
510,10.199999999999999,1,-1.7455764228357662,-11.110414780827316,2.7999999999999998,3.6000000000000001,-8.1999999999999993,2.7999999999999998,TRAVEL,YIELD,RUNNING
510,10.199999999999999,1,-1.7455764228357662,-11.110414780827316,2.7999999999999998,3.6000000000000001,-8.1999999999999993,2.7999999999999998,TRAVEL,YIELD,RUNNING
510,10.199999999999999,1,-1.7455764228357662,-11.110414780827316,2.7999999999999998,3.6000000000000001,-8.1999999999999993,2.7999999999999998,TRAVEL,YIELD,RUNNING
510,10.199999999999999,1,-1.7455764228357662,-11.110414780827316,2.7999999999999998,3.6000000000000001,-8.1999999999999993,2.7999999999999998,TRAVEL,YIELD,RUNNING
510,10.199999999999999,1,-1.7455764228357662,-11.110414780827316,2.7999999999999998,3.6000000000000001,-8.1999999999999993,2.7999999999999998,TRAVEL,YIELD,RUNNING
510,10.199999999999999,1,-1.7455764228357662,-11.110414780827316,2.7999999999999998,3.6000000000000001,-8.1999999999999993,2.7999999999999998,TRAVEL,YIELD,RUNNING
510,10.199999999999999,1,-1.7455764228357662,-11.110414780827316,2.7999999999999998,3.6000000000000001,-8.1999999999999993,2.7999999999999998,TRAVEL,YIELD,RUNNING
510,10.199999999999999,1,-1.7455764228357662,-11.110414780827316,2.7999999999999998,3.6000000000000001,-8.1999999999999993,2.7999999999999998,TRAVEL,YIELD,RUNNING
510,10.199999999999999,1,-1.7455764228357662,-11.110414780827316,2.7999999999999998,3.6000000000000001,-8.1999999999999993,2.7999999999999998,TRAVEL,YIELD,RUNNING
510,10.199999999999999,1,-1.7455764228357662,-11.110414780827316,2.7999999999999998,3.6000000000000001,-8.1999999999999993,2.7999999999999998,TRAVEL,YIELD,RUNNING
510,10.199999999999999,1,-1.7455764228357662,-11.110414780827316,2.7999999999999998,3.6000000000000001,-8.1999999999999993,2.7999999999999998,TRAVEL,YIELD,RUNNING
510,10.199999999999999,1,-1.7455764228357662,-11.110414780827316,2.7999999999999998,3.6000000000000001,-8.1999999999999993,2.7999999999999998,TRAVEL,YIELD,RUNNING
510,10.199999999999999,1,-1.7455764228357662,-11.110414780827316,2.7999999999999998,3.6000000000000001,-8.1999999999999993,2.7999999999999998,TRAVEL,YIELD,RUNNING
510,10.199999999999999,1,-1.7455764228357662,-11.110414780827316,2.7999999999999998,3.6000000000000001,-8.1999999999999993,2.7999999999999998,TRAVEL,YIELD,RUNNING
510,10.199999999999999,1,-1.7455764228357662,-11.110414780827316,2.7999999999999998,3.6000000000000001,-8.1999999999999993,2.7999999999999998,TRAVEL,YIELD,RUNNING
510,10.199999999999999,1,-1.7455764228357662,-11.110414780827316,2.7999999999999998,3.6000000000000001,-8.1999999999999993,2.7999999999999998,TRAVEL,YIELD,RUNNING
510,10.199999999999999,1,-1.7455764228357662,-11.110414780827316,2.7999999999999998,3.6000000000000001,-8.1999999999999993,2.7999999999999998,TRAVEL,YIELD,RUNNING
510,10.199999999999999,1,-1.7455764228357662,-11.110414780827316,2.7999999999999998,3.6000000000000001,-8.1999999999999993,2.7999999999999998,TRAVEL,YIELD,RUNNING
510,10.199999999999999,1,-1.7455764228357662,-11.110414780827316,2.7999999999999998,3.6000000000000001,-8.1999999999999993,2.7999999999999998,TRAVEL,YIELD,RUNNING
510,10.199999999999999,1,-1.7455764228357662,-11.110414780827316,2.7999999999999998,3.6000000000000001,-8.1999999999999993,2.7999999999999998,TRAVEL,YIELD,RUNNING
510,10.199999999999999,1,-1.7455764228357662,-11.110414780827316,2.7999999999999998,3.6000000000000001,-8.1999999999999993,2.7999999999999998,TRAVEL,YIELD,RUNNING
510,10.199999999999999,1,-1.7455764228357662,-11.110414780827316,2.7999999999999998,3.6000000000000001,-8.1999999999999993,2.7999999999999998,TRAVEL,YIELD,RUNNING
510,10.199999999999999,1,-1.7455764228357662,-11.110414780827316,2.7999999999999998,3.6000000000000001,-8.1999999999999993,2.7999999999999998,TRAVEL,YIELD,RUNNING
510,10.199999999999999,1,-1.7455764228357662,-11.110414780827316,2.7999999999999998,3.6000000000000001,-8.1999999999999993,2.7999999999999998,TRAVEL,YIELD,RUNNING
510,10.199999999999999,1,-1.7455764228357662,-11.110414780827316,2.7999999999999998,3.6000000000000001,-8.1999999999999993,2.7999999999999998,TRAVEL,YIELD,RUNNING
510,10.199999999999999,1,-1.7455764228357662,-11.110414780827316,2.7999999999999998,3.6000000000000001,-8.1999999999999993,2.7999999999999998,TRAVEL,YIELD,RUNNING
510,10.199999999999999,1,-1.7455764228357662,-11.110414780827316,2.7999999999999998,3.6000000000000001,-8.1999999999999993,2.7999999999999998,TRAVEL,YIELD,RUNNING
510,10.199999999999999,1,-1.7455764228357662,-11.110414780827316,2.7999999999999998,3.6000000000000001,-8.1999999999999993,2.7999999999999998,TRAVEL,YIELD,RUNNING
510,10.199999999999999,1,-1.7455764228357662,-11.110414780827316,2.7999999999999998,3.6000000000000001,-8.1999999999999993,2.7999999999999998,TRAVEL,YIELD,RUNNING
510,10.199999999999999,1,-1.7455764228357662,-11.110414780827316,2.7999999999999998,3.6000000000000001,-8.1999999999999993,2.7999999999999998,TRAVEL,YIELD,RUNNING
510,10.199999999999999,1,-1.7455764228357662,-11.110414780827316,2.7999999999999998,3.6000000000000001,-8.1999999999999993,2.7999999999999998,TRAVEL,YIELD,RUNNING
510,10.199999999999999,1,-1.7455764228357662,-11.110414780827316,2.7999999999999998,3.6000000000000001,-8.1999999999999993,2.7999999999999998,TRAVEL,YIELD,RUNNING
510,10.199999999999999,1,-1.7455764228357662,-11.110414780827316,2.7999999999999998,3.6000000000000001,-8.1999999999999993,2.7999999999999998,TRAVEL,YIELD,RUNNING
510,10.199999999999999,1,-1.7455764228357662,-11.110414780827316,2.7999999999999998,3.6000000000000001,-8.1999999999999993,2.7999999999999998,TRAVEL,YIELD,RUNNING
510,10.199999999999999,1,-1.7455764228357662,-11.110414780827316,2.7999999999999998,3.6000000000000001,-8.1999999999999993,2.7999999999999998,TRAVEL,YIELD,RUNNING
510,10.199999999999999,1,-1.7455764228357662,-11.110414780827316,2.7999999999999998,3.6000000000000001,-8.1999999999999993,2.7999999999999998,TRAVEL,YIELD,RUNNING
510,10.199999999999999,1,-1.7455764228357662,-11.110414780827316,2.7999999999999998,3.6000000000000001,-8.1999999999999993,2.7999999999999998,TRAVEL,YIELD,RUNNING
510,10.199999999999999,1,-1.7455764228357662,-11.110414780827316,2.7999999999999998,3.6000000000000001,-8.1999999999999993,2.7999999999999998,TRAVEL,YIELD,RUNNING
510,10.199999999999999,1,-1.7455764228357662,-11.110414780827316,2.7999999999999998,3.6000000000000001,-8.1999999999999993,2.7999999999999998,TRAVEL,YIELD,RUNNING
510,10.199999999999999,1,-1.7455764228357662,-11.110414780827316,2.7999999999999998,3.6000000000000001,-8.1999999999999993,2.7999999999999998,TRAVEL,YIELD,RUNNING
510,10.199999999999999,1,-1.7455764228357662,-11.110414780827316,2.7999999999999998,3.6000000000000001,-8.1999999999999993,2.7999999999999998,TRAVEL,YIELD,RUNNING
510,10.199999999999999,1,-1.7455764228357662,-11.110414780827316,2.7999999999999998,3.6000000000000001,-8.1999999999999993,2.7999999999999998,TRAVEL,YIELD,RUNNING
510,10.199999999999999,1,-1.7455764228357662,-11.110414780827316,2.7999999999999998,3.6000000000000001,-8.1999999999999993,2.7999999999999998,TRAVEL,YIELD,RUNNING
510,10.199999999999999,1,-1.7455764228357662,-11.110414780827316,2.7999999999999998,3.6000000000000001,-8.1999999999999993,2.7999999999999998,TRAVEL,YIELD,RUNNING
510,10.199999999999999,1,-1.7455764228357662,-11.110414780827316,2.7999999999999998,3.6000000000000001,-8.1999999999999993,2.7999999999999998,TRAVEL,YIELD,RUNNING
510,10.199999999999999,1,-1.7455764228357662,-11.110414780827316,2.7999999999999998,3.6000000000000001,-8.1999999999999993,2.7999999999999998,TRAVEL,YIELD,RUNNING
510,10.199999999999999,1,-1.7455764228357662,-11.110414780827316,2.7999999999999998,3.6000000000000001,-8.1999999999999993,2.7999999999999998,TRAVEL,YIELD,RUNNING
510,10.199999999999999,1,-1.7455764228357662,-11.110414780827316,2.7999999999999998,3.6000000000000001,-8.1999999999999993,2.7999999999999998,TRAVEL,YIELD,RUNNING
510,10.199999999999999,1,-1.7455764228357662,-11.110414780827316,2.7999999999999998,3.6000000000000001,-8.1999999999999993,2.7999999999999998,TRAVEL,YIELD,RUNNING
510,10.199999999999999,1,-1.7455764228357662,-11.110414780827316,2.7999999999999998,3.6000000000000001,-8.1999999999999993,2.7999999999999998,TRAVEL,YIELD,RUNNING
510,10.199999999999999,1,-1.7455764228357662,-11.110414780827316,2.7999999999999998,3.6000000000000001,-8.1999999999999993,2.7999999999999998,TRAVEL,YIELD,RUNNING
510,10.199999999999999,1,-1.7455764228357662,-11.110414780827316,2.7999999999999998,3.6000000000000001,-8.1999999999999993,2.7999999999999998,TRAVEL,YIELD,RUNNING
510,10.199999999999999,1,-1.7455764228357662,-11.110414780827316,2.7999999999999998,3.6000000000000001,-8.1999999999999993,2.7999999999999998,TRAVEL,YIELD,RUNNING
510,10.199999999999999,1,-1.7455764228357662,-11.110414780827316,2.7999999999999998,3.6000000000000001,-8.1999999999999993,2.7999999999999998,TRAVEL,YIELD,RUNNING
510,10.199999999999999,1,-1.7455764228357662,-11.110414780827316,2.7999999999999998,3.6000000000000001,-8.1999999999999993,2.7999999999999998,TRAVEL,YIELD,RUNNING
510,10.199999999999999,1,-1.7455764228357662,-11.110414780827316,2.7999999999999998,3.6000000000000001,-8.1999999999999993,2.7999999999999998,TRAVEL,YIELD,RUNNING
510,10.199999999999999,1,-1.7455764228357662,-11.110414780827316,2.7999999999999998,3.6000000000000001,-8.1999999999999993,2.7999999999999998,TRAVEL,YIELD,RUNNING
510,10.199999999999999,1,-1.7455764228357662,-11.110414780827316,2.7999999999999998,3.6000000000000001,-8.1999999999999993,2.7999999999999998,TRAVEL,YIELD,RUNNING
510,10.199999999999999,1,-1.7455764228357662,-11.110414780827316,2.7999999999999998,3.6000000000000001,-8.1999999999999993,2.7999999999999998,TRAVEL,YIELD,RUNNING
510,10.199999999999999,1,-1.7455764228357662,-11.110414780827316,2.7999999999999998,3.6000000000000001,-8.1999999999999993,2.7999999999999998,TRAVEL,YIELD,RUNNING
510,10.199999999999999,1,-1.7455764228357662,-11.110414780827316,2.7999999999999998,3.6000000000000001,-8.1999999999999993,2.7999999999999998,TRAVEL,YIELD,RUNNING
510,10.199999999999999,1,-1.7455764228357662,-11.110414780827316,2.7999999999999998,3.6000000000000001,-8.1999999999999993,2.7999999999999998,TRAVEL,YIELD,RUNNING
510,10.199999999999999,1,-1.7455764228357662,-11.110414780827316,2.7999999999999998,3.6000000000000001,-8.1999999999999993,2.7999999999999998,TRAVEL,YIELD,RUNNING
510,10.199999999999999,1,-1.7455764228357662,-11.110414780827316,2.7999999999999998,3.6000000000000001,-8.1999999999999993,2.7999999999999998,TRAVEL,YIELD,RUNNING
510,10.199999999999999,1,-1.7455764228357662,-11.110414780827316,2.7999999999999998,3.6000000000000001,-8.1999999999999993,2.7999999999999998,TRAVEL,YIELD,RUNNING
510,10.199999999999999,1,-1.7455764228357662,-11.110414780827316,2.7999999999999998,3.6000000000000001,-8.1999999999999993,2.7999999999999998,TRAVEL,YIELD,RUNNING
510,10.199999999999999,1,-1.7455764228357662,-11.110414780827316,2.7999999999999998,3.6000000000000001,-8.1999999999999993,2.7999999999999998,TRAVEL,YIELD,RUNNING
510,10.199999999999999,1,-1.7455764228357662,-11.110414780827316,2.7999999999999998,3.6000000000000001,-8.1999999999999993,2.7999999999999998,TRAVEL,YIELD,RUNNING
510,10.199999999999999,1,-1.7455764228357662,-11.110414780827316,2.7999999999999998,3.6000000000000001,-8.1999999999999993,2.7999999999999998,TRAVEL,YIELD,RUNNING
510,10.199999999999999,1,-1.7455764228357662,-11.110414780827316,2.7999999999999998,3.6000000000000001,-8.1999999999999993,2.7999999999999998,TRAVEL,YIELD,RUNNING
510,10.199999999999999,1,-1.7455764228357662,-11.110414780827316,2.7999999999999998,3.6000000000000001,-8.1999999999999993,2.7999999999999998,TRAVEL,YIELD,RUNNING
510,10.199999999999999,1,-1.7455764228357662,-11.110414780827316,2.7999999999999998,3.6000000000000001,-8.1999999999999993,2.7999999999999998,TRAVEL,YIELD,RUNNING
510,10.199999999999999,1,-1.7455764228357662,-11.110414780827316,2.7999999999999998,3.6000000000000001,-8.1999999999999993,2.7999999999999998,TRAVEL,YIELD,RUNNING
510,10.199999999999999,1,-1.7455764228357662,-11.110414780827316,2.7999999999999998,3.6000000000000001,-8.1999999999999993,2.7999999999999998,TRAVEL,YIELD,RUNNING
510,10.199999999999999,1,-1.7455764228357662,-11.110414780827316,2.7999999999999998,3.6000000000000001,-8.1999999999999993,2.7999999999999998,TRAVEL,YIELD,RUNNING
510,10.199999999999999,1,-1.7455764228357662,-11.110414780827316,2.7999999999999998,3.6000000000000001,-8.1999999999999993,2.7999999999999998,TRAVEL,YIELD,RUNNING
510,10.199999999999999,1,-1.7455764228357662,-11.110414780827316,2.7999999999999998,3.6000000000000001,-8.1999999999999993,2.7999999999999998,TRAVEL,YIELD,RUNNING
510,10.199999999999999,1,-1.7455764228357662,-11.110414780827316,2.7999999999999998,3.6000000000000001,-8.1999999999999993,2.7999999999999998,TRAVEL,YIELD,RUNNING
510,10.199999999999999,1,-1.7455764228357662,-11.110414780827316,2.7999999999999998,3.6000000000000001,-8.1999999999999993,2.7999999999999998,TRAVEL,YIELD,RUNNING
510,10.199999999999999,1,-1.7455764228357662,-11.110414780827316,2.7999999999999998,3.6000000000000001,-8.1999999999999993,2.7999999999999998,TRAVEL,YIELD,RUNNING
510,10.199999999999999,1,-1.7455764228357662,-11.110414780827316,2.7999999999999998,3.6000000000000001,-8.1999999999999993,2.7999999999999998,TRAVEL,YIELD,RUNNING
510,10.199999999999999,1,-1.7455764228357662,-11.110414780827316,2.7999999999999998,3.6000000000000001,-8.1999999999999993,2.7999999999999998,TRAVEL,YIELD,RUNNING
510,10.199999999999999,1,-1.7455764228357662,-11.110414780827316,2.7999999999999998,3.6000000000000001,-8.1999999999999993,2.7999999999999998,TRAVEL,YIELD,RUNNING
510,10.199999999999999,1,-1.7455764228357662,-11.110414780827316,2.7999999999999998,3.6000000000000001,-8.1999999999999993,2.7999999999999998,TRAVEL,YIELD,RUNNING
510,10.199999999999999,1,-1.7455764228357662,-11.110414780827316,2.7999999999999998,3.6000000000000001,-8.1999999999999993,2.7999999999999998,TRAVEL,YIELD,RUNNING
510,10.199999999999999,1,-1.7455764228357662,-11.110414780827316,2.7999999999999998,3.6000000000000001,-8.1999999999999993,2.7999999999999998,TRAVEL,YIELD,RUNNING
510,10.199999999999999,1,-1.7455764228357662,-11.110414780827316,2.7999999999999998,3.6000000000000001,-8.1999999999999993,2.7999999999999998,TRAVEL,YIELD,RUNNING
510,10.199999999999999,1,-1.7455764228357662,-11.110414780827316,2.7999999999999998,3.6000000000000001,-8.1999999999999993,2.7999999999999998,TRAVEL,YIELD,RUNNING
510,10.199999999999999,1,-1.7455764228357662,-11.110414780827316,2.7999999999999998,3.6000000000000001,-8.1999999999999993,2.7999999999999998,TRAVEL,YIELD,RUNNING
510,10.199999999999999,1,-1.7455764228357662,-11.110414780827316,2.7999999999999998,3.6000000000000001,-8.1999999999999993,2.7999999999999998,TRAVEL,YIELD,RUNNING
510,10.199999999999999,1,-1.7455764228357662,-11.110414780827316,2.7999999999999998,3.6000000000000001,-8.1999999999999993,2.7999999999999998,TRAVEL,YIELD,RUNNING
510,10.199999999999999,1,-1.7455764228357662,-11.110414780827316,2.7999999999999998,3.6000000000000001,-8.1999999999999993,2.7999999999999998,TRAVEL,YIELD,RUNNING
510,10.199999999999999,1,-1.7455764228357662,-11.110414780827316,2.7999999999999998,3.6000000000000001,-8.1999999999999993,2.7999999999999998,TRAVEL,YIELD,RUNNING
510,10.199999999999999,1,-1.7455764228357662,-11.110414780827316,2.7999999999999998,3.6000000000000001,-8.1999999999999993,2.7999999999999998,TRAVEL,YIELD,RUNNING
510,10.199999999999999,1,-1.7455764228357662,-11.110414780827316,2.7999999999999998,3.6000000000000001,-8.1999999999999993,2.7999999999999998,TRAVEL,YIELD,RUNNING
510,10.199999999999999,1,-1.7455764228357662,-11.110414780827316,2.7999999999999998,3.6000000000000001,-8.1999999999999993,2.7999999999999998,TRAVEL,YIELD,RUNNING
510,10.199999999999999,1,-1.7455764228357662,-11.110414780827316,2.7999999999999998,3.6000000000000001,-8.1999999999999993,2.7999999999999998,TRAVEL,YIELD,RUNNING
510,10.199999999999999,1,-1.7455764228357662,-11.110414780827316,2.7999999999999998,3.6000000000000001,-8.1999999999999993,2.7999999999999998,TRAVEL,YIELD,RUNNING
510,10.199999999999999,1,-1.7455764228357662,-11.110414780827316,2.7999999999999998,3.6000000000000001,-8.1999999999999993,2.7999999999999998,TRAVEL,YIELD,RUNNING
510,10.199999999999999,1,-1.7455764228357662,-11.110414780827316,2.7999999999999998,3.6000000000000001,-8.1999999999999993,2.7999999999999998,TRAVEL,YIELD,RUNNING
510,10.199999999999999,1,-1.7455764228357662,-11.110414780827316,2.7999999999999998,3.6000000000000001,-8.1999999999999993,2.7999999999999998,TRAVEL,YIELD,RUNNING
510,10.199999999999999,1,-1.7455764228357662,-11.110414780827316,2.7999999999999998,3.6000000000000001,-8.1999999999999993,2.7999999999999998,TRAVEL,YIELD,RUNNING
510,10.199999999999999,1,-1.7455764228357662,-11.110414780827316,2.7999999999999998,3.6000000000000001,-8.1999999999999993,2.7999999999999998,TRAVEL,YIELD,RUNNING
510,10.199999999999999,1,-1.7455764228357662,-11.110414780827316,2.7999999999999998,3.6000000000000001,-8.1999999999999993,2.7999999999999998,TRAVEL,YIELD,RUNNING
510,10.199999999999999,1,-1.7455764228357662,-11.110414780827316,2.7999999999999998,3.6000000000000001,-8.1999999999999993,2.7999999999999998,TRAVEL,YIELD,RUNNING
510,10.199999999999999,1,-1.7455764228357662,-11.110414780827316,2.7999999999999998,3.6000000000000001,-8.1999999999999993,2.7999999999999998,TRAVEL,YIELD,RUNNING
510,10.199999999999999,1,-1.7455764228357662,-11.110414780827316,2.7999999999999998,3.6000000000000001,-8.1999999999999993,2.7999999999999998,TRAVEL,YIELD,RUNNING
510,10.199999999999999,1,-1.7455764228357662,-11.110414780827316,2.7999999999999998,3.6000000000000001,-8.1999999999999993,2.7999999999999998,TRAVEL,YIELD,RUNNING
510,10.199999999999999,1,-1.7455764228357662,-11.110414780827316,2.7999999999999998,3.6000000000000001,-8.1999999999999993,2.7999999999999998,TRAVEL,YIELD,RUNNING
510,10.199999999999999,1,-1.7455764228357662,-11.110414780827316,2.7999999999999998,3.6000000000000001,-8.1999999999999993,2.7999999999999998,TRAVEL,YIELD,RUNNING
510,10.199999999999999,1,-1.7455764228357662,-11.110414780827316,2.7999999999999998,3.6000000000000001,-8.1999999999999993,2.7999999999999998,TRAVEL,YIELD,RUNNING
510,10.199999999999999,1,-1.7455764228357662,-11.110414780827316,2.7999999999999998,3.6000000000000001,-8.1999999999999993,2.7999999999999998,TRAVEL,YIELD,RUNNING
510,10.199999999999999,1,-1.7455764228357662,-11.110414780827316,2.7999999999999998,3.6000000000000001,-8.1999999999999993,2.7999999999999998,TRAVEL,YIELD,RUNNING
510,10.199999999999999,1,-1.7455764228357662,-11.110414780827316,2.7999999999999998,3.6000000000000001,-8.1999999999999993,2.7999999999999998,TRAVEL,YIELD,RUNNING
510,10.199999999999999,1,-1.7455764228357662,-11.110414780827316,2.7999999999999998,3.6000000000000001,-8.1999999999999993,2.7999999999999998,TRAVEL,YIELD,RUNNING
510,10.199999999999999,1,-1.7455764228357662,-11.110414780827316,2.7999999999999998,3.6000000000000001,-8.1999999999999993,2.7999999999999998,TRAVEL,YIELD,RUNNING
510,10.199999999999999,1,-1.7455764228357662,-11.110414780827316,2.7999999999999998,3.6000000000000001,-8.1999999999999993,2.7999999999999998,TRAVEL,YIELD,RUNNING
510,10.199999999999999,1,-1.7455764228357662,-11.110414780827316,2.7999999999999998,3.6000000000000001,-8.1999999999999993,2.7999999999999998,TRAVEL,YIELD,RUNNING
510,10.199999999999999,1,-1.7455764228357662,-11.110414780827316,2.7999999999999998,3.6000000000000001,-8.1999999999999993,2.7999999999999998,TRAVEL,YIELD,RUNNING
510,10.199999999999999,1,-1.7455764228357662,-11.110414780827316,2.7999999999999998,3.6000000000000001,-8.1999999999999993,2.7999999999999998,TRAVEL,YIELD,RUNNING
510,10.199999999999999,1,-1.7455764228357662,-11.110414780827316,2.7999999999999998,3.6000000000000001,-8.1999999999999993,2.7999999999999998,TRAVEL,YIELD,RUNNING
510,10.199999999999999,1,-1.7455764228357662,-11.110414780827316,2.7999999999999998,3.6000000000000001,-8.1999999999999993,2.7999999999999998,TRAVEL,YIELD,RUNNING
510,10.199999999999999,1,-1.7455764228357662,-11.110414780827316,2.7999999999999998,3.6000000000000001,-8.1999999999999993,2.7999999999999998,TRAVEL,YIELD,RUNNING
510,10.199999999999999,1,-1.7455764228357662,-11.110414780827316,2.7999999999999998,3.6000000000000001,-8.1999999999999993,2.7999999999999998,TRAVEL,YIELD,RUNNING
510,10.199999999999999,1,-1.7455764228357662,-11.110414780827316,2.7999999999999998,3.6000000000000001,-8.1999999999999993,2.7999999999999998,TRAVEL,YIELD,RUNNING
510,10.199999999999999,1,-1.7455764228357662,-11.110414780827316,2.7999999999999998,3.6000000000000001,-8.1999999999999993,2.7999999999999998,TRAVEL,YIELD,RUNNING
510,10.199999999999999,1,-1.7455764228357662,-11.110414780827316,2.7999999999999998,3.6000000000000001,-8.1999999999999993,2.7999999999999998,TRAVEL,YIELD,RUNNING
510,10.199999999999999,1,-1.7455764228357662,-11.110414780827316,2.7999999999999998,3.6000000000000001,-8.1999999999999993,2.7999999999999998,TRAVEL,YIELD,RUNNING
510,10.199999999999999,1,-1.7455764228357662,-11.110414780827316,2.7999999999999998,3.6000000000000001,-8.1999999999999993,2.7999999999999998,TRAVEL,YIELD,RUNNING
510,10.199999999999999,1,-1.7455764228357662,-11.110414780827316,2.7999999999999998,3.6000000000000001,-8.1999999999999993,2.7999999999999998,TRAVEL,YIELD,RUNNING
510,10.199999999999999,1,-1.7455764228357662,-11.110414780827316,2.7999999999999998,3.6000000000000001,-8.1999999999999993,2.7999999999999998,TRAVEL,YIELD,RUNNING
510,10.199999999999999,1,-1.7455764228357662,-11.110414780827316,2.7999999999999998,3.6000000000000001,-8.1999999999999993,2.7999999999999998,TRAVEL,YIELD,RUNNING
510,10.199999999999999,1,-1.7455764228357662,-11.110414780827316,2.7999999999999998,3.6000000000000001,-8.1999999999999993,2.7999999999999998,TRAVEL,YIELD,RUNNING
510,10.199999999999999,1,-1.7455764228357662,-11.110414780827316,2.7999999999999998,3.6000000000000001,-8.1999999999999993,2.7999999999999998,TRAVEL,YIELD,RUNNING
510,10.199999999999999,1,-1.7455764228357662,-11.110414780827316,2.7999999999999998,3.6000000000000001,-8.1999999999999993,2.7999999999999998,TRAVEL,YIELD,RUNNING
510,10.199999999999999,1,-1.7455764228357662,-11.110414780827316,2.7999999999999998,3.6000000000000001,-8.1999999999999993,2.7999999999999998,TRAVEL,YIELD,RUNNING
510,10.199999999999999,1,-1.7455764228357662,-11.110414780827316,2.7999999999999998,3.6000000000000001,-8.1999999999999993,2.7999999999999998,TRAVEL,YIELD,RUNNING
510,10.199999999999999,1,-1.7455764228357662,-11.110414780827316,2.7999999999999998,3.6000000000000001,-8.1999999999999993,2.7999999999999998,TRAVEL,YIELD,RUNNING
510,10.199999999999999,1,-1.7455764228357662,-11.110414780827316,2.7999999999999998,3.6000000000000001,-8.1999999999999993,2.7999999999999998,TRAVEL,YIELD,RUNNING
510,10.199999999999999,1,-1.7455764228357662,-11.110414780827316,2.7999999999999998,3.6000000000000001,-8.1999999999999993,2.7999999999999998,TRAVEL,YIELD,RUNNING
510,10.199999999999999,1,-1.7455764228357662,-11.110414780827316,2.7999999999999998,3.6000000000000001,-8.1999999999999993,2.7999999999999998,TRAVEL,YIELD,RUNNING
510,10.199999999999999,1,-1.7455764228357662,-11.110414780827316,2.7999999999999998,3.6000000000000001,-8.1999999999999993,2.7999999999999998,TRAVEL,YIELD,RUNNING
510,10.199999999999999,1,-1.7455764228357662,-11.110414780827316,2.7999999999999998,3.6000000000000001,-8.1999999999999993,2.7999999999999998,TRAVEL,YIELD,RUNNING
510,10.199999999999999,1,-1.7455764228357662,-11.110414780827316,2.7999999999999998,3.6000000000000001,-8.1999999999999993,2.7999999999999998,TRAVEL,YIELD,RUNNING
510,10.199999999999999,1,-1.7455764228357662,-11.110414780827316,2.7999999999999998,3.6000000000000001,-8.1999999999999993,2.7999999999999998,TRAVEL,YIELD,RUNNING
510,10.199999999999999,1,-1.7455764228357662,-11.110414780827316,2.7999999999999998,3.6000000000000001,-8.1999999999999993,2.7999999999999998,TRAVEL,YIELD,RUNNING
510,10.199999999999999,1,-1.7455764228357662,-11.110414780827316,2.7999999999999998,3.6000000000000001,-8.1999999999999993,2.7999999999999998,TRAVEL,YIELD,RUNNING
510,10.199999999999999,1,-1.7455764228357662,-11.110414780827316,2.7999999999999998,3.6000000000000001,-8.1999999999999993,2.7999999999999998,TRAVEL,YIELD,RUNNING
510,10.199999999999999,1,-1.7455764228357662,-11.110414780827316,2.7999999999999998,3.6000000000000001,-8.1999999999999993,2.7999999999999998,TRAVEL,YIELD,RUNNING
510,10.199999999999999,1,-1.7455764228357662,-11.110414780827316,2.7999999999999998,3.6000000000000001,-8.1999999999999993,2.7999999999999998,TRAVEL,YIELD,RUNNING
510,10.199999999999999,1,-1.7455764228357662,-11.110414780827316,2.7999999999999998,3.6000000000000001,-8.1999999999999993,2.7999999999999998,TRAVEL,YIELD,RUNNING
510,10.199999999999999,1,-1.7455764228357662,-11.110414780827316,2.7999999999999998,3.6000000000000001,-8.1999999999999993,2.7999999999999998,TRAVEL,YIELD,RUNNING
510,10.199999999999999,1,-1.7455764228357662,-11.110414780827316,2.7999999999999998,3.6000000000000001,-8.1999999999999993,2.7999999999999998,TRAVEL,YIELD,RUNNING
510,10.199999999999999,1,-1.7455764228357662,-11.110414780827316,2.7999999999999998,3.6000000000000001,-8.1999999999999993,2.7999999999999998,TRAVEL,YIELD,RUNNING
510,10.199999999999999,1,-1.7455764228357662,-11.110414780827316,2.7999999999999998,3.6000000000000001,-8.1999999999999993,2.7999999999999998,TRAVEL,YIELD,RUNNING
510,10.199999999999999,1,-1.7455764228357662,-11.110414780827316,2.7999999999999998,3.6000000000000001,-8.1999999999999993,2.7999999999999998,TRAVEL,YIELD,RUNNING
510,10.199999999999999,1,-1.7455764228357662,-11.110414780827316,2.7999999999999998,3.6000000000000001,-8.1999999999999993,2.7999999999999998,TRAVEL,YIELD,RUNNING
510,10.199999999999999,1,-1.7455764228357662,-11.110414780827316,2.7999999999999998,3.6000000000000001,-8.1999999999999993,2.7999999999999998,TRAVEL,YIELD,RUNNING
510,10.199999999999999,1,-1.7455764228357662,-11.110414780827316,2.7999999999999998,3.6000000000000001,-8.1999999999999993,2.7999999999999998,TRAVEL,YIELD,RUNNING
510,10.199999999999999,1,-1.7455764228357662,-11.110414780827316,2.7999999999999998,3.6000000000000001,-8.1999999999999993,2.7999999999999998,TRAVEL,YIELD,RUNNING
510,10.199999999999999,1,-1.7455764228357662,-11.110414780827316,2.7999999999999998,3.6000000000000001,-8.1999999999999993,2.7999999999999998,TRAVEL,YIELD,RUNNING
510,10.199999999999999,1,-1.7455764228357662,-11.110414780827316,2.7999999999999998,3.6000000000000001,-8.1999999999999993,2.7999999999999998,TRAVEL,YIELD,RUNNING
510,10.199999999999999,1,-1.7455764228357662,-11.110414780827316,2.7999999999999998,3.6000000000000001,-8.1999999999999993,2.7999999999999998,TRAVEL,YIELD,RUNNING
510,10.199999999999999,1,-1.7455764228357662,-11.110414780827316,2.7999999999999998,3.6000000000000001,-8.1999999999999993,2.7999999999999998,TRAVEL,YIELD,RUNNING
510,10.199999999999999,1,-1.7455764228357662,-11.110414780827316,2.7999999999999998,3.6000000000000001,-8.1999999999999993,2.7999999999999998,TRAVEL,YIELD,RUNNING
510,10.199999999999999,1,-1.7455764228357662,-11.110414780827316,2.7999999999999998,3.6000000000000001,-8.1999999999999993,2.7999999999999998,TRAVEL,YIELD,RUNNING
510,10.199999999999999,1,-1.7455764228357662,-11.110414780827316,2.7999999999999998,3.6000000000000001,-8.1999999999999993,2.7999999999999998,TRAVEL,YIELD,RUNNING
510,10.199999999999999,1,-1.7455764228357662,-11.110414780827316,2.7999999999999998,3.6000000000000001,-8.1999999999999993,2.7999999999999998,TRAVEL,YIELD,RUNNING
510,10.199999999999999,1,-1.7455764228357662,-11.110414780827316,2.7999999999999998,3.6000000000000001,-8.1999999999999993,2.7999999999999998,TRAVEL,YIELD,RUNNING
510,10.199999999999999,1,-1.7455764228357662,-11.110414780827316,2.7999999999999998,3.6000000000000001,-8.1999999999999993,2.7999999999999998,TRAVEL,YIELD,RUNNING
510,10.199999999999999,1,-1.7455764228357662,-11.110414780827316,2.7999999999999998,3.6000000000000001,-8.1999999999999993,2.7999999999999998,TRAVEL,YIELD,RUNNING
510,10.199999999999999,1,-1.7455764228357662,-11.110414780827316,2.7999999999999998,3.6000000000000001,-8.1999999999999993,2.7999999999999998,TRAVEL,YIELD,RUNNING
510,10.199999999999999,1,-1.7455764228357662,-11.110414780827316,2.7999999999999998,3.6000000000000001,-8.1999999999999993,2.7999999999999998,TRAVEL,YIELD,RUNNING
510,10.199999999999999,1,-1.7455764228357662,-11.110414780827316,2.7999999999999998,3.6000000000000001,-8.1999999999999993,2.7999999999999998,TRAVEL,YIELD,RUNNING
510,10.199999999999999,1,-1.7455764228357662,-11.110414780827316,2.7999999999999998,3.6000000000000001,-8.1999999999999993,2.7999999999999998,TRAVEL,YIELD,RUNNING
510,10.199999999999999,1,-1.7455764228357662,-11.110414780827316,2.7999999999999998,3.6000000000000001,-8.1999999999999993,2.7999999999999998,TRAVEL,YIELD,RUNNING
510,10.199999999999999,1,-1.7455764228357662,-11.110414780827316,2.7999999999999998,3.6000000000000001,-8.1999999999999993,2.7999999999999998,TRAVEL,YIELD,RUNNING
510,10.199999999999999,1,-1.7455764228357662,-11.110414780827316,2.7999999999999998,3.6000000000000001,-8.1999999999999993,2.7999999999999998,TRAVEL,YIELD,RUNNING
510,10.199999999999999,1,-1.7455764228357662,-11.110414780827316,2.7999999999999998,3.6000000000000001,-8.1999999999999993,2.7999999999999998,TRAVEL,YIELD,RUNNING
510,10.199999999999999,1,-1.7455764228357662,-11.110414780827316,2.7999999999999998,3.6000000000000001,-8.1999999999999993,2.7999999999999998,TRAVEL,YIELD,RUNNING
510,10.199999999999999,1,-1.7455764228357662,-11.110414780827316,2.7999999999999998,3.6000000000000001,-8.1999999999999993,2.7999999999999998,TRAVEL,YIELD,RUNNING
510,10.199999999999999,1,-1.7455764228357662,-11.110414780827316,2.7999999999999998,3.6000000000000001,-8.1999999999999993,2.7999999999999998,TRAVEL,YIELD,RUNNING
510,10.199999999999999,1,-1.7455764228357662,-11.110414780827316,2.7999999999999998,3.6000000000000001,-8.1999999999999993,2.7999999999999998,TRAVEL,YIELD,RUNNING
510,10.199999999999999,1,-1.7455764228357662,-11.110414780827316,2.7999999999999998,3.6000000000000001,-8.1999999999999993,2.7999999999999998,TRAVEL,YIELD,RUNNING
510,10.199999999999999,1,-1.7455764228357662,-11.110414780827316,2.7999999999999998,3.6000000000000001,-8.1999999999999993,2.7999999999999998,TRAVEL,YIELD,RUNNING
510,10.199999999999999,1,-1.7455764228357662,-11.110414780827316,2.7999999999999998,3.6000000000000001,-8.1999999999999993,2.7999999999999998,TRAVEL,YIELD,RUNNING
510,10.199999999999999,1,-1.7455764228357662,-11.110414780827316,2.7999999999999998,3.6000000000000001,-8.1999999999999993,2.7999999999999998,TRAVEL,YIELD,RUNNING
510,10.199999999999999,1,-1.7455764228357662,-11.110414780827316,2.7999999999999998,3.6000000000000001,-8.1999999999999993,2.7999999999999998,TRAVEL,YIELD,RUNNING
510,10.199999999999999,1,-1.7455764228357662,-11.110414780827316,2.7999999999999998,3.6000000000000001,-8.1999999999999993,2.7999999999999998,TRAVEL,YIELD,RUNNING
510,10.199999999999999,1,-1.7455764228357662,-11.110414780827316,2.7999999999999998,3.6000000000000001,-8.1999999999999993,2.7999999999999998,TRAVEL,YIELD,RUNNING
510,10.199999999999999,1,-1.7455764228357662,-11.110414780827316,2.7999999999999998,3.6000000000000001,-8.1999999999999993,2.7999999999999998,TRAVEL,YIELD,RUNNING
510,10.199999999999999,1,-1.7455764228357662,-11.110414780827316,2.7999999999999998,3.6000000000000001,-8.1999999999999993,2.7999999999999998,TRAVEL,YIELD,RUNNING
510,10.199999999999999,1,-1.7455764228357662,-11.110414780827316,2.7999999999999998,3.6000000000000001,-8.1999999999999993,2.7999999999999998,TRAVEL,YIELD,RUNNING
510,10.199999999999999,1,-1.7455764228357662,-11.110414780827316,2.7999999999999998,3.6000000000000001,-8.1999999999999993,2.7999999999999998,TRAVEL,YIELD,RUNNING
510,10.199999999999999,1,-1.7455764228357662,-11.110414780827316,2.7999999999999998,3.6000000000000001,-8.1999999999999993,2.7999999999999998,TRAVEL,YIELD,RUNNING
510,10.199999999999999,1,-1.7455764228357662,-11.110414780827316,2.7999999999999998,3.6000000000000001,-8.1999999999999993,2.7999999999999998,TRAVEL,YIELD,RUNNING
510,10.199999999999999,1,-1.7455764228357662,-11.110414780827316,2.7999999999999998,3.6000000000000001,-8.1999999999999993,2.7999999999999998,TRAVEL,YIELD,RUNNING
510,10.199999999999999,1,-1.7455764228357662,-11.110414780827316,2.7999999999999998,3.6000000000000001,-8.1999999999999993,2.7999999999999998,TRAVEL,YIELD,RUNNING
510,10.199999999999999,1,-1.7455764228357662,-11.110414780827316,2.7999999999999998,3.6000000000000001,-8.1999999999999993,2.7999999999999998,TRAVEL,YIELD,RUNNING
510,10.199999999999999,1,-1.7455764228357662,-11.110414780827316,2.7999999999999998,3.6000000000000001,-8.1999999999999993,2.7999999999999998,TRAVEL,YIELD,RUNNING
510,10.199999999999999,1,-1.7455764228357662,-11.110414780827316,2.7999999999999998,3.6000000000000001,-8.1999999999999993,2.7999999999999998,TRAVEL,YIELD,RUNNING
510,10.199999999999999,1,-1.7455764228357662,-11.110414780827316,2.7999999999999998,3.6000000000000001,-8.1999999999999993,2.7999999999999998,TRAVEL,YIELD,RUNNING
510,10.199999999999999,1,-1.7455764228357662,-11.110414780827316,2.7999999999999998,3.6000000000000001,-8.1999999999999993,2.7999999999999998,TRAVEL,YIELD,RUNNING
510,10.199999999999999,1,-1.7455764228357662,-11.110414780827316,2.7999999999999998,3.6000000000000001,-8.1999999999999993,2.7999999999999998,TRAVEL,YIELD,RUNNING
510,10.199999999999999,1,-1.7455764228357662,-11.110414780827316,2.7999999999999998,3.6000000000000001,-8.1999999999999993,2.7999999999999998,TRAVEL,YIELD,RUNNING
510,10.199999999999999,1,-1.7455764228357662,-11.110414780827316,2.7999999999999998,3.6000000000000001,-8.1999999999999993,2.7999999999999998,TRAVEL,YIELD,RUNNING
510,10.199999999999999,1,-1.7455764228357662,-11.110414780827316,2.7999999999999998,3.6000000000000001,-8.1999999999999993,2.7999999999999998,TRAVEL,YIELD,RUNNING
510,10.199999999999999,1,-1.7455764228357662,-11.110414780827316,2.7999999999999998,3.6000000000000001,-8.1999999999999993,2.7999999999999998,TRAVEL,YIELD,RUNNING
510,10.199999999999999,1,-1.7455764228357662,-11.110414780827316,2.7999999999999998,3.6000000000000001,-8.1999999999999993,2.7999999999999998,TRAVEL,YIELD,RUNNING
510,10.199999999999999,1,-1.7455764228357662,-11.110414780827316,2.7999999999999998,3.6000000000000001,-8.1999999999999993,2.7999999999999998,TRAVEL,YIELD,RUNNING
510,10.199999999999999,1,-1.7455764228357662,-11.110414780827316,2.7999999999999998,3.6000000000000001,-8.1999999999999993,2.7999999999999998,TRAVEL,YIELD,RUNNING
510,10.199999999999999,1,-1.7455764228357662,-11.110414780827316,2.7999999999999998,3.6000000000000001,-8.1999999999999993,2.7999999999999998,TRAVEL,YIELD,RUNNING
510,10.199999999999999,1,-1.7455764228357662,-11.110414780827316,2.7999999999999998,3.6000000000000001,-8.1999999999999993,2.7999999999999998,TRAVEL,YIELD,RUNNING
510,10.199999999999999,1,-1.7455764228357662,-11.110414780827316,2.7999999999999998,3.6000000000000001,-8.1999999999999993,2.7999999999999998,TRAVEL,YIELD,RUNNING
510,10.199999999999999,1,-1.7455764228357662,-11.110414780827316,2.7999999999999998,3.6000000000000001,-8.1999999999999993,2.7999999999999998,TRAVEL,YIELD,RUNNING
510,10.199999999999999,1,-1.7455764228357662,-11.110414780827316,2.7999999999999998,3.6000000000000001,-8.1999999999999993,2.7999999999999998,TRAVEL,YIELD,RUNNING
510,10.199999999999999,1,-1.7455764228357662,-11.110414780827316,2.7999999999999998,3.6000000000000001,-8.1999999999999993,2.7999999999999998,TRAVEL,YIELD,RUNNING
510,10.199999999999999,1,-1.7455764228357662,-11.110414780827316,2.7999999999999998,3.6000000000000001,-8.1999999999999993,2.7999999999999998,TRAVEL,YIELD,RUNNING
510,10.199999999999999,1,-1.7455764228357662,-11.110414780827316,2.7999999999999998,3.6000000000000001,-8.1999999999999993,2.7999999999999998,TRAVEL,YIELD,RUNNING
510,10.199999999999999,1,-1.7455764228357662,-11.110414780827316,2.7999999999999998,3.6000000000000001,-8.1999999999999993,2.7999999999999998,TRAVEL,YIELD,RUNNING
510,10.199999999999999,1,-1.7455764228357662,-11.110414780827316,2.7999999999999998,3.6000000000000001,-8.1999999999999993,2.7999999999999998,TRAVEL,YIELD,RUNNING
510,10.199999999999999,1,-1.7455764228357662,-11.110414780827316,2.7999999999999998,3.6000000000000001,-8.1999999999999993,2.7999999999999998,TRAVEL,YIELD,RUNNING
510,10.199999999999999,1,-1.7455764228357662,-11.110414780827316,2.7999999999999998,3.6000000000000001,-8.1999999999999993,2.7999999999999998,TRAVEL,YIELD,RUNNING
510,10.199999999999999,1,-1.7455764228357662,-11.110414780827316,2.7999999999999998,3.6000000000000001,-8.1999999999999993,2.7999999999999998,TRAVEL,YIELD,RUNNING
510,10.199999999999999,1,-1.7455764228357662,-11.110414780827316,2.7999999999999998,3.6000000000000001,-8.1999999999999993,2.7999999999999998,TRAVEL,YIELD,RUNNING
510,10.199999999999999,1,-1.7455764228357662,-11.110414780827316,2.7999999999999998,3.6000000000000001,-8.1999999999999993,2.7999999999999998,TRAVEL,YIELD,RUNNING
510,10.199999999999999,1,-1.7455764228357662,-11.110414780827316,2.7999999999999998,3.6000000000000001,-8.1999999999999993,2.7999999999999998,TRAVEL,YIELD,RUNNING
510,10.199999999999999,1,-1.7455764228357662,-11.110414780827316,2.7999999999999998,3.6000000000000001,-8.1999999999999993,2.7999999999999998,TRAVEL,YIELD,RUNNING
510,10.199999999999999,1,-1.7455764228357662,-11.110414780827316,2.7999999999999998,3.6000000000000001,-8.1999999999999993,2.7999999999999998,TRAVEL,YIELD,RUNNING
510,10.199999999999999,1,-1.7455764228357662,-11.110414780827316,2.7999999999999998,3.6000000000000001,-8.1999999999999993,2.7999999999999998,TRAVEL,YIELD,RUNNING
510,10.199999999999999,1,-1.7455764228357662,-11.110414780827316,2.7999999999999998,3.6000000000000001,-8.1999999999999993,2.7999999999999998,TRAVEL,YIELD,RUNNING
510,10.199999999999999,1,-1.7455764228357662,-11.110414780827316,2.7999999999999998,3.6000000000000001,-8.1999999999999993,2.7999999999999998,TRAVEL,YIELD,RUNNING
510,10.199999999999999,1,-1.7455764228357662,-11.110414780827316,2.7999999999999998,3.6000000000000001,-8.1999999999999993,2.7999999999999998,TRAVEL,YIELD,RUNNING
510,10.199999999999999,1,-1.7455764228357662,-11.110414780827316,2.7999999999999998,3.6000000000000001,-8.1999999999999993,2.7999999999999998,TRAVEL,YIELD,RUNNING
510,10.199999999999999,1,-1.7455764228357662,-11.110414780827316,2.7999999999999998,3.6000000000000001,-8.1999999999999993,2.7999999999999998,TRAVEL,YIELD,RUNNING
510,10.199999999999999,1,-1.7455764228357662,-11.110414780827316,2.7999999999999998,3.6000000000000001,-8.1999999999999993,2.7999999999999998,TRAVEL,YIELD,RUNNING
510,10.199999999999999,1,-1.7455764228357662,-11.110414780827316,2.7999999999999998,3.6000000000000001,-8.1999999999999993,2.7999999999999998,TRAVEL,YIELD,RUNNING
510,10.199999999999999,1,-1.7455764228357662,-11.110414780827316,2.7999999999999998,3.6000000000000001,-8.1999999999999993,2.7999999999999998,TRAVEL,YIELD,RUNNING
510,10.199999999999999,1,-1.7455764228357662,-11.110414780827316,2.7999999999999998,3.6000000000000001,-8.1999999999999993,2.7999999999999998,TRAVEL,YIELD,RUNNING
510,10.199999999999999,1,-1.7455764228357662,-11.110414780827316,2.7999999999999998,3.6000000000000001,-8.1999999999999993,2.7999999999999998,TRAVEL,YIELD,RUNNING
510,10.199999999999999,1,-1.7455764228357662,-11.110414780827316,2.7999999999999998,3.6000000000000001,-8.1999999999999993,2.7999999999999998,TRAVEL,YIELD,RUNNING
510,10.199999999999999,1,-1.7455764228357662,-11.110414780827316,2.7999999999999998,3.6000000000000001,-8.1999999999999993,2.7999999999999998,TRAVEL,YIELD,RUNNING
510,10.199999999999999,1,-1.7455764228357662,-11.110414780827316,2.7999999999999998,3.6000000000000001,-8.1999999999999993,2.7999999999999998,TRAVEL,YIELD,RUNNING
510,10.199999999999999,1,-1.7455764228357662,-11.110414780827316,2.7999999999999998,3.6000000000000001,-8.1999999999999993,2.7999999999999998,TRAVEL,YIELD,RUNNING
510,10.199999999999999,1,-1.7455764228357662,-11.110414780827316,2.7999999999999998,3.6000000000000001,-8.1999999999999993,2.7999999999999998,TRAVEL,YIELD,RUNNING
510,10.199999999999999,1,-1.7455764228357662,-11.110414780827316,2.7999999999999998,3.6000000000000001,-8.1999999999999993,2.7999999999999998,TRAVEL,YIELD,RUNNING
510,10.199999999999999,1,-1.7455764228357662,-11.110414780827316,2.7999999999999998,3.6000000000000001,-8.1999999999999993,2.7999999999999998,TRAVEL,YIELD,RUNNING
510,10.199999999999999,1,-1.7455764228357662,-11.110414780827316,2.7999999999999998,3.6000000000000001,-8.1999999999999993,2.7999999999999998,TRAVEL,YIELD,RUNNING
510,10.199999999999999,1,-1.7455764228357662,-11.110414780827316,2.7999999999999998,3.6000000000000001,-8.1999999999999993,2.7999999999999998,TRAVEL,YIELD,RUNNING
510,10.199999999999999,1,-1.7455764228357662,-11.110414780827316,2.7999999999999998,3.6000000000000001,-8.1999999999999993,2.7999999999999998,TRAVEL,YIELD,RUNNING
510,10.199999999999999,1,-1.7455764228357662,-11.110414780827316,2.7999999999999998,3.6000000000000001,-8.1999999999999993,2.7999999999999998,TRAVEL,YIELD,RUNNING
510,10.199999999999999,1,-1.7455764228357662,-11.110414780827316,2.7999999999999998,3.6000000000000001,-8.1999999999999993,2.7999999999999998,TRAVEL,YIELD,RUNNING
510,10.199999999999999,1,-1.7455764228357662,-11.110414780827316,2.7999999999999998,3.6000000000000001,-8.1999999999999993,2.7999999999999998,TRAVEL,YIELD,RUNNING
510,10.199999999999999,1,-1.7455764228357662,-11.110414780827316,2.7999999999999998,3.6000000000000001,-8.1999999999999993,2.7999999999999998,TRAVEL,YIELD,RUNNING
510,10.199999999999999,1,-1.7455764228357662,-11.110414780827316,2.7999999999999998,3.6000000000000001,-8.1999999999999993,2.7999999999999998,TRAVEL,YIELD,RUNNING
510,10.199999999999999,1,-1.7455764228357662,-11.110414780827316,2.7999999999999998,3.6000000000000001,-8.1999999999999993,2.7999999999999998,TRAVEL,YIELD,RUNNING
510,10.199999999999999,1,-1.7455764228357662,-11.110414780827316,2.7999999999999998,3.6000000000000001,-8.1999999999999993,2.7999999999999998,TRAVEL,YIELD,RUNNING
510,10.199999999999999,1,-1.7455764228357662,-11.110414780827316,2.7999999999999998,3.6000000000000001,-8.1999999999999993,2.7999999999999998,TRAVEL,YIELD,RUNNING
510,10.199999999999999,1,-1.7455764228357662,-11.110414780827316,2.7999999999999998,3.6000000000000001,-8.1999999999999993,2.7999999999999998,TRAVEL,YIELD,RUNNING
510,10.199999999999999,1,-1.7455764228357662,-11.110414780827316,2.7999999999999998,3.6000000000000001,-8.1999999999999993,2.7999999999999998,TRAVEL,YIELD,RUNNING
510,10.199999999999999,1,-1.7455764228357662,-11.110414780827316,2.7999999999999998,3.6000000000000001,-8.1999999999999993,2.7999999999999998,TRAVEL,YIELD,RUNNING
510,10.199999999999999,1,-1.7455764228357662,-11.110414780827316,2.7999999999999998,3.6000000000000001,-8.1999999999999993,2.7999999999999998,TRAVEL,YIELD,RUNNING
510,10.199999999999999,1,-1.7455764228357662,-11.110414780827316,2.7999999999999998,3.6000000000000001,-8.1999999999999993,2.7999999999999998,TRAVEL,YIELD,RUNNING
510,10.199999999999999,1,-1.7455764228357662,-11.110414780827316,2.7999999999999998,3.6000000000000001,-8.1999999999999993,2.7999999999999998,TRAVEL,YIELD,RUNNING
510,10.199999999999999,1,-1.7455764228357662,-11.110414780827316,2.7999999999999998,3.6000000000000001,-8.1999999999999993,2.7999999999999998,TRAVEL,YIELD,RUNNING
510,10.199999999999999,1,-1.7455764228357662,-11.110414780827316,2.7999999999999998,3.6000000000000001,-8.1999999999999993,2.7999999999999998,TRAVEL,YIELD,RUNNING
510,10.199999999999999,1,-1.7455764228357662,-11.110414780827316,2.7999999999999998,3.6000000000000001,-8.1999999999999993,2.7999999999999998,TRAVEL,YIELD,RUNNING
510,10.199999999999999,1,-1.7455764228357662,-11.110414780827316,2.7999999999999998,3.6000000000000001,-8.1999999999999993,2.7999999999999998,TRAVEL,YIELD,RUNNING
510,10.199999999999999,1,-1.7455764228357662,-11.110414780827316,2.7999999999999998,3.6000000000000001,-8.1999999999999993,2.7999999999999998,TRAVEL,YIELD,RUNNING
510,10.199999999999999,1,-1.7455764228357662,-11.110414780827316,2.7999999999999998,3.6000000000000001,-8.1999999999999993,2.7999999999999998,TRAVEL,YIELD,RUNNING
510,10.199999999999999,1,-1.7455764228357662,-11.110414780827316,2.7999999999999998,3.6000000000000001,-8.1999999999999993,2.7999999999999998,TRAVEL,YIELD,RUNNING
510,10.199999999999999,1,-1.7455764228357662,-11.110414780827316,2.7999999999999998,3.6000000000000001,-8.1999999999999993,2.7999999999999998,TRAVEL,YIELD,RUNNING
510,10.199999999999999,1,-1.7455764228357662,-11.110414780827316,2.7999999999999998,3.6000000000000001,-8.1999999999999993,2.7999999999999998,TRAVEL,YIELD,RUNNING
510,10.199999999999999,1,-1.7455764228357662,-11.110414780827316,2.7999999999999998,3.6000000000000001,-8.1999999999999993,2.7999999999999998,TRAVEL,YIELD,RUNNING
510,10.199999999999999,1,-1.7455764228357662,-11.110414780827316,2.7999999999999998,3.6000000000000001,-8.1999999999999993,2.7999999999999998,TRAVEL,YIELD,RUNNING
510,10.199999999999999,1,-1.7455764228357662,-11.110414780827316,2.7999999999999998,3.6000000000000001,-8.1999999999999993,2.7999999999999998,TRAVEL,YIELD,RUNNING
510,10.199999999999999,1,-1.7455764228357662,-11.110414780827316,2.7999999999999998,3.6000000000000001,-8.1999999999999993,2.7999999999999998,TRAVEL,YIELD,RUNNING
510,10.199999999999999,1,-1.7455764228357662,-11.110414780827316,2.7999999999999998,3.6000000000000001,-8.1999999999999993,2.7999999999999998,TRAVEL,YIELD,RUNNING
510,10.199999999999999,1,-1.7455764228357662,-11.110414780827316,2.7999999999999998,3.6000000000000001,-8.1999999999999993,2.7999999999999998,TRAVEL,YIELD,RUNNING
510,10.199999999999999,1,-1.7455764228357662,-11.110414780827316,2.7999999999999998,3.6000000000000001,-8.1999999999999993,2.7999999999999998,TRAVEL,YIELD,RUNNING
510,10.199999999999999,1,-1.7455764228357662,-11.110414780827316,2.7999999999999998,3.6000000000000001,-8.1999999999999993,2.7999999999999998,TRAVEL,YIELD,RUNNING
510,10.199999999999999,1,-1.7455764228357662,-11.110414780827316,2.7999999999999998,3.6000000000000001,-8.1999999999999993,2.7999999999999998,TRAVEL,YIELD,RUNNING
510,10.199999999999999,1,-1.7455764228357662,-11.110414780827316,2.7999999999999998,3.6000000000000001,-8.1999999999999993,2.7999999999999998,TRAVEL,YIELD,RUNNING
510,10.199999999999999,1,-1.7455764228357662,-11.110414780827316,2.7999999999999998,3.6000000000000001,-8.1999999999999993,2.7999999999999998,TRAVEL,YIELD,RUNNING
510,10.199999999999999,1,-1.7455764228357662,-11.110414780827316,2.7999999999999998,3.6000000000000001,-8.1999999999999993,2.7999999999999998,TRAVEL,YIELD,RUNNING
510,10.199999999999999,1,-1.7455764228357662,-11.110414780827316,2.7999999999999998,3.6000000000000001,-8.1999999999999993,2.7999999999999998,TRAVEL,YIELD,RUNNING
510,10.199999999999999,1,-1.7455764228357662,-11.110414780827316,2.7999999999999998,3.6000000000000001,-8.1999999999999993,2.7999999999999998,TRAVEL,YIELD,RUNNING
510,10.199999999999999,1,-1.7455764228357662,-11.110414780827316,2.7999999999999998,3.6000000000000001,-8.1999999999999993,2.7999999999999998,TRAVEL,YIELD,RUNNING
510,10.199999999999999,1,-1.7455764228357662,-11.110414780827316,2.7999999999999998,3.6000000000000001,-8.1999999999999993,2.7999999999999998,TRAVEL,YIELD,RUNNING
510,10.199999999999999,1,-1.7455764228357662,-11.110414780827316,2.7999999999999998,3.6000000000000001,-8.1999999999999993,2.7999999999999998,TRAVEL,YIELD,RUNNING
510,10.199999999999999,1,-1.7455764228357662,-11.110414780827316,2.7999999999999998,3.6000000000000001,-8.1999999999999993,2.7999999999999998,TRAVEL,YIELD,RUNNING
510,10.199999999999999,1,-1.7455764228357662,-11.110414780827316,2.7999999999999998,3.6000000000000001,-8.1999999999999993,2.7999999999999998,TRAVEL,YIELD,RUNNING
510,10.199999999999999,1,-1.7455764228357662,-11.110414780827316,2.7999999999999998,3.6000000000000001,-8.1999999999999993,2.7999999999999998,TRAVEL,YIELD,RUNNING
510,10.199999999999999,1,-1.7455764228357662,-11.110414780827316,2.7999999999999998,3.6000000000000001,-8.1999999999999993,2.7999999999999998,TRAVEL,YIELD,RUNNING
510,10.199999999999999,1,-1.7455764228357662,-11.110414780827316,2.7999999999999998,3.6000000000000001,-8.1999999999999993,2.7999999999999998,TRAVEL,YIELD,RUNNING
510,10.199999999999999,1,-1.7455764228357662,-11.110414780827316,2.7999999999999998,3.6000000000000001,-8.1999999999999993,2.7999999999999998,TRAVEL,YIELD,RUNNING
510,10.199999999999999,1,-1.7455764228357662,-11.110414780827316,2.7999999999999998,3.6000000000000001,-8.1999999999999993,2.7999999999999998,TRAVEL,YIELD,RUNNING
510,10.199999999999999,1,-1.7455764228357662,-11.110414780827316,2.7999999999999998,3.6000000000000001,-8.1999999999999993,2.7999999999999998,TRAVEL,YIELD,RUNNING
510,10.199999999999999,1,-1.7455764228357662,-11.110414780827316,2.7999999999999998,3.6000000000000001,-8.1999999999999993,2.7999999999999998,TRAVEL,YIELD,RUNNING
510,10.199999999999999,1,-1.7455764228357662,-11.110414780827316,2.7999999999999998,3.6000000000000001,-8.1999999999999993,2.7999999999999998,TRAVEL,YIELD,RUNNING
510,10.199999999999999,1,-1.7455764228357662,-11.110414780827316,2.7999999999999998,3.6000000000000001,-8.1999999999999993,2.7999999999999998,TRAVEL,YIELD,RUNNING
510,10.199999999999999,1,-1.7455764228357662,-11.110414780827316,2.7999999999999998,3.6000000000000001,-8.1999999999999993,2.7999999999999998,TRAVEL,YIELD,RUNNING
510,10.199999999999999,1,-1.7455764228357662,-11.110414780827316,2.7999999999999998,3.6000000000000001,-8.1999999999999993,2.7999999999999998,TRAVEL,YIELD,RUNNING
510,10.199999999999999,1,-1.7455764228357662,-11.110414780827316,2.7999999999999998,3.6000000000000001,-8.1999999999999993,2.7999999999999998,TRAVEL,YIELD,RUNNING
510,10.199999999999999,1,-1.7455764228357662,-11.110414780827316,2.7999999999999998,3.6000000000000001,-8.1999999999999993,2.7999999999999998,TRAVEL,YIELD,RUNNING
510,10.199999999999999,1,-1.7455764228357662,-11.110414780827316,2.7999999999999998,3.6000000000000001,-8.1999999999999993,2.7999999999999998,TRAVEL,YIELD,RUNNING
510,10.199999999999999,1,-1.7455764228357662,-11.110414780827316,2.7999999999999998,3.6000000000000001,-8.1999999999999993,2.7999999999999998,TRAVEL,YIELD,RUNNING
510,10.199999999999999,1,-1.7455764228357662,-11.110414780827316,2.7999999999999998,3.6000000000000001,-8.1999999999999993,2.7999999999999998,TRAVEL,YIELD,RUNNING
510,10.199999999999999,1,-1.7455764228357662,-11.110414780827316,2.7999999999999998,3.6000000000000001,-8.1999999999999993,2.7999999999999998,TRAVEL,YIELD,RUNNING
510,10.199999999999999,1,-1.7455764228357662,-11.110414780827316,2.7999999999999998,3.6000000000000001,-8.1999999999999993,2.7999999999999998,TRAVEL,YIELD,RUNNING
510,10.199999999999999,1,-1.7455764228357662,-11.110414780827316,2.7999999999999998,3.6000000000000001,-8.1999999999999993,2.7999999999999998,TRAVEL,YIELD,RUNNING
510,10.199999999999999,1,-1.7455764228357662,-11.110414780827316,2.7999999999999998,3.6000000000000001,-8.1999999999999993,2.7999999999999998,TRAVEL,YIELD,RUNNING
510,10.199999999999999,1,-1.7455764228357662,-11.110414780827316,2.7999999999999998,3.6000000000000001,-8.1999999999999993,2.7999999999999998,TRAVEL,YIELD,RUNNING
510,10.199999999999999,1,-1.7455764228357662,-11.110414780827316,2.7999999999999998,3.6000000000000001,-8.1999999999999993,2.7999999999999998,TRAVEL,YIELD,RUNNING
510,10.199999999999999,1,-1.7455764228357662,-11.110414780827316,2.7999999999999998,3.6000000000000001,-8.1999999999999993,2.7999999999999998,TRAVEL,YIELD,RUNNING
510,10.199999999999999,1,-1.7455764228357662,-11.110414780827316,2.7999999999999998,3.6000000000000001,-8.1999999999999993,2.7999999999999998,TRAVEL,YIELD,RUNNING
510,10.199999999999999,1,-1.7455764228357662,-11.110414780827316,2.7999999999999998,3.6000000000000001,-8.1999999999999993,2.7999999999999998,TRAVEL,YIELD,RUNNING
510,10.199999999999999,1,-1.7455764228357662,-11.110414780827316,2.7999999999999998,3.6000000000000001,-8.1999999999999993,2.7999999999999998,TRAVEL,YIELD,RUNNING
510,10.199999999999999,1,-1.7455764228357662,-11.110414780827316,2.7999999999999998,3.6000000000000001,-8.1999999999999993,2.7999999999999998,TRAVEL,YIELD,RUNNING
510,10.199999999999999,1,-1.7455764228357662,-11.110414780827316,2.7999999999999998,3.6000000000000001,-8.1999999999999993,2.7999999999999998,TRAVEL,YIELD,RUNNING
510,10.199999999999999,1,-1.7455764228357662,-11.110414780827316,2.7999999999999998,3.6000000000000001,-8.1999999999999993,2.7999999999999998,TRAVEL,YIELD,RUNNING
510,10.199999999999999,1,-1.7455764228357662,-11.110414780827316,2.7999999999999998,3.6000000000000001,-8.1999999999999993,2.7999999999999998,TRAVEL,YIELD,RUNNING
510,10.199999999999999,1,-1.7455764228357662,-11.110414780827316,2.7999999999999998,3.6000000000000001,-8.1999999999999993,2.7999999999999998,TRAVEL,YIELD,RUNNING
510,10.199999999999999,1,-1.7455764228357662,-11.110414780827316,2.7999999999999998,3.6000000000000001,-8.1999999999999993,2.7999999999999998,TRAVEL,YIELD,RUNNING
510,10.199999999999999,1,-1.7455764228357662,-11.110414780827316,2.7999999999999998,3.6000000000000001,-8.1999999999999993,2.7999999999999998,TRAVEL,YIELD,RUNNING
510,10.199999999999999,1,-1.7455764228357662,-11.110414780827316,2.7999999999999998,3.6000000000000001,-8.1999999999999993,2.7999999999999998,TRAVEL,YIELD,RUNNING
510,10.199999999999999,1,-1.7455764228357662,-11.110414780827316,2.7999999999999998,3.6000000000000001,-8.1999999999999993,2.7999999999999998,TRAVEL,YIELD,RUNNING
510,10.199999999999999,1,-1.7455764228357662,-11.110414780827316,2.7999999999999998,3.6000000000000001,-8.1999999999999993,2.7999999999999998,TRAVEL,YIELD,RUNNING
510,10.199999999999999,1,-1.7455764228357662,-11.110414780827316,2.7999999999999998,3.6000000000000001,-8.1999999999999993,2.7999999999999998,TRAVEL,YIELD,RUNNING
510,10.199999999999999,1,-1.7455764228357662,-11.110414780827316,2.7999999999999998,3.6000000000000001,-8.1999999999999993,2.7999999999999998,TRAVEL,YIELD,RUNNING
510,10.199999999999999,1,-1.7455764228357662,-11.110414780827316,2.7999999999999998,3.6000000000000001,-8.1999999999999993,2.7999999999999998,TRAVEL,YIELD,RUNNING
510,10.199999999999999,1,-1.7455764228357662,-11.110414780827316,2.7999999999999998,3.6000000000000001,-8.1999999999999993,2.7999999999999998,TRAVEL,YIELD,RUNNING
510,10.199999999999999,1,-1.7455764228357662,-11.110414780827316,2.7999999999999998,3.6000000000000001,-8.1999999999999993,2.7999999999999998,TRAVEL,YIELD,RUNNING
510,10.199999999999999,1,-1.7455764228357662,-11.110414780827316,2.7999999999999998,3.6000000000000001,-8.1999999999999993,2.7999999999999998,TRAVEL,YIELD,RUNNING
510,10.199999999999999,1,-1.7455764228357662,-11.110414780827316,2.7999999999999998,3.6000000000000001,-8.1999999999999993,2.7999999999999998,TRAVEL,YIELD,RUNNING
510,10.199999999999999,1,-1.7455764228357662,-11.110414780827316,2.7999999999999998,3.6000000000000001,-8.1999999999999993,2.7999999999999998,TRAVEL,YIELD,RUNNING
510,10.199999999999999,1,-1.7455764228357662,-11.110414780827316,2.7999999999999998,3.6000000000000001,-8.1999999999999993,2.7999999999999998,TRAVEL,YIELD,RUNNING
510,10.199999999999999,1,-1.7455764228357662,-11.110414780827316,2.7999999999999998,3.6000000000000001,-8.1999999999999993,2.7999999999999998,TRAVEL,YIELD,RUNNING
510,10.199999999999999,1,-1.7455764228357662,-11.110414780827316,2.7999999999999998,3.6000000000000001,-8.1999999999999993,2.7999999999999998,TRAVEL,YIELD,RUNNING
510,10.199999999999999,1,-1.7455764228357662,-11.110414780827316,2.7999999999999998,3.6000000000000001,-8.1999999999999993,2.7999999999999998,TRAVEL,YIELD,RUNNING
510,10.199999999999999,1,-1.7455764228357662,-11.110414780827316,2.7999999999999998,3.6000000000000001,-8.1999999999999993,2.7999999999999998,TRAVEL,YIELD,RUNNING
510,10.199999999999999,1,-1.7455764228357662,-11.110414780827316,2.7999999999999998,3.6000000000000001,-8.1999999999999993,2.7999999999999998,TRAVEL,YIELD,RUNNING
510,10.199999999999999,1,-1.7455764228357662,-11.110414780827316,2.7999999999999998,3.6000000000000001,-8.1999999999999993,2.7999999999999998,TRAVEL,YIELD,RUNNING
510,10.199999999999999,1,-1.7455764228357662,-11.110414780827316,2.7999999999999998,3.6000000000000001,-8.1999999999999993,2.7999999999999998,TRAVEL,YIELD,RUNNING
510,10.199999999999999,1,-1.7455764228357662,-11.110414780827316,2.7999999999999998,3.6000000000000001,-8.1999999999999993,2.7999999999999998,TRAVEL,YIELD,RUNNING
510,10.199999999999999,1,-1.7455764228357662,-11.110414780827316,2.7999999999999998,3.6000000000000001,-8.1999999999999993,2.7999999999999998,TRAVEL,YIELD,RUNNING
510,10.199999999999999,1,-1.7455764228357662,-11.110414780827316,2.7999999999999998,3.6000000000000001,-8.1999999999999993,2.7999999999999998,TRAVEL,YIELD,RUNNING
510,10.199999999999999,1,-1.7455764228357662,-11.110414780827316,2.7999999999999998,3.6000000000000001,-8.1999999999999993,2.7999999999999998,TRAVEL,YIELD,RUNNING
510,10.199999999999999,1,-1.7455764228357662,-11.110414780827316,2.7999999999999998,3.6000000000000001,-8.1999999999999993,2.7999999999999998,TRAVEL,YIELD,RUNNING
510,10.199999999999999,1,-1.7455764228357662,-11.110414780827316,2.7999999999999998,3.6000000000000001,-8.1999999999999993,2.7999999999999998,TRAVEL,YIELD,RUNNING
510,10.199999999999999,1,-1.7455764228357662,-11.110414780827316,2.7999999999999998,3.6000000000000001,-8.1999999999999993,2.7999999999999998,TRAVEL,YIELD,RUNNING
510,10.199999999999999,1,-1.7455764228357662,-11.110414780827316,2.7999999999999998,3.6000000000000001,-8.1999999999999993,2.7999999999999998,TRAVEL,YIELD,RUNNING
510,10.199999999999999,1,-1.7455764228357662,-11.110414780827316,2.7999999999999998,3.6000000000000001,-8.1999999999999993,2.7999999999999998,TRAVEL,YIELD,RUNNING
510,10.199999999999999,1,-1.7455764228357662,-11.110414780827316,2.7999999999999998,3.6000000000000001,-8.1999999999999993,2.7999999999999998,TRAVEL,YIELD,RUNNING
510,10.199999999999999,1,-1.7455764228357662,-11.110414780827316,2.7999999999999998,3.6000000000000001,-8.1999999999999993,2.7999999999999998,TRAVEL,YIELD,RUNNING
510,10.199999999999999,1,-1.7455764228357662,-11.110414780827316,2.7999999999999998,3.6000000000000001,-8.1999999999999993,2.7999999999999998,TRAVEL,YIELD,RUNNING
510,10.199999999999999,1,-1.7455764228357662,-11.110414780827316,2.7999999999999998,3.6000000000000001,-8.1999999999999993,2.7999999999999998,TRAVEL,YIELD,RUNNING
510,10.199999999999999,1,-1.7455764228357662,-11.110414780827316,2.7999999999999998,3.6000000000000001,-8.1999999999999993,2.7999999999999998,TRAVEL,YIELD,RUNNING
510,10.199999999999999,1,-1.7455764228357662,-11.110414780827316,2.7999999999999998,3.6000000000000001,-8.1999999999999993,2.7999999999999998,TRAVEL,YIELD,RUNNING
510,10.199999999999999,1,-1.7455764228357662,-11.110414780827316,2.7999999999999998,3.6000000000000001,-8.1999999999999993,2.7999999999999998,TRAVEL,YIELD,RUNNING
510,10.199999999999999,1,-1.7455764228357662,-11.110414780827316,2.7999999999999998,3.6000000000000001,-8.1999999999999993,2.7999999999999998,TRAVEL,YIELD,RUNNING
510,10.199999999999999,1,-1.7455764228357662,-11.110414780827316,2.7999999999999998,3.6000000000000001,-8.1999999999999993,2.7999999999999998,TRAVEL,YIELD,RUNNING
510,10.199999999999999,1,-1.7455764228357662,-11.110414780827316,2.7999999999999998,3.6000000000000001,-8.1999999999999993,2.7999999999999998,TRAVEL,YIELD,RUNNING
510,10.199999999999999,1,-1.7455764228357662,-11.110414780827316,2.7999999999999998,3.6000000000000001,-8.1999999999999993,2.7999999999999998,TRAVEL,YIELD,RUNNING
510,10.199999999999999,1,-1.7455764228357662,-11.110414780827316,2.7999999999999998,3.6000000000000001,-8.1999999999999993,2.7999999999999998,TRAVEL,YIELD,RUNNING
510,10.199999999999999,1,-1.7455764228357662,-11.110414780827316,2.7999999999999998,3.6000000000000001,-8.1999999999999993,2.7999999999999998,TRAVEL,YIELD,RUNNING
510,10.199999999999999,1,-1.7455764228357662,-11.110414780827316,2.7999999999999998,3.6000000000000001,-8.1999999999999993,2.7999999999999998,TRAVEL,YIELD,RUNNING
510,10.199999999999999,1,-1.7455764228357662,-11.110414780827316,2.7999999999999998,3.6000000000000001,-8.1999999999999993,2.7999999999999998,TRAVEL,YIELD,RUNNING
510,10.199999999999999,1,-1.7455764228357662,-11.110414780827316,2.7999999999999998,3.6000000000000001,-8.1999999999999993,2.7999999999999998,TRAVEL,YIELD,RUNNING
510,10.199999999999999,1,-1.7455764228357662,-11.110414780827316,2.7999999999999998,3.6000000000000001,-8.1999999999999993,2.7999999999999998,TRAVEL,YIELD,RUNNING
510,10.199999999999999,1,-1.7455764228357662,-11.110414780827316,2.7999999999999998,3.6000000000000001,-8.1999999999999993,2.7999999999999998,TRAVEL,YIELD,RUNNING
510,10.199999999999999,1,-1.7455764228357662,-11.110414780827316,2.7999999999999998,3.6000000000000001,-8.1999999999999993,2.7999999999999998,TRAVEL,YIELD,RUNNING
510,10.199999999999999,1,-1.7455764228357662,-11.110414780827316,2.7999999999999998,3.6000000000000001,-8.1999999999999993,2.7999999999999998,TRAVEL,YIELD,RUNNING
510,10.199999999999999,1,-1.7455764228357662,-11.110414780827316,2.7999999999999998,3.6000000000000001,-8.1999999999999993,2.7999999999999998,TRAVEL,YIELD,RUNNING
510,10.199999999999999,1,-1.7455764228357662,-11.110414780827316,2.7999999999999998,3.6000000000000001,-8.1999999999999993,2.7999999999999998,TRAVEL,YIELD,RUNNING
510,10.199999999999999,1,-1.7455764228357662,-11.110414780827316,2.7999999999999998,3.6000000000000001,-8.1999999999999993,2.7999999999999998,TRAVEL,YIELD,RUNNING
510,10.199999999999999,1,-1.7455764228357662,-11.110414780827316,2.7999999999999998,3.6000000000000001,-8.1999999999999993,2.7999999999999998,TRAVEL,YIELD,RUNNING
510,10.199999999999999,1,-1.7455764228357662,-11.110414780827316,2.7999999999999998,3.6000000000000001,-8.1999999999999993,2.7999999999999998,TRAVEL,YIELD,RUNNING
510,10.199999999999999,1,-1.7455764228357662,-11.110414780827316,2.7999999999999998,3.6000000000000001,-8.1999999999999993,2.7999999999999998,TRAVEL,YIELD,RUNNING
510,10.199999999999999,1,-1.7455764228357662,-11.110414780827316,2.7999999999999998,3.6000000000000001,-8.1999999999999993,2.7999999999999998,TRAVEL,YIELD,RUNNING
510,10.199999999999999,1,-1.7455764228357662,-11.110414780827316,2.7999999999999998,3.6000000000000001,-8.1999999999999993,2.7999999999999998,TRAVEL,YIELD,RUNNING
510,10.199999999999999,1,-1.7455764228357662,-11.110414780827316,2.7999999999999998,3.6000000000000001,-8.1999999999999993,2.7999999999999998,TRAVEL,YIELD,RUNNING
510,10.199999999999999,1,-1.7455764228357662,-11.110414780827316,2.7999999999999998,3.6000000000000001,-8.1999999999999993,2.7999999999999998,TRAVEL,YIELD,RUNNING
510,10.199999999999999,1,-1.7455764228357662,-11.110414780827316,2.7999999999999998,3.6000000000000001,-8.1999999999999993,2.7999999999999998,TRAVEL,YIELD,RUNNING
510,10.199999999999999,1,-1.7455764228357662,-11.110414780827316,2.7999999999999998,3.6000000000000001,-8.1999999999999993,2.7999999999999998,TRAVEL,YIELD,RUNNING
510,10.199999999999999,1,-1.7455764228357662,-11.110414780827316,2.7999999999999998,3.6000000000000001,-8.1999999999999993,2.7999999999999998,TRAVEL,YIELD,RUNNING
510,10.199999999999999,1,-1.7455764228357662,-11.110414780827316,2.7999999999999998,3.6000000000000001,-8.1999999999999993,2.7999999999999998,TRAVEL,YIELD,RUNNING
510,10.199999999999999,1,-1.7455764228357662,-11.110414780827316,2.7999999999999998,3.6000000000000001,-8.1999999999999993,2.7999999999999998,TRAVEL,YIELD,RUNNING
510,10.199999999999999,1,-1.7455764228357662,-11.110414780827316,2.7999999999999998,3.6000000000000001,-8.1999999999999993,2.7999999999999998,TRAVEL,YIELD,RUNNING
510,10.199999999999999,1,-1.7455764228357662,-11.110414780827316,2.7999999999999998,3.6000000000000001,-8.1999999999999993,2.7999999999999998,TRAVEL,YIELD,RUNNING
510,10.199999999999999,1,-1.7455764228357662,-11.110414780827316,2.7999999999999998,3.6000000000000001,-8.1999999999999993,2.7999999999999998,TRAVEL,YIELD,RUNNING
510,10.199999999999999,1,-1.7455764228357662,-11.110414780827316,2.7999999999999998,3.6000000000000001,-8.1999999999999993,2.7999999999999998,TRAVEL,YIELD,RUNNING
510,10.199999999999999,1,-1.7455764228357662,-11.110414780827316,2.7999999999999998,3.6000000000000001,-8.1999999999999993,2.7999999999999998,TRAVEL,YIELD,RUNNING
510,10.199999999999999,1,-1.7455764228357662,-11.110414780827316,2.7999999999999998,3.6000000000000001,-8.1999999999999993,2.7999999999999998,TRAVEL,YIELD,RUNNING
510,10.199999999999999,1,-1.7455764228357662,-11.110414780827316,2.7999999999999998,3.6000000000000001,-8.1999999999999993,2.7999999999999998,TRAVEL,YIELD,RUNNING
510,10.199999999999999,1,-1.7455764228357662,-11.110414780827316,2.7999999999999998,3.6000000000000001,-8.1999999999999993,2.7999999999999998,TRAVEL,YIELD,RUNNING
510,10.199999999999999,1,-1.7455764228357662,-11.110414780827316,2.7999999999999998,3.6000000000000001,-8.1999999999999993,2.7999999999999998,TRAVEL,YIELD,RUNNING
510,10.199999999999999,1,-1.7455764228357662,-11.110414780827316,2.7999999999999998,3.6000000000000001,-8.1999999999999993,2.7999999999999998,TRAVEL,YIELD,RUNNING
510,10.199999999999999,1,-1.7455764228357662,-11.110414780827316,2.7999999999999998,3.6000000000000001,-8.1999999999999993,2.7999999999999998,TRAVEL,YIELD,RUNNING
510,10.199999999999999,1,-1.7455764228357662,-11.110414780827316,2.7999999999999998,3.6000000000000001,-8.1999999999999993,2.7999999999999998,TRAVEL,YIELD,RUNNING
510,10.199999999999999,1,-1.7455764228357662,-11.110414780827316,2.7999999999999998,3.6000000000000001,-8.1999999999999993,2.7999999999999998,TRAVEL,YIELD,RUNNING
510,10.199999999999999,1,-1.7455764228357662,-11.110414780827316,2.7999999999999998,3.6000000000000001,-8.1999999999999993,2.7999999999999998,TRAVEL,YIELD,RUNNING
510,10.199999999999999,1,-1.7455764228357662,-11.110414780827316,2.7999999999999998,3.6000000000000001,-8.1999999999999993,2.7999999999999998,TRAVEL,YIELD,RUNNING
510,10.199999999999999,1,-1.7455764228357662,-11.110414780827316,2.7999999999999998,3.6000000000000001,-8.1999999999999993,2.7999999999999998,TRAVEL,YIELD,RUNNING
510,10.199999999999999,1,-1.7455764228357662,-11.110414780827316,2.7999999999999998,3.6000000000000001,-8.1999999999999993,2.7999999999999998,TRAVEL,YIELD,RUNNING
510,10.199999999999999,1,-1.7455764228357662,-11.110414780827316,2.7999999999999998,3.6000000000000001,-8.1999999999999993,2.7999999999999998,TRAVEL,YIELD,RUNNING
510,10.199999999999999,1,-1.7455764228357662,-11.110414780827316,2.7999999999999998,3.6000000000000001,-8.1999999999999993,2.7999999999999998,TRAVEL,YIELD,RUNNING
510,10.199999999999999,1,-1.7455764228357662,-11.110414780827316,2.7999999999999998,3.6000000000000001,-8.1999999999999993,2.7999999999999998,TRAVEL,YIELD,RUNNING
510,10.199999999999999,1,-1.7455764228357662,-11.110414780827316,2.7999999999999998,3.6000000000000001,-8.1999999999999993,2.7999999999999998,TRAVEL,YIELD,RUNNING
510,10.199999999999999,1,-1.7455764228357662,-11.110414780827316,2.7999999999999998,3.6000000000000001,-8.1999999999999993,2.7999999999999998,TRAVEL,YIELD,RUNNING
510,10.199999999999999,1,-1.7455764228357662,-11.110414780827316,2.7999999999999998,3.6000000000000001,-8.1999999999999993,2.7999999999999998,TRAVEL,YIELD,RUNNING
510,10.199999999999999,1,-1.7455764228357662,-11.110414780827316,2.7999999999999998,3.6000000000000001,-8.1999999999999993,2.7999999999999998,TRAVEL,YIELD,RUNNING
510,10.199999999999999,1,-1.7455764228357662,-11.110414780827316,2.7999999999999998,3.6000000000000001,-8.1999999999999993,2.7999999999999998,TRAVEL,YIELD,RUNNING
510,10.199999999999999,1,-1.7455764228357662,-11.110414780827316,2.7999999999999998,3.6000000000000001,-8.1999999999999993,2.7999999999999998,TRAVEL,YIELD,RUNNING
510,10.199999999999999,1,-1.7455764228357662,-11.110414780827316,2.7999999999999998,3.6000000000000001,-8.1999999999999993,2.7999999999999998,TRAVEL,YIELD,RUNNING
510,10.199999999999999,1,-1.7455764228357662,-11.110414780827316,2.7999999999999998,3.6000000000000001,-8.1999999999999993,2.7999999999999998,TRAVEL,YIELD,RUNNING
510,10.199999999999999,1,-1.7455764228357662,-11.110414780827316,2.7999999999999998,3.6000000000000001,-8.1999999999999993,2.7999999999999998,TRAVEL,YIELD,RUNNING
510,10.199999999999999,1,-1.7455764228357662,-11.110414780827316,2.7999999999999998,3.6000000000000001,-8.1999999999999993,2.7999999999999998,TRAVEL,YIELD,RUNNING
510,10.199999999999999,1,-1.7455764228357662,-11.110414780827316,2.7999999999999998,3.6000000000000001,-8.1999999999999993,2.7999999999999998,TRAVEL,YIELD,RUNNING
510,10.199999999999999,1,-1.7455764228357662,-11.110414780827316,2.7999999999999998,3.6000000000000001,-8.1999999999999993,2.7999999999999998,TRAVEL,YIELD,RUNNING
510,10.199999999999999,1,-1.7455764228357662,-11.110414780827316,2.7999999999999998,3.6000000000000001,-8.1999999999999993,2.7999999999999998,TRAVEL,YIELD,RUNNING
510,10.199999999999999,1,-1.7455764228357662,-11.110414780827316,2.7999999999999998,3.6000000000000001,-8.1999999999999993,2.7999999999999998,TRAVEL,YIELD,RUNNING
510,10.199999999999999,1,-1.7455764228357662,-11.110414780827316,2.7999999999999998,3.6000000000000001,-8.1999999999999993,2.7999999999999998,TRAVEL,YIELD,RUNNING
510,10.199999999999999,1,-1.7455764228357662,-11.110414780827316,2.7999999999999998,3.6000000000000001,-8.1999999999999993,2.7999999999999998,TRAVEL,YIELD,RUNNING
510,10.199999999999999,1,-1.7455764228357662,-11.110414780827316,2.7999999999999998,3.6000000000000001,-8.1999999999999993,2.7999999999999998,TRAVEL,YIELD,RUNNING
510,10.199999999999999,1,-1.7455764228357662,-11.110414780827316,2.7999999999999998,3.6000000000000001,-8.1999999999999993,2.7999999999999998,TRAVEL,YIELD,RUNNING
510,10.199999999999999,1,-1.7455764228357662,-11.110414780827316,2.7999999999999998,3.6000000000000001,-8.1999999999999993,2.7999999999999998,TRAVEL,YIELD,RUNNING
510,10.199999999999999,1,-1.7455764228357662,-11.110414780827316,2.7999999999999998,3.6000000000000001,-8.1999999999999993,2.7999999999999998,TRAVEL,YIELD,RUNNING
510,10.199999999999999,1,-1.7455764228357662,-11.110414780827316,2.7999999999999998,3.6000000000000001,-8.1999999999999993,2.7999999999999998,TRAVEL,YIELD,RUNNING
510,10.199999999999999,1,-1.7455764228357662,-11.110414780827316,2.7999999999999998,3.6000000000000001,-8.1999999999999993,2.7999999999999998,TRAVEL,YIELD,RUNNING
510,10.199999999999999,1,-1.7455764228357662,-11.110414780827316,2.7999999999999998,3.6000000000000001,-8.1999999999999993,2.7999999999999998,TRAVEL,YIELD,RUNNING
510,10.199999999999999,1,-1.7455764228357662,-11.110414780827316,2.7999999999999998,3.6000000000000001,-8.1999999999999993,2.7999999999999998,TRAVEL,YIELD,RUNNING
510,10.199999999999999,1,-1.7455764228357662,-11.110414780827316,2.7999999999999998,3.6000000000000001,-8.1999999999999993,2.7999999999999998,TRAVEL,YIELD,RUNNING
510,10.199999999999999,1,-1.7455764228357662,-11.110414780827316,2.7999999999999998,3.6000000000000001,-8.1999999999999993,2.7999999999999998,TRAVEL,YIELD,RUNNING
510,10.199999999999999,1,-1.7455764228357662,-11.110414780827316,2.7999999999999998,3.6000000000000001,-8.1999999999999993,2.7999999999999998,TRAVEL,YIELD,RUNNING
510,10.199999999999999,1,-1.7455764228357662,-11.110414780827316,2.7999999999999998,3.6000000000000001,-8.1999999999999993,2.7999999999999998,TRAVEL,YIELD,RUNNING
510,10.199999999999999,1,-1.7455764228357662,-11.110414780827316,2.7999999999999998,3.6000000000000001,-8.1999999999999993,2.7999999999999998,TRAVEL,YIELD,RUNNING
510,10.199999999999999,1,-1.7455764228357662,-11.110414780827316,2.7999999999999998,3.6000000000000001,-8.1999999999999993,2.7999999999999998,TRAVEL,YIELD,RUNNING
510,10.199999999999999,1,-1.7455764228357662,-11.110414780827316,2.7999999999999998,3.6000000000000001,-8.1999999999999993,2.7999999999999998,TRAVEL,YIELD,RUNNING
510,10.199999999999999,1,-1.7455764228357662,-11.110414780827316,2.7999999999999998,3.6000000000000001,-8.1999999999999993,2.7999999999999998,TRAVEL,YIELD,RUNNING
510,10.199999999999999,1,-1.7455764228357662,-11.110414780827316,2.7999999999999998,3.6000000000000001,-8.1999999999999993,2.7999999999999998,TRAVEL,YIELD,RUNNING
510,10.199999999999999,1,-1.7455764228357662,-11.110414780827316,2.7999999999999998,3.6000000000000001,-8.1999999999999993,2.7999999999999998,TRAVEL,YIELD,RUNNING
510,10.199999999999999,1,-1.7455764228357662,-11.110414780827316,2.7999999999999998,3.6000000000000001,-8.1999999999999993,2.7999999999999998,TRAVEL,YIELD,RUNNING
510,10.199999999999999,1,-1.7455764228357662,-11.110414780827316,2.7999999999999998,3.6000000000000001,-8.1999999999999993,2.7999999999999998,TRAVEL,YIELD,RUNNING
510,10.199999999999999,1,-1.7455764228357662,-11.110414780827316,2.7999999999999998,3.6000000000000001,-8.1999999999999993,2.7999999999999998,TRAVEL,YIELD,RUNNING
510,10.199999999999999,1,-1.7455764228357662,-11.110414780827316,2.7999999999999998,3.6000000000000001,-8.1999999999999993,2.7999999999999998,TRAVEL,YIELD,RUNNING
510,10.199999999999999,1,-1.7455764228357662,-11.110414780827316,2.7999999999999998,3.6000000000000001,-8.1999999999999993,2.7999999999999998,TRAVEL,YIELD,RUNNING
510,10.199999999999999,1,-1.7455764228357662,-11.110414780827316,2.7999999999999998,3.6000000000000001,-8.1999999999999993,2.7999999999999998,TRAVEL,YIELD,RUNNING
510,10.199999999999999,1,-1.7455764228357662,-11.110414780827316,2.7999999999999998,3.6000000000000001,-8.1999999999999993,2.7999999999999998,TRAVEL,YIELD,RUNNING
510,10.199999999999999,1,-1.7455764228357662,-11.110414780827316,2.7999999999999998,3.6000000000000001,-8.1999999999999993,2.7999999999999998,TRAVEL,YIELD,RUNNING
510,10.199999999999999,1,-1.7455764228357662,-11.110414780827316,2.7999999999999998,3.6000000000000001,-8.1999999999999993,2.7999999999999998,TRAVEL,YIELD,RUNNING
510,10.199999999999999,1,-1.7455764228357662,-11.110414780827316,2.7999999999999998,3.6000000000000001,-8.1999999999999993,2.7999999999999998,TRAVEL,YIELD,RUNNING
510,10.199999999999999,1,-1.7455764228357662,-11.110414780827316,2.7999999999999998,3.6000000000000001,-8.1999999999999993,2.7999999999999998,TRAVEL,YIELD,RUNNING
510,10.199999999999999,1,-1.7455764228357662,-11.110414780827316,2.7999999999999998,3.6000000000000001,-8.1999999999999993,2.7999999999999998,TRAVEL,YIELD,RUNNING
510,10.199999999999999,1,-1.7455764228357662,-11.110414780827316,2.7999999999999998,3.6000000000000001,-8.1999999999999993,2.7999999999999998,TRAVEL,YIELD,RUNNING
510,10.199999999999999,1,-1.7455764228357662,-11.110414780827316,2.7999999999999998,3.6000000000000001,-8.1999999999999993,2.7999999999999998,TRAVEL,YIELD,RUNNING
510,10.199999999999999,1,-1.7455764228357662,-11.110414780827316,2.7999999999999998,3.6000000000000001,-8.1999999999999993,2.7999999999999998,TRAVEL,YIELD,RUNNING
510,10.199999999999999,1,-1.7455764228357662,-11.110414780827316,2.7999999999999998,3.6000000000000001,-8.1999999999999993,2.7999999999999998,TRAVEL,YIELD,RUNNING
510,10.199999999999999,1,-1.7455764228357662,-11.110414780827316,2.7999999999999998,3.6000000000000001,-8.1999999999999993,2.7999999999999998,TRAVEL,YIELD,RUNNING
510,10.199999999999999,1,-1.7455764228357662,-11.110414780827316,2.7999999999999998,3.6000000000000001,-8.1999999999999993,2.7999999999999998,TRAVEL,YIELD,RUNNING
510,10.199999999999999,1,-1.7455764228357662,-11.110414780827316,2.7999999999999998,3.6000000000000001,-8.1999999999999993,2.7999999999999998,TRAVEL,YIELD,RUNNING
510,10.199999999999999,1,-1.7455764228357662,-11.110414780827316,2.7999999999999998,3.6000000000000001,-8.1999999999999993,2.7999999999999998,TRAVEL,YIELD,RUNNING
510,10.199999999999999,1,-1.7455764228357662,-11.110414780827316,2.7999999999999998,3.6000000000000001,-8.1999999999999993,2.7999999999999998,TRAVEL,YIELD,RUNNING
510,10.199999999999999,1,-1.7455764228357662,-11.110414780827316,2.7999999999999998,3.6000000000000001,-8.1999999999999993,2.7999999999999998,TRAVEL,YIELD,RUNNING
510,10.199999999999999,1,-1.7455764228357662,-11.110414780827316,2.7999999999999998,3.6000000000000001,-8.1999999999999993,2.7999999999999998,TRAVEL,YIELD,RUNNING
510,10.199999999999999,1,-1.7455764228357662,-11.110414780827316,2.7999999999999998,3.6000000000000001,-8.1999999999999993,2.7999999999999998,TRAVEL,YIELD,RUNNING
510,10.199999999999999,1,-1.7455764228357662,-11.110414780827316,2.7999999999999998,3.6000000000000001,-8.1999999999999993,2.7999999999999998,TRAVEL,YIELD,RUNNING
510,10.199999999999999,1,-1.7455764228357662,-11.110414780827316,2.7999999999999998,3.6000000000000001,-8.1999999999999993,2.7999999999999998,TRAVEL,YIELD,RUNNING
510,10.199999999999999,1,-1.7455764228357662,-11.110414780827316,2.7999999999999998,3.6000000000000001,-8.1999999999999993,2.7999999999999998,TRAVEL,YIELD,RUNNING
510,10.199999999999999,1,-1.7455764228357662,-11.110414780827316,2.7999999999999998,3.6000000000000001,-8.1999999999999993,2.7999999999999998,TRAVEL,YIELD,RUNNING
510,10.199999999999999,1,-1.7455764228357662,-11.110414780827316,2.7999999999999998,3.6000000000000001,-8.1999999999999993,2.7999999999999998,TRAVEL,YIELD,RUNNING
510,10.199999999999999,1,-1.7455764228357662,-11.110414780827316,2.7999999999999998,3.6000000000000001,-8.1999999999999993,2.7999999999999998,TRAVEL,YIELD,RUNNING
510,10.199999999999999,1,-1.7455764228357662,-11.110414780827316,2.7999999999999998,3.6000000000000001,-8.1999999999999993,2.7999999999999998,TRAVEL,YIELD,RUNNING
510,10.199999999999999,1,-1.7455764228357662,-11.110414780827316,2.7999999999999998,3.6000000000000001,-8.1999999999999993,2.7999999999999998,TRAVEL,YIELD,RUNNING
510,10.199999999999999,1,-1.7455764228357662,-11.110414780827316,2.7999999999999998,3.6000000000000001,-8.1999999999999993,2.7999999999999998,TRAVEL,YIELD,RUNNING
510,10.199999999999999,1,-1.7455764228357662,-11.110414780827316,2.7999999999999998,3.6000000000000001,-8.1999999999999993,2.7999999999999998,TRAVEL,YIELD,RUNNING
510,10.199999999999999,1,-1.7455764228357662,-11.110414780827316,2.7999999999999998,3.6000000000000001,-8.1999999999999993,2.7999999999999998,TRAVEL,YIELD,RUNNING
510,10.199999999999999,1,-1.7455764228357662,-11.110414780827316,2.7999999999999998,3.6000000000000001,-8.1999999999999993,2.7999999999999998,TRAVEL,YIELD,RUNNING
510,10.199999999999999,1,-1.7455764228357662,-11.110414780827316,2.7999999999999998,3.6000000000000001,-8.1999999999999993,2.7999999999999998,TRAVEL,YIELD,RUNNING
510,10.199999999999999,1,-1.7455764228357662,-11.110414780827316,2.7999999999999998,3.6000000000000001,-8.1999999999999993,2.7999999999999998,TRAVEL,YIELD,RUNNING
510,10.199999999999999,1,-1.7455764228357662,-11.110414780827316,2.7999999999999998,3.6000000000000001,-8.1999999999999993,2.7999999999999998,TRAVEL,YIELD,RUNNING
510,10.199999999999999,1,-1.7455764228357662,-11.110414780827316,2.7999999999999998,3.6000000000000001,-8.1999999999999993,2.7999999999999998,TRAVEL,YIELD,RUNNING
510,10.199999999999999,1,-1.7455764228357662,-11.110414780827316,2.7999999999999998,3.6000000000000001,-8.1999999999999993,2.7999999999999998,TRAVEL,YIELD,RUNNING
510,10.199999999999999,1,-1.7455764228357662,-11.110414780827316,2.7999999999999998,3.6000000000000001,-8.1999999999999993,2.7999999999999998,TRAVEL,YIELD,RUNNING
510,10.199999999999999,1,-1.7455764228357662,-11.110414780827316,2.7999999999999998,3.6000000000000001,-8.1999999999999993,2.7999999999999998,TRAVEL,YIELD,RUNNING
510,10.199999999999999,1,-1.7455764228357662,-11.110414780827316,2.7999999999999998,3.6000000000000001,-8.1999999999999993,2.7999999999999998,TRAVEL,YIELD,RUNNING
510,10.199999999999999,1,-1.7455764228357662,-11.110414780827316,2.7999999999999998,3.6000000000000001,-8.1999999999999993,2.7999999999999998,TRAVEL,YIELD,RUNNING
510,10.199999999999999,1,-1.7455764228357662,-11.110414780827316,2.7999999999999998,3.6000000000000001,-8.1999999999999993,2.7999999999999998,TRAVEL,YIELD,RUNNING
510,10.199999999999999,1,-1.7455764228357662,-11.110414780827316,2.7999999999999998,3.6000000000000001,-8.1999999999999993,2.7999999999999998,TRAVEL,YIELD,RUNNING
510,10.199999999999999,1,-1.7455764228357662,-11.110414780827316,2.7999999999999998,3.6000000000000001,-8.1999999999999993,2.7999999999999998,TRAVEL,YIELD,RUNNING
510,10.199999999999999,1,-1.7455764228357662,-11.110414780827316,2.7999999999999998,3.6000000000000001,-8.1999999999999993,2.7999999999999998,TRAVEL,YIELD,RUNNING
510,10.199999999999999,1,-1.7455764228357662,-11.110414780827316,2.7999999999999998,3.6000000000000001,-8.1999999999999993,2.7999999999999998,TRAVEL,YIELD,RUNNING
510,10.199999999999999,1,-1.7455764228357662,-11.110414780827316,2.7999999999999998,3.6000000000000001,-8.1999999999999993,2.7999999999999998,TRAVEL,YIELD,RUNNING
510,10.199999999999999,1,-1.7455764228357662,-11.110414780827316,2.7999999999999998,3.6000000000000001,-8.1999999999999993,2.7999999999999998,TRAVEL,YIELD,RUNNING
510,10.199999999999999,1,-1.7455764228357662,-11.110414780827316,2.7999999999999998,3.6000000000000001,-8.1999999999999993,2.7999999999999998,TRAVEL,YIELD,RUNNING
510,10.199999999999999,1,-1.7455764228357662,-11.110414780827316,2.7999999999999998,3.6000000000000001,-8.1999999999999993,2.7999999999999998,TRAVEL,YIELD,RUNNING
510,10.199999999999999,1,-1.7455764228357662,-11.110414780827316,2.7999999999999998,3.6000000000000001,-8.1999999999999993,2.7999999999999998,TRAVEL,YIELD,RUNNING
510,10.199999999999999,1,-1.7455764228357662,-11.110414780827316,2.7999999999999998,3.6000000000000001,-8.1999999999999993,2.7999999999999998,TRAVEL,YIELD,RUNNING
510,10.199999999999999,1,-1.7455764228357662,-11.110414780827316,2.7999999999999998,3.6000000000000001,-8.1999999999999993,2.7999999999999998,TRAVEL,YIELD,RUNNING
510,10.199999999999999,1,-1.7455764228357662,-11.110414780827316,2.7999999999999998,3.6000000000000001,-8.1999999999999993,2.7999999999999998,TRAVEL,YIELD,RUNNING
510,10.199999999999999,1,-1.7455764228357662,-11.110414780827316,2.7999999999999998,3.6000000000000001,-8.1999999999999993,2.7999999999999998,TRAVEL,YIELD,RUNNING
510,10.199999999999999,1,-1.7455764228357662,-11.110414780827316,2.7999999999999998,3.6000000000000001,-8.1999999999999993,2.7999999999999998,TRAVEL,YIELD,RUNNING
510,10.199999999999999,1,-1.7455764228357662,-11.110414780827316,2.7999999999999998,3.6000000000000001,-8.1999999999999993,2.7999999999999998,TRAVEL,YIELD,RUNNING
510,10.199999999999999,1,-1.7455764228357662,-11.110414780827316,2.7999999999999998,3.6000000000000001,-8.1999999999999993,2.7999999999999998,TRAVEL,YIELD,RUNNING
510,10.199999999999999,1,-1.7455764228357662,-11.110414780827316,2.7999999999999998,3.6000000000000001,-8.1999999999999993,2.7999999999999998,TRAVEL,YIELD,RUNNING
510,10.199999999999999,1,-1.7455764228357662,-11.110414780827316,2.7999999999999998,3.6000000000000001,-8.1999999999999993,2.7999999999999998,TRAVEL,YIELD,RUNNING
510,10.199999999999999,1,-1.7455764228357662,-11.110414780827316,2.7999999999999998,3.6000000000000001,-8.1999999999999993,2.7999999999999998,TRAVEL,YIELD,RUNNING
510,10.199999999999999,1,-1.7455764228357662,-11.110414780827316,2.7999999999999998,3.6000000000000001,-8.1999999999999993,2.7999999999999998,TRAVEL,YIELD,RUNNING
510,10.199999999999999,1,-1.7455764228357662,-11.110414780827316,2.7999999999999998,3.6000000000000001,-8.1999999999999993,2.7999999999999998,TRAVEL,YIELD,RUNNING
510,10.199999999999999,1,-1.7455764228357662,-11.110414780827316,2.7999999999999998,3.6000000000000001,-8.1999999999999993,2.7999999999999998,TRAVEL,YIELD,RUNNING
510,10.199999999999999,1,-1.7455764228357662,-11.110414780827316,2.7999999999999998,3.6000000000000001,-8.1999999999999993,2.7999999999999998,TRAVEL,YIELD,RUNNING
510,10.199999999999999,1,-1.7455764228357662,-11.110414780827316,2.7999999999999998,3.6000000000000001,-8.1999999999999993,2.7999999999999998,TRAVEL,YIELD,RUNNING
510,10.199999999999999,1,-1.7455764228357662,-11.110414780827316,2.7999999999999998,3.6000000000000001,-8.1999999999999993,2.7999999999999998,TRAVEL,YIELD,RUNNING
510,10.199999999999999,1,-1.7455764228357662,-11.110414780827316,2.7999999999999998,3.6000000000000001,-8.1999999999999993,2.7999999999999998,TRAVEL,YIELD,RUNNING
510,10.199999999999999,1,-1.7455764228357662,-11.110414780827316,2.7999999999999998,3.6000000000000001,-8.1999999999999993,2.7999999999999998,TRAVEL,YIELD,RUNNING
510,10.199999999999999,1,-1.7455764228357662,-11.110414780827316,2.7999999999999998,3.6000000000000001,-8.1999999999999993,2.7999999999999998,TRAVEL,YIELD,RUNNING
510,10.199999999999999,1,-1.7455764228357662,-11.110414780827316,2.7999999999999998,3.6000000000000001,-8.1999999999999993,2.7999999999999998,TRAVEL,YIELD,RUNNING
510,10.199999999999999,1,-1.7455764228357662,-11.110414780827316,2.7999999999999998,3.6000000000000001,-8.1999999999999993,2.7999999999999998,TRAVEL,YIELD,RUNNING
510,10.199999999999999,1,-1.7455764228357662,-11.110414780827316,2.7999999999999998,3.6000000000000001,-8.1999999999999993,2.7999999999999998,TRAVEL,YIELD,RUNNING
510,10.199999999999999,1,-1.7455764228357662,-11.110414780827316,2.7999999999999998,3.6000000000000001,-8.1999999999999993,2.7999999999999998,TRAVEL,YIELD,RUNNING
510,10.199999999999999,1,-1.7455764228357662,-11.110414780827316,2.7999999999999998,3.6000000000000001,-8.1999999999999993,2.7999999999999998,TRAVEL,YIELD,RUNNING
510,10.199999999999999,1,-1.7455764228357662,-11.110414780827316,2.7999999999999998,3.6000000000000001,-8.1999999999999993,2.7999999999999998,TRAVEL,YIELD,RUNNING
510,10.199999999999999,1,-1.7455764228357662,-11.110414780827316,2.7999999999999998,3.6000000000000001,-8.1999999999999993,2.7999999999999998,TRAVEL,YIELD,RUNNING
510,10.199999999999999,1,-1.7455764228357662,-11.110414780827316,2.7999999999999998,3.6000000000000001,-8.1999999999999993,2.7999999999999998,TRAVEL,YIELD,RUNNING
510,10.199999999999999,1,-1.7455764228357662,-11.110414780827316,2.7999999999999998,3.6000000000000001,-8.1999999999999993,2.7999999999999998,TRAVEL,YIELD,RUNNING
510,10.199999999999999,1,-1.7455764228357662,-11.110414780827316,2.7999999999999998,3.6000000000000001,-8.1999999999999993,2.7999999999999998,TRAVEL,YIELD,RUNNING
510,10.199999999999999,1,-1.7455764228357662,-11.110414780827316,2.7999999999999998,3.6000000000000001,-8.1999999999999993,2.7999999999999998,TRAVEL,YIELD,RUNNING
510,10.199999999999999,1,-1.7455764228357662,-11.110414780827316,2.7999999999999998,3.6000000000000001,-8.1999999999999993,2.7999999999999998,TRAVEL,YIELD,RUNNING
510,10.199999999999999,1,-1.7455764228357662,-11.110414780827316,2.7999999999999998,3.6000000000000001,-8.1999999999999993,2.7999999999999998,TRAVEL,YIELD,RUNNING
510,10.199999999999999,1,-1.7455764228357662,-11.110414780827316,2.7999999999999998,3.6000000000000001,-8.1999999999999993,2.7999999999999998,TRAVEL,YIELD,RUNNING
510,10.199999999999999,1,-1.7455764228357662,-11.110414780827316,2.7999999999999998,3.6000000000000001,-8.1999999999999993,2.7999999999999998,TRAVEL,YIELD,RUNNING
510,10.199999999999999,1,-1.7455764228357662,-11.110414780827316,2.7999999999999998,3.6000000000000001,-8.1999999999999993,2.7999999999999998,TRAVEL,YIELD,RUNNING
510,10.199999999999999,1,-1.7455764228357662,-11.110414780827316,2.7999999999999998,3.6000000000000001,-8.1999999999999993,2.7999999999999998,TRAVEL,YIELD,RUNNING
510,10.199999999999999,1,-1.7455764228357662,-11.110414780827316,2.7999999999999998,3.6000000000000001,-8.1999999999999993,2.7999999999999998,TRAVEL,YIELD,RUNNING
510,10.199999999999999,1,-1.7455764228357662,-11.110414780827316,2.7999999999999998,3.6000000000000001,-8.1999999999999993,2.7999999999999998,TRAVEL,YIELD,RUNNING
510,10.199999999999999,1,-1.7455764228357662,-11.110414780827316,2.7999999999999998,3.6000000000000001,-8.1999999999999993,2.7999999999999998,TRAVEL,YIELD,RUNNING
510,10.199999999999999,1,-1.7455764228357662,-11.110414780827316,2.7999999999999998,3.6000000000000001,-8.1999999999999993,2.7999999999999998,TRAVEL,YIELD,RUNNING
510,10.199999999999999,1,-1.7455764228357662,-11.110414780827316,2.7999999999999998,3.6000000000000001,-8.1999999999999993,2.7999999999999998,TRAVEL,YIELD,RUNNING
510,10.199999999999999,1,-1.7455764228357662,-11.110414780827316,2.7999999999999998,3.6000000000000001,-8.1999999999999993,2.7999999999999998,TRAVEL,YIELD,RUNNING
510,10.199999999999999,1,-1.7455764228357662,-11.110414780827316,2.7999999999999998,3.6000000000000001,-8.1999999999999993,2.7999999999999998,TRAVEL,YIELD,RUNNING
510,10.199999999999999,1,-1.7455764228357662,-11.110414780827316,2.7999999999999998,3.6000000000000001,-8.1999999999999993,2.7999999999999998,TRAVEL,YIELD,RUNNING
510,10.199999999999999,1,-1.7455764228357662,-11.110414780827316,2.7999999999999998,3.6000000000000001,-8.1999999999999993,2.7999999999999998,TRAVEL,YIELD,RUNNING
510,10.199999999999999,1,-1.7455764228357662,-11.110414780827316,2.7999999999999998,3.6000000000000001,-8.1999999999999993,2.7999999999999998,TRAVEL,YIELD,RUNNING
510,10.199999999999999,1,-1.7455764228357662,-11.110414780827316,2.7999999999999998,3.6000000000000001,-8.1999999999999993,2.7999999999999998,TRAVEL,YIELD,RUNNING
510,10.199999999999999,1,-1.7455764228357662,-11.110414780827316,2.7999999999999998,3.6000000000000001,-8.1999999999999993,2.7999999999999998,TRAVEL,YIELD,RUNNING
510,10.199999999999999,1,-1.7455764228357662,-11.110414780827316,2.7999999999999998,3.6000000000000001,-8.1999999999999993,2.7999999999999998,TRAVEL,YIELD,RUNNING
510,10.199999999999999,1,-1.7455764228357662,-11.110414780827316,2.7999999999999998,3.6000000000000001,-8.1999999999999993,2.7999999999999998,TRAVEL,YIELD,RUNNING
510,10.199999999999999,1,-1.7455764228357662,-11.110414780827316,2.7999999999999998,3.6000000000000001,-8.1999999999999993,2.7999999999999998,TRAVEL,YIELD,RUNNING
510,10.199999999999999,1,-1.7455764228357662,-11.110414780827316,2.7999999999999998,3.6000000000000001,-8.1999999999999993,2.7999999999999998,TRAVEL,YIELD,RUNNING
510,10.199999999999999,1,-1.7455764228357662,-11.110414780827316,2.7999999999999998,3.6000000000000001,-8.1999999999999993,2.7999999999999998,TRAVEL,YIELD,RUNNING
510,10.199999999999999,1,-1.7455764228357662,-11.110414780827316,2.7999999999999998,3.6000000000000001,-8.1999999999999993,2.7999999999999998,TRAVEL,YIELD,RUNNING
510,10.199999999999999,1,-1.7455764228357662,-11.110414780827316,2.7999999999999998,3.6000000000000001,-8.1999999999999993,2.7999999999999998,TRAVEL,YIELD,RUNNING
510,10.199999999999999,1,-1.7455764228357662,-11.110414780827316,2.7999999999999998,3.6000000000000001,-8.1999999999999993,2.7999999999999998,TRAVEL,YIELD,RUNNING
510,10.199999999999999,1,-1.7455764228357662,-11.110414780827316,2.7999999999999998,3.6000000000000001,-8.1999999999999993,2.7999999999999998,TRAVEL,YIELD,RUNNING
510,10.199999999999999,1,-1.7455764228357662,-11.110414780827316,2.7999999999999998,3.6000000000000001,-8.1999999999999993,2.7999999999999998,TRAVEL,YIELD,RUNNING
510,10.199999999999999,1,-1.7455764228357662,-11.110414780827316,2.7999999999999998,3.6000000000000001,-8.1999999999999993,2.7999999999999998,TRAVEL,YIELD,RUNNING
510,10.199999999999999,1,-1.7455764228357662,-11.110414780827316,2.7999999999999998,3.6000000000000001,-8.1999999999999993,2.7999999999999998,TRAVEL,YIELD,RUNNING
510,10.199999999999999,1,-1.7455764228357662,-11.110414780827316,2.7999999999999998,3.6000000000000001,-8.1999999999999993,2.7999999999999998,TRAVEL,YIELD,RUNNING
510,10.199999999999999,1,-1.7455764228357662,-11.110414780827316,2.7999999999999998,3.6000000000000001,-8.1999999999999993,2.7999999999999998,TRAVEL,YIELD,RUNNING
510,10.199999999999999,1,-1.7455764228357662,-11.110414780827316,2.7999999999999998,3.6000000000000001,-8.1999999999999993,2.7999999999999998,TRAVEL,YIELD,RUNNING
510,10.199999999999999,1,-1.7455764228357662,-11.110414780827316,2.7999999999999998,3.6000000000000001,-8.1999999999999993,2.7999999999999998,TRAVEL,YIELD,RUNNING
510,10.199999999999999,1,-1.7455764228357662,-11.110414780827316,2.7999999999999998,3.6000000000000001,-8.1999999999999993,2.7999999999999998,TRAVEL,YIELD,RUNNING
510,10.199999999999999,1,-1.7455764228357662,-11.110414780827316,2.7999999999999998,3.6000000000000001,-8.1999999999999993,2.7999999999999998,TRAVEL,YIELD,RUNNING
510,10.199999999999999,1,-1.7455764228357662,-11.110414780827316,2.7999999999999998,3.6000000000000001,-8.1999999999999993,2.7999999999999998,TRAVEL,YIELD,RUNNING
510,10.199999999999999,1,-1.7455764228357662,-11.110414780827316,2.7999999999999998,3.6000000000000001,-8.1999999999999993,2.7999999999999998,TRAVEL,YIELD,RUNNING
510,10.199999999999999,1,-1.7455764228357662,-11.110414780827316,2.7999999999999998,3.6000000000000001,-8.1999999999999993,2.7999999999999998,TRAVEL,YIELD,RUNNING
510,10.199999999999999,1,-1.7455764228357662,-11.110414780827316,2.7999999999999998,3.6000000000000001,-8.1999999999999993,2.7999999999999998,TRAVEL,YIELD,RUNNING
510,10.199999999999999,1,-1.7455764228357662,-11.110414780827316,2.7999999999999998,3.6000000000000001,-8.1999999999999993,2.7999999999999998,TRAVEL,YIELD,RUNNING
510,10.199999999999999,1,-1.7455764228357662,-11.110414780827316,2.7999999999999998,3.6000000000000001,-8.1999999999999993,2.7999999999999998,TRAVEL,YIELD,RUNNING
510,10.199999999999999,1,-1.7455764228357662,-11.110414780827316,2.7999999999999998,3.6000000000000001,-8.1999999999999993,2.7999999999999998,TRAVEL,YIELD,RUNNING
510,10.199999999999999,1,-1.7455764228357662,-11.110414780827316,2.7999999999999998,3.6000000000000001,-8.1999999999999993,2.7999999999999998,TRAVEL,YIELD,RUNNING
510,10.199999999999999,1,-1.7455764228357662,-11.110414780827316,2.7999999999999998,3.6000000000000001,-8.1999999999999993,2.7999999999999998,TRAVEL,YIELD,RUNNING
510,10.199999999999999,1,-1.7455764228357662,-11.110414780827316,2.7999999999999998,3.6000000000000001,-8.1999999999999993,2.7999999999999998,TRAVEL,YIELD,RUNNING
510,10.199999999999999,1,-1.7455764228357662,-11.110414780827316,2.7999999999999998,3.6000000000000001,-8.1999999999999993,2.7999999999999998,TRAVEL,YIELD,RUNNING
510,10.199999999999999,1,-1.7455764228357662,-11.110414780827316,2.7999999999999998,3.6000000000000001,-8.1999999999999993,2.7999999999999998,TRAVEL,YIELD,RUNNING
510,10.199999999999999,1,-1.7455764228357662,-11.110414780827316,2.7999999999999998,3.6000000000000001,-8.1999999999999993,2.7999999999999998,TRAVEL,YIELD,RUNNING
510,10.199999999999999,1,-1.7455764228357662,-11.110414780827316,2.7999999999999998,3.6000000000000001,-8.1999999999999993,2.7999999999999998,TRAVEL,YIELD,RUNNING
510,10.199999999999999,1,-1.7455764228357662,-11.110414780827316,2.7999999999999998,3.6000000000000001,-8.1999999999999993,2.7999999999999998,TRAVEL,YIELD,RUNNING
510,10.199999999999999,1,-1.7455764228357662,-11.110414780827316,2.7999999999999998,3.6000000000000001,-8.1999999999999993,2.7999999999999998,TRAVEL,YIELD,RUNNING
510,10.199999999999999,1,-1.7455764228357662,-11.110414780827316,2.7999999999999998,3.6000000000000001,-8.1999999999999993,2.7999999999999998,TRAVEL,YIELD,RUNNING
510,10.199999999999999,1,-1.7455764228357662,-11.110414780827316,2.7999999999999998,3.6000000000000001,-8.1999999999999993,2.7999999999999998,TRAVEL,YIELD,RUNNING
510,10.199999999999999,1,-1.7455764228357662,-11.110414780827316,2.7999999999999998,3.6000000000000001,-8.1999999999999993,2.7999999999999998,TRAVEL,YIELD,RUNNING
510,10.199999999999999,1,-1.7455764228357662,-11.110414780827316,2.7999999999999998,3.6000000000000001,-8.1999999999999993,2.7999999999999998,TRAVEL,YIELD,RUNNING
510,10.199999999999999,1,-1.7455764228357662,-11.110414780827316,2.7999999999999998,3.6000000000000001,-8.1999999999999993,2.7999999999999998,TRAVEL,YIELD,RUNNING
510,10.199999999999999,1,-1.7455764228357662,-11.110414780827316,2.7999999999999998,3.6000000000000001,-8.1999999999999993,2.7999999999999998,TRAVEL,YIELD,RUNNING
510,10.199999999999999,1,-1.7455764228357662,-11.110414780827316,2.7999999999999998,3.6000000000000001,-8.1999999999999993,2.7999999999999998,TRAVEL,YIELD,RUNNING
510,10.199999999999999,1,-1.7455764228357662,-11.110414780827316,2.7999999999999998,3.6000000000000001,-8.1999999999999993,2.7999999999999998,TRAVEL,YIELD,RUNNING
510,10.199999999999999,1,-1.7455764228357662,-11.110414780827316,2.7999999999999998,3.6000000000000001,-8.1999999999999993,2.7999999999999998,TRAVEL,YIELD,RUNNING
510,10.199999999999999,1,-1.7455764228357662,-11.110414780827316,2.7999999999999998,3.6000000000000001,-8.1999999999999993,2.7999999999999998,TRAVEL,YIELD,RUNNING
510,10.199999999999999,1,-1.7455764228357662,-11.110414780827316,2.7999999999999998,3.6000000000000001,-8.1999999999999993,2.7999999999999998,TRAVEL,YIELD,RUNNING
510,10.199999999999999,1,-1.7455764228357662,-11.110414780827316,2.7999999999999998,3.6000000000000001,-8.1999999999999993,2.7999999999999998,TRAVEL,YIELD,RUNNING
510,10.199999999999999,1,-1.7455764228357662,-11.110414780827316,2.7999999999999998,3.6000000000000001,-8.1999999999999993,2.7999999999999998,TRAVEL,YIELD,RUNNING
510,10.199999999999999,1,-1.7455764228357662,-11.110414780827316,2.7999999999999998,3.6000000000000001,-8.1999999999999993,2.7999999999999998,TRAVEL,YIELD,RUNNING
510,10.199999999999999,1,-1.7455764228357662,-11.110414780827316,2.7999999999999998,3.6000000000000001,-8.1999999999999993,2.7999999999999998,TRAVEL,YIELD,RUNNING
510,10.199999999999999,1,-1.7455764228357662,-11.110414780827316,2.7999999999999998,3.6000000000000001,-8.1999999999999993,2.7999999999999998,TRAVEL,YIELD,RUNNING
510,10.199999999999999,1,-1.7455764228357662,-11.110414780827316,2.7999999999999998,3.6000000000000001,-8.1999999999999993,2.7999999999999998,TRAVEL,YIELD,RUNNING
510,10.199999999999999,1,-1.7455764228357662,-11.110414780827316,2.7999999999999998,3.6000000000000001,-8.1999999999999993,2.7999999999999998,TRAVEL,YIELD,RUNNING
510,10.199999999999999,1,-1.7455764228357662,-11.110414780827316,2.7999999999999998,3.6000000000000001,-8.1999999999999993,2.7999999999999998,TRAVEL,YIELD,RUNNING
510,10.199999999999999,1,-1.7455764228357662,-11.110414780827316,2.7999999999999998,3.6000000000000001,-8.1999999999999993,2.7999999999999998,TRAVEL,YIELD,RUNNING
510,10.199999999999999,1,-1.7455764228357662,-11.110414780827316,2.7999999999999998,3.6000000000000001,-8.1999999999999993,2.7999999999999998,TRAVEL,YIELD,RUNNING
510,10.199999999999999,1,-1.7455764228357662,-11.110414780827316,2.7999999999999998,3.6000000000000001,-8.1999999999999993,2.7999999999999998,TRAVEL,YIELD,RUNNING
510,10.199999999999999,1,-1.7455764228357662,-11.110414780827316,2.7999999999999998,3.6000000000000001,-8.1999999999999993,2.7999999999999998,TRAVEL,YIELD,RUNNING
510,10.199999999999999,1,-1.7455764228357662,-11.110414780827316,2.7999999999999998,3.6000000000000001,-8.1999999999999993,2.7999999999999998,TRAVEL,YIELD,RUNNING
510,10.199999999999999,1,-1.7455764228357662,-11.110414780827316,2.7999999999999998,3.6000000000000001,-8.1999999999999993,2.7999999999999998,TRAVEL,YIELD,RUNNING
510,10.199999999999999,1,-1.7455764228357662,-11.110414780827316,2.7999999999999998,3.6000000000000001,-8.1999999999999993,2.7999999999999998,TRAVEL,YIELD,RUNNING
510,10.199999999999999,1,-1.7455764228357662,-11.110414780827316,2.7999999999999998,3.6000000000000001,-8.1999999999999993,2.7999999999999998,TRAVEL,YIELD,RUNNING
510,10.199999999999999,1,-1.7455764228357662,-11.110414780827316,2.7999999999999998,3.6000000000000001,-8.1999999999999993,2.7999999999999998,TRAVEL,YIELD,RUNNING
510,10.199999999999999,1,-1.7455764228357662,-11.110414780827316,2.7999999999999998,3.6000000000000001,-8.1999999999999993,2.7999999999999998,TRAVEL,YIELD,RUNNING
510,10.199999999999999,1,-1.7455764228357662,-11.110414780827316,2.7999999999999998,3.6000000000000001,-8.1999999999999993,2.7999999999999998,TRAVEL,YIELD,RUNNING
510,10.199999999999999,1,-1.7455764228357662,-11.110414780827316,2.7999999999999998,3.6000000000000001,-8.1999999999999993,2.7999999999999998,TRAVEL,YIELD,RUNNING
510,10.199999999999999,1,-1.7455764228357662,-11.110414780827316,2.7999999999999998,3.6000000000000001,-8.1999999999999993,2.7999999999999998,TRAVEL,YIELD,RUNNING
510,10.199999999999999,1,-1.7455764228357662,-11.110414780827316,2.7999999999999998,3.6000000000000001,-8.1999999999999993,2.7999999999999998,TRAVEL,YIELD,RUNNING
510,10.199999999999999,1,-1.7455764228357662,-11.110414780827316,2.7999999999999998,3.6000000000000001,-8.1999999999999993,2.7999999999999998,TRAVEL,YIELD,RUNNING
510,10.199999999999999,1,-1.7455764228357662,-11.110414780827316,2.7999999999999998,3.6000000000000001,-8.1999999999999993,2.7999999999999998,TRAVEL,YIELD,RUNNING
510,10.199999999999999,1,-1.7455764228357662,-11.110414780827316,2.7999999999999998,3.6000000000000001,-8.1999999999999993,2.7999999999999998,TRAVEL,YIELD,RUNNING
510,10.199999999999999,1,-1.7455764228357662,-11.110414780827316,2.7999999999999998,3.6000000000000001,-8.1999999999999993,2.7999999999999998,TRAVEL,YIELD,RUNNING
510,10.199999999999999,1,-1.7455764228357662,-11.110414780827316,2.7999999999999998,3.6000000000000001,-8.1999999999999993,2.7999999999999998,TRAVEL,YIELD,RUNNING
510,10.199999999999999,1,-1.7455764228357662,-11.110414780827316,2.7999999999999998,3.6000000000000001,-8.1999999999999993,2.7999999999999998,TRAVEL,YIELD,RUNNING
510,10.199999999999999,1,-1.7455764228357662,-11.110414780827316,2.7999999999999998,3.6000000000000001,-8.1999999999999993,2.7999999999999998,TRAVEL,YIELD,RUNNING
510,10.199999999999999,1,-1.7455764228357662,-11.110414780827316,2.7999999999999998,3.6000000000000001,-8.1999999999999993,2.7999999999999998,TRAVEL,YIELD,RUNNING
510,10.199999999999999,1,-1.7455764228357662,-11.110414780827316,2.7999999999999998,3.6000000000000001,-8.1999999999999993,2.7999999999999998,TRAVEL,YIELD,RUNNING
510,10.199999999999999,1,-1.7455764228357662,-11.110414780827316,2.7999999999999998,3.6000000000000001,-8.1999999999999993,2.7999999999999998,TRAVEL,YIELD,RUNNING
510,10.199999999999999,1,-1.7455764228357662,-11.110414780827316,2.7999999999999998,3.6000000000000001,-8.1999999999999993,2.7999999999999998,TRAVEL,YIELD,RUNNING
510,10.199999999999999,1,-1.7455764228357662,-11.110414780827316,2.7999999999999998,3.6000000000000001,-8.1999999999999993,2.7999999999999998,TRAVEL,YIELD,RUNNING
510,10.199999999999999,1,-1.7455764228357662,-11.110414780827316,2.7999999999999998,3.6000000000000001,-8.1999999999999993,2.7999999999999998,TRAVEL,YIELD,RUNNING
510,10.199999999999999,1,-1.7455764228357662,-11.110414780827316,2.7999999999999998,3.6000000000000001,-8.1999999999999993,2.7999999999999998,TRAVEL,YIELD,RUNNING
510,10.199999999999999,1,-1.7455764228357662,-11.110414780827316,2.7999999999999998,3.6000000000000001,-8.1999999999999993,2.7999999999999998,TRAVEL,YIELD,RUNNING
510,10.199999999999999,1,-1.7455764228357662,-11.110414780827316,2.7999999999999998,3.6000000000000001,-8.1999999999999993,2.7999999999999998,TRAVEL,YIELD,RUNNING
510,10.199999999999999,1,-1.7455764228357662,-11.110414780827316,2.7999999999999998,3.6000000000000001,-8.1999999999999993,2.7999999999999998,TRAVEL,YIELD,RUNNING
510,10.199999999999999,1,-1.7455764228357662,-11.110414780827316,2.7999999999999998,3.6000000000000001,-8.1999999999999993,2.7999999999999998,TRAVEL,YIELD,RUNNING
510,10.199999999999999,1,-1.7455764228357662,-11.110414780827316,2.7999999999999998,3.6000000000000001,-8.1999999999999993,2.7999999999999998,TRAVEL,YIELD,RUNNING
510,10.199999999999999,1,-1.7455764228357662,-11.110414780827316,2.7999999999999998,3.6000000000000001,-8.1999999999999993,2.7999999999999998,TRAVEL,YIELD,RUNNING
510,10.199999999999999,1,-1.7455764228357662,-11.110414780827316,2.7999999999999998,3.6000000000000001,-8.1999999999999993,2.7999999999999998,TRAVEL,YIELD,RUNNING
510,10.199999999999999,1,-1.7455764228357662,-11.110414780827316,2.7999999999999998,3.6000000000000001,-8.1999999999999993,2.7999999999999998,TRAVEL,YIELD,RUNNING
510,10.199999999999999,1,-1.7455764228357662,-11.110414780827316,2.7999999999999998,3.6000000000000001,-8.1999999999999993,2.7999999999999998,TRAVEL,YIELD,RUNNING
510,10.199999999999999,1,-1.7455764228357662,-11.110414780827316,2.7999999999999998,3.6000000000000001,-8.1999999999999993,2.7999999999999998,TRAVEL,YIELD,RUNNING
510,10.199999999999999,1,-1.7455764228357662,-11.110414780827316,2.7999999999999998,3.6000000000000001,-8.1999999999999993,2.7999999999999998,TRAVEL,YIELD,RUNNING
510,10.199999999999999,1,-1.7455764228357662,-11.110414780827316,2.7999999999999998,3.6000000000000001,-8.1999999999999993,2.7999999999999998,TRAVEL,YIELD,RUNNING
510,10.199999999999999,1,-1.7455764228357662,-11.110414780827316,2.7999999999999998,3.6000000000000001,-8.1999999999999993,2.7999999999999998,TRAVEL,YIELD,RUNNING
510,10.199999999999999,1,-1.7455764228357662,-11.110414780827316,2.7999999999999998,3.6000000000000001,-8.1999999999999993,2.7999999999999998,TRAVEL,YIELD,RUNNING
510,10.199999999999999,1,-1.7455764228357662,-11.110414780827316,2.7999999999999998,3.6000000000000001,-8.1999999999999993,2.7999999999999998,TRAVEL,YIELD,RUNNING
510,10.199999999999999,1,-1.7455764228357662,-11.110414780827316,2.7999999999999998,3.6000000000000001,-8.1999999999999993,2.7999999999999998,TRAVEL,YIELD,RUNNING
510,10.199999999999999,1,-1.7455764228357662,-11.110414780827316,2.7999999999999998,3.6000000000000001,-8.1999999999999993,2.7999999999999998,TRAVEL,YIELD,RUNNING
510,10.199999999999999,1,-1.7455764228357662,-11.110414780827316,2.7999999999999998,3.6000000000000001,-8.1999999999999993,2.7999999999999998,TRAVEL,YIELD,RUNNING
510,10.199999999999999,1,-1.7455764228357662,-11.110414780827316,2.7999999999999998,3.6000000000000001,-8.1999999999999993,2.7999999999999998,TRAVEL,YIELD,RUNNING
510,10.199999999999999,1,-1.7455764228357662,-11.110414780827316,2.7999999999999998,3.6000000000000001,-8.1999999999999993,2.7999999999999998,TRAVEL,YIELD,RUNNING
510,10.199999999999999,1,-1.7455764228357662,-11.110414780827316,2.7999999999999998,3.6000000000000001,-8.1999999999999993,2.7999999999999998,TRAVEL,YIELD,RUNNING
510,10.199999999999999,1,-1.7455764228357662,-11.110414780827316,2.7999999999999998,3.6000000000000001,-8.1999999999999993,2.7999999999999998,TRAVEL,YIELD,RUNNING
510,10.199999999999999,1,-1.7455764228357662,-11.110414780827316,2.7999999999999998,3.6000000000000001,-8.1999999999999993,2.7999999999999998,TRAVEL,YIELD,RUNNING
510,10.199999999999999,1,-1.7455764228357662,-11.110414780827316,2.7999999999999998,3.6000000000000001,-8.1999999999999993,2.7999999999999998,TRAVEL,YIELD,RUNNING
510,10.199999999999999,1,-1.7455764228357662,-11.110414780827316,2.7999999999999998,3.6000000000000001,-8.1999999999999993,2.7999999999999998,TRAVEL,YIELD,RUNNING
510,10.199999999999999,1,-1.7455764228357662,-11.110414780827316,2.7999999999999998,3.6000000000000001,-8.1999999999999993,2.7999999999999998,TRAVEL,YIELD,RUNNING
510,10.199999999999999,1,-1.7455764228357662,-11.110414780827316,2.7999999999999998,3.6000000000000001,-8.1999999999999993,2.7999999999999998,TRAVEL,YIELD,RUNNING
510,10.199999999999999,1,-1.7455764228357662,-11.110414780827316,2.7999999999999998,3.6000000000000001,-8.1999999999999993,2.7999999999999998,TRAVEL,YIELD,RUNNING
510,10.199999999999999,1,-1.7455764228357662,-11.110414780827316,2.7999999999999998,3.6000000000000001,-8.1999999999999993,2.7999999999999998,TRAVEL,YIELD,RUNNING
510,10.199999999999999,1,-1.7455764228357662,-11.110414780827316,2.7999999999999998,3.6000000000000001,-8.1999999999999993,2.7999999999999998,TRAVEL,YIELD,RUNNING
510,10.199999999999999,1,-1.7455764228357662,-11.110414780827316,2.7999999999999998,3.6000000000000001,-8.1999999999999993,2.7999999999999998,TRAVEL,YIELD,RUNNING
510,10.199999999999999,1,-1.7455764228357662,-11.110414780827316,2.7999999999999998,3.6000000000000001,-8.1999999999999993,2.7999999999999998,TRAVEL,YIELD,RUNNING
510,10.199999999999999,1,-1.7455764228357662,-11.110414780827316,2.7999999999999998,3.6000000000000001,-8.1999999999999993,2.7999999999999998,TRAVEL,YIELD,RUNNING
510,10.199999999999999,1,-1.7455764228357662,-11.110414780827316,2.7999999999999998,3.6000000000000001,-8.1999999999999993,2.7999999999999998,TRAVEL,YIELD,RUNNING
510,10.199999999999999,1,-1.7455764228357662,-11.110414780827316,2.7999999999999998,3.6000000000000001,-8.1999999999999993,2.7999999999999998,TRAVEL,YIELD,RUNNING
510,10.199999999999999,1,-1.7455764228357662,-11.110414780827316,2.7999999999999998,3.6000000000000001,-8.1999999999999993,2.7999999999999998,TRAVEL,YIELD,RUNNING
510,10.199999999999999,1,-1.7455764228357662,-11.110414780827316,2.7999999999999998,3.6000000000000001,-8.1999999999999993,2.7999999999999998,TRAVEL,YIELD,RUNNING
510,10.199999999999999,1,-1.7455764228357662,-11.110414780827316,2.7999999999999998,3.6000000000000001,-8.1999999999999993,2.7999999999999998,TRAVEL,YIELD,RUNNING
510,10.199999999999999,1,-1.7455764228357662,-11.110414780827316,2.7999999999999998,3.6000000000000001,-8.1999999999999993,2.7999999999999998,TRAVEL,YIELD,RUNNING
510,10.199999999999999,1,-1.7455764228357662,-11.110414780827316,2.7999999999999998,3.6000000000000001,-8.1999999999999993,2.7999999999999998,TRAVEL,YIELD,RUNNING
510,10.199999999999999,1,-1.7455764228357662,-11.110414780827316,2.7999999999999998,3.6000000000000001,-8.1999999999999993,2.7999999999999998,TRAVEL,YIELD,RUNNING
510,10.199999999999999,1,-1.7455764228357662,-11.110414780827316,2.7999999999999998,3.6000000000000001,-8.1999999999999993,2.7999999999999998,TRAVEL,YIELD,RUNNING
510,10.199999999999999,1,-1.7455764228357662,-11.110414780827316,2.7999999999999998,3.6000000000000001,-8.1999999999999993,2.7999999999999998,TRAVEL,YIELD,RUNNING
510,10.199999999999999,1,-1.7455764228357662,-11.110414780827316,2.7999999999999998,3.6000000000000001,-8.1999999999999993,2.7999999999999998,TRAVEL,YIELD,RUNNING
510,10.199999999999999,1,-1.7455764228357662,-11.110414780827316,2.7999999999999998,3.6000000000000001,-8.1999999999999993,2.7999999999999998,TRAVEL,YIELD,RUNNING
510,10.199999999999999,1,-1.7455764228357662,-11.110414780827316,2.7999999999999998,3.6000000000000001,-8.1999999999999993,2.7999999999999998,TRAVEL,YIELD,RUNNING
510,10.199999999999999,1,-1.7455764228357662,-11.110414780827316,2.7999999999999998,3.6000000000000001,-8.1999999999999993,2.7999999999999998,TRAVEL,YIELD,RUNNING
510,10.199999999999999,1,-1.7455764228357662,-11.110414780827316,2.7999999999999998,3.6000000000000001,-8.1999999999999993,2.7999999999999998,TRAVEL,YIELD,RUNNING
510,10.199999999999999,1,-1.7455764228357662,-11.110414780827316,2.7999999999999998,3.6000000000000001,-8.1999999999999993,2.7999999999999998,TRAVEL,YIELD,RUNNING
510,10.199999999999999,1,-1.7455764228357662,-11.110414780827316,2.7999999999999998,3.6000000000000001,-8.1999999999999993,2.7999999999999998,TRAVEL,YIELD,RUNNING
510,10.199999999999999,1,-1.7455764228357662,-11.110414780827316,2.7999999999999998,3.6000000000000001,-8.1999999999999993,2.7999999999999998,TRAVEL,YIELD,RUNNING
510,10.199999999999999,1,-1.7455764228357662,-11.110414780827316,2.7999999999999998,3.6000000000000001,-8.1999999999999993,2.7999999999999998,TRAVEL,YIELD,RUNNING
510,10.199999999999999,1,-1.7455764228357662,-11.110414780827316,2.7999999999999998,3.6000000000000001,-8.1999999999999993,2.7999999999999998,TRAVEL,YIELD,RUNNING
510,10.199999999999999,1,-1.7455764228357662,-11.110414780827316,2.7999999999999998,3.6000000000000001,-8.1999999999999993,2.7999999999999998,TRAVEL,YIELD,RUNNING
510,10.199999999999999,1,-1.7455764228357662,-11.110414780827316,2.7999999999999998,3.6000000000000001,-8.1999999999999993,2.7999999999999998,TRAVEL,YIELD,RUNNING
510,10.199999999999999,1,-1.7455764228357662,-11.110414780827316,2.7999999999999998,3.6000000000000001,-8.1999999999999993,2.7999999999999998,TRAVEL,YIELD,RUNNING
510,10.199999999999999,1,-1.7455764228357662,-11.110414780827316,2.7999999999999998,3.6000000000000001,-8.1999999999999993,2.7999999999999998,TRAVEL,YIELD,RUNNING
510,10.199999999999999,1,-1.7455764228357662,-11.110414780827316,2.7999999999999998,3.6000000000000001,-8.1999999999999993,2.7999999999999998,TRAVEL,YIELD,RUNNING
510,10.199999999999999,1,-1.7455764228357662,-11.110414780827316,2.7999999999999998,3.6000000000000001,-8.1999999999999993,2.7999999999999998,TRAVEL,YIELD,RUNNING
510,10.199999999999999,1,-1.7455764228357662,-11.110414780827316,2.7999999999999998,3.6000000000000001,-8.1999999999999993,2.7999999999999998,TRAVEL,YIELD,RUNNING
510,10.199999999999999,1,-1.7455764228357662,-11.110414780827316,2.7999999999999998,3.6000000000000001,-8.1999999999999993,2.7999999999999998,TRAVEL,YIELD,RUNNING
510,10.199999999999999,1,-1.7455764228357662,-11.110414780827316,2.7999999999999998,3.6000000000000001,-8.1999999999999993,2.7999999999999998,TRAVEL,YIELD,RUNNING
510,10.199999999999999,1,-1.7455764228357662,-11.110414780827316,2.7999999999999998,3.6000000000000001,-8.1999999999999993,2.7999999999999998,TRAVEL,YIELD,RUNNING
510,10.199999999999999,1,-1.7455764228357662,-11.110414780827316,2.7999999999999998,3.6000000000000001,-8.1999999999999993,2.7999999999999998,TRAVEL,YIELD,RUNNING
510,10.199999999999999,1,-1.7455764228357662,-11.110414780827316,2.7999999999999998,3.6000000000000001,-8.1999999999999993,2.7999999999999998,TRAVEL,YIELD,RUNNING
510,10.199999999999999,1,-1.7455764228357662,-11.110414780827316,2.7999999999999998,3.6000000000000001,-8.1999999999999993,2.7999999999999998,TRAVEL,YIELD,RUNNING
510,10.199999999999999,1,-1.7455764228357662,-11.110414780827316,2.7999999999999998,3.6000000000000001,-8.1999999999999993,2.7999999999999998,TRAVEL,YIELD,RUNNING
510,10.199999999999999,1,-1.7455764228357662,-11.110414780827316,2.7999999999999998,3.6000000000000001,-8.1999999999999993,2.7999999999999998,TRAVEL,YIELD,RUNNING
510,10.199999999999999,1,-1.7455764228357662,-11.110414780827316,2.7999999999999998,3.6000000000000001,-8.1999999999999993,2.7999999999999998,TRAVEL,YIELD,RUNNING
510,10.199999999999999,1,-1.7455764228357662,-11.110414780827316,2.7999999999999998,3.6000000000000001,-8.1999999999999993,2.7999999999999998,TRAVEL,YIELD,RUNNING
510,10.199999999999999,1,-1.7455764228357662,-11.110414780827316,2.7999999999999998,3.6000000000000001,-8.1999999999999993,2.7999999999999998,TRAVEL,YIELD,RUNNING
510,10.199999999999999,1,-1.7455764228357662,-11.110414780827316,2.7999999999999998,3.6000000000000001,-8.1999999999999993,2.7999999999999998,TRAVEL,YIELD,RUNNING
510,10.199999999999999,1,-1.7455764228357662,-11.110414780827316,2.7999999999999998,3.6000000000000001,-8.1999999999999993,2.7999999999999998,TRAVEL,YIELD,RUNNING
510,10.199999999999999,1,-1.7455764228357662,-11.110414780827316,2.7999999999999998,3.6000000000000001,-8.1999999999999993,2.7999999999999998,TRAVEL,YIELD,RUNNING
511,10.220000000000001,0,-1.7364413313226419,-11.124751799452081,2.7999999999999998,3.6000000000000001,-8.1999999999999993,2.7999999999999998,TRAVEL,YIELD,RUNNING
512,10.24,0,-1.7273062398095176,-11.139088818076846,2.7999999999999998,3.6000000000000001,-8.1999999999999993,2.7999999999999998,TRAVEL,YIELD,RUNNING
513,10.26,0,-1.7181711482963933,-11.153425836701611,2.7999999999999998,3.6000000000000001,-8.1999999999999993,2.7999999999999998,TRAVEL,YIELD,RUNNING
514,10.279999999999999,0,-1.709036056783269,-11.167762855326377,2.7999999999999998,3.6000000000000001,-8.1999999999999993,2.7999999999999998,TRAVEL,YIELD,RUNNING
515,10.300000000000001,0,-1.6999009652701447,-11.182099873951142,2.7999999999999998,3.6000000000000001,-8.1999999999999993,2.7999999999999998,TRAVEL,YIELD,RUNNING
516,10.32,0,-1.6907658737570204,-11.196436892575907,2.7999999999999998,3.6000000000000001,-8.1999999999999993,2.7999999999999998,TRAVEL,YIELD,RUNNING
517,10.34,0,-1.6816307822438961,-11.210773911200672,2.7999999999999998,3.6000000000000001,-8.1999999999999993,2.7999999999999998,TRAVEL,YIELD,RUNNING
518,10.359999999999999,0,-1.6724956907307718,-11.225110929825437,2.7999999999999998,3.6000000000000001,-8.1999999999999993,2.7999999999999998,TRAVEL,YIELD,RUNNING
519,10.380000000000001,0,-1.6633605992176475,-11.239447948450202,2.7999999999999998,3.6000000000000001,-8.1999999999999993,2.7999999999999998,TRAVEL,YIELD,RUNNING
520,10.4,0,-1.6542255077045231,-11.253784967074967,2.7999999999999998,3.6000000000000001,-8.1999999999999993,2.7999999999999998,TRAVEL,YIELD,RUNNING
521,10.42,0,-1.6450904161913988,-11.268121985699732,2.7999999999999998,3.6000000000000001,-8.1999999999999993,2.7999999999999998,TRAVEL,YIELD,RUNNING
522,10.44,0,-1.6359553246782745,-11.282459004324497,2.7999999999999998,3.6000000000000001,-8.1999999999999993,2.7999999999999998,TRAVEL,YIELD,RUNNING
523,10.460000000000001,0,-1.6268202331651502,-11.296796022949263,2.7999999999999998,3.6000000000000001,-8.1999999999999993,2.7999999999999998,TRAVEL,YIELD,RUNNING
524,10.48,0,-1.6176851416520259,-11.311133041574028,2.7999999999999998,3.6000000000000001,-8.1999999999999993,2.7999999999999998,TRAVEL,YIELD,RUNNING
525,10.5,0,-1.6085500501389016,-11.325470060198793,2.7999999999999998,3.6000000000000001,-8.1999999999999993,2.7999999999999998,TRAVEL,YIELD,RUNNING
526,10.52,0,-1.5994149586257773,-11.339807078823558,2.7999999999999998,3.6000000000000001,-8.1999999999999993,2.7999999999999998,TRAVEL,YIELD,RUNNING
527,10.539999999999999,0,-1.590279867112653,-11.354144097448323,2.7999999999999998,3.6000000000000001,-8.1999999999999993,2.7999999999999998,TRAVEL,YIELD,RUNNING
528,10.56,0,-1.5811447755995287,-11.368481116073088,2.7999999999999998,3.6000000000000001,-8.1999999999999993,2.7999999999999998,TRAVEL,YIELD,RUNNING
529,10.58,0,-1.5720096840864044,-11.382818134697853,2.7999999999999998,3.6000000000000001,-8.1999999999999993,2.7999999999999998,TRAVEL,YIELD,RUNNING
530,10.6,0,-1.5628745925732801,-11.397155153322618,2.7999999999999998,3.6000000000000001,-8.1999999999999993,2.7999999999999998,TRAVEL,YIELD,RUNNING
531,10.619999999999999,0,-1.5537395010601558,-11.411492171947383,2.7999999999999998,3.6000000000000001,-8.1999999999999993,2.7999999999999998,TRAVEL,YIELD,RUNNING
532,10.640000000000001,0,-1.5446044095470315,-11.425829190572149,2.7999999999999998,3.6000000000000001,-8.1999999999999993,2.7999999999999998,TRAVEL,YIELD,RUNNING
533,10.66,0,-1.5354693180339072,-11.440166209196914,2.7999999999999998,3.6000000000000001,-8.1999999999999993,2.7999999999999998,TRAVEL,YIELD,RUNNING
534,10.68,0,-1.5263342265207829,-11.454503227821679,2.7999999999999998,3.6000000000000001,-8.1999999999999993,2.7999999999999998,TRAVEL,YIELD,RUNNING
535,10.699999999999999,0,-1.5171991350076586,-11.468840246446444,2.7999999999999998,3.6000000000000001,-8.1999999999999993,2.7999999999999998,TRAVEL,YIELD,RUNNING
536,10.720000000000001,0,-1.5080640434945343,-11.483177265071209,2.7999999999999998,3.6000000000000001,-8.1999999999999993,2.7999999999999998,TRAVEL,YIELD,RUNNING
537,10.74,0,-1.49892895198141,-11.497514283695974,2.7999999999999998,3.6000000000000001,-8.1999999999999993,2.7999999999999998,TRAVEL,YIELD,RUNNING
538,10.76,0,-1.4897938604682857,-11.511851302320739,2.7999999999999998,3.6000000000000001,-8.1999999999999993,2.7999999999999998,TRAVEL,YIELD,RUNNING
539,10.779999999999999,0,-1.4806587689551614,-11.526188320945504,2.7999999999999998,3.6000000000000001,-8.1999999999999993,2.7999999999999998,TRAVEL,YIELD,RUNNING
540,10.800000000000001,0,-1.471523677442037,-11.540525339570269,2.7999999999999998,3.6000000000000001,-8.1999999999999993,2.7999999999999998,TRAVEL,YIELD,RUNNING
541,10.82,0,-1.4623885859289127,-11.554862358195034,2.7999999999999998,3.6000000000000001,-8.1999999999999993,2.7999999999999998,TRAVEL,YIELD,RUNNING
542,10.84,0,-1.4532534944157884,-11.5691993768198,2.7999999999999998,3.6000000000000001,-8.1999999999999993,2.7999999999999998,TRAVEL,YIELD,RUNNING
543,10.859999999999999,0,-1.4441184029026641,-11.583536395444565,2.7999999999999998,3.6000000000000001,-8.1999999999999993,2.7999999999999998,TRAVEL,YIELD,RUNNING
544,10.880000000000001,0,-1.4349833113895398,-11.59787341406933,2.7999999999999998,3.6000000000000001,-8.1999999999999993,2.7999999999999998,TRAVEL,YIELD,RUNNING
545,10.9,0,-1.4258482198764155,-11.612210432694095,2.7999999999999998,3.6000000000000001,-8.1999999999999993,2.7999999999999998,TRAVEL,YIELD,RUNNING
546,10.92,0,-1.4167131283632912,-11.62654745131886,2.7999999999999998,3.6000000000000001,-8.1999999999999993,2.7999999999999998,TRAVEL,YIELD,RUNNING
547,10.94,0,-1.4075780368501669,-11.640884469943625,2.7999999999999998,3.6000000000000001,-8.1999999999999993,2.7999999999999998,TRAVEL,YIELD,RUNNING
548,10.960000000000001,0,-1.3984429453370426,-11.65522148856839,2.7999999999999998,3.6000000000000001,-8.1999999999999993,2.7999999999999998,TRAVEL,YIELD,RUNNING
549,10.98,0,-1.3893078538239183,-11.669558507193155,2.7999999999999998,3.6000000000000001,-8.1999999999999993,2.7999999999999998,TRAVEL,YIELD,RUNNING
550,11,0,-1.380172762310794,-11.68389552581792,2.7999999999999998,3.6000000000000001,-8.1999999999999993,2.7999999999999998,TRAVEL,YIELD,RUNNING
551,11.02,0,-1.3710376707976697,-11.698232544442686,2.7999999999999998,3.6000000000000001,-8.1999999999999993,2.7999999999999998,TRAVEL,YIELD,RUNNING
552,11.039999999999999,0,-1.3619025792845454,-11.712569563067451,2.7999999999999998,3.6000000000000001,-8.1999999999999993,2.7999999999999998,TRAVEL,YIELD,RUNNING
553,11.06,0,-1.3527674877714211,-11.726906581692216,2.7999999999999998,3.6000000000000001,-8.1999999999999993,2.7999999999999998,TRAVEL,YIELD,RUNNING
554,11.08,0,-1.3436323962582968,-11.741243600316981,2.7999999999999998,3.6000000000000001,-8.1999999999999993,2.7999999999999998,TRAVEL,YIELD,RUNNING
555,11.1,0,-1.3344973047451725,-11.755580618941746,2.7999999999999998,3.6000000000000001,-8.1999999999999993,2.7999999999999998,TRAVEL,YIELD,RUNNING
556,11.119999999999999,0,-1.3253622132320482,-11.769917637566511,2.7999999999999998,3.6000000000000001,-8.1999999999999993,2.7999999999999998,TRAVEL,YIELD,RUNNING
557,11.140000000000001,0,-1.3162271217189239,-11.784254656191276,2.7999999999999998,3.6000000000000001,-8.1999999999999993,2.7999999999999998,TRAVEL,YIELD,RUNNING
558,11.16,0,-1.3070920302057996,-11.798591674816041,2.7999999999999998,3.6000000000000001,-8.1999999999999993,2.7999999999999998,TRAVEL,YIELD,RUNNING
559,11.18,0,-1.2979569386926753,-11.812928693440806,2.7999999999999998,3.6000000000000001,-8.1999999999999993,2.7999999999999998,TRAVEL,YIELD,RUNNING
560,11.199999999999999,0,-1.288821847179551,-11.827265712065572,2.7999999999999998,3.6000000000000001,-8.1999999999999993,2.7999999999999998,TRAVEL,YIELD,RUNNING
561,11.220000000000001,0,-1.2796867556664266,-11.841602730690337,2.7999999999999998,3.6000000000000001,-8.1999999999999993,2.7999999999999998,TRAVEL,YIELD,RUNNING
562,11.24,0,-1.2705516641533023,-11.855939749315102,2.7999999999999998,3.6000000000000001,-8.1999999999999993,2.7999999999999998,TRAVEL,YIELD,RUNNING
563,11.26,0,-1.261416572640178,-11.870276767939867,2.7999999999999998,3.6000000000000001,-8.1999999999999993,2.7999999999999998,TRAVEL,YIELD,RUNNING
564,11.279999999999999,0,-1.2522814811270535,-11.884613786564632,2.7999999999999998,3.6000000000000001,-8.1999999999999993,2.7999999999999998,TRAVEL,YIELD,RUNNING
565,11.300000000000001,0,-1.243146389613929,-11.898950805189397,2.7999999999999998,3.6000000000000001,-8.1999999999999993,2.7999999999999998,TRAVEL,YIELD,RUNNING
566,11.32,0,-1.2340112981008045,-11.913287823814162,2.7999999999999998,3.6000000000000001,-8.1999999999999993,2.7999999999999998,TRAVEL,YIELD,RUNNING
567,11.34,0,-1.2248762065876799,-11.927624842438927,2.7999999999999998,3.6000000000000001,-8.1999999999999993,2.7999999999999998,TRAVEL,YIELD,RUNNING
568,11.359999999999999,0,-1.2157411150745554,-11.941961861063692,2.7999999999999998,3.6000000000000001,-8.1999999999999993,2.7999999999999998,TRAVEL,YIELD,RUNNING
569,11.380000000000001,0,-1.2066060235614309,-11.956298879688458,2.7999999999999998,3.6000000000000001,-8.1999999999999993,2.7999999999999998,TRAVEL,YIELD,RUNNING
570,11.4,0,-1.1974709320483063,-11.970635898313223,2.7999999999999998,3.6000000000000001,-8.1999999999999993,2.7999999999999998,TRAVEL,YIELD,RUNNING
571,11.42,0,-1.1883358405351818,-11.984972916937988,2.7999999999999998,3.6000000000000001,-8.1999999999999993,2.7999999999999998,TRAVEL,YIELD,RUNNING
572,11.44,0,-1.1792007490220573,-11.999309935562753,2.7999999999999998,3.6000000000000001,-8.1999999999999993,2.7999999999999998,TRAVEL,YIELD,RUNNING
573,11.460000000000001,0,-1.1700656575089328,-12.013646954187518,2.7999999999999998,3.6000000000000001,-8.1999999999999993,2.7999999999999998,TRAVEL,YIELD,RUNNING
574,11.48,0,-1.1609305659958082,-12.027983972812283,2.7999999999999998,3.6000000000000001,-8.1999999999999993,2.7999999999999998,TRAVEL,YIELD,RUNNING
575,11.5,0,-1.1517954744826837,-12.042320991437048,2.7999999999999998,3.6000000000000001,-8.1999999999999993,2.7999999999999998,TRAVEL,YIELD,RUNNING
576,11.52,0,-1.1426603829695592,-12.056658010061813,2.7999999999999998,3.6000000000000001,-8.1999999999999993,2.7999999999999998,TRAVEL,YIELD,RUNNING
577,11.539999999999999,0,-1.1335252914564347,-12.070995028686578,2.7999999999999998,3.6000000000000001,-8.1999999999999993,2.7999999999999998,TRAVEL,YIELD,RUNNING
578,11.56,0,-1.1243901999433101,-12.085332047311343,2.7999999999999998,3.6000000000000001,-8.1999999999999993,2.7999999999999998,TRAVEL,YIELD,RUNNING
579,11.58,0,-1.1152551084301856,-12.099669065936109,2.7999999999999998,3.6000000000000001,-8.1999999999999993,2.7999999999999998,TRAVEL,YIELD,RUNNING
580,11.6,0,-1.1061200169170611,-12.114006084560874,2.7999999999999998,3.6000000000000001,-8.1999999999999993,2.7999999999999998,TRAVEL,YIELD,RUNNING
581,11.619999999999999,0,-1.0969849254039366,-12.128343103185639,2.7999999999999998,3.6000000000000001,-8.1999999999999993,2.7999999999999998,TRAVEL,YIELD,RUNNING
582,11.640000000000001,0,-1.087849833890812,-12.142680121810404,2.7999999999999998,3.6000000000000001,-8.1999999999999993,2.7999999999999998,TRAVEL,YIELD,RUNNING
583,11.66,0,-1.0787147423776875,-12.157017140435169,2.7999999999999998,3.6000000000000001,-8.1999999999999993,2.7999999999999998,TRAVEL,YIELD,RUNNING
584,11.68,0,-1.069579650864563,-12.171354159059934,2.7999999999999998,3.6000000000000001,-8.1999999999999993,2.7999999999999998,TRAVEL,YIELD,RUNNING
585,11.699999999999999,0,-1.0604445593514384,-12.185691177684699,2.7999999999999998,3.6000000000000001,-8.1999999999999993,2.7999999999999998,TRAVEL,YIELD,RUNNING
586,11.720000000000001,0,-1.0513094678383139,-12.200028196309464,2.7999999999999998,3.6000000000000001,-8.1999999999999993,2.7999999999999998,TRAVEL,YIELD,RUNNING
587,11.74,0,-1.0421743763251894,-12.214365214934229,2.7999999999999998,3.6000000000000001,-8.1999999999999993,2.7999999999999998,TRAVEL,YIELD,RUNNING
588,11.76,0,-1.0330392848120649,-12.228702233558995,2.7999999999999998,3.6000000000000001,-8.1999999999999993,2.7999999999999998,TRAVEL,YIELD,RUNNING
589,11.779999999999999,0,-1.0239041932989403,-12.24303925218376,2.7999999999999998,3.6000000000000001,-8.1999999999999993,2.7999999999999998,TRAVEL,YIELD,RUNNING
590,11.800000000000001,0,-1.0147691017858158,-12.257376270808525,2.7999999999999998,3.6000000000000001,-8.1999999999999993,2.7999999999999998,TRAVEL,YIELD,RUNNING
591,11.82,0,-1.0056340102726913,-12.27171328943329,2.7999999999999998,3.6000000000000001,-8.1999999999999993,2.7999999999999998,TRAVEL,YIELD,RUNNING
592,11.84,0,-0.99649891875956687,-12.286050308058055,2.7999999999999998,3.6000000000000001,-8.1999999999999993,2.7999999999999998,TRAVEL,YIELD,RUNNING
593,11.859999999999999,0,-0.98736382724644245,-12.30038732668282,2.7999999999999998,3.6000000000000001,-8.1999999999999993,2.7999999999999998,TRAVEL,YIELD,RUNNING
594,11.880000000000001,0,-0.97822873573331803,-12.314724345307585,2.7999999999999998,3.6000000000000001,-8.1999999999999993,2.7999999999999998,TRAVEL,YIELD,RUNNING
595,11.9,0,-0.96909364422019362,-12.32906136393235,2.7999999999999998,3.6000000000000001,-8.1999999999999993,2.7999999999999998,TRAVEL,YIELD,RUNNING
596,11.92,0,-0.9599585527070692,-12.343398382557115,2.7999999999999998,3.6000000000000001,-8.1999999999999993,2.7999999999999998,TRAVEL,YIELD,RUNNING
597,11.94,0,-0.95082346119394479,-12.357735401181881,2.7999999999999998,3.6000000000000001,-8.1999999999999993,2.7999999999999998,TRAVEL,YIELD,RUNNING
598,11.960000000000001,0,-0.94168836968082037,-12.372072419806646,2.7999999999999998,3.6000000000000001,-8.1999999999999993,2.7999999999999998,TRAVEL,YIELD,RUNNING
599,11.98,0,-0.93255327816769595,-12.386409438431411,2.7999999999999998,3.6000000000000001,-8.1999999999999993,2.7999999999999998,TRAVEL,YIELD,RUNNING
600,12,0,-0.92341818665457154,-12.400746457056176,2.7999999999999998,3.6000000000000001,-8.1999999999999993,2.7999999999999998,TRAVEL,YIELD,RUNNING
601,12.02,0,-0.91428309514144712,-12.415083475680941,2.7999999999999998,3.6000000000000001,-8.1999999999999993,2.7999999999999998,TRAVEL,YIELD,RUNNING
602,12.039999999999999,0,-0.90514800362832271,-12.429420494305706,2.7999999999999998,3.6000000000000001,-8.1999999999999993,2.7999999999999998,TRAVEL,YIELD,RUNNING
603,12.06,0,-0.89601291211519829,-12.443757512930471,2.7999999999999998,3.6000000000000001,-8.1999999999999993,2.7999999999999998,TRAVEL,YIELD,RUNNING
604,12.08,0,-0.88687782060207387,-12.458094531555236,2.7999999999999998,3.6000000000000001,-8.1999999999999993,2.7999999999999998,TRAVEL,YIELD,RUNNING
605,12.1,0,-0.87774272908894946,-12.472431550180001,2.7999999999999998,3.6000000000000001,-8.1999999999999993,2.7999999999999998,TRAVEL,YIELD,RUNNING
606,12.119999999999999,0,-0.86860763757582504,-12.486768568804766,2.7999999999999998,3.6000000000000001,-8.1999999999999993,2.7999999999999998,TRAVEL,YIELD,RUNNING
607,12.140000000000001,0,-0.85947254606270063,-12.501105587429532,2.7999999999999998,3.6000000000000001,-8.1999999999999993,2.7999999999999998,TRAVEL,YIELD,RUNNING
608,12.16,0,-0.85033745454957621,-12.515442606054297,2.7999999999999998,3.6000000000000001,-8.1999999999999993,2.7999999999999998,TRAVEL,YIELD,RUNNING
609,12.18,0,-0.84120236303645179,-12.529779624679062,2.7999999999999998,3.6000000000000001,-8.1999999999999993,2.7999999999999998,TRAVEL,YIELD,RUNNING
610,12.199999999999999,0,-0.83206727152332738,-12.544116643303827,2.7999999999999998,3.6000000000000001,-8.1999999999999993,2.7999999999999998,TRAVEL,YIELD,RUNNING
611,12.220000000000001,0,-0.82293218001020296,-12.558453661928592,2.7999999999999998,3.6000000000000001,-8.1999999999999993,2.7999999999999998,TRAVEL,YIELD,RUNNING
612,12.24,0,-0.81379708849707855,-12.572790680553357,2.7999999999999998,3.6000000000000001,-8.1999999999999993,2.7999999999999998,TRAVEL,YIELD,RUNNING
613,12.26,0,-0.80466199698395413,-12.587127699178122,2.7999999999999998,3.6000000000000001,-8.1999999999999993,2.7999999999999998,TRAVEL,YIELD,RUNNING
614,12.279999999999999,0,-0.79552690547082971,-12.601464717802887,2.7999999999999998,3.6000000000000001,-8.1999999999999993,2.7999999999999998,TRAVEL,YIELD,RUNNING
615,12.300000000000001,0,-0.7863918139577053,-12.615801736427652,2.7999999999999998,3.6000000000000001,-8.1999999999999993,2.7999999999999998,TRAVEL,YIELD,RUNNING
616,12.32,0,-0.77725672244458088,-12.630138755052418,2.7999999999999998,3.6000000000000001,-8.1999999999999993,2.7999999999999998,TRAVEL,YIELD,RUNNING
617,12.34,0,-0.76812163093145647,-12.644475773677183,2.7999999999999998,3.6000000000000001,-8.1999999999999993,2.7999999999999998,TRAVEL,YIELD,RUNNING
618,12.359999999999999,0,-0.75898653941833205,-12.658812792301948,2.7999999999999998,3.6000000000000001,-8.1999999999999993,2.7999999999999998,TRAVEL,YIELD,RUNNING
619,12.380000000000001,0,-0.74985144790520764,-12.673149810926713,2.7999999999999998,3.6000000000000001,-8.1999999999999993,2.7999999999999998,TRAVEL,YIELD,RUNNING
620,12.4,0,-0.74071635639208322,-12.687486829551478,2.7999999999999998,3.6000000000000001,-8.1999999999999993,2.7999999999999998,TRAVEL,YIELD,RUNNING
621,12.42,0,-0.7315812648789588,-12.701823848176243,2.7999999999999998,3.6000000000000001,-8.1999999999999993,2.7999999999999998,TRAVEL,YIELD,RUNNING
622,12.44,0,-0.72244617336583439,-12.716160866801008,2.7999999999999998,3.6000000000000001,-8.1999999999999993,2.7999999999999998,TRAVEL,YIELD,RUNNING
623,12.460000000000001,0,-0.71331108185270997,-12.730497885425773,2.7999999999999998,3.6000000000000001,-8.1999999999999993,2.7999999999999998,TRAVEL,YIELD,RUNNING
624,12.48,0,-0.70417599033958556,-12.744834904050538,2.7999999999999998,3.6000000000000001,-8.1999999999999993,2.7999999999999998,TRAVEL,YIELD,RUNNING
625,12.5,0,-0.69504089882646114,-12.759171922675304,2.7999999999999998,3.6000000000000001,-8.1999999999999993,2.7999999999999998,TRAVEL,YIELD,RUNNING
626,12.52,0,-0.68590580731333672,-12.773508941300069,2.7999999999999998,3.6000000000000001,-8.1999999999999993,2.7999999999999998,TRAVEL,YIELD,RUNNING
627,12.539999999999999,0,-0.67677071580021231,-12.787845959924834,2.7999999999999998,3.6000000000000001,-8.1999999999999993,2.7999999999999998,TRAVEL,YIELD,RUNNING
628,12.56,0,-0.66763562428708789,-12.802182978549599,2.7999999999999998,3.6000000000000001,-8.1999999999999993,2.7999999999999998,TRAVEL,YIELD,RUNNING
629,12.58,0,-0.65850053277396348,-12.816519997174364,2.7999999999999998,3.6000000000000001,-8.1999999999999993,2.7999999999999998,TRAVEL,YIELD,RUNNING
630,12.6,0,-0.64936544126083906,-12.830857015799129,2.7999999999999998,3.6000000000000001,-8.1999999999999993,2.7999999999999998,TRAVEL,YIELD,RUNNING
631,12.619999999999999,0,-0.64023034974771464,-12.845194034423894,2.7999999999999998,3.6000000000000001,-8.1999999999999993,2.7999999999999998,TRAVEL,YIELD,RUNNING
632,12.640000000000001,0,-0.63109525823459023,-12.859531053048659,2.7999999999999998,3.6000000000000001,-8.1999999999999993,2.7999999999999998,TRAVEL,YIELD,RUNNING
633,12.66,0,-0.62196016672146581,-12.873868071673424,2.7999999999999998,3.6000000000000001,-8.1999999999999993,2.7999999999999998,TRAVEL,YIELD,RUNNING
634,12.68,0,-0.6128250752083414,-12.88820509029819,2.7999999999999998,3.6000000000000001,-8.1999999999999993,2.7999999999999998,TRAVEL,YIELD,RUNNING
635,12.699999999999999,0,-0.60368998369521698,-12.902542108922955,2.7999999999999998,3.6000000000000001,-8.1999999999999993,2.7999999999999998,TRAVEL,YIELD,RUNNING
636,12.720000000000001,0,-0.59455489218209256,-12.91687912754772,2.7999999999999998,3.6000000000000001,-8.1999999999999993,2.7999999999999998,TRAVEL,YIELD,RUNNING
637,12.74,0,-0.58541980066896815,-12.931216146172485,2.7999999999999998,3.6000000000000001,-8.1999999999999993,2.7999999999999998,TRAVEL,YIELD,RUNNING
638,12.76,0,-0.57628470915584373,-12.94555316479725,2.7999999999999998,3.6000000000000001,-8.1999999999999993,2.7999999999999998,TRAVEL,YIELD,RUNNING
639,12.779999999999999,0,-0.56714961764271932,-12.959890183422015,2.7999999999999998,3.6000000000000001,-8.1999999999999993,2.7999999999999998,TRAVEL,YIELD,RUNNING
640,12.800000000000001,0,-0.5580145261295949,-12.97422720204678,2.7999999999999998,3.6000000000000001,-8.1999999999999993,2.7999999999999998,TRAVEL,YIELD,RUNNING
641,12.82,0,-0.54887943461647049,-12.988564220671545,2.7999999999999998,3.6000000000000001,-8.1999999999999993,2.7999999999999998,TRAVEL,YIELD,RUNNING
642,12.84,0,-0.53974434310334607,-13.00290123929631,2.7999999999999998,3.6000000000000001,-8.1999999999999993,2.7999999999999998,TRAVEL,YIELD,RUNNING
643,12.859999999999999,0,-0.53060925159022165,-13.017238257921075,2.7999999999999998,3.6000000000000001,-8.1999999999999993,2.7999999999999998,TRAVEL,YIELD,RUNNING
644,12.880000000000001,0,-0.52147416007709724,-13.031575276545841,2.7999999999999998,3.6000000000000001,-8.1999999999999993,2.7999999999999998,TRAVEL,YIELD,RUNNING
645,12.9,0,-0.51233906856397282,-13.045912295170606,2.7999999999999998,3.6000000000000001,-8.1999999999999993,2.7999999999999998,TRAVEL,YIELD,RUNNING
646,12.92,0,-0.50320397705084841,-13.060249313795371,2.7999999999999998,3.6000000000000001,-8.1999999999999993,2.7999999999999998,TRAVEL,YIELD,RUNNING
647,12.94,0,-0.49406888553772393,-13.074586332420136,2.7999999999999998,3.6000000000000001,-8.1999999999999993,2.7999999999999998,TRAVEL,YIELD,RUNNING
648,12.960000000000001,0,-0.48493379402459946,-13.088923351044901,2.7999999999999998,3.6000000000000001,-8.1999999999999993,2.7999999999999998,TRAVEL,YIELD,RUNNING
649,12.98,0,-0.47579870251147499,-13.103260369669666,2.7999999999999998,3.6000000000000001,-8.1999999999999993,2.7999999999999998,TRAVEL,YIELD,RUNNING
650,13,0,-0.46666361099835052,-13.117597388294431,2.7999999999999998,3.6000000000000001,-8.1999999999999993,2.7999999999999998,TRAVEL,YIELD,RUNNING
651,13.02,0,-0.45752851948522605,-13.131934406919196,2.7999999999999998,3.6000000000000001,-8.1999999999999993,2.7999999999999998,TRAVEL,YIELD,RUNNING
652,13.039999999999999,0,-0.44839342797210158,-13.146271425543961,2.7999999999999998,3.6000000000000001,-8.1999999999999993,2.7999999999999998,TRAVEL,YIELD,RUNNING
653,13.06,0,-0.43925833645897711,-13.160608444168727,2.7999999999999998,3.6000000000000001,-8.1999999999999993,2.7999999999999998,TRAVEL,YIELD,RUNNING
654,13.08,0,-0.43012324494585263,-13.174945462793492,2.7999999999999998,3.6000000000000001,-8.1999999999999993,2.7999999999999998,TRAVEL,YIELD,RUNNING
655,13.1,0,-0.42098815343272816,-13.189282481418257,2.7999999999999998,3.6000000000000001,-8.1999999999999993,2.7999999999999998,TRAVEL,YIELD,RUNNING
656,13.119999999999999,0,-0.41185306191960369,-13.203619500043022,2.7999999999999998,3.6000000000000001,-8.1999999999999993,2.7999999999999998,TRAVEL,YIELD,RUNNING
657,13.140000000000001,0,-0.40271797040647922,-13.217956518667787,2.7999999999999998,3.6000000000000001,-8.1999999999999993,2.7999999999999998,TRAVEL,YIELD,RUNNING
658,13.16,0,-0.39358287889335475,-13.232293537292552,2.7999999999999998,3.6000000000000001,-8.1999999999999993,2.7999999999999998,TRAVEL,YIELD,RUNNING
659,13.18,0,-0.38444778738023028,-13.246630555917317,2.7999999999999998,3.6000000000000001,-8.1999999999999993,2.7999999999999998,TRAVEL,YIELD,RUNNING
660,13.199999999999999,0,-0.37531269586710581,-13.260967574542082,2.7999999999999998,3.6000000000000001,-8.1999999999999993,2.7999999999999998,TRAVEL,YIELD,RUNNING
661,13.220000000000001,0,-0.36617760435398133,-13.275304593166847,2.7999999999999998,3.6000000000000001,-8.1999999999999993,2.7999999999999998,TRAVEL,YIELD,RUNNING
662,13.24,0,-0.35704251284085686,-13.289641611791613,2.7999999999999998,3.6000000000000001,-8.1999999999999993,2.7999999999999998,TRAVEL,YIELD,RUNNING
663,13.26,0,-0.34790742132773239,-13.303978630416378,2.7999999999999998,3.6000000000000001,-8.1999999999999993,2.7999999999999998,TRAVEL,YIELD,RUNNING
664,13.279999999999999,0,-0.33877232981460792,-13.318315649041143,2.7999999999999998,3.6000000000000001,-8.1999999999999993,2.7999999999999998,TRAVEL,YIELD,RUNNING
665,13.300000000000001,0,-0.32963723830148345,-13.332652667665908,2.7999999999999998,3.6000000000000001,-8.1999999999999993,2.7999999999999998,TRAVEL,YIELD,RUNNING
666,13.32,0,-0.32050214678835898,-13.346989686290673,2.7999999999999998,3.6000000000000001,-8.1999999999999993,2.7999999999999998,TRAVEL,YIELD,RUNNING
667,13.34,0,-0.31136705527523451,-13.361326704915438,2.7999999999999998,3.6000000000000001,-8.1999999999999993,2.7999999999999998,TRAVEL,YIELD,RUNNING
668,13.359999999999999,0,-0.30223196376211003,-13.375663723540203,2.7999999999999998,3.6000000000000001,-8.1999999999999993,2.7999999999999998,TRAVEL,YIELD,RUNNING
669,13.380000000000001,0,-0.29309687224898556,-13.390000742164968,2.7999999999999998,3.6000000000000001,-8.1999999999999993,2.7999999999999998,TRAVEL,YIELD,RUNNING
670,13.4,0,-0.28396178073586109,-13.404337760789733,2.7999999999999998,3.6000000000000001,-8.1999999999999993,2.7999999999999998,TRAVEL,YIELD,RUNNING
671,13.42,0,-0.27482668922273662,-13.418674779414498,2.7999999999999998,3.6000000000000001,-8.1999999999999993,2.7999999999999998,TRAVEL,YIELD,RUNNING
672,13.44,0,-0.26569159770961215,-13.433011798039264,2.7999999999999998,3.6000000000000001,-8.1999999999999993,2.7999999999999998,TRAVEL,YIELD,RUNNING
673,13.460000000000001,0,-0.25655650619648768,-13.447348816664029,2.7999999999999998,3.6000000000000001,-8.1999999999999993,2.7999999999999998,TRAVEL,YIELD,RUNNING
674,13.48,0,-0.24742141468336318,-13.461685835288794,2.7999999999999998,3.6000000000000001,-8.1999999999999993,2.7999999999999998,TRAVEL,YIELD,RUNNING
675,13.5,0,-0.23828632317023868,-13.476022853913559,2.7999999999999998,3.6000000000000001,-8.1999999999999993,2.7999999999999998,TRAVEL,YIELD,RUNNING
676,13.52,0,-0.22915123165711418,-13.490359872538324,2.7999999999999998,3.6000000000000001,-8.1999999999999993,2.7999999999999998,TRAVEL,YIELD,RUNNING
677,13.539999999999999,0,-0.22001614014398968,-13.504696891163089,2.7999999999999998,3.6000000000000001,-8.1999999999999993,2.7999999999999998,TRAVEL,YIELD,RUNNING
678,13.56,0,-0.21088104863086518,-13.519033909787854,2.7999999999999998,3.6000000000000001,-8.1999999999999993,2.7999999999999998,TRAVEL,YIELD,RUNNING
679,13.58,0,-0.20174595711774068,-13.533370928412619,2.7999999999999998,3.6000000000000001,-8.1999999999999993,2.7999999999999998,TRAVEL,YIELD,RUNNING
680,13.6,0,-0.19261086560461618,-13.547707947037384,2.7999999999999998,3.6000000000000001,-8.1999999999999993,2.7999999999999998,TRAVEL,YIELD,RUNNING
681,13.619999999999999,0,-0.18347577409149168,-13.56204496566215,2.7999999999999998,3.6000000000000001,-8.1999999999999993,2.7999999999999998,TRAVEL,YIELD,RUNNING
682,13.640000000000001,0,-0.17434068257836718,-13.576381984286915,2.7999999999999998,3.6000000000000001,-8.1999999999999993,2.7999999999999998,TRAVEL,YIELD,RUNNING
683,13.66,0,-0.16520559106524269,-13.59071900291168,2.7999999999999998,3.6000000000000001,-8.1999999999999993,2.7999999999999998,TRAVEL,YIELD,RUNNING
684,13.68,0,-0.15607049955211819,-13.605056021536445,2.7999999999999998,3.6000000000000001,-8.1999999999999993,2.7999999999999998,TRAVEL,YIELD,RUNNING
685,13.699999999999999,0,-0.14693540803899369,-13.61939304016121,2.7999999999999998,3.6000000000000001,-8.1999999999999993,2.7999999999999998,TRAVEL,YIELD,RUNNING
686,13.720000000000001,0,-0.13780031652586919,-13.633730058785975,2.7999999999999998,3.6000000000000001,-8.1999999999999993,2.7999999999999998,TRAVEL,YIELD,RUNNING
687,13.74,0,-0.12866522501274469,-13.64806707741074,2.7999999999999998,3.6000000000000001,-8.1999999999999993,2.7999999999999998,TRAVEL,YIELD,RUNNING
688,13.76,0,-0.11953013349962019,-13.662404096035505,2.7999999999999998,3.6000000000000001,-8.1999999999999993,2.7999999999999998,TRAVEL,YIELD,RUNNING
689,13.779999999999999,0,-0.11039504198649569,-13.67674111466027,2.7999999999999998,3.6000000000000001,-8.1999999999999993,2.7999999999999998,TRAVEL,YIELD,RUNNING
690,13.800000000000001,0,-0.10125995047337119,-13.691078133285036,2.7999999999999998,3.6000000000000001,-8.1999999999999993,2.7999999999999998,TRAVEL,YIELD,RUNNING
691,13.82,0,-0.092124858960246692,-13.705415151909801,2.7999999999999998,3.6000000000000001,-8.1999999999999993,2.7999999999999998,TRAVEL,YIELD,RUNNING
692,13.84,0,-0.082989767447122192,-13.719752170534566,2.7999999999999998,3.6000000000000001,-8.1999999999999993,2.7999999999999998,TRAVEL,YIELD,RUNNING
693,13.859999999999999,0,-0.073854675933997693,-13.734089189159331,2.7999999999999998,3.6000000000000001,-8.1999999999999993,2.7999999999999998,TRAVEL,YIELD,RUNNING
694,13.880000000000001,0,-0.064719584420873194,-13.748426207784096,2.7999999999999998,3.6000000000000001,-8.1999999999999993,2.7999999999999998,TRAVEL,YIELD,RUNNING
695,13.9,0,-0.055584492907748688,-13.762763226408861,2.7999999999999998,3.6000000000000001,-8.1999999999999993,2.7999999999999998,TRAVEL,YIELD,RUNNING
696,13.92,0,-0.046449401394624182,-13.777100245033626,2.7999999999999998,3.6000000000000001,-8.1999999999999993,2.7999999999999998,TRAVEL,YIELD,RUNNING
697,13.94,0,-0.037314309881499676,-13.791437263658391,2.7999999999999998,3.6000000000000001,-8.1999999999999993,2.7999999999999998,TRAVEL,YIELD,RUNNING
698,13.960000000000001,0,-0.02817921836837517,-13.805774282283156,2.7999999999999998,3.6000000000000001,-8.1999999999999993,2.7999999999999998,TRAVEL,YIELD,RUNNING
699,13.98,0,-0.01904412685525066,-13.820111300907922,2.7999999999999998,3.6000000000000001,-8.1999999999999993,2.7999999999999998,TRAVEL,YIELD,RUNNING
700,14,0,-0.0099090353421261487,-13.834448319532687,2.7999999999999998,3.6000000000000001,-8.1999999999999993,2.7999999999999998,TRAVEL,YIELD,RUNNING
701,14.02,0,-0.00077394382900163733,-13.848785338157452,2.7999999999999998,3.6000000000000001,-8.1999999999999993,2.7999999999999998,TRAVEL,YIELD,RUNNING
702,14.039999999999999,0,0.008361147684122874,-13.863122356782217,2.7999999999999998,3.6000000000000001,-8.1999999999999993,2.7999999999999998,TRAVEL,YIELD,RUNNING
703,14.06,0,0.017496239197247385,-13.877459375406982,2.7999999999999998,3.6000000000000001,-8.1999999999999993,2.7999999999999998,TRAVEL,YIELD,RUNNING
704,14.08,0,0.026631330710371898,-13.891796394031747,2.7999999999999998,3.6000000000000001,-8.1999999999999993,2.7999999999999998,TRAVEL,YIELD,RUNNING
705,14.1,0,0.035766422223496408,-13.906133412656512,2.7999999999999998,3.6000000000000001,-8.1999999999999993,2.7999999999999998,TRAVEL,YIELD,RUNNING
706,14.119999999999999,0,0.044901513736620921,-13.920470431281277,2.7999999999999998,3.6000000000000001,-8.1999999999999993,2.7999999999999998,TRAVEL,YIELD,RUNNING
707,14.140000000000001,0,0.054036605249745434,-13.934807449906042,2.7999999999999998,3.6000000000000001,-8.1999999999999993,2.7999999999999998,TRAVEL,YIELD,RUNNING
708,14.16,0,0.063171696762869947,-13.949144468530807,2.7999999999999998,3.6000000000000001,-8.1999999999999993,2.7999999999999998,TRAVEL,YIELD,RUNNING
709,14.18,0,0.07230678827599446,-13.963481487155573,2.7999999999999998,3.6000000000000001,-8.1999999999999993,2.7999999999999998,TRAVEL,YIELD,RUNNING
710,14.199999999999999,0,0.081441879789118973,-13.977818505780338,2.7999999999999998,3.6000000000000001,-8.1999999999999993,2.7999999999999998,TRAVEL,YIELD,RUNNING
711,14.220000000000001,0,0.090576971302243486,-13.992155524405103,2.7999999999999998,3.6000000000000001,-8.1999999999999993,2.7999999999999998,TRAVEL,YIELD,RUNNING
712,14.24,0,0.099712062815368013,-14.006492543029868,2.7999999999999998,3.6000000000000001,-8.1999999999999993,2.7999999999999998,TRAVEL,YIELD,RUNNING
713,14.26,0,0.10884715432849254,-14.020829561654633,2.7999999999999998,3.6000000000000001,-8.1999999999999993,2.7999999999999998,TRAVEL,YIELD,RUNNING
714,14.279999999999999,0,0.11798224584161707,-14.035166580279398,2.7999999999999998,3.6000000000000001,-8.1999999999999993,2.7999999999999998,TRAVEL,YIELD,RUNNING
715,14.300000000000001,0,0.12711733735474159,-14.049503598904163,2.7999999999999998,3.6000000000000001,-8.1999999999999993,2.7999999999999998,TRAVEL,YIELD,RUNNING
716,14.32,0,0.13625242886786612,-14.063840617528928,2.7999999999999998,3.6000000000000001,-8.1999999999999993,2.7999999999999998,TRAVEL,YIELD,RUNNING
717,14.34,0,0.14538752038099065,-14.078177636153693,2.7999999999999998,3.6000000000000001,-8.1999999999999993,2.7999999999999998,TRAVEL,YIELD,RUNNING
718,14.359999999999999,0,0.15452261189411517,-14.092514654778459,2.7999999999999998,3.6000000000000001,-8.1999999999999993,2.7999999999999998,TRAVEL,YIELD,RUNNING
719,14.380000000000001,0,0.1636577034072397,-14.106851673403224,2.7999999999999998,3.6000000000000001,-8.1999999999999993,2.7999999999999998,TRAVEL,YIELD,RUNNING
720,14.4,0,0.17279279492036423,-14.121188692027989,2.7999999999999998,3.6000000000000001,-8.1999999999999993,2.7999999999999998,TRAVEL,YIELD,RUNNING
721,14.42,0,0.18192788643348876,-14.135525710652754,2.7999999999999998,3.6000000000000001,-8.1999999999999993,2.7999999999999998,TRAVEL,YIELD,RUNNING
722,14.44,0,0.19106297794661328,-14.149862729277519,2.7999999999999998,3.6000000000000001,-8.1999999999999993,2.7999999999999998,TRAVEL,YIELD,RUNNING
723,14.460000000000001,0,0.20019806945973781,-14.164199747902284,2.7999999999999998,3.6000000000000001,-8.1999999999999993,2.7999999999999998,TRAVEL,YIELD,RUNNING
724,14.48,0,0.20933316097286234,-14.178536766527049,2.7999999999999998,3.6000000000000001,-8.1999999999999993,2.7999999999999998,TRAVEL,YIELD,RUNNING
725,14.5,0,0.21846825248598686,-14.192873785151814,2.7999999999999998,3.6000000000000001,-8.1999999999999993,2.7999999999999998,TRAVEL,YIELD,RUNNING
726,14.52,0,0.22760334399911139,-14.207210803776579,2.7999999999999998,3.6000000000000001,-8.1999999999999993,2.7999999999999998,TRAVEL,YIELD,RUNNING
727,14.539999999999999,0,0.23673843551223592,-14.221547822401345,2.7999999999999998,3.6000000000000001,-8.1999999999999993,2.7999999999999998,TRAVEL,YIELD,RUNNING
728,14.56,0,0.24587352702536044,-14.23588484102611,2.7999999999999998,3.6000000000000001,-8.1999999999999993,2.7999999999999998,TRAVEL,YIELD,RUNNING
729,14.58,0,0.255008618538485,-14.250221859650875,2.7999999999999998,3.6000000000000001,-8.1999999999999993,2.7999999999999998,TRAVEL,YIELD,RUNNING
730,14.6,0,0.26414371005160953,-14.26455887827564,2.7999999999999998,3.6000000000000001,-8.1999999999999993,2.7999999999999998,TRAVEL,YIELD,RUNNING
731,14.619999999999999,0,0.27327880156473405,-14.278895896900405,2.7999999999999998,3.6000000000000001,-8.1999999999999993,2.7999999999999998,TRAVEL,YIELD,RUNNING
732,14.640000000000001,0,0.28241389307785858,-14.29323291552517,2.7999999999999998,3.6000000000000001,-8.1999999999999993,2.7999999999999998,TRAVEL,YIELD,RUNNING
733,14.66,0,0.29154898459098311,-14.307569934149935,2.7999999999999998,3.6000000000000001,-8.1999999999999993,2.7999999999999998,TRAVEL,YIELD,RUNNING
734,14.68,0,0.30068407610410763,-14.3219069527747,2.7999999999999998,3.6000000000000001,-8.1999999999999993,2.7999999999999998,TRAVEL,YIELD,RUNNING
735,14.699999999999999,0,0.30981916761723216,-14.336243971399465,2.7999999999999998,3.6000000000000001,-8.1999999999999993,2.7999999999999998,TRAVEL,YIELD,RUNNING
736,14.720000000000001,0,0.31895425913035669,-14.35058099002423,2.7999999999999998,3.6000000000000001,-8.1999999999999993,2.7999999999999998,TRAVEL,YIELD,RUNNING
737,14.74,0,0.32808935064348121,-14.364918008648996,2.7999999999999998,3.6000000000000001,-8.1999999999999993,2.7999999999999998,TRAVEL,YIELD,RUNNING
738,14.76,0,0.33722444215660574,-14.379255027273761,2.7999999999999998,3.6000000000000001,-8.1999999999999993,2.7999999999999998,TRAVEL,YIELD,RUNNING
739,14.779999999999999,0,0.34635953366973027,-14.393592045898526,2.7999999999999998,3.6000000000000001,-8.1999999999999993,2.7999999999999998,TRAVEL,YIELD,RUNNING
740,14.800000000000001,0,0.3554946251828548,-14.407929064523291,2.7999999999999998,3.6000000000000001,-8.1999999999999993,2.7999999999999998,TRAVEL,YIELD,RUNNING
741,14.82,0,0.36462971669597932,-14.422266083148056,2.7999999999999998,3.6000000000000001,-8.1999999999999993,2.7999999999999998,TRAVEL,YIELD,RUNNING
742,14.84,0,0.37376480820910385,-14.436603101772821,2.7999999999999998,3.6000000000000001,-8.1999999999999993,2.7999999999999998,TRAVEL,YIELD,RUNNING
743,14.859999999999999,0,0.38289989972222838,-14.450940120397586,2.7999999999999998,3.6000000000000001,-8.1999999999999993,2.7999999999999998,TRAVEL,YIELD,RUNNING
744,14.880000000000001,0,0.3920349912353529,-14.465277139022351,2.7999999999999998,3.6000000000000001,-8.1999999999999993,2.7999999999999998,TRAVEL,YIELD,RUNNING
745,14.9,0,0.40117008274847743,-14.479614157647116,2.7999999999999998,3.6000000000000001,-8.1999999999999993,2.7999999999999998,TRAVEL,YIELD,RUNNING
746,14.92,0,0.41030517426160196,-14.493951176271882,2.7999999999999998,3.6000000000000001,-8.1999999999999993,2.7999999999999998,TRAVEL,YIELD,RUNNING
747,14.94,0,0.41944026577472648,-14.508288194896647,2.7999999999999998,3.6000000000000001,-8.1999999999999993,2.7999999999999998,TRAVEL,YIELD,RUNNING
748,14.960000000000001,0,0.42857535728785101,-14.522625213521412,2.7999999999999998,3.6000000000000001,-8.1999999999999993,2.7999999999999998,TRAVEL,YIELD,RUNNING
749,14.98,0,0.43771044880097559,-14.536962232146177,2.7999999999999998,3.6000000000000001,-8.1999999999999993,2.7999999999999998,TRAVEL,YIELD,RUNNING
750,15,0,0.44684554031410018,-14.551299250770942,2.7999999999999998,3.6000000000000001,-8.1999999999999993,2.7999999999999998,TRAVEL,YIELD,RUNNING
751,15.02,0,0.45598063182722476,-14.565636269395707,2.7999999999999998,3.6000000000000001,-8.1999999999999993,2.7999999999999998,TRAVEL,YIELD,RUNNING
752,15.039999999999999,0,0.46511572334034934,-14.579973288020472,2.7999999999999998,3.6000000000000001,-8.1999999999999993,2.7999999999999998,TRAVEL,YIELD,RUNNING
753,15.06,0,0.47425081485347392,-14.594310306645237,2.7999999999999998,3.6000000000000001,-8.1999999999999993,2.7999999999999998,TRAVEL,YIELD,RUNNING
754,15.08,0,0.48338590636659851,-14.608647325270002,2.7999999999999998,3.6000000000000001,-8.1999999999999993,2.7999999999999998,TRAVEL,YIELD,RUNNING
755,15.1,0,0.49252099787972309,-14.622984343894768,2.7999999999999998,3.6000000000000001,-8.1999999999999993,2.7999999999999998,TRAVEL,YIELD,RUNNING
756,15.119999999999999,0,0.50165608939284767,-14.637321362519533,2.7999999999999998,3.6000000000000001,-8.1999999999999993,2.7999999999999998,TRAVEL,YIELD,RUNNING
757,15.140000000000001,0,0.5107911809059722,-14.651658381144298,2.7999999999999998,3.6000000000000001,-8.1999999999999993,2.7999999999999998,TRAVEL,YIELD,RUNNING
758,15.16,0,0.51992627241909672,-14.665995399769063,2.7999999999999998,3.6000000000000001,-8.1999999999999993,2.7999999999999998,TRAVEL,YIELD,RUNNING
759,15.18,0,0.52906136393222125,-14.680332418393828,2.7999999999999998,3.6000000000000001,-8.1999999999999993,2.7999999999999998,TRAVEL,YIELD,RUNNING
760,15.199999999999999,0,0.53819645544534578,-14.694669437018593,2.7999999999999998,3.6000000000000001,-8.1999999999999993,2.7999999999999998,TRAVEL,YIELD,RUNNING
761,15.220000000000001,0,0.54733154695847031,-14.709006455643358,2.7999999999999998,3.6000000000000001,-8.1999999999999993,2.7999999999999998,TRAVEL,YIELD,RUNNING
762,15.24,0,0.55646663847159483,-14.723343474268123,2.7999999999999998,3.6000000000000001,-8.1999999999999993,2.7999999999999998,TRAVEL,YIELD,RUNNING
763,15.26,0,0.56560172998471936,-14.737680492892888,2.7999999999999998,3.6000000000000001,-8.1999999999999993,2.7999999999999998,TRAVEL,YIELD,RUNNING
764,15.279999999999999,0,0.57473682149784389,-14.752017511517654,2.7999999999999998,3.6000000000000001,-8.1999999999999993,2.7999999999999998,TRAVEL,YIELD,RUNNING
765,15.300000000000001,0,0.58387191301096841,-14.766354530142419,2.7999999999999998,3.6000000000000001,-8.1999999999999993,2.7999999999999998,TRAVEL,YIELD,RUNNING
766,15.32,0,0.59300700452409294,-14.780691548767184,2.7999999999999998,3.6000000000000001,-8.1999999999999993,2.7999999999999998,TRAVEL,YIELD,RUNNING
767,15.34,0,0.60214209603721747,-14.795028567391949,2.7999999999999998,3.6000000000000001,-8.1999999999999993,2.7999999999999998,TRAVEL,YIELD,RUNNING
768,15.359999999999999,0,0.61127718755034199,-14.809365586016714,2.7999999999999998,3.6000000000000001,-8.1999999999999993,2.7999999999999998,TRAVEL,YIELD,RUNNING
769,15.380000000000001,0,0.62041227906346652,-14.823702604641479,2.7999999999999998,3.6000000000000001,-8.1999999999999993,2.7999999999999998,TRAVEL,YIELD,RUNNING
770,15.4,0,0.62954737057659105,-14.838039623266244,2.7999999999999998,3.6000000000000001,-8.1999999999999993,2.7999999999999998,TRAVEL,YIELD,RUNNING
771,15.42,0,0.63868246208971557,-14.852376641891009,2.7999999999999998,3.6000000000000001,-8.1999999999999993,2.7999999999999998,TRAVEL,YIELD,RUNNING
772,15.44,0,0.6478175536028401,-14.866713660515774,2.7999999999999998,3.6000000000000001,-8.1999999999999993,2.7999999999999998,TRAVEL,YIELD,RUNNING
773,15.460000000000001,0,0.65695264511596463,-14.881050679140539,2.7999999999999998,3.6000000000000001,-8.1999999999999993,2.7999999999999998,TRAVEL,YIELD,RUNNING
774,15.48,0,0.66608773662908927,-14.895387697765305,2.7999999999999998,3.6000000000000001,-8.1999999999999993,2.7999999999999998,TRAVEL,YIELD,RUNNING
775,15.5,0,0.6752228281422139,-14.90972471639007,2.7999999999999998,3.6000000000000001,-8.1999999999999993,2.7999999999999998,TRAVEL,YIELD,RUNNING
776,15.52,0,0.68435791965533854,-14.924061735014835,2.7999999999999998,3.6000000000000001,-8.1999999999999993,2.7999999999999998,TRAVEL,YIELD,RUNNING
777,15.539999999999999,0,0.69349301116846318,-14.9383987536396,2.7999999999999998,3.6000000000000001,-8.1999999999999993,2.7999999999999998,TRAVEL,YIELD,RUNNING
778,15.56,0,0.70262810268158782,-14.952735772264365,2.7999999999999998,3.6000000000000001,-8.1999999999999993,2.7999999999999998,TRAVEL,YIELD,RUNNING
779,15.58,0,0.71176319419471246,-14.96707279088913,2.7999999999999998,3.6000000000000001,-8.1999999999999993,2.7999999999999998,TRAVEL,YIELD,RUNNING
780,15.6,0,0.72089828570783709,-14.981409809513895,2.7999999999999998,3.6000000000000001,-8.1999999999999993,2.7999999999999998,TRAVEL,YIELD,RUNNING
781,15.619999999999999,0,0.73003337722096173,-14.99574682813866,2.7999999999999998,3.6000000000000001,-8.1999999999999993,2.7999999999999998,TRAVEL,YIELD,RUNNING
782,15.640000000000001,0,0.73916846873408637,-15.010083846763425,2.7999999999999998,3.6000000000000001,-8.1999999999999993,2.7999999999999998,TRAVEL,YIELD,RUNNING
783,15.66,0,0.74830356024721101,-15.024420865388191,2.7999999999999998,3.6000000000000001,-8.1999999999999993,2.7999999999999998,TRAVEL,YIELD,RUNNING
784,15.68,0,0.75743865176033565,-15.038757884012956,2.7999999999999998,3.6000000000000001,-8.1999999999999993,2.7999999999999998,TRAVEL,YIELD,RUNNING
785,15.699999999999999,0,0.76657374327346028,-15.053094902637721,2.7999999999999998,3.6000000000000001,-8.1999999999999993,2.7999999999999998,TRAVEL,YIELD,RUNNING
786,15.720000000000001,0,0.77570883478658492,-15.067431921262486,2.7999999999999998,3.6000000000000001,-8.1999999999999993,2.7999999999999998,TRAVEL,YIELD,RUNNING
787,15.74,0,0.78484392629970956,-15.081768939887251,2.7999999999999998,3.6000000000000001,-8.1999999999999993,2.7999999999999998,TRAVEL,YIELD,RUNNING
788,15.76,0,0.7939790178128342,-15.096105958512016,2.7999999999999998,3.6000000000000001,-8.1999999999999993,2.7999999999999998,TRAVEL,YIELD,RUNNING
789,15.779999999999999,0,0.80311410932595884,-15.110442977136781,2.7999999999999998,3.6000000000000001,-8.1999999999999993,2.7999999999999998,TRAVEL,YIELD,RUNNING
790,15.800000000000001,0,0.81224920083908347,-15.124779995761546,2.7999999999999998,3.6000000000000001,-8.1999999999999993,2.7999999999999998,TRAVEL,YIELD,RUNNING
791,15.82,0,0.82138429235220811,-15.139117014386311,2.7999999999999998,3.6000000000000001,-8.1999999999999993,2.7999999999999998,TRAVEL,YIELD,RUNNING
792,15.84,0,0.83051938386533275,-15.153454033011077,2.7999999999999998,3.6000000000000001,-8.1999999999999993,2.7999999999999998,TRAVEL,YIELD,RUNNING
793,15.859999999999999,0,0.83965447537845739,-15.167791051635842,2.7999999999999998,3.6000000000000001,-8.1999999999999993,2.7999999999999998,TRAVEL,YIELD,RUNNING
794,15.880000000000001,0,0.84878956689158203,-15.182128070260607,2.7999999999999998,3.6000000000000001,-8.1999999999999993,2.7999999999999998,TRAVEL,YIELD,RUNNING
795,15.9,0,0.85792465840470666,-15.196465088885372,2.7999999999999998,3.6000000000000001,-8.1999999999999993,2.7999999999999998,TRAVEL,YIELD,RUNNING
796,15.92,0,0.8670597499178313,-15.210802107510137,2.7999999999999998,3.6000000000000001,-8.1999999999999993,2.7999999999999998,TRAVEL,YIELD,RUNNING
797,15.94,0,0.87619484143095594,-15.225139126134902,2.7999999999999998,3.6000000000000001,-8.1999999999999993,2.7999999999999998,TRAVEL,YIELD,RUNNING
798,15.960000000000001,0,0.88532993294408058,-15.239476144759667,2.7999999999999998,3.6000000000000001,-8.1999999999999993,2.7999999999999998,TRAVEL,YIELD,RUNNING
799,15.98,0,0.89446502445720522,-15.253813163384432,2.7999999999999998,3.6000000000000001,-8.1999999999999993,2.7999999999999998,TRAVEL,YIELD,RUNNING
800,16,0,0.90360011597032985,-15.268150182009197,2.7999999999999998,3.6000000000000001,-8.1999999999999993,2.7999999999999998,TRAVEL,YIELD,RUNNING
801,16.02,0,0.91273520748345449,-15.282487200633962,2.7999999999999998,3.6000000000000001,-8.1999999999999993,2.7999999999999998,TRAVEL,YIELD,RUNNING
802,16.039999999999999,0,0.92187029899657913,-15.296824219258728,2.7999999999999998,3.6000000000000001,-8.1999999999999993,2.7999999999999998,TRAVEL,YIELD,RUNNING
803,16.059999999999999,0,0.93100539050970377,-15.311161237883493,2.7999999999999998,3.6000000000000001,-8.1999999999999993,2.7999999999999998,TRAVEL,YIELD,RUNNING
804,16.079999999999998,0,0.94014048202282841,-15.325498256508258,2.7999999999999998,3.6000000000000001,-8.1999999999999993,2.7999999999999998,TRAVEL,YIELD,RUNNING
805,16.100000000000001,0,0.94927557353595304,-15.339835275133023,2.7999999999999998,3.6000000000000001,-8.1999999999999993,2.7999999999999998,TRAVEL,YIELD,RUNNING
806,16.120000000000001,0,0.95841066504907768,-15.354172293757788,2.7999999999999998,3.6000000000000001,-8.1999999999999993,2.7999999999999998,TRAVEL,YIELD,RUNNING
807,16.140000000000001,0,0.96754575656220232,-15.368509312382553,2.7999999999999998,3.6000000000000001,-8.1999999999999993,2.7999999999999998,TRAVEL,YIELD,RUNNING
808,16.16,0,0.97668084807532696,-15.382846331007318,2.7999999999999998,3.6000000000000001,-8.1999999999999993,2.7999999999999998,TRAVEL,YIELD,RUNNING
809,16.18,0,0.9858159395884516,-15.397183349632083,2.7999999999999998,3.6000000000000001,-8.1999999999999993,2.7999999999999998,TRAVEL,YIELD,RUNNING
810,16.199999999999999,0,0.99495103110157623,-15.411520368256848,2.7999999999999998,3.6000000000000001,-8.1999999999999993,2.7999999999999998,TRAVEL,YIELD,RUNNING
811,16.219999999999999,0,1.0040861226147009,-15.425857386881614,2.7999999999999998,3.6000000000000001,-8.1999999999999993,2.7999999999999998,TRAVEL,YIELD,RUNNING
812,16.239999999999998,0,1.0132212141278254,-15.440194405506379,2.7999999999999998,3.6000000000000001,-8.1999999999999993,2.7999999999999998,TRAVEL,YIELD,RUNNING
813,16.260000000000002,0,1.0223563056409499,-15.454531424131144,2.7999999999999998,3.6000000000000001,-8.1999999999999993,2.7999999999999998,TRAVEL,YIELD,RUNNING
814,16.280000000000001,0,1.0314913971540745,-15.468868442755909,2.7999999999999998,3.6000000000000001,-8.1999999999999993,2.7999999999999998,TRAVEL,YIELD,RUNNING
815,16.300000000000001,0,1.040626488667199,-15.483205461380674,2.7999999999999998,3.6000000000000001,-8.1999999999999993,2.7999999999999998,TRAVEL,YIELD,RUNNING
816,16.32,0,1.0497615801803235,-15.497542480005439,2.7999999999999998,3.6000000000000001,-8.1999999999999993,2.7999999999999998,TRAVEL,YIELD,RUNNING
817,16.34,0,1.058896671693448,-15.511879498630204,2.7999999999999998,3.6000000000000001,-8.1999999999999993,2.7999999999999998,TRAVEL,YIELD,RUNNING
818,16.359999999999999,0,1.0680317632065726,-15.526216517254969,2.7999999999999998,3.6000000000000001,-8.1999999999999993,2.7999999999999998,TRAVEL,YIELD,RUNNING
819,16.379999999999999,0,1.0771668547196971,-15.540553535879734,2.7999999999999998,3.6000000000000001,-8.1999999999999993,2.7999999999999998,TRAVEL,YIELD,RUNNING
820,16.399999999999999,0,1.0863019462328216,-15.5548905545045,2.7999999999999998,3.6000000000000001,-8.1999999999999993,2.7999999999999998,TRAVEL,YIELD,RUNNING
821,16.420000000000002,0,1.0954370377459464,-15.569227573129265,2.7999999999999998,3.6000000000000001,-8.1999999999999993,2.7999999999999998,TRAVEL,YIELD,RUNNING
822,16.440000000000001,0,1.1045721292590711,-15.58356459175403,2.7999999999999998,3.6000000000000001,-8.1999999999999993,2.7999999999999998,TRAVEL,YIELD,RUNNING
823,16.460000000000001,0,1.1137072207721959,-15.597901610378795,2.7999999999999998,3.6000000000000001,-8.1999999999999993,2.7999999999999998,TRAVEL,YIELD,RUNNING
824,16.48,0,1.1228423122853206,-15.61223862900356,2.7999999999999998,3.6000000000000001,-8.1999999999999993,2.7999999999999998,TRAVEL,YIELD,RUNNING
825,16.5,0,1.1319774037984454,-15.626575647628325,2.7999999999999998,3.6000000000000001,-8.1999999999999993,2.7999999999999998,TRAVEL,YIELD,RUNNING
826,16.52,0,1.1411124953115701,-15.64091266625309,2.7999999999999998,3.6000000000000001,-8.1999999999999993,2.7999999999999998,TRAVEL,YIELD,RUNNING
827,16.539999999999999,0,1.1502475868246949,-15.655249684877855,2.7999999999999998,3.6000000000000001,-8.1999999999999993,2.7999999999999998,TRAVEL,YIELD,RUNNING
828,16.559999999999999,0,1.1593826783378196,-15.66958670350262,2.7999999999999998,3.6000000000000001,-8.1999999999999993,2.7999999999999998,TRAVEL,YIELD,RUNNING
829,16.579999999999998,0,1.1685177698509444,-15.683923722127386,2.7999999999999998,3.6000000000000001,-8.1999999999999993,2.7999999999999998,TRAVEL,YIELD,RUNNING
830,16.600000000000001,0,1.1776528613640691,-15.698260740752151,2.7999999999999998,3.6000000000000001,-8.1999999999999993,2.7999999999999998,TRAVEL,YIELD,RUNNING
831,16.620000000000001,0,1.1867879528771939,-15.712597759376916,2.7999999999999998,3.6000000000000001,-8.1999999999999993,2.7999999999999998,TRAVEL,YIELD,RUNNING
832,16.640000000000001,0,1.1959230443903186,-15.726934778001681,2.7999999999999998,3.6000000000000001,-8.1999999999999993,2.7999999999999998,TRAVEL,YIELD,RUNNING
833,16.66,0,1.2050581359034434,-15.741271796626446,2.7999999999999998,3.6000000000000001,-8.1999999999999993,2.7999999999999998,TRAVEL,YIELD,RUNNING
834,16.68,0,1.2141932274165681,-15.755608815251211,2.7999999999999998,3.6000000000000001,-8.1999999999999993,2.7999999999999998,TRAVEL,YIELD,RUNNING
835,16.699999999999999,0,1.2233283189296928,-15.769945833875976,2.7999999999999998,3.6000000000000001,-8.1999999999999993,2.7999999999999998,TRAVEL,YIELD,RUNNING
836,16.719999999999999,0,1.2324634104428176,-15.784282852500741,2.7999999999999998,3.6000000000000001,-8.1999999999999993,2.7999999999999998,TRAVEL,YIELD,RUNNING
837,16.739999999999998,0,1.2415985019559423,-15.798619871125506,2.7999999999999998,3.6000000000000001,-8.1999999999999993,2.7999999999999998,TRAVEL,YIELD,RUNNING
838,16.760000000000002,0,1.2507335934690671,-15.812956889750271,2.7999999999999998,3.6000000000000001,-8.1999999999999993,2.7999999999999998,TRAVEL,TRAVEL,RUNNING
839,16.780000000000001,0,1.2598686849821918,-15.827293908375037,2.7999999999999998,3.5908649084868758,-8.2143370186247644,2.7999999999999998,TRAVEL,TRAVEL,RUNNING
840,16.800000000000001,0,1.2690037764953166,-15.841630926999802,2.7999999999999998,3.5817298169737515,-8.2286740372495295,2.7999999999999998,TRAVEL,TRAVEL,RUNNING
841,16.82,0,1.2781388680084413,-15.855967945624567,2.7999999999999998,3.5725947254606272,-8.2430110558742946,2.7999999999999998,TRAVEL,TRAVEL,RUNNING
842,16.84,0,1.2872739595215661,-15.870304964249332,2.7999999999999998,3.5634596339475029,-8.2573480744990597,2.7999999999999998,TRAVEL,TRAVEL,RUNNING
843,16.859999999999999,0,1.2964090510346908,-15.884641982874097,2.7999999999999998,3.5543245424343786,-8.2716850931238248,2.7999999999999998,TRAVEL,TRAVEL,RUNNING
844,16.879999999999999,0,1.3055441425478156,-15.898979001498862,2.7999999999999998,3.5451894509212543,-8.2860221117485899,2.7999999999999998,TRAVEL,TRAVEL,RUNNING
845,16.899999999999999,0,1.3146792340609403,-15.913316020123627,2.7999999999999998,3.53605435940813,-8.300359130373355,2.7999999999999998,TRAVEL,TRAVEL,RUNNING
846,16.920000000000002,0,1.3238143255740651,-15.927653038748392,2.7999999999999998,3.5269192678950056,-8.3146961489981202,2.7999999999999998,TRAVEL,TRAVEL,RUNNING
847,16.940000000000001,0,1.3329494170871898,-15.941990057373157,2.7999999999999998,3.5177841763818813,-8.3290331676228853,2.7999999999999998,TRAVEL,TRAVEL,RUNNING
848,16.960000000000001,0,1.3420845086003146,-15.956327075997923,2.7999999999999998,3.508649084868757,-8.3433701862476504,2.7999999999999998,TRAVEL,TRAVEL,RUNNING
849,16.98,0,1.3512196001134393,-15.970664094622688,2.7999999999999998,3.4995139933556327,-8.3577072048724155,2.7999999999999998,TRAVEL,TRAVEL,RUNNING
850,17,0,1.3603546916265641,-15.985001113247453,2.7999999999999998,3.4903789018425084,-8.3720442234971806,2.7999999999999998,TRAVEL,TRAVEL,RUNNING
851,17.02,0,1.3694897831396888,-15.999338131872218,2.7999999999999998,3.4812438103293841,-8.3863812421219457,2.7999999999999998,TRAVEL,TRAVEL,RUNNING
852,17.039999999999999,0,1.3786248746528136,-16.013675150496983,2.7999999999999998,3.4721087188162598,-8.4007182607467108,2.7999999999999998,TRAVEL,TRAVEL,RUNNING
853,17.059999999999999,0,1.3877599661659383,-16.028012169121748,2.7999999999999998,3.4629736273031355,-8.4150552793714759,2.7999999999999998,TRAVEL,TRAVEL,RUNNING
854,17.079999999999998,0,1.3968950576790631,-16.042349187746513,2.7999999999999998,3.4538385357900112,-8.429392297996241,2.7999999999999998,TRAVEL,TRAVEL,RUNNING
855,17.100000000000001,0,1.4060301491921878,-16.056686206371278,2.7999999999999998,3.4447034442768869,-8.4437293166210061,2.7999999999999998,TRAVEL,TRAVEL,RUNNING
856,17.120000000000001,0,1.4151652407053126,-16.071023224996043,2.7999999999999998,3.4355683527637626,-8.4580663352457712,2.7999999999999998,TRAVEL,TRAVEL,RUNNING
857,17.140000000000001,0,1.4243003322184373,-16.085360243620809,2.7999999999999998,3.4264332612506383,-8.4724033538705363,2.7999999999999998,TRAVEL,TRAVEL,RUNNING
858,17.16,0,1.4334354237315621,-16.099697262245574,2.7999999999999998,3.417298169737514,-8.4867403724953014,2.7999999999999998,TRAVEL,TRAVEL,RUNNING
859,17.18,0,1.4425705152446868,-16.114034280870339,2.7999999999999998,3.4081630782243897,-8.5010773911200666,2.7999999999999998,TRAVEL,TRAVEL,RUNNING
860,17.199999999999999,0,1.4517056067578116,-16.128371299495104,2.7999999999999998,3.3990279867112654,-8.5154144097448317,2.7999999999999998,TRAVEL,TRAVEL,RUNNING
861,17.219999999999999,0,1.4608406982709363,-16.142708318119869,2.7999999999999998,3.3898928951981411,-8.5297514283695968,2.7999999999999998,TRAVEL,TRAVEL,RUNNING
862,17.239999999999998,0,1.4699757897840611,-16.157045336744634,2.7999999999999998,3.3807578036850168,-8.5440884469943619,2.7999999999999998,TRAVEL,TRAVEL,RUNNING
863,17.260000000000002,0,1.4791108812971858,-16.171382355369399,2.7999999999999998,3.3716227121718925,-8.558425465619127,2.7999999999999998,TRAVEL,TRAVEL,RUNNING
864,17.280000000000001,0,1.4882459728103106,-16.185719373994164,2.7999999999999998,3.3624876206587682,-8.5727624842438921,2.7999999999999998,TRAVEL,TRAVEL,RUNNING
865,17.300000000000001,0,1.4973810643234353,-16.200056392618929,2.7999999999999998,3.3533525291456439,-8.5870995028686572,2.7999999999999998,TRAVEL,TRAVEL,RUNNING
866,17.32,0,1.5065161558365601,-16.214393411243694,2.7999999999999998,3.3442174376325196,-8.6014365214934223,2.7999999999999998,TRAVEL,TRAVEL,RUNNING
867,17.34,0,1.5156512473496848,-16.22873042986846,2.7999999999999998,3.3350823461193952,-8.6157735401181874,2.7999999999999998,TRAVEL,TRAVEL,RUNNING
868,17.359999999999999,0,1.5247863388628096,-16.243067448493225,2.7999999999999998,3.3259472546062709,-8.6301105587429525,2.7999999999999998,TRAVEL,TRAVEL,RUNNING
869,17.379999999999999,0,1.5339214303759343,-16.25740446711799,2.7999999999999998,3.3168121630931466,-8.6444475773677176,2.7999999999999998,TRAVEL,TRAVEL,RUNNING
870,17.399999999999999,0,1.5430565218890591,-16.271741485742755,2.7999999999999998,3.3076770715800223,-8.6587845959924827,2.7999999999999998,TRAVEL,TRAVEL,RUNNING
871,17.420000000000002,0,1.5521916134021838,-16.28607850436752,2.7999999999999998,3.298541980066898,-8.6731216146172478,2.7999999999999998,TRAVEL,TRAVEL,RUNNING
872,17.440000000000001,0,1.5613267049153086,-16.300415522992285,2.7999999999999998,3.2894068885537737,-8.687458633242013,2.7999999999999998,TRAVEL,TRAVEL,RUNNING
873,17.460000000000001,0,1.5704617964284333,-16.31475254161705,2.7999999999999998,3.2802717970406494,-8.7017956518667781,2.7999999999999998,TRAVEL,TRAVEL,RUNNING
874,17.48,0,1.5795968879415581,-16.329089560241815,2.7999999999999998,3.2711367055275251,-8.7161326704915432,2.7999999999999998,TRAVEL,TRAVEL,RUNNING
875,17.5,0,1.5887319794546828,-16.34342657886658,2.7999999999999998,3.2620016140144008,-8.7304696891163083,2.7999999999999998,TRAVEL,TRAVEL,RUNNING
876,17.52,0,1.5978670709678076,-16.357763597491346,2.7999999999999998,3.2528665225012765,-8.7448067077410734,2.7999999999999998,TRAVEL,TRAVEL,RUNNING
877,17.539999999999999,0,1.6070021624809323,-16.372100616116111,2.7999999999999998,3.2437314309881522,-8.7591437263658385,2.7999999999999998,TRAVEL,TRAVEL,RUNNING
878,17.559999999999999,0,1.6161372539940571,-16.386437634740876,2.7999999999999998,3.2345963394750279,-8.7734807449906036,2.7999999999999998,TRAVEL,TRAVEL,RUNNING
879,17.579999999999998,0,1.6252723455071818,-16.400774653365641,2.7999999999999998,3.2254612479619036,-8.7878177636153687,2.7999999999999998,TRAVEL,TRAVEL,RUNNING
880,17.600000000000001,0,1.6344074370203066,-16.415111671990406,2.7999999999999998,3.2163261564487793,-8.8021547822401338,2.7999999999999998,TRAVEL,TRAVEL,RUNNING
881,17.620000000000001,0,1.6435425285334313,-16.429448690615171,2.7999999999999998,3.207191064935655,-8.8164918008648989,2.7999999999999998,TRAVEL,TRAVEL,RUNNING
882,17.640000000000001,0,1.6526776200465561,-16.443785709239936,2.7999999999999998,3.1980559734225307,-8.830828819489664,2.7999999999999998,TRAVEL,TRAVEL,RUNNING
883,17.66,0,1.6618127115596808,-16.458122727864701,2.7999999999999998,3.1889208819094064,-8.8451658381144291,2.7999999999999998,TRAVEL,TRAVEL,RUNNING
884,17.68,0,1.6709478030728055,-16.472459746489466,2.7999999999999998,3.1797857903962821,-8.8595028567391942,2.7999999999999998,TRAVEL,TRAVEL,RUNNING
885,17.699999999999999,0,1.6800828945859303,-16.486796765114232,2.7999999999999998,3.1706506988831578,-8.8738398753639594,2.7999999999999998,TRAVEL,TRAVEL,RUNNING
886,17.719999999999999,0,1.689217986099055,-16.501133783738997,2.7999999999999998,3.1615156073700335,-8.8881768939887245,2.7999999999999998,TRAVEL,TRAVEL,RUNNING
887,17.739999999999998,0,1.6983530776121798,-16.515470802363762,2.7999999999999998,3.1523805158569091,-8.9025139126134896,2.7999999999999998,TRAVEL,TRAVEL,RUNNING
888,17.760000000000002,0,1.7074881691253045,-16.529807820988527,2.7999999999999998,3.1432454243437848,-8.9168509312382547,2.7999999999999998,TRAVEL,TRAVEL,RUNNING
889,17.780000000000001,0,1.7166232606384293,-16.544144839613292,2.7999999999999998,3.1341103328306605,-8.9311879498630198,2.7999999999999998,TRAVEL,TRAVEL,RUNNING
890,17.800000000000001,0,1.725758352151554,-16.558481858238057,2.7999999999999998,3.1249752413175362,-8.9455249684877849,2.7999999999999998,TRAVEL,TRAVEL,RUNNING
891,17.82,0,1.7348934436646788,-16.572818876862822,2.7999999999999998,3.1158401498044119,-8.95986198711255,2.7999999999999998,TRAVEL,TRAVEL,RUNNING
892,17.84,0,1.7440285351778035,-16.587155895487587,2.7999999999999998,3.1067050582912876,-8.9741990057373151,2.7999999999999998,TRAVEL,TRAVEL,RUNNING
893,17.859999999999999,0,1.7531636266909283,-16.601492914112352,2.7999999999999998,3.0975699667781633,-8.9885360243620802,2.7999999999999998,TRAVEL,TRAVEL,RUNNING
894,17.879999999999999,0,1.762298718204053,-16.615829932737118,2.7999999999999998,3.088434875265039,-9.0028730429868453,2.7999999999999998,TRAVEL,TRAVEL,RUNNING
895,17.899999999999999,0,1.7714338097171778,-16.630166951361883,2.7999999999999998,3.0792997837519147,-9.0172100616116104,2.7999999999999998,TRAVEL,TRAVEL,RUNNING
896,17.920000000000002,0,1.7805689012303025,-16.644503969986648,2.7999999999999998,3.0701646922387904,-9.0315470802363755,2.7999999999999998,TRAVEL,TRAVEL,RUNNING
897,17.940000000000001,0,1.7897039927434273,-16.658840988611413,2.7999999999999998,3.0610296007256661,-9.0458840988611406,2.7999999999999998,TRAVEL,TRAVEL,RUNNING
898,17.960000000000001,0,1.798839084256552,-16.673178007236178,2.7999999999999998,3.0518945092125418,-9.0602211174859058,2.7999999999999998,TRAVEL,TRAVEL,RUNNING
899,17.98,0,1.8079741757696768,-16.687515025860943,2.7999999999999998,3.0427594176994175,-9.0745581361106709,2.7999999999999998,TRAVEL,TRAVEL,RUNNING
900,18,0,1.8171092672828015,-16.701852044485708,2.7999999999999998,3.0336243261862932,-9.088895154735436,2.7999999999999998,TRAVEL,TRAVEL,RUNNING
901,18.02,0,1.8262443587959263,-16.716189063110473,2.7999999999999998,3.0244892346731689,-9.1032321733602011,2.7999999999999998,TRAVEL,TRAVEL,RUNNING
902,18.039999999999999,0,1.835379450309051,-16.730526081735238,2.7999999999999998,3.0153541431600446,-9.1175691919849662,2.7999999999999998,TRAVEL,TRAVEL,RUNNING
903,18.059999999999999,0,1.8445145418221758,-16.744863100360003,2.7999999999999998,3.0062190516469203,-9.1319062106097313,2.7999999999999998,TRAVEL,TRAVEL,RUNNING
904,18.079999999999998,0,1.8536496333353005,-16.759200118984769,2.7999999999999998,2.997083960133796,-9.1462432292344964,2.7999999999999998,TRAVEL,TRAVEL,RUNNING
905,18.100000000000001,0,1.8627847248484253,-16.773537137609534,2.7999999999999998,2.9879488686206717,-9.1605802478592615,2.7999999999999998,TRAVEL,TRAVEL,RUNNING
906,18.120000000000001,0,1.87191981636155,-16.787874156234299,2.7999999999999998,2.9788137771075474,-9.1749172664840266,2.7999999999999998,TRAVEL,TRAVEL,RUNNING
907,18.140000000000001,0,1.8810549078746748,-16.802211174859064,2.7999999999999998,2.9696786855944231,-9.1892542851087917,2.7999999999999998,TRAVEL,TRAVEL,RUNNING
908,18.16,0,1.8901899993877995,-16.816548193483829,2.7999999999999998,2.9605435940812987,-9.2035913037335568,2.7999999999999998,TRAVEL,TRAVEL,RUNNING
909,18.18,0,1.8993250909009243,-16.830885212108594,2.7999999999999998,2.9514085025681744,-9.2179283223583219,2.7999999999999998,TRAVEL,TRAVEL,RUNNING
910,18.199999999999999,0,1.908460182414049,-16.845222230733359,2.7999999999999998,2.9422734110550501,-9.232265340983087,2.7999999999999998,TRAVEL,TRAVEL,RUNNING
911,18.219999999999999,0,1.9175952739271738,-16.859559249358124,2.7999999999999998,2.9331383195419258,-9.2466023596078522,2.7999999999999998,TRAVEL,TRAVEL,RUNNING
912,18.239999999999998,0,1.9267303654402985,-16.873896267982889,2.7999999999999998,2.9240032280288015,-9.2609393782326173,2.7999999999999998,TRAVEL,TRAVEL,RUNNING
913,18.260000000000002,0,1.9358654569534233,-16.888233286607655,2.7999999999999998,2.9148681365156772,-9.2752763968573824,2.7999999999999998,TRAVEL,TRAVEL,RUNNING
914,18.280000000000001,0,1.945000548466548,-16.90257030523242,2.7999999999999998,2.9057330450025529,-9.2896134154821475,2.7999999999999998,TRAVEL,TRAVEL,RUNNING
915,18.300000000000001,0,1.9541356399796728,-16.916907323857185,2.7999999999999998,2.8965979534894286,-9.3039504341069126,2.7999999999999998,TRAVEL,TRAVEL,RUNNING
916,18.32,0,1.9632707314927975,-16.93124434248195,2.7999999999999998,2.8874628619763043,-9.3182874527316777,2.7999999999999998,TRAVEL,TRAVEL,RUNNING
917,18.34,0,1.9724058230059223,-16.945581361106715,2.7999999999999998,2.87832777046318,-9.3326244713564428,2.7999999999999998,TRAVEL,TRAVEL,RUNNING
918,18.359999999999999,0,1.981540914519047,-16.95991837973148,2.7999999999999998,2.8691926789500557,-9.3469614899812079,2.7999999999999998,TRAVEL,TRAVEL,RUNNING
919,18.379999999999999,0,1.9906760060321718,-16.974255398356245,2.7999999999999998,2.8600575874369314,-9.361298508605973,2.7999999999999998,TRAVEL,TRAVEL,RUNNING
920,18.399999999999999,0,1.9998110975452965,-16.98859241698101,2.7999999999999998,2.8509224959238071,-9.3756355272307381,2.7999999999999998,TRAVEL,TRAVEL,RUNNING
921,18.420000000000002,0,2.0089461890584213,-17.002929435605775,2.7999999999999998,2.8417874044106828,-9.3899725458555032,2.7999999999999998,TRAVEL,TRAVEL,RUNNING
922,18.440000000000001,0,2.018081280571546,-17.017266454230541,2.7999999999999998,2.8326523128975585,-9.4043095644802683,2.7999999999999998,TRAVEL,TRAVEL,RUNNING
923,18.460000000000001,0,2.0272163720846708,-17.031603472855306,2.7999999999999998,2.8235172213844342,-9.4186465831050334,2.7999999999999998,TRAVEL,TRAVEL,RUNNING
924,18.48,0,2.0363514635977955,-17.045940491480071,2.7999999999999998,2.8143821298713099,-9.4329836017297986,2.7999999999999998,TRAVEL,TRAVEL,RUNNING
925,18.5,0,2.0454865551109203,-17.060277510104836,2.7999999999999998,2.8052470383581856,-9.4473206203545637,2.7999999999999998,TRAVEL,TRAVEL,RUNNING
926,18.52,0,2.054621646624045,-17.074614528729601,2.7999999999999998,2.7961119468450613,-9.4616576389793288,2.7999999999999998,TRAVEL,TRAVEL,RUNNING
927,18.539999999999999,0,2.0637567381371698,-17.088951547354366,2.7999999999999998,2.786976855331937,-9.4759946576040939,2.7999999999999998,TRAVEL,TRAVEL,RUNNING
928,18.559999999999999,0,2.0728918296502945,-17.103288565979131,2.7999999999999998,2.7778417638188126,-9.490331676228859,2.7999999999999998,TRAVEL,TRAVEL,RUNNING
929,18.579999999999998,0,2.0820269211634193,-17.117625584603896,2.7999999999999998,2.7687066723056883,-9.5046686948536241,2.7999999999999998,TRAVEL,TRAVEL,RUNNING
930,18.600000000000001,0,2.091162012676544,-17.131962603228661,2.7999999999999998,2.759571580792564,-9.5190057134783892,2.7999999999999998,TRAVEL,TRAVEL,RUNNING
931,18.620000000000001,0,2.1002971041896688,-17.146299621853426,2.7999999999999998,2.7504364892794397,-9.5333427321031543,2.7999999999999998,TRAVEL,TRAVEL,RUNNING
932,18.640000000000001,0,2.1094321957027935,-17.160636640478192,2.7999999999999998,2.7413013977663154,-9.5476797507279194,2.7999999999999998,TRAVEL,TRAVEL,RUNNING
933,18.66,0,2.1185672872159182,-17.174973659102957,2.7999999999999998,2.7321663062531911,-9.5620167693526845,2.7999999999999998,TRAVEL,TRAVEL,RUNNING
934,18.68,0,2.127702378729043,-17.189310677727722,2.7999999999999998,2.7230312147400668,-9.5763537879774496,2.7999999999999998,TRAVEL,TRAVEL,RUNNING
935,18.699999999999999,0,2.1368374702421677,-17.203647696352487,2.7999999999999998,2.7138961232269425,-9.5906908066022147,2.7999999999999998,TRAVEL,TRAVEL,RUNNING
936,18.719999999999999,0,2.1459725617552925,-17.217984714977252,2.7999999999999998,2.7047610317138182,-9.6050278252269798,2.7999999999999998,TRAVEL,TRAVEL,RUNNING
937,18.739999999999998,0,2.1551076532684172,-17.232321733602017,2.7999999999999998,2.6956259402006939,-9.619364843851745,2.7999999999999998,TRAVEL,TRAVEL,RUNNING
938,18.760000000000002,0,2.164242744781542,-17.246658752226782,2.7999999999999998,2.6864908486875696,-9.6337018624765101,2.7999999999999998,TRAVEL,TRAVEL,RUNNING
939,18.780000000000001,0,2.1733778362946667,-17.260995770851547,2.7999999999999998,2.6773557571744453,-9.6480388811012752,2.7999999999999998,TRAVEL,TRAVEL,RUNNING
940,18.800000000000001,0,2.1825129278077915,-17.275332789476312,2.7999999999999998,2.668220665661321,-9.6623758997260403,2.7999999999999998,TRAVEL,TRAVEL,RUNNING
941,18.82,0,2.1916480193209162,-17.289669808101078,2.7999999999999998,2.6590855741481967,-9.6767129183508054,2.7999999999999998,TRAVEL,TRAVEL,RUNNING
942,18.84,0,2.200783110834041,-17.304006826725843,2.7999999999999998,2.6499504826350724,-9.6910499369755705,2.7999999999999998,TRAVEL,TRAVEL,RUNNING
943,18.859999999999999,0,2.2099182023471657,-17.318343845350608,2.7999999999999998,2.6408153911219481,-9.7053869556003356,2.7999999999999998,TRAVEL,TRAVEL,RUNNING
944,18.879999999999999,0,2.2190532938602905,-17.332680863975373,2.7999999999999998,2.6316802996088238,-9.7197239742251007,2.7999999999999998,TRAVEL,TRAVEL,RUNNING
945,18.899999999999999,0,2.2281883853734152,-17.347017882600138,2.7999999999999998,2.6225452080956995,-9.7340609928498658,2.7999999999999998,TRAVEL,TRAVEL,RUNNING
946,18.920000000000002,0,2.23732347688654,-17.361354901224903,2.7999999999999998,2.6134101165825752,-9.7483980114746309,2.7999999999999998,TRAVEL,TRAVEL,RUNNING
947,18.940000000000001,0,2.2464585683996647,-17.375691919849668,2.7999999999999998,2.6042750250694509,-9.762735030099396,2.7999999999999998,TRAVEL,TRAVEL,RUNNING
948,18.960000000000001,0,2.2555936599127895,-17.390028938474433,2.7999999999999998,2.5951399335563266,-9.7770720487241611,2.7999999999999998,TRAVEL,TRAVEL,RUNNING
949,18.98,0,2.2647287514259142,-17.404365957099198,2.7999999999999998,2.5860048420432022,-9.7914090673489262,2.7999999999999998,TRAVEL,TRAVEL,RUNNING
950,19,0,2.273863842939039,-17.418702975723964,2.7999999999999998,2.5768697505300779,-9.8057460859736914,2.7999999999999998,TRAVEL,TRAVEL,RUNNING
951,19.02,0,2.2829989344521637,-17.433039994348729,2.7999999999999998,2.5677346590169536,-9.8200831045984565,2.7999999999999998,TRAVEL,TRAVEL,RUNNING
952,19.039999999999999,0,2.2921340259652885,-17.447377012973494,2.7999999999999998,2.5585995675038293,-9.8344201232232216,2.7999999999999998,TRAVEL,TRAVEL,RUNNING
953,19.059999999999999,0,2.3012691174784132,-17.461714031598259,2.7999999999999998,2.549464475990705,-9.8487571418479867,2.7999999999999998,TRAVEL,TRAVEL,RUNNING
954,19.079999999999998,0,2.310404208991538,-17.476051050223024,2.7999999999999998,2.5403293844775807,-9.8630941604727518,2.7999999999999998,TRAVEL,TRAVEL,RUNNING
955,19.100000000000001,0,2.3195393005046627,-17.490388068847789,2.7999999999999998,2.5311942929644564,-9.8774311790975169,2.7999999999999998,TRAVEL,TRAVEL,RUNNING
956,19.120000000000001,0,2.3286743920177875,-17.504725087472554,2.7999999999999998,2.5220592014513321,-9.891768197722282,2.7999999999999998,TRAVEL,TRAVEL,RUNNING
957,19.140000000000001,0,2.3378094835309122,-17.519062106097319,2.7999999999999998,2.5129241099382078,-9.9061052163470471,2.7999999999999998,TRAVEL,TRAVEL,RUNNING
958,19.16,0,2.346944575044037,-17.533399124722084,2.7999999999999998,2.5037890184250835,-9.9204422349718122,2.7999999999999998,TRAVEL,TRAVEL,RUNNING
959,19.18,0,2.3560796665571617,-17.54773614334685,2.7999999999999998,2.4946539269119592,-9.9347792535965773,2.7999999999999998,TRAVEL,TRAVEL,RUNNING
960,19.199999999999999,0,2.3652147580702865,-17.562073161971615,2.7999999999999998,2.4855188353988349,-9.9491162722213424,2.7999999999999998,TRAVEL,TRAVEL,RUNNING
961,19.219999999999999,0,2.3743498495834112,-17.57641018059638,2.7999999999999998,2.4763837438857106,-9.9634532908461075,2.7999999999999998,TRAVEL,TRAVEL,RUNNING
962,19.239999999999998,0,2.383484941096536,-17.590747199221145,2.7999999999999998,2.4672486523725863,-9.9777903094708726,2.7999999999999998,TRAVEL,TRAVEL,RUNNING
963,19.260000000000002,0,2.3926200326096607,-17.60508421784591,2.7999999999999998,2.458113560859462,-9.9921273280956378,2.7999999999999998,TRAVEL,TRAVEL,RUNNING
964,19.280000000000001,0,2.4017551241227855,-17.619421236470675,2.7999999999999998,2.4489784693463377,-10.006464346720403,2.7999999999999998,TRAVEL,TRAVEL,RUNNING
965,19.300000000000001,0,2.4108902156359102,-17.63375825509544,2.7999999999999998,2.4398433778332134,-10.020801365345168,2.7999999999999998,TRAVEL,TRAVEL,RUNNING
966,19.32,0,2.420025307149035,-17.648095273720205,2.7999999999999998,2.4307082863200891,-10.035138383969933,2.7999999999999998,TRAVEL,TRAVEL,RUNNING
967,19.34,0,2.4291603986621597,-17.66243229234497,2.7999999999999998,2.4215731948069648,-10.049475402594698,2.7999999999999998,TRAVEL,TRAVEL,RUNNING
968,19.359999999999999,0,2.4382954901752845,-17.676769310969735,2.7999999999999998,2.4124381032938405,-10.063812421219463,2.7999999999999998,TRAVEL,TRAVEL,RUNNING
969,19.379999999999999,0,2.4474305816884097,-17.691106329594501,2.7999999999999998,2.4033030117807161,-10.078149439844228,2.7999999999999998,TRAVEL,TRAVEL,RUNNING
970,19.399999999999999,0,2.4565656732015348,-17.705443348219266,2.7999999999999998,2.3941679202675918,-10.092486458468994,2.7999999999999998,TRAVEL,TRAVEL,RUNNING
971,19.420000000000002,0,2.46570076471466,-17.719780366844031,2.7999999999999998,2.3850328287544675,-10.106823477093759,2.7999999999999998,TRAVEL,TRAVEL,RUNNING
972,19.440000000000001,0,2.4748358562277852,-17.734117385468796,2.7999999999999998,2.3758977372413432,-10.121160495718524,2.7999999999999998,TRAVEL,TRAVEL,RUNNING
973,19.460000000000001,0,2.4839709477409104,-17.748454404093561,2.7999999999999998,2.3667626457282189,-10.135497514343289,2.7999999999999998,TRAVEL,TRAVEL,RUNNING
974,19.48,0,2.4931060392540356,-17.762791422718326,2.7999999999999998,2.3576275542150946,-10.149834532968054,2.7999999999999998,TRAVEL,TRAVEL,RUNNING
975,19.5,0,2.5022411307671608,-17.777128441343091,2.7999999999999998,2.3484924627019703,-10.164171551592819,2.7999999999999998,TRAVEL,TRAVEL,RUNNING
976,19.52,0,2.511376222280286,-17.791465459967856,2.7999999999999998,2.339357371188846,-10.178508570217584,2.7999999999999998,TRAVEL,TRAVEL,RUNNING
977,19.539999999999999,0,2.5205113137934112,-17.805802478592621,2.7999999999999998,2.3302222796757217,-10.192845588842349,2.7999999999999998,TRAVEL,TRAVEL,RUNNING
978,19.559999999999999,0,2.5296464053065364,-17.820139497217387,2.7999999999999998,2.3210871881625974,-10.207182607467114,2.7999999999999998,TRAVEL,TRAVEL,RUNNING
979,19.579999999999998,0,2.5387814968196616,-17.834476515842152,2.7999999999999998,2.3119520966494731,-10.221519626091879,2.7999999999999998,TRAVEL,TRAVEL,RUNNING
980,19.600000000000001,0,2.5479165883327868,-17.848813534466917,2.7999999999999998,2.3028170051363488,-10.235856644716645,2.7999999999999998,TRAVEL,TRAVEL,RUNNING
981,19.620000000000001,0,2.557051679845912,-17.863150553091682,2.7999999999999998,2.2936819136232245,-10.25019366334141,2.7999999999999998,TRAVEL,TRAVEL,RUNNING
982,19.640000000000001,0,2.5661867713590372,-17.877487571716447,2.7999999999999998,2.2845468221101002,-10.264530681966175,2.7999999999999998,TRAVEL,TRAVEL,RUNNING
983,19.66,0,2.5753218628721624,-17.891824590341212,2.7999999999999998,2.2754117305969759,-10.27886770059094,2.7999999999999998,TRAVEL,TRAVEL,RUNNING
984,19.68,0,2.5844569543852876,-17.906161608965977,2.7999999999999998,2.2662766390838516,-10.293204719215705,2.7999999999999998,TRAVEL,TRAVEL,RUNNING
985,19.699999999999999,0,2.5935920458984127,-17.920498627590742,2.7999999999999998,2.2571415475707273,-10.30754173784047,2.7999999999999998,TRAVEL,TRAVEL,RUNNING
986,19.719999999999999,0,2.6027271374115379,-17.934835646215507,2.7999999999999998,2.248006456057603,-10.321878756465235,2.7999999999999998,TRAVEL,TRAVEL,RUNNING
987,19.739999999999998,0,2.6118622289246631,-17.949172664840273,2.7999999999999998,2.2388713645444787,-10.33621577509,2.7999999999999998,TRAVEL,TRAVEL,RUNNING
988,19.760000000000002,0,2.6209973204377883,-17.963509683465038,2.7999999999999998,2.2297362730313544,-10.350552793714765,2.7999999999999998,TRAVEL,TRAVEL,RUNNING
989,19.780000000000001,0,2.6301324119509135,-17.977846702089803,2.7999999999999998,2.22060118151823,-10.364889812339531,2.7999999999999998,TRAVEL,TRAVEL,RUNNING
990,19.800000000000001,0,2.6392675034640387,-17.992183720714568,2.7999999999999998,2.2114660900051057,-10.379226830964296,2.7999999999999998,TRAVEL,TRAVEL,RUNNING
991,19.82,0,2.6484025949771639,-18.006520739339333,2.7999999999999998,2.2023309984919814,-10.393563849589061,2.7999999999999998,TRAVEL,TRAVEL,RUNNING
992,19.84,0,2.6575376864902891,-18.020857757964098,2.7999999999999998,2.1931959069788571,-10.407900868213826,2.7999999999999998,TRAVEL,TRAVEL,RUNNING
993,19.859999999999999,0,2.6666727780034143,-18.035194776588863,2.7999999999999998,2.1840608154657328,-10.422237886838591,2.7999999999999998,TRAVEL,TRAVEL,RUNNING
994,19.879999999999999,0,2.6758078695165395,-18.049531795213628,2.7999999999999998,2.1749257239526085,-10.436574905463356,2.7999999999999998,TRAVEL,TRAVEL,RUNNING
995,19.899999999999999,0,2.6849429610296647,-18.063868813838393,2.7999999999999998,2.1657906324394842,-10.450911924088121,2.7999999999999998,TRAVEL,TRAVEL,RUNNING
996,19.920000000000002,0,2.6940780525427899,-18.078205832463158,2.7999999999999998,2.1566555409263599,-10.465248942712886,2.7999999999999998,TRAVEL,TRAVEL,RUNNING
997,19.940000000000001,0,2.7032131440559151,-18.092542851087924,2.7999999999999998,2.1475204494132356,-10.479585961337651,2.7999999999999998,TRAVEL,TRAVEL,RUNNING
998,19.960000000000001,0,2.7123482355690403,-18.106879869712689,2.7999999999999998,2.1383853579001113,-10.493922979962417,2.7999999999999998,TRAVEL,TRAVEL,RUNNING
999,19.98,0,2.7214833270821654,-18.121216888337454,2.7999999999999998,2.129250266386987,-10.508259998587182,2.7999999999999998,TRAVEL,TRAVEL,RUNNING
1000,20,0,2.7306184185952906,-18.135553906962219,2.7999999999999998,2.1201151748738627,-10.522597017211947,2.7999999999999998,TRAVEL,TRAVEL,RUNNING
1001,20.02,0,2.7397535101084158,-18.149890925586984,2.7999999999999998,2.1109800833607384,-10.536934035836712,2.7999999999999998,TRAVEL,TRAVEL,RUNNING
1002,20.039999999999999,0,2.748888601621541,-18.164227944211749,2.7999999999999998,2.1018449918476141,-10.551271054461477,2.7999999999999998,TRAVEL,TRAVEL,RUNNING
1003,20.059999999999999,0,2.7580236931346662,-18.178564962836514,2.7999999999999998,2.0927099003344898,-10.565608073086242,2.7999999999999998,TRAVEL,TRAVEL,RUNNING
1004,20.079999999999998,0,2.7671587846477914,-18.192901981461279,2.7999999999999998,2.0835748088213655,-10.579945091711007,2.7999999999999998,TRAVEL,TRAVEL,RUNNING
1005,20.100000000000001,0,2.7762938761609166,-18.207239000086044,2.7999999999999998,2.0744397173082412,-10.594282110335772,2.7999999999999998,TRAVEL,TRAVEL,RUNNING
1006,20.120000000000001,0,2.7854289676740418,-18.22157601871081,2.7999999999999998,2.0653046257951169,-10.608619128960537,2.7999999999999998,TRAVEL,TRAVEL,RUNNING
1007,20.140000000000001,0,2.794564059187167,-18.235913037335575,2.7999999999999998,2.0561695342819926,-10.622956147585302,2.7999999999999998,TRAVEL,TRAVEL,RUNNING
1008,20.16,0,2.8036991507002922,-18.25025005596034,2.7999999999999998,2.0470344427688683,-10.637293166210068,2.7999999999999998,TRAVEL,TRAVEL,RUNNING
1009,20.18,0,2.8128342422134174,-18.264587074585105,2.7999999999999998,2.037899351255744,-10.651630184834833,2.7999999999999998,TRAVEL,TRAVEL,RUNNING
1010,20.199999999999999,0,2.8219693337265426,-18.27892409320987,2.7999999999999998,2.0287642597426196,-10.665967203459598,2.7999999999999998,TRAVEL,TRAVEL,RUNNING
1011,20.219999999999999,0,2.8311044252396678,-18.293261111834635,2.7999999999999998,2.0196291682294953,-10.680304222084363,2.7999999999999998,TRAVEL,TRAVEL,RUNNING
1012,20.239999999999998,0,2.840239516752793,-18.3075981304594,2.7999999999999998,2.010494076716371,-10.694641240709128,2.7999999999999998,TRAVEL,TRAVEL,RUNNING
1013,20.260000000000002,0,2.8493746082659182,-18.321935149084165,2.7999999999999998,2.0013589852032467,-10.708978259333893,2.7999999999999998,TRAVEL,TRAVEL,RUNNING
1014,20.280000000000001,0,2.8585096997790433,-18.33627216770893,2.7999999999999998,1.9922238936901224,-10.723315277958658,2.7999999999999998,TRAVEL,TRAVEL,RUNNING
1015,20.300000000000001,0,2.8676447912921685,-18.350609186333696,2.7999999999999998,1.9830888021769981,-10.737652296583423,2.7999999999999998,TRAVEL,TRAVEL,RUNNING
1016,20.32,0,2.8767798828052937,-18.364946204958461,2.7999999999999998,1.9739537106638738,-10.751989315208188,2.7999999999999998,TRAVEL,TRAVEL,RUNNING
1017,20.34,0,2.8859149743184189,-18.379283223583226,2.7999999999999998,1.9648186191507495,-10.766326333832954,2.7999999999999998,TRAVEL,TRAVEL,RUNNING
1018,20.359999999999999,0,2.8950500658315441,-18.393620242207991,2.7999999999999998,1.9556835276376252,-10.780663352457719,2.7999999999999998,TRAVEL,TRAVEL,RUNNING
1019,20.379999999999999,0,2.9041851573446693,-18.407957260832756,2.7999999999999998,1.9465484361245009,-10.795000371082484,2.7999999999999998,TRAVEL,TRAVEL,RUNNING
1020,20.399999999999999,0,2.9133202488577945,-18.422294279457521,2.7999999999999998,1.9374133446113766,-10.809337389707249,2.7999999999999998,TRAVEL,TRAVEL,RUNNING
1021,20.420000000000002,0,2.9224553403709197,-18.436631298082286,2.7999999999999998,1.9282782530982523,-10.823674408332014,2.7999999999999998,TRAVEL,TRAVEL,RUNNING
1022,20.440000000000001,0,2.9315904318840449,-18.450968316707051,2.7999999999999998,1.919143161585128,-10.838011426956779,2.7999999999999998,TRAVEL,TRAVEL,RUNNING
1023,20.460000000000001,0,2.9407255233971701,-18.465305335331816,2.7999999999999998,1.9100080700720037,-10.852348445581544,2.7999999999999998,TRAVEL,TRAVEL,RUNNING
1024,20.48,0,2.9498606149102953,-18.479642353956582,2.7999999999999998,1.9008729785588794,-10.866685464206309,2.7999999999999998,TRAVEL,TRAVEL,RUNNING
1025,20.5,0,2.9589957064234205,-18.493979372581347,2.7999999999999998,1.8917378870457551,-10.881022482831074,2.7999999999999998,TRAVEL,TRAVEL,RUNNING
1026,20.52,0,2.9681307979365457,-18.508316391206112,2.7999999999999998,1.8826027955326308,-10.89535950145584,2.7999999999999998,TRAVEL,TRAVEL,RUNNING
1027,20.539999999999999,0,2.9772658894496709,-18.522653409830877,2.7999999999999998,1.8734677040195065,-10.909696520080605,2.7999999999999998,TRAVEL,TRAVEL,RUNNING
1028,20.559999999999999,0,2.986400980962796,-18.536990428455642,2.7999999999999998,1.8643326125063822,-10.92403353870537,2.7999999999999998,TRAVEL,TRAVEL,RUNNING
1029,20.579999999999998,0,2.9955360724759212,-18.551327447080407,2.7999999999999998,1.8551975209932579,-10.938370557330135,2.7999999999999998,TRAVEL,TRAVEL,RUNNING
1030,20.600000000000001,0,3.0046711639890464,-18.565664465705172,2.7999999999999998,1.8460624294801335,-10.9527075759549,2.7999999999999998,TRAVEL,TRAVEL,RUNNING
1031,20.620000000000001,0,3.0138062555021716,-18.580001484329937,2.7999999999999998,1.8369273379670092,-10.967044594579665,2.7999999999999998,TRAVEL,TRAVEL,RUNNING
1032,20.640000000000001,0,3.0229413470152968,-18.594338502954702,2.7999999999999998,1.8277922464538849,-10.98138161320443,2.7999999999999998,TRAVEL,TRAVEL,RUNNING
1033,20.66,0,3.032076438528422,-18.608675521579467,2.7999999999999998,1.8186571549407606,-10.995718631829195,2.7999999999999998,TRAVEL,TRAVEL,RUNNING
1034,20.68,0,3.0412115300415472,-18.623012540204233,2.7999999999999998,1.8095220634276363,-11.01005565045396,2.7999999999999998,TRAVEL,TRAVEL,RUNNING
1035,20.699999999999999,0,3.0503466215546724,-18.637349558828998,2.7999999999999998,1.800386971914512,-11.024392669078726,2.7999999999999998,TRAVEL,TRAVEL,RUNNING
1036,20.719999999999999,0,3.0594817130677976,-18.651686577453763,2.7999999999999998,1.7912518804013877,-11.038729687703491,2.7999999999999998,TRAVEL,TRAVEL,RUNNING
1037,20.739999999999998,0,3.0686168045809228,-18.666023596078528,2.7999999999999998,1.7821167888882634,-11.053066706328256,2.7999999999999998,TRAVEL,TRAVEL,RUNNING
1038,20.760000000000002,0,3.077751896094048,-18.680360614703293,2.7999999999999998,1.7729816973751391,-11.067403724953021,2.7999999999999998,TRAVEL,TRAVEL,RUNNING
1039,20.780000000000001,0,3.0868869876071732,-18.694697633328058,2.7999999999999998,1.7638466058620148,-11.081740743577786,2.7999999999999998,TRAVEL,TRAVEL,RUNNING
1040,20.800000000000001,0,3.0960220791202984,-18.709034651952823,2.7999999999999998,1.7547115143488905,-11.096077762202551,2.7999999999999998,TRAVEL,TRAVEL,RUNNING
1041,20.82,0,3.1051571706334236,-18.723371670577588,2.7999999999999998,1.7455764228357662,-11.110414780827316,2.7999999999999998,TRAVEL,TRAVEL,RUNNING
1042,20.84,0,3.1142922621465488,-18.737708689202353,2.7999999999999998,1.7364413313226419,-11.124751799452081,2.7999999999999998,TRAVEL,TRAVEL,RUNNING
1043,20.859999999999999,0,3.1234273536596739,-18.752045707827119,2.7999999999999998,1.7273062398095176,-11.139088818076846,2.7999999999999998,TRAVEL,TRAVEL,RUNNING
1044,20.879999999999999,0,3.1325624451727996,-18.766382726451884,2.7999999999999998,1.7181711482963933,-11.153425836701611,2.7999999999999998,TRAVEL,TRAVEL,RUNNING
1045,20.899999999999999,0,3.1416975366859252,-18.780719745076649,2.7999999999999998,1.709036056783269,-11.167762855326377,2.7999999999999998,TRAVEL,TRAVEL,RUNNING
1046,20.920000000000002,0,3.1508326281990509,-18.795056763701414,2.7999999999999998,1.6999009652701447,-11.182099873951142,2.7999999999999998,TRAVEL,TRAVEL,RUNNING
1047,20.940000000000001,0,3.1599677197121765,-18.809393782326179,2.7999999999999998,1.6907658737570204,-11.196436892575907,2.7999999999999998,TRAVEL,TRAVEL,RUNNING
1048,20.960000000000001,0,3.1691028112253021,-18.823730800950944,2.7999999999999998,1.6816307822438961,-11.210773911200672,2.7999999999999998,TRAVEL,TRAVEL,RUNNING
1049,20.98,0,3.1782379027384278,-18.838067819575709,2.7999999999999998,1.6724956907307718,-11.225110929825437,2.7999999999999998,TRAVEL,TRAVEL,RUNNING
1050,21,0,3.1873729942515534,-18.852404838200474,2.7999999999999998,1.6633605992176475,-11.239447948450202,2.7999999999999998,TRAVEL,TRAVEL,RUNNING
1051,21.02,0,3.196508085764679,-18.866741856825239,2.7999999999999998,1.6542255077045231,-11.253784967074967,2.7999999999999998,TRAVEL,TRAVEL,RUNNING
1052,21.039999999999999,0,3.2056431772778047,-18.881078875450005,2.7999999999999998,1.6450904161913988,-11.268121985699732,2.7999999999999998,TRAVEL,TRAVEL,RUNNING
1053,21.059999999999999,0,3.2147782687909303,-18.89541589407477,2.7999999999999998,1.6359553246782745,-11.282459004324497,2.7999999999999998,TRAVEL,TRAVEL,RUNNING
1054,21.079999999999998,0,3.223913360304056,-18.909752912699535,2.7999999999999998,1.6268202331651502,-11.296796022949263,2.7999999999999998,TRAVEL,TRAVEL,RUNNING
1055,21.100000000000001,0,3.2330484518171816,-18.9240899313243,2.7999999999999998,1.6176851416520259,-11.311133041574028,2.7999999999999998,TRAVEL,TRAVEL,RUNNING
1056,21.120000000000001,0,3.2421835433303072,-18.938426949949065,2.7999999999999998,1.6085500501389016,-11.325470060198793,2.7999999999999998,TRAVEL,TRAVEL,RUNNING
1057,21.140000000000001,0,3.2513186348434329,-18.95276396857383,2.7999999999999998,1.5994149586257773,-11.339807078823558,2.7999999999999998,TRAVEL,TRAVEL,RUNNING
1058,21.16,0,3.2604537263565585,-18.967100987198595,2.7999999999999998,1.590279867112653,-11.354144097448323,2.7999999999999998,TRAVEL,TRAVEL,RUNNING
1059,21.18,0,3.2695888178696841,-18.98143800582336,2.7999999999999998,1.5811447755995287,-11.368481116073088,2.7999999999999998,TRAVEL,TRAVEL,RUNNING
1060,21.199999999999999,0,3.2787239093828098,-18.995775024448125,2.7999999999999998,1.5720096840864044,-11.382818134697853,2.7999999999999998,TRAVEL,TRAVEL,RUNNING
1061,21.219999999999999,0,3.2878590008959354,-19.01011204307289,2.7999999999999998,1.5628745925732801,-11.397155153322618,2.7999999999999998,TRAVEL,TRAVEL,RUNNING
1062,21.239999999999998,0,3.2969940924090611,-19.024449061697656,2.7999999999999998,1.5537395010601558,-11.411492171947383,2.7999999999999998,TRAVEL,TRAVEL,RUNNING
1063,21.260000000000002,0,3.3061291839221867,-19.038786080322421,2.7999999999999998,1.5446044095470315,-11.425829190572149,2.7999999999999998,TRAVEL,TRAVEL,RUNNING
1064,21.280000000000001,0,3.3152642754353123,-19.053123098947186,2.7999999999999998,1.5354693180339072,-11.440166209196914,2.7999999999999998,TRAVEL,TRAVEL,RUNNING
1065,21.300000000000001,0,3.324399366948438,-19.067460117571951,2.7999999999999998,1.5263342265207829,-11.454503227821679,2.7999999999999998,TRAVEL,TRAVEL,RUNNING
1066,21.32,0,3.3335344584615636,-19.081797136196716,2.7999999999999998,1.5171991350076586,-11.468840246446444,2.7999999999999998,TRAVEL,TRAVEL,RUNNING
1067,21.34,0,3.3426695499746892,-19.096134154821481,2.7999999999999998,1.5080640434945343,-11.483177265071209,2.7999999999999998,TRAVEL,TRAVEL,RUNNING
1068,21.359999999999999,0,3.3518046414878149,-19.110471173446246,2.7999999999999998,1.49892895198141,-11.497514283695974,2.7999999999999998,TRAVEL,TRAVEL,RUNNING
1069,21.379999999999999,0,3.3609397330009405,-19.124808192071011,2.7999999999999998,1.4897938604682857,-11.511851302320739,2.7999999999999998,TRAVEL,TRAVEL,RUNNING
1070,21.399999999999999,0,3.3700748245140666,-19.139145210695776,2.7999999999999998,1.4806587689551614,-11.526188320945504,2.7999999999999998,TRAVEL,TRAVEL,RUNNING
1071,21.420000000000002,0,3.3792099160271927,-19.153482229320542,2.7999999999999998,1.471523677442037,-11.540525339570269,2.7999999999999998,TRAVEL,TRAVEL,RUNNING
1072,21.440000000000001,0,3.3883450075403188,-19.167819247945307,2.7999999999999998,1.4623885859289127,-11.554862358195034,2.7999999999999998,TRAVEL,TRAVEL,RUNNING
1073,21.460000000000001,0,3.3974800990534448,-19.182156266570072,2.7999999999999998,1.4532534944157884,-11.5691993768198,2.7999999999999998,TRAVEL,TRAVEL,RUNNING
1074,21.48,0,3.4066151905665709,-19.196493285194837,2.7999999999999998,1.4441184029026641,-11.583536395444565,2.7999999999999998,TRAVEL,TRAVEL,RUNNING
1075,21.5,0,3.415750282079697,-19.210830303819602,2.7999999999999998,1.4349833113895398,-11.59787341406933,2.7999999999999998,TRAVEL,TRAVEL,RUNNING
1076,21.52,0,3.4248853735928231,-19.225167322444367,2.7999999999999998,1.4258482198764155,-11.612210432694095,2.7999999999999998,TRAVEL,TRAVEL,RUNNING
1077,21.539999999999999,0,3.4340204651059492,-19.239504341069132,2.7999999999999998,1.4167131283632912,-11.62654745131886,2.7999999999999998,TRAVEL,TRAVEL,RUNNING
1078,21.559999999999999,0,3.4431555566190752,-19.253841359693897,2.7999999999999998,1.4075780368501669,-11.640884469943625,2.7999999999999998,TRAVEL,TRAVEL,RUNNING
1079,21.579999999999998,0,3.4522906481322013,-19.268178378318659,2.7999999999999998,1.3984429453370426,-11.65522148856839,2.7999999999999998,TRAVEL,TRAVEL,RUNNING
1080,21.600000000000001,0,3.4614257396453274,-19.282515396943424,2.7999999999999998,1.3893078538239183,-11.669558507193155,2.7999999999999998,TRAVEL,TRAVEL,RUNNING
1081,21.620000000000001,0,3.4705608311584535,-19.296852415568186,2.7999999999999998,1.380172762310794,-11.68389552581792,2.7999999999999998,TRAVEL,TRAVEL,RUNNING
1082,21.640000000000001,0,3.4796959226715796,-19.311189434192951,2.7999999999999998,1.3710376707976697,-11.698232544442686,2.7999999999999998,TRAVEL,TRAVEL,RUNNING
1083,21.66,0,3.4888310141847056,-19.325526452817712,2.7999999999999998,1.3619025792845454,-11.712569563067451,2.7999999999999998,TRAVEL,TRAVEL,RUNNING
1084,21.68,0,3.4979661056978317,-19.339863471442477,2.7999999999999998,1.3527674877714211,-11.726906581692216,2.7999999999999998,TRAVEL,TRAVEL,RUNNING
1085,21.699999999999999,0,3.5071011972109578,-19.354200490067239,2.7999999999999998,1.3436323962582968,-11.741243600316981,2.7999999999999998,TRAVEL,TRAVEL,RUNNING
1086,21.719999999999999,0,3.5162362887240839,-19.368537508692004,2.7999999999999998,1.3344973047451725,-11.755580618941746,2.7999999999999998,TRAVEL,TRAVEL,RUNNING
1087,21.739999999999998,0,3.52537138023721,-19.382874527316766,2.7999999999999998,1.3253622132320482,-11.769917637566511,2.7999999999999998,TRAVEL,TRAVEL,RUNNING
1088,21.760000000000002,0,3.5345064717503361,-19.397211545941531,2.7999999999999998,1.3162271217189239,-11.784254656191276,2.7999999999999998,TRAVEL,TRAVEL,RUNNING
1089,21.780000000000001,0,3.5436415632634621,-19.411548564566292,2.7999999999999998,1.3070920302057996,-11.798591674816041,2.7999999999999998,TRAVEL,TRAVEL,RUNNING
1090,21.800000000000001,0,3.5527766547765882,-19.425885583191054,2.7999999999999998,1.2979569386926753,-11.812928693440806,2.7999999999999998,TRAVEL,TRAVEL,RUNNING
1091,21.82,0,3.5619117462897143,-19.440222601815819,2.7999999999999998,1.288821847179551,-11.827265712065572,2.7999999999999998,TRAVEL,TRAVEL,RUNNING
1092,21.84,0,3.5710468378028404,-19.45455962044058,2.7999999999999998,1.2796867556664266,-11.841602730690337,2.7999999999999998,TRAVEL,TRAVEL,RUNNING
1093,21.859999999999999,0,3.5801819293159665,-19.468896639065346,2.7999999999999998,1.2705516641533023,-11.855939749315102,2.7999999999999998,TRAVEL,TRAVEL,RUNNING
1094,21.879999999999999,0,3.5893170208290925,-19.483233657690107,2.7999999999999998,1.261416572640178,-11.870276767939867,2.7999999999999998,TRAVEL,TRAVEL,RUNNING
1095,21.899999999999999,0,3.5984521123422182,-19.497570676314872,2.7999999999999998,1.2522814811270535,-11.884613786564632,2.7999999999999998,TRAVEL,TRAVEL,RUNNING
1096,21.920000000000002,0,3.6000000000000001,-19.5,2.7999999999999998,1.243146389613929,-11.898950805189397,2.7999999999999998,LANDING,TRAVEL,RUNNING
1097,21.940000000000001,0,3.6000000000000001,-19.5,2.7829999999999999,1.2340112981008045,-11.913287823814162,2.7999999999999998,LANDING,TRAVEL,RUNNING
1098,21.960000000000001,0,3.6000000000000001,-19.5,2.766,1.2248762065876799,-11.927624842438927,2.7999999999999998,LANDING,TRAVEL,RUNNING
1099,21.98,0,3.6000000000000001,-19.5,2.7490000000000001,1.2157411150745554,-11.941961861063692,2.7999999999999998,LANDING,TRAVEL,RUNNING
1100,22,0,3.6000000000000001,-19.5,2.7320000000000002,1.2066060235614309,-11.956298879688458,2.7999999999999998,LANDING,TRAVEL,RUNNING
1101,22.02,0,3.6000000000000001,-19.5,2.7150000000000003,1.1974709320483063,-11.970635898313223,2.7999999999999998,LANDING,TRAVEL,RUNNING
1102,22.039999999999999,0,3.6000000000000001,-19.5,2.6980000000000004,1.1883358405351818,-11.984972916937988,2.7999999999999998,LANDING,TRAVEL,RUNNING
1103,22.059999999999999,0,3.6000000000000001,-19.5,2.6810000000000005,1.1792007490220573,-11.999309935562753,2.7999999999999998,LANDING,TRAVEL,RUNNING
1104,22.079999999999998,0,3.6000000000000001,-19.5,2.6640000000000006,1.1700656575089328,-12.013646954187518,2.7999999999999998,LANDING,TRAVEL,RUNNING
1105,22.100000000000001,0,3.6000000000000001,-19.5,2.6470000000000007,1.1609305659958082,-12.027983972812283,2.7999999999999998,LANDING,TRAVEL,RUNNING
1106,22.120000000000001,0,3.6000000000000001,-19.5,2.6300000000000008,1.1517954744826837,-12.042320991437048,2.7999999999999998,LANDING,TRAVEL,RUNNING
1107,22.140000000000001,0,3.6000000000000001,-19.5,2.6130000000000009,1.1426603829695592,-12.056658010061813,2.7999999999999998,LANDING,TRAVEL,RUNNING
1108,22.16,0,3.6000000000000001,-19.5,2.596000000000001,1.1335252914564347,-12.070995028686578,2.7999999999999998,LANDING,TRAVEL,RUNNING
1109,22.18,0,3.6000000000000001,-19.5,2.5790000000000011,1.1243901999433101,-12.085332047311343,2.7999999999999998,LANDING,TRAVEL,RUNNING
1110,22.199999999999999,0,3.6000000000000001,-19.5,2.5620000000000012,1.1152551084301856,-12.099669065936109,2.7999999999999998,LANDING,TRAVEL,RUNNING
1111,22.219999999999999,0,3.6000000000000001,-19.5,2.5450000000000013,1.1061200169170611,-12.114006084560874,2.7999999999999998,LANDING,TRAVEL,RUNNING
1112,22.239999999999998,0,3.6000000000000001,-19.5,2.5280000000000014,1.0969849254039366,-12.128343103185639,2.7999999999999998,LANDING,TRAVEL,RUNNING
1113,22.260000000000002,0,3.6000000000000001,-19.5,2.5110000000000015,1.087849833890812,-12.142680121810404,2.7999999999999998,LANDING,TRAVEL,RUNNING
1114,22.280000000000001,0,3.6000000000000001,-19.5,2.4940000000000015,1.0787147423776875,-12.157017140435169,2.7999999999999998,LANDING,TRAVEL,RUNNING
1115,22.300000000000001,0,3.6000000000000001,-19.5,2.4770000000000016,1.069579650864563,-12.171354159059934,2.7999999999999998,LANDING,TRAVEL,RUNNING
1116,22.32,0,3.6000000000000001,-19.5,2.4600000000000017,1.0604445593514384,-12.185691177684699,2.7999999999999998,LANDING,TRAVEL,RUNNING
1117,22.34,0,3.6000000000000001,-19.5,2.4430000000000018,1.0513094678383139,-12.200028196309464,2.7999999999999998,LANDING,TRAVEL,RUNNING
1118,22.359999999999999,0,3.6000000000000001,-19.5,2.4260000000000019,1.0421743763251894,-12.214365214934229,2.7999999999999998,LANDING,TRAVEL,RUNNING
1119,22.379999999999999,0,3.6000000000000001,-19.5,2.409000000000002,1.0330392848120649,-12.228702233558995,2.7999999999999998,LANDING,TRAVEL,RUNNING
1120,22.399999999999999,0,3.6000000000000001,-19.5,2.3920000000000021,1.0239041932989403,-12.24303925218376,2.7999999999999998,LANDING,TRAVEL,RUNNING
1121,22.420000000000002,0,3.6000000000000001,-19.5,2.3750000000000022,1.0147691017858158,-12.257376270808525,2.7999999999999998,LANDING,TRAVEL,RUNNING
1122,22.440000000000001,0,3.6000000000000001,-19.5,2.3580000000000023,1.0056340102726913,-12.27171328943329,2.7999999999999998,LANDING,TRAVEL,RUNNING
1123,22.460000000000001,0,3.6000000000000001,-19.5,2.3410000000000024,0.99649891875956687,-12.286050308058055,2.7999999999999998,LANDING,TRAVEL,RUNNING
1124,22.48,0,3.6000000000000001,-19.5,2.3240000000000025,0.98736382724644245,-12.30038732668282,2.7999999999999998,LANDING,TRAVEL,RUNNING
1125,22.5,0,3.6000000000000001,-19.5,2.3070000000000026,0.97822873573331803,-12.314724345307585,2.7999999999999998,LANDING,TRAVEL,RUNNING
1126,22.52,0,3.6000000000000001,-19.5,2.2900000000000027,0.96909364422019362,-12.32906136393235,2.7999999999999998,LANDING,TRAVEL,RUNNING
1127,22.539999999999999,0,3.6000000000000001,-19.5,2.2730000000000028,0.9599585527070692,-12.343398382557115,2.7999999999999998,LANDING,TRAVEL,RUNNING
1128,22.559999999999999,0,3.6000000000000001,-19.5,2.2560000000000029,0.95082346119394479,-12.357735401181881,2.7999999999999998,LANDING,TRAVEL,RUNNING
1129,22.579999999999998,0,3.6000000000000001,-19.5,2.239000000000003,0.94168836968082037,-12.372072419806646,2.7999999999999998,LANDING,TRAVEL,RUNNING
1130,22.600000000000001,0,3.6000000000000001,-19.5,2.2220000000000031,0.93255327816769595,-12.386409438431411,2.7999999999999998,LANDING,TRAVEL,RUNNING
1131,22.620000000000001,0,3.6000000000000001,-19.5,2.2050000000000032,0.92341818665457154,-12.400746457056176,2.7999999999999998,LANDING,TRAVEL,RUNNING
1132,22.640000000000001,0,3.6000000000000001,-19.5,2.1880000000000033,0.91428309514144712,-12.415083475680941,2.7999999999999998,LANDING,TRAVEL,RUNNING
1133,22.66,0,3.6000000000000001,-19.5,2.1710000000000034,0.90514800362832271,-12.429420494305706,2.7999999999999998,LANDING,TRAVEL,RUNNING
1134,22.68,0,3.6000000000000001,-19.5,2.1540000000000035,0.89601291211519829,-12.443757512930471,2.7999999999999998,LANDING,TRAVEL,RUNNING
1135,22.699999999999999,0,3.6000000000000001,-19.5,2.1370000000000036,0.88687782060207387,-12.458094531555236,2.7999999999999998,LANDING,TRAVEL,RUNNING
1136,22.719999999999999,0,3.6000000000000001,-19.5,2.1200000000000037,0.87774272908894946,-12.472431550180001,2.7999999999999998,LANDING,TRAVEL,RUNNING
1137,22.739999999999998,0,3.6000000000000001,-19.5,2.1030000000000038,0.86860763757582504,-12.486768568804766,2.7999999999999998,LANDING,TRAVEL,RUNNING
1138,22.760000000000002,0,3.6000000000000001,-19.5,2.0860000000000039,0.85947254606270063,-12.501105587429532,2.7999999999999998,LANDING,TRAVEL,RUNNING
1139,22.780000000000001,0,3.6000000000000001,-19.5,2.0690000000000039,0.85033745454957621,-12.515442606054297,2.7999999999999998,LANDING,TRAVEL,RUNNING
1140,22.800000000000001,0,3.6000000000000001,-19.5,2.052000000000004,0.84120236303645179,-12.529779624679062,2.7999999999999998,LANDING,TRAVEL,RUNNING
1141,22.82,0,3.6000000000000001,-19.5,2.0350000000000041,0.83206727152332738,-12.544116643303827,2.7999999999999998,LANDING,TRAVEL,RUNNING
1142,22.84,0,3.6000000000000001,-19.5,2.0180000000000042,0.82293218001020296,-12.558453661928592,2.7999999999999998,LANDING,TRAVEL,RUNNING
1143,22.859999999999999,0,3.6000000000000001,-19.5,2.0010000000000043,0.81379708849707855,-12.572790680553357,2.7999999999999998,LANDING,TRAVEL,RUNNING
1144,22.879999999999999,0,3.6000000000000001,-19.5,1.9840000000000044,0.80466199698395413,-12.587127699178122,2.7999999999999998,LANDING,TRAVEL,RUNNING
1145,22.899999999999999,0,3.6000000000000001,-19.5,1.9670000000000045,0.79552690547082971,-12.601464717802887,2.7999999999999998,LANDING,TRAVEL,RUNNING
1146,22.920000000000002,0,3.6000000000000001,-19.5,1.9500000000000046,0.7863918139577053,-12.615801736427652,2.7999999999999998,LANDING,TRAVEL,RUNNING
1147,22.940000000000001,0,3.6000000000000001,-19.5,1.9330000000000047,0.77725672244458088,-12.630138755052418,2.7999999999999998,LANDING,TRAVEL,RUNNING
1148,22.960000000000001,0,3.6000000000000001,-19.5,1.9160000000000048,0.76812163093145647,-12.644475773677183,2.7999999999999998,LANDING,TRAVEL,RUNNING
1149,22.98,0,3.6000000000000001,-19.5,1.8990000000000049,0.75898653941833205,-12.658812792301948,2.7999999999999998,LANDING,TRAVEL,RUNNING
1150,23,0,3.6000000000000001,-19.5,1.882000000000005,0.74985144790520764,-12.673149810926713,2.7999999999999998,LANDING,TRAVEL,RUNNING
1151,23.02,0,3.6000000000000001,-19.5,1.8650000000000051,0.74071635639208322,-12.687486829551478,2.7999999999999998,LANDING,TRAVEL,RUNNING
1152,23.039999999999999,0,3.6000000000000001,-19.5,1.8480000000000052,0.7315812648789588,-12.701823848176243,2.7999999999999998,LANDING,TRAVEL,RUNNING
1153,23.059999999999999,0,3.6000000000000001,-19.5,1.8310000000000053,0.72244617336583439,-12.716160866801008,2.7999999999999998,LANDING,TRAVEL,RUNNING
1154,23.079999999999998,0,3.6000000000000001,-19.5,1.8140000000000054,0.71331108185270997,-12.730497885425773,2.7999999999999998,LANDING,TRAVEL,RUNNING
1155,23.100000000000001,0,3.6000000000000001,-19.5,1.7970000000000055,0.70417599033958556,-12.744834904050538,2.7999999999999998,LANDING,TRAVEL,RUNNING
1156,23.120000000000001,0,3.6000000000000001,-19.5,1.7800000000000056,0.69504089882646114,-12.759171922675304,2.7999999999999998,LANDING,TRAVEL,RUNNING
1157,23.140000000000001,0,3.6000000000000001,-19.5,1.7630000000000057,0.68590580731333672,-12.773508941300069,2.7999999999999998,LANDING,TRAVEL,RUNNING
1158,23.16,0,3.6000000000000001,-19.5,1.7460000000000058,0.67677071580021231,-12.787845959924834,2.7999999999999998,LANDING,TRAVEL,RUNNING
1159,23.18,0,3.6000000000000001,-19.5,1.7290000000000059,0.66763562428708789,-12.802182978549599,2.7999999999999998,LANDING,TRAVEL,RUNNING
1160,23.199999999999999,0,3.6000000000000001,-19.5,1.712000000000006,0.65850053277396348,-12.816519997174364,2.7999999999999998,LANDING,TRAVEL,RUNNING
1161,23.219999999999999,0,3.6000000000000001,-19.5,1.6950000000000061,0.64936544126083906,-12.830857015799129,2.7999999999999998,LANDING,TRAVEL,RUNNING
1162,23.239999999999998,0,3.6000000000000001,-19.5,1.6780000000000062,0.64023034974771464,-12.845194034423894,2.7999999999999998,LANDING,TRAVEL,RUNNING
1163,23.260000000000002,0,3.6000000000000001,-19.5,1.6610000000000062,0.63109525823459023,-12.859531053048659,2.7999999999999998,LANDING,TRAVEL,RUNNING
1164,23.280000000000001,0,3.6000000000000001,-19.5,1.6440000000000063,0.62196016672146581,-12.873868071673424,2.7999999999999998,LANDING,TRAVEL,RUNNING
1165,23.300000000000001,0,3.6000000000000001,-19.5,1.6270000000000064,0.6128250752083414,-12.88820509029819,2.7999999999999998,LANDING,TRAVEL,RUNNING
1166,23.32,0,3.6000000000000001,-19.5,1.6100000000000065,0.60368998369521698,-12.902542108922955,2.7999999999999998,LANDING,TRAVEL,RUNNING
1167,23.34,0,3.6000000000000001,-19.5,1.5930000000000066,0.59455489218209256,-12.91687912754772,2.7999999999999998,LANDING,TRAVEL,RUNNING
1168,23.359999999999999,0,3.6000000000000001,-19.5,1.5760000000000067,0.58541980066896815,-12.931216146172485,2.7999999999999998,LANDING,TRAVEL,RUNNING
1169,23.379999999999999,0,3.6000000000000001,-19.5,1.5590000000000068,0.57628470915584373,-12.94555316479725,2.7999999999999998,LANDING,TRAVEL,RUNNING
1170,23.399999999999999,0,3.6000000000000001,-19.5,1.5420000000000069,0.56714961764271932,-12.959890183422015,2.7999999999999998,LANDING,TRAVEL,RUNNING
1171,23.420000000000002,0,3.6000000000000001,-19.5,1.525000000000007,0.5580145261295949,-12.97422720204678,2.7999999999999998,LANDING,TRAVEL,RUNNING
1172,23.440000000000001,0,3.6000000000000001,-19.5,1.5080000000000071,0.54887943461647049,-12.988564220671545,2.7999999999999998,LANDING,TRAVEL,RUNNING
1173,23.460000000000001,0,3.6000000000000001,-19.5,1.4910000000000072,0.53974434310334607,-13.00290123929631,2.7999999999999998,LANDING,TRAVEL,RUNNING
1174,23.48,0,3.6000000000000001,-19.5,1.4740000000000073,0.53060925159022165,-13.017238257921075,2.7999999999999998,LANDING,TRAVEL,RUNNING
1175,23.5,0,3.6000000000000001,-19.5,1.4570000000000074,0.52147416007709724,-13.031575276545841,2.7999999999999998,LANDING,TRAVEL,RUNNING
1176,23.52,0,3.6000000000000001,-19.5,1.4400000000000075,0.51233906856397282,-13.045912295170606,2.7999999999999998,LANDING,TRAVEL,RUNNING
1177,23.539999999999999,0,3.6000000000000001,-19.5,1.4230000000000076,0.50320397705084841,-13.060249313795371,2.7999999999999998,LANDING,TRAVEL,RUNNING
1178,23.559999999999999,0,3.6000000000000001,-19.5,1.4060000000000077,0.49406888553772393,-13.074586332420136,2.7999999999999998,LANDING,TRAVEL,RUNNING
1179,23.579999999999998,0,3.6000000000000001,-19.5,1.3890000000000078,0.48493379402459946,-13.088923351044901,2.7999999999999998,LANDING,TRAVEL,RUNNING
1180,23.600000000000001,0,3.6000000000000001,-19.5,1.3720000000000079,0.47579870251147499,-13.103260369669666,2.7999999999999998,LANDING,TRAVEL,RUNNING
1181,23.620000000000001,0,3.6000000000000001,-19.5,1.355000000000008,0.46666361099835052,-13.117597388294431,2.7999999999999998,LANDING,TRAVEL,RUNNING
1182,23.640000000000001,0,3.6000000000000001,-19.5,1.3380000000000081,0.45752851948522605,-13.131934406919196,2.7999999999999998,LANDING,TRAVEL,RUNNING
1183,23.66,0,3.6000000000000001,-19.5,1.3210000000000082,0.44839342797210158,-13.146271425543961,2.7999999999999998,LANDING,TRAVEL,RUNNING
1184,23.68,0,3.6000000000000001,-19.5,1.3040000000000083,0.43925833645897711,-13.160608444168727,2.7999999999999998,LANDING,TRAVEL,RUNNING
1185,23.699999999999999,0,3.6000000000000001,-19.5,1.2870000000000084,0.43012324494585263,-13.174945462793492,2.7999999999999998,LANDING,TRAVEL,RUNNING
1186,23.719999999999999,0,3.6000000000000001,-19.5,1.2700000000000085,0.42098815343272816,-13.189282481418257,2.7999999999999998,LANDING,TRAVEL,RUNNING
1187,23.739999999999998,0,3.6000000000000001,-19.5,1.2530000000000086,0.41185306191960369,-13.203619500043022,2.7999999999999998,LANDING,TRAVEL,RUNNING
1188,23.760000000000002,0,3.6000000000000001,-19.5,1.2360000000000086,0.40271797040647922,-13.217956518667787,2.7999999999999998,LANDING,TRAVEL,RUNNING
1189,23.780000000000001,0,3.6000000000000001,-19.5,1.2190000000000087,0.39358287889335475,-13.232293537292552,2.7999999999999998,LANDING,TRAVEL,RUNNING
1190,23.800000000000001,0,3.6000000000000001,-19.5,1.2020000000000088,0.38444778738023028,-13.246630555917317,2.7999999999999998,LANDING,TRAVEL,RUNNING
1191,23.82,0,3.6000000000000001,-19.5,1.1850000000000089,0.37531269586710581,-13.260967574542082,2.7999999999999998,LANDING,TRAVEL,RUNNING
1192,23.84,0,3.6000000000000001,-19.5,1.168000000000009,0.36617760435398133,-13.275304593166847,2.7999999999999998,LANDING,TRAVEL,RUNNING
1193,23.859999999999999,0,3.6000000000000001,-19.5,1.1510000000000091,0.35704251284085686,-13.289641611791613,2.7999999999999998,LANDING,TRAVEL,RUNNING
1194,23.879999999999999,0,3.6000000000000001,-19.5,1.1340000000000092,0.34790742132773239,-13.303978630416378,2.7999999999999998,LANDING,TRAVEL,RUNNING
1195,23.899999999999999,0,3.6000000000000001,-19.5,1.1170000000000093,0.33877232981460792,-13.318315649041143,2.7999999999999998,LANDING,TRAVEL,RUNNING
1196,23.920000000000002,0,3.6000000000000001,-19.5,1.1000000000000094,0.32963723830148345,-13.332652667665908,2.7999999999999998,LANDING,TRAVEL,RUNNING
1197,23.940000000000001,0,3.6000000000000001,-19.5,1.0830000000000095,0.32050214678835898,-13.346989686290673,2.7999999999999998,LANDING,TRAVEL,RUNNING
1198,23.960000000000001,0,3.6000000000000001,-19.5,1.0660000000000096,0.31136705527523451,-13.361326704915438,2.7999999999999998,LANDING,TRAVEL,RUNNING
1199,23.98,0,3.6000000000000001,-19.5,1.0490000000000097,0.30223196376211003,-13.375663723540203,2.7999999999999998,LANDING,TRAVEL,RUNNING
1200,24,0,3.6000000000000001,-19.5,1.0320000000000098,0.29309687224898556,-13.390000742164968,2.7999999999999998,LANDING,TRAVEL,RUNNING
1201,24.02,0,3.6000000000000001,-19.5,1.0150000000000099,0.28396178073586109,-13.404337760789733,2.7999999999999998,LANDING,TRAVEL,RUNNING
1202,24.039999999999999,0,3.6000000000000001,-19.5,0.99800000000000988,0.27482668922273662,-13.418674779414498,2.7999999999999998,LANDING,TRAVEL,RUNNING
1203,24.059999999999999,0,3.6000000000000001,-19.5,0.98100000000000986,0.26569159770961215,-13.433011798039264,2.7999999999999998,LANDING,TRAVEL,RUNNING
1204,24.079999999999998,0,3.6000000000000001,-19.5,0.96400000000000985,0.25655650619648768,-13.447348816664029,2.7999999999999998,LANDING,TRAVEL,RUNNING
1205,24.100000000000001,0,3.6000000000000001,-19.5,0.94700000000000983,0.24742141468336318,-13.461685835288794,2.7999999999999998,LANDING,TRAVEL,RUNNING
1206,24.120000000000001,0,3.6000000000000001,-19.5,0.93000000000000982,0.23828632317023868,-13.476022853913559,2.7999999999999998,LANDING,TRAVEL,RUNNING
1207,24.140000000000001,0,3.6000000000000001,-19.5,0.9130000000000098,0.22915123165711418,-13.490359872538324,2.7999999999999998,LANDING,TRAVEL,RUNNING
1208,24.16,0,3.6000000000000001,-19.5,0.89600000000000979,0.22001614014398968,-13.504696891163089,2.7999999999999998,LANDING,TRAVEL,RUNNING
1209,24.18,0,3.6000000000000001,-19.5,0.87900000000000977,0.21088104863086518,-13.519033909787854,2.7999999999999998,LANDING,TRAVEL,RUNNING
1210,24.199999999999999,0,3.6000000000000001,-19.5,0.86200000000000976,0.20174595711774068,-13.533370928412619,2.7999999999999998,LANDING,TRAVEL,RUNNING
1211,24.219999999999999,0,3.6000000000000001,-19.5,0.84500000000000974,0.19261086560461618,-13.547707947037384,2.7999999999999998,LANDING,TRAVEL,RUNNING
1212,24.239999999999998,0,3.6000000000000001,-19.5,0.82800000000000973,0.18347577409149168,-13.56204496566215,2.7999999999999998,LANDING,TRAVEL,RUNNING
1213,24.260000000000002,0,3.6000000000000001,-19.5,0.81100000000000971,0.17434068257836718,-13.576381984286915,2.7999999999999998,LANDING,TRAVEL,RUNNING
1214,24.280000000000001,0,3.6000000000000001,-19.5,0.7940000000000097,0.16520559106524269,-13.59071900291168,2.7999999999999998,LANDING,TRAVEL,RUNNING
1215,24.300000000000001,0,3.6000000000000001,-19.5,0.77700000000000968,0.15607049955211819,-13.605056021536445,2.7999999999999998,LANDING,TRAVEL,RUNNING
1216,24.32,0,3.6000000000000001,-19.5,0.76000000000000967,0.14693540803899369,-13.61939304016121,2.7999999999999998,LANDING,TRAVEL,RUNNING
1217,24.34,0,3.6000000000000001,-19.5,0.74300000000000965,0.13780031652586919,-13.633730058785975,2.7999999999999998,LANDING,TRAVEL,RUNNING
1218,24.359999999999999,0,3.6000000000000001,-19.5,0.72600000000000964,0.12866522501274469,-13.64806707741074,2.7999999999999998,LANDING,TRAVEL,RUNNING
1219,24.379999999999999,0,3.6000000000000001,-19.5,0.70900000000000962,0.11953013349962019,-13.662404096035505,2.7999999999999998,LANDING,TRAVEL,RUNNING
1220,24.399999999999999,0,3.6000000000000001,-19.5,0.69200000000000961,0.11039504198649569,-13.67674111466027,2.7999999999999998,LANDING,TRAVEL,RUNNING
1221,24.420000000000002,0,3.6000000000000001,-19.5,0.67500000000000959,0.10125995047337119,-13.691078133285036,2.7999999999999998,LANDING,TRAVEL,RUNNING
1222,24.440000000000001,0,3.6000000000000001,-19.5,0.65800000000000958,0.092124858960246692,-13.705415151909801,2.7999999999999998,LANDING,TRAVEL,RUNNING
1223,24.460000000000001,0,3.6000000000000001,-19.5,0.64100000000000956,0.082989767447122192,-13.719752170534566,2.7999999999999998,LANDING,TRAVEL,RUNNING
1224,24.48,0,3.6000000000000001,-19.5,0.62400000000000955,0.073854675933997693,-13.734089189159331,2.7999999999999998,LANDING,TRAVEL,RUNNING
1225,24.5,0,3.6000000000000001,-19.5,0.60700000000000953,0.064719584420873194,-13.748426207784096,2.7999999999999998,LANDING,TRAVEL,RUNNING
1226,24.52,0,3.6000000000000001,-19.5,0.59000000000000952,0.055584492907748688,-13.762763226408861,2.7999999999999998,LANDING,TRAVEL,RUNNING
1227,24.539999999999999,0,3.6000000000000001,-19.5,0.5730000000000095,0.046449401394624182,-13.777100245033626,2.7999999999999998,LANDING,TRAVEL,RUNNING
1228,24.559999999999999,0,3.6000000000000001,-19.5,0.55600000000000949,0.037314309881499676,-13.791437263658391,2.7999999999999998,LANDING,TRAVEL,RUNNING
1229,24.579999999999998,0,3.6000000000000001,-19.5,0.53900000000000947,0.02817921836837517,-13.805774282283156,2.7999999999999998,LANDING,TRAVEL,RUNNING
1230,24.600000000000001,0,3.6000000000000001,-19.5,0.52200000000000946,0.01904412685525066,-13.820111300907922,2.7999999999999998,LANDING,TRAVEL,RUNNING
1231,24.620000000000001,0,3.6000000000000001,-19.5,0.50500000000000944,0.0099090353421261487,-13.834448319532687,2.7999999999999998,LANDING,TRAVEL,RUNNING
1232,24.640000000000001,0,3.6000000000000001,-19.5,0.48800000000000943,0.00077394382900163733,-13.848785338157452,2.7999999999999998,LANDING,TRAVEL,RUNNING
1233,24.66,0,3.6000000000000001,-19.5,0.47100000000000941,-0.008361147684122874,-13.863122356782217,2.7999999999999998,LANDING,TRAVEL,RUNNING
1234,24.68,0,3.6000000000000001,-19.5,0.4540000000000094,-0.017496239197247385,-13.877459375406982,2.7999999999999998,LANDING,TRAVEL,RUNNING
1235,24.699999999999999,0,3.6000000000000001,-19.5,0.43700000000000938,-0.026631330710371898,-13.891796394031747,2.7999999999999998,LANDING,TRAVEL,RUNNING
1236,24.719999999999999,0,3.6000000000000001,-19.5,0.42000000000000937,-0.035766422223496408,-13.906133412656512,2.7999999999999998,LANDING,TRAVEL,RUNNING
1237,24.739999999999998,0,3.6000000000000001,-19.5,0.40300000000000935,-0.044901513736620921,-13.920470431281277,2.7999999999999998,LANDING,TRAVEL,RUNNING
1238,24.760000000000002,0,3.6000000000000001,-19.5,0.38600000000000934,-0.054036605249745434,-13.934807449906042,2.7999999999999998,LANDING,TRAVEL,RUNNING
1239,24.780000000000001,0,3.6000000000000001,-19.5,0.36900000000000932,-0.063171696762869947,-13.949144468530807,2.7999999999999998,LANDING,TRAVEL,RUNNING
1240,24.800000000000001,0,3.6000000000000001,-19.5,0.35200000000000931,-0.07230678827599446,-13.963481487155573,2.7999999999999998,LANDING,TRAVEL,RUNNING
1241,24.82,0,3.6000000000000001,-19.5,0.33500000000000929,-0.081441879789118973,-13.977818505780338,2.7999999999999998,LANDING,TRAVEL,RUNNING
1242,24.84,0,3.6000000000000001,-19.5,0.31800000000000928,-0.090576971302243486,-13.992155524405103,2.7999999999999998,LANDING,TRAVEL,RUNNING
1243,24.859999999999999,0,3.6000000000000001,-19.5,0.30100000000000926,-0.099712062815368013,-14.006492543029868,2.7999999999999998,LANDING,TRAVEL,RUNNING
1244,24.879999999999999,0,3.6000000000000001,-19.5,0.28400000000000925,-0.10884715432849254,-14.020829561654633,2.7999999999999998,LANDING,TRAVEL,RUNNING
1245,24.899999999999999,0,3.6000000000000001,-19.5,0.26700000000000923,-0.11798224584161707,-14.035166580279398,2.7999999999999998,LANDING,TRAVEL,RUNNING
1246,24.920000000000002,0,3.6000000000000001,-19.5,0.25000000000000921,-0.12711733735474159,-14.049503598904163,2.7999999999999998,LANDING,TRAVEL,RUNNING
1247,24.940000000000001,0,3.6000000000000001,-19.5,0.2330000000000092,-0.13625242886786612,-14.063840617528928,2.7999999999999998,LANDING,TRAVEL,RUNNING
1248,24.960000000000001,0,3.6000000000000001,-19.5,0.21600000000000918,-0.14538752038099065,-14.078177636153693,2.7999999999999998,LANDING,TRAVEL,RUNNING
1249,24.98,0,3.6000000000000001,-19.5,0.19900000000000917,-0.15452261189411517,-14.092514654778459,2.7999999999999998,LANDING,TRAVEL,RUNNING
1250,25,0,3.6000000000000001,-19.5,0.18200000000000915,-0.1636577034072397,-14.106851673403224,2.7999999999999998,LANDING,TRAVEL,RUNNING
1251,25.02,0,3.6000000000000001,-19.5,0.16500000000000914,-0.17279279492036423,-14.121188692027989,2.7999999999999998,LANDING,TRAVEL,RUNNING
1252,25.039999999999999,0,3.6000000000000001,-19.5,0.14800000000000912,-0.18192788643348876,-14.135525710652754,2.7999999999999998,LANDING,TRAVEL,RUNNING
1253,25.059999999999999,0,3.6000000000000001,-19.5,0.13100000000000911,-0.19106297794661328,-14.149862729277519,2.7999999999999998,LANDING,TRAVEL,RUNNING
1254,25.079999999999998,0,3.6000000000000001,-19.5,0.12,-0.20019806945973781,-14.164199747902284,2.7999999999999998,LANDED,TRAVEL,RUNNING
1255,25.100000000000001,0,3.6000000000000001,-19.5,0.12,-0.20933316097286234,-14.178536766527049,2.7999999999999998,LANDED,TRAVEL,RUNNING
1256,25.120000000000001,0,3.6000000000000001,-19.5,0.12,-0.21846825248598686,-14.192873785151814,2.7999999999999998,LANDED,TRAVEL,RUNNING
1257,25.140000000000001,0,3.6000000000000001,-19.5,0.12,-0.22760334399911139,-14.207210803776579,2.7999999999999998,LANDED,TRAVEL,RUNNING
1258,25.16,0,3.6000000000000001,-19.5,0.12,-0.23673843551223592,-14.221547822401345,2.7999999999999998,LANDED,TRAVEL,RUNNING
1259,25.18,0,3.6000000000000001,-19.5,0.12,-0.24587352702536044,-14.23588484102611,2.7999999999999998,LANDED,TRAVEL,RUNNING
1260,25.199999999999999,0,3.6000000000000001,-19.5,0.12,-0.255008618538485,-14.250221859650875,2.7999999999999998,LANDED,TRAVEL,RUNNING
1261,25.219999999999999,0,3.6000000000000001,-19.5,0.12,-0.26414371005160953,-14.26455887827564,2.7999999999999998,LANDED,TRAVEL,RUNNING
1262,25.239999999999998,0,3.6000000000000001,-19.5,0.12,-0.27327880156473405,-14.278895896900405,2.7999999999999998,LANDED,TRAVEL,RUNNING
1263,25.260000000000002,0,3.6000000000000001,-19.5,0.12,-0.28241389307785858,-14.29323291552517,2.7999999999999998,LANDED,TRAVEL,RUNNING
1264,25.280000000000001,0,3.6000000000000001,-19.5,0.12,-0.29154898459098311,-14.307569934149935,2.7999999999999998,LANDED,TRAVEL,RUNNING
1265,25.300000000000001,0,3.6000000000000001,-19.5,0.12,-0.30068407610410763,-14.3219069527747,2.7999999999999998,LANDED,TRAVEL,RUNNING
1266,25.32,0,3.6000000000000001,-19.5,0.12,-0.30981916761723216,-14.336243971399465,2.7999999999999998,LANDED,TRAVEL,RUNNING
1267,25.34,0,3.6000000000000001,-19.5,0.12,-0.31895425913035669,-14.35058099002423,2.7999999999999998,LANDED,TRAVEL,RUNNING
1268,25.359999999999999,0,3.6000000000000001,-19.5,0.12,-0.32808935064348121,-14.364918008648996,2.7999999999999998,LANDED,TRAVEL,RUNNING
1269,25.379999999999999,0,3.6000000000000001,-19.5,0.12,-0.33722444215660574,-14.379255027273761,2.7999999999999998,LANDED,TRAVEL,RUNNING
1270,25.399999999999999,0,3.6000000000000001,-19.5,0.12,-0.34635953366973027,-14.393592045898526,2.7999999999999998,LANDED,TRAVEL,RUNNING
1271,25.420000000000002,0,3.6000000000000001,-19.5,0.12,-0.3554946251828548,-14.407929064523291,2.7999999999999998,LANDED,TRAVEL,RUNNING
1272,25.440000000000001,0,3.6000000000000001,-19.5,0.12,-0.36462971669597932,-14.422266083148056,2.7999999999999998,LANDED,TRAVEL,RUNNING
1273,25.460000000000001,0,3.6000000000000001,-19.5,0.12,-0.37376480820910385,-14.436603101772821,2.7999999999999998,LANDED,TRAVEL,RUNNING
1274,25.48,0,3.6000000000000001,-19.5,0.12,-0.38289989972222838,-14.450940120397586,2.7999999999999998,LANDED,TRAVEL,RUNNING
1275,25.5,0,3.6000000000000001,-19.5,0.12,-0.3920349912353529,-14.465277139022351,2.7999999999999998,LANDED,TRAVEL,RUNNING
1276,25.52,0,3.6000000000000001,-19.5,0.12,-0.40117008274847743,-14.479614157647116,2.7999999999999998,LANDED,TRAVEL,RUNNING
1277,25.539999999999999,0,3.6000000000000001,-19.5,0.12,-0.41030517426160196,-14.493951176271882,2.7999999999999998,LANDED,TRAVEL,RUNNING
1278,25.559999999999999,0,3.6000000000000001,-19.5,0.12,-0.41944026577472648,-14.508288194896647,2.7999999999999998,LANDED,TRAVEL,RUNNING
1279,25.579999999999998,0,3.6000000000000001,-19.5,0.12,-0.42857535728785101,-14.522625213521412,2.7999999999999998,LANDED,TRAVEL,RUNNING
1280,25.600000000000001,0,3.6000000000000001,-19.5,0.12,-0.43771044880097559,-14.536962232146177,2.7999999999999998,LANDED,TRAVEL,RUNNING
1281,25.620000000000001,0,3.6000000000000001,-19.5,0.12,-0.44684554031410018,-14.551299250770942,2.7999999999999998,LANDED,TRAVEL,RUNNING
1282,25.640000000000001,0,3.6000000000000001,-19.5,0.12,-0.45598063182722476,-14.565636269395707,2.7999999999999998,LANDED,TRAVEL,RUNNING
1283,25.66,0,3.6000000000000001,-19.5,0.12,-0.46511572334034934,-14.579973288020472,2.7999999999999998,LANDED,TRAVEL,RUNNING
1284,25.68,0,3.6000000000000001,-19.5,0.12,-0.47425081485347392,-14.594310306645237,2.7999999999999998,LANDED,TRAVEL,RUNNING
1285,25.699999999999999,0,3.6000000000000001,-19.5,0.12,-0.48338590636659851,-14.608647325270002,2.7999999999999998,LANDED,TRAVEL,RUNNING
1286,25.719999999999999,0,3.6000000000000001,-19.5,0.12,-0.49252099787972309,-14.622984343894768,2.7999999999999998,LANDED,TRAVEL,RUNNING
1287,25.739999999999998,0,3.6000000000000001,-19.5,0.12,-0.50165608939284767,-14.637321362519533,2.7999999999999998,LANDED,TRAVEL,RUNNING
1288,25.760000000000002,0,3.6000000000000001,-19.5,0.12,-0.5107911809059722,-14.651658381144298,2.7999999999999998,LANDED,TRAVEL,RUNNING
1289,25.780000000000001,0,3.6000000000000001,-19.5,0.12,-0.51992627241909672,-14.665995399769063,2.7999999999999998,LANDED,TRAVEL,RUNNING
1290,25.800000000000001,0,3.6000000000000001,-19.5,0.12,-0.52906136393222125,-14.680332418393828,2.7999999999999998,LANDED,TRAVEL,RUNNING
1291,25.82,0,3.6000000000000001,-19.5,0.12,-0.53819645544534578,-14.694669437018593,2.7999999999999998,LANDED,TRAVEL,RUNNING
1292,25.84,0,3.6000000000000001,-19.5,0.12,-0.54733154695847031,-14.709006455643358,2.7999999999999998,LANDED,TRAVEL,RUNNING
1293,25.859999999999999,0,3.6000000000000001,-19.5,0.12,-0.55646663847159483,-14.723343474268123,2.7999999999999998,LANDED,TRAVEL,RUNNING
1294,25.879999999999999,0,3.6000000000000001,-19.5,0.12,-0.56560172998471936,-14.737680492892888,2.7999999999999998,LANDED,TRAVEL,RUNNING
1295,25.899999999999999,0,3.6000000000000001,-19.5,0.12,-0.57473682149784389,-14.752017511517654,2.7999999999999998,LANDED,TRAVEL,RUNNING
1296,25.920000000000002,0,3.6000000000000001,-19.5,0.12,-0.58387191301096841,-14.766354530142419,2.7999999999999998,LANDED,TRAVEL,RUNNING
1297,25.940000000000001,0,3.6000000000000001,-19.5,0.12,-0.59300700452409294,-14.780691548767184,2.7999999999999998,LANDED,TRAVEL,RUNNING
1298,25.960000000000001,0,3.6000000000000001,-19.5,0.12,-0.60214209603721747,-14.795028567391949,2.7999999999999998,LANDED,TRAVEL,RUNNING
1299,25.98,0,3.6000000000000001,-19.5,0.12,-0.61127718755034199,-14.809365586016714,2.7999999999999998,LANDED,TRAVEL,RUNNING
1300,26,0,3.6000000000000001,-19.5,0.12,-0.62041227906346652,-14.823702604641479,2.7999999999999998,LANDED,TRAVEL,RUNNING
1301,26.02,0,3.6000000000000001,-19.5,0.12,-0.62954737057659105,-14.838039623266244,2.7999999999999998,LANDED,TRAVEL,RUNNING
1302,26.039999999999999,0,3.6000000000000001,-19.5,0.12,-0.63868246208971557,-14.852376641891009,2.7999999999999998,LANDED,TRAVEL,RUNNING
1303,26.059999999999999,0,3.6000000000000001,-19.5,0.12,-0.6478175536028401,-14.866713660515774,2.7999999999999998,LANDED,TRAVEL,RUNNING
1304,26.079999999999998,0,3.6000000000000001,-19.5,0.12,-0.65695264511596463,-14.881050679140539,2.7999999999999998,LANDED,TRAVEL,RUNNING
1305,26.100000000000001,0,3.6000000000000001,-19.5,0.12,-0.66608773662908927,-14.895387697765305,2.7999999999999998,LANDED,TRAVEL,RUNNING
1306,26.120000000000001,0,3.6000000000000001,-19.5,0.12,-0.6752228281422139,-14.90972471639007,2.7999999999999998,LANDED,TRAVEL,RUNNING
1307,26.140000000000001,0,3.6000000000000001,-19.5,0.12,-0.68435791965533854,-14.924061735014835,2.7999999999999998,LANDED,TRAVEL,RUNNING
1308,26.16,0,3.6000000000000001,-19.5,0.12,-0.69349301116846318,-14.9383987536396,2.7999999999999998,LANDED,TRAVEL,RUNNING
1309,26.18,0,3.6000000000000001,-19.5,0.12,-0.70262810268158782,-14.952735772264365,2.7999999999999998,LANDED,TRAVEL,RUNNING
1310,26.199999999999999,0,3.6000000000000001,-19.5,0.12,-0.71176319419471246,-14.96707279088913,2.7999999999999998,LANDED,TRAVEL,RUNNING
1311,26.219999999999999,0,3.6000000000000001,-19.5,0.12,-0.72089828570783709,-14.981409809513895,2.7999999999999998,LANDED,TRAVEL,RUNNING
1312,26.239999999999998,0,3.6000000000000001,-19.5,0.12,-0.73003337722096173,-14.99574682813866,2.7999999999999998,LANDED,TRAVEL,RUNNING
1313,26.260000000000002,0,3.6000000000000001,-19.5,0.12,-0.73916846873408637,-15.010083846763425,2.7999999999999998,LANDED,TRAVEL,RUNNING
1314,26.280000000000001,0,3.6000000000000001,-19.5,0.12,-0.74830356024721101,-15.024420865388191,2.7999999999999998,LANDED,TRAVEL,RUNNING
1315,26.300000000000001,0,3.6000000000000001,-19.5,0.12,-0.75743865176033565,-15.038757884012956,2.7999999999999998,LANDED,TRAVEL,RUNNING
1316,26.32,0,3.6000000000000001,-19.5,0.12,-0.76657374327346028,-15.053094902637721,2.7999999999999998,LANDED,TRAVEL,RUNNING
1317,26.34,0,3.6000000000000001,-19.5,0.12,-0.77570883478658492,-15.067431921262486,2.7999999999999998,LANDED,TRAVEL,RUNNING
1318,26.359999999999999,0,3.6000000000000001,-19.5,0.12,-0.78484392629970956,-15.081768939887251,2.7999999999999998,LANDED,TRAVEL,RUNNING
1319,26.379999999999999,0,3.6000000000000001,-19.5,0.12,-0.7939790178128342,-15.096105958512016,2.7999999999999998,LANDED,TRAVEL,RUNNING
1320,26.399999999999999,0,3.6000000000000001,-19.5,0.12,-0.80311410932595884,-15.110442977136781,2.7999999999999998,LANDED,TRAVEL,RUNNING
1321,26.420000000000002,0,3.6000000000000001,-19.5,0.12,-0.81224920083908347,-15.124779995761546,2.7999999999999998,LANDED,TRAVEL,RUNNING
1322,26.440000000000001,0,3.6000000000000001,-19.5,0.12,-0.82138429235220811,-15.139117014386311,2.7999999999999998,LANDED,TRAVEL,RUNNING
1323,26.460000000000001,0,3.6000000000000001,-19.5,0.12,-0.83051938386533275,-15.153454033011077,2.7999999999999998,LANDED,TRAVEL,RUNNING
1324,26.48,0,3.6000000000000001,-19.5,0.12,-0.83965447537845739,-15.167791051635842,2.7999999999999998,LANDED,TRAVEL,RUNNING
1325,26.5,0,3.6000000000000001,-19.5,0.12,-0.84878956689158203,-15.182128070260607,2.7999999999999998,LANDED,TRAVEL,RUNNING
1326,26.52,0,3.6000000000000001,-19.5,0.12,-0.85792465840470666,-15.196465088885372,2.7999999999999998,LANDED,TRAVEL,RUNNING
1327,26.539999999999999,0,3.6000000000000001,-19.5,0.12,-0.8670597499178313,-15.210802107510137,2.7999999999999998,LANDED,TRAVEL,RUNNING
1328,26.559999999999999,0,3.6000000000000001,-19.5,0.12,-0.87619484143095594,-15.225139126134902,2.7999999999999998,LANDED,TRAVEL,RUNNING
1329,26.579999999999998,0,3.6000000000000001,-19.5,0.12,-0.88532993294408058,-15.239476144759667,2.7999999999999998,LANDED,TRAVEL,RUNNING
1330,26.600000000000001,0,3.6000000000000001,-19.5,0.12,-0.89446502445720522,-15.253813163384432,2.7999999999999998,LANDED,TRAVEL,RUNNING
1331,26.620000000000001,0,3.6000000000000001,-19.5,0.12,-0.90360011597032985,-15.268150182009197,2.7999999999999998,LANDED,TRAVEL,RUNNING
1332,26.640000000000001,0,3.6000000000000001,-19.5,0.12,-0.91273520748345449,-15.282487200633962,2.7999999999999998,LANDED,TRAVEL,RUNNING
1333,26.66,0,3.6000000000000001,-19.5,0.12,-0.92187029899657913,-15.296824219258728,2.7999999999999998,LANDED,TRAVEL,RUNNING
1334,26.68,0,3.6000000000000001,-19.5,0.12,-0.93100539050970377,-15.311161237883493,2.7999999999999998,LANDED,TRAVEL,RUNNING
1335,26.699999999999999,0,3.6000000000000001,-19.5,0.12,-0.94014048202282841,-15.325498256508258,2.7999999999999998,LANDED,TRAVEL,RUNNING
1336,26.719999999999999,0,3.6000000000000001,-19.5,0.12,-0.94927557353595304,-15.339835275133023,2.7999999999999998,LANDED,TRAVEL,RUNNING
1337,26.739999999999998,0,3.6000000000000001,-19.5,0.12,-0.95841066504907768,-15.354172293757788,2.7999999999999998,LANDED,TRAVEL,RUNNING
1338,26.760000000000002,0,3.6000000000000001,-19.5,0.12,-0.96754575656220232,-15.368509312382553,2.7999999999999998,LANDED,TRAVEL,RUNNING
1339,26.780000000000001,0,3.6000000000000001,-19.5,0.12,-0.97668084807532696,-15.382846331007318,2.7999999999999998,LANDED,TRAVEL,RUNNING
1340,26.800000000000001,0,3.6000000000000001,-19.5,0.12,-0.9858159395884516,-15.397183349632083,2.7999999999999998,LANDED,TRAVEL,RUNNING
1341,26.82,0,3.6000000000000001,-19.5,0.12,-0.99495103110157623,-15.411520368256848,2.7999999999999998,LANDED,TRAVEL,RUNNING
1342,26.84,0,3.6000000000000001,-19.5,0.12,-1.0040861226147009,-15.425857386881614,2.7999999999999998,LANDED,TRAVEL,RUNNING
1343,26.859999999999999,0,3.6000000000000001,-19.5,0.12,-1.0132212141278254,-15.440194405506379,2.7999999999999998,LANDED,TRAVEL,RUNNING
1344,26.879999999999999,0,3.6000000000000001,-19.5,0.12,-1.0223563056409499,-15.454531424131144,2.7999999999999998,LANDED,TRAVEL,RUNNING
1345,26.899999999999999,0,3.6000000000000001,-19.5,0.12,-1.0314913971540745,-15.468868442755909,2.7999999999999998,LANDED,TRAVEL,RUNNING
1346,26.920000000000002,0,3.6000000000000001,-19.5,0.12,-1.040626488667199,-15.483205461380674,2.7999999999999998,LANDED,TRAVEL,RUNNING
1347,26.940000000000001,0,3.6000000000000001,-19.5,0.12,-1.0497615801803235,-15.497542480005439,2.7999999999999998,LANDED,TRAVEL,RUNNING
1348,26.960000000000001,0,3.6000000000000001,-19.5,0.12,-1.058896671693448,-15.511879498630204,2.7999999999999998,LANDED,TRAVEL,RUNNING
1349,26.98,0,3.6000000000000001,-19.5,0.12,-1.0680317632065726,-15.526216517254969,2.7999999999999998,LANDED,TRAVEL,RUNNING
1350,27,0,3.6000000000000001,-19.5,0.12,-1.0771668547196971,-15.540553535879734,2.7999999999999998,LANDED,TRAVEL,RUNNING
1351,27.02,0,3.6000000000000001,-19.5,0.12,-1.0863019462328216,-15.5548905545045,2.7999999999999998,LANDED,TRAVEL,RUNNING
1352,27.039999999999999,0,3.6000000000000001,-19.5,0.12,-1.0954370377459464,-15.569227573129265,2.7999999999999998,LANDED,TRAVEL,RUNNING
1353,27.059999999999999,0,3.6000000000000001,-19.5,0.12,-1.1045721292590711,-15.58356459175403,2.7999999999999998,LANDED,TRAVEL,RUNNING
1354,27.079999999999998,0,3.6000000000000001,-19.5,0.12,-1.1137072207721959,-15.597901610378795,2.7999999999999998,LANDED,TRAVEL,RUNNING
1355,27.100000000000001,0,3.6000000000000001,-19.5,0.12,-1.1228423122853206,-15.61223862900356,2.7999999999999998,LANDED,TRAVEL,RUNNING
1356,27.120000000000001,0,3.6000000000000001,-19.5,0.12,-1.1319774037984454,-15.626575647628325,2.7999999999999998,LANDED,TRAVEL,RUNNING
1357,27.140000000000001,0,3.6000000000000001,-19.5,0.12,-1.1411124953115701,-15.64091266625309,2.7999999999999998,LANDED,TRAVEL,RUNNING
1358,27.16,0,3.6000000000000001,-19.5,0.12,-1.1502475868246949,-15.655249684877855,2.7999999999999998,LANDED,TRAVEL,RUNNING
1359,27.18,0,3.6000000000000001,-19.5,0.12,-1.1593826783378196,-15.66958670350262,2.7999999999999998,LANDED,TRAVEL,RUNNING
1360,27.199999999999999,0,3.6000000000000001,-19.5,0.12,-1.1685177698509444,-15.683923722127386,2.7999999999999998,LANDED,TRAVEL,RUNNING
1361,27.219999999999999,0,3.6000000000000001,-19.5,0.12,-1.1776528613640691,-15.698260740752151,2.7999999999999998,LANDED,TRAVEL,RUNNING
1362,27.239999999999998,0,3.6000000000000001,-19.5,0.12,-1.1867879528771939,-15.712597759376916,2.7999999999999998,LANDED,TRAVEL,RUNNING
1363,27.260000000000002,0,3.6000000000000001,-19.5,0.12,-1.1959230443903186,-15.726934778001681,2.7999999999999998,LANDED,TRAVEL,RUNNING
1364,27.280000000000001,0,3.6000000000000001,-19.5,0.12,-1.2050581359034434,-15.741271796626446,2.7999999999999998,LANDED,TRAVEL,RUNNING
1365,27.300000000000001,0,3.6000000000000001,-19.5,0.12,-1.2141932274165681,-15.755608815251211,2.7999999999999998,LANDED,TRAVEL,RUNNING
1366,27.32,0,3.6000000000000001,-19.5,0.12,-1.2233283189296928,-15.769945833875976,2.7999999999999998,LANDED,TRAVEL,RUNNING
1367,27.34,0,3.6000000000000001,-19.5,0.12,-1.2324634104428176,-15.784282852500741,2.7999999999999998,LANDED,TRAVEL,RUNNING
1368,27.359999999999999,0,3.6000000000000001,-19.5,0.12,-1.2415985019559423,-15.798619871125506,2.7999999999999998,LANDED,TRAVEL,RUNNING
1369,27.379999999999999,0,3.6000000000000001,-19.5,0.12,-1.2507335934690671,-15.812956889750271,2.7999999999999998,LANDED,TRAVEL,RUNNING
1370,27.399999999999999,0,3.6000000000000001,-19.5,0.12,-1.2598686849821918,-15.827293908375037,2.7999999999999998,LANDED,TRAVEL,RUNNING
1371,27.420000000000002,0,3.6000000000000001,-19.5,0.12,-1.2690037764953166,-15.841630926999802,2.7999999999999998,LANDED,TRAVEL,RUNNING
1372,27.440000000000001,0,3.6000000000000001,-19.5,0.12,-1.2781388680084413,-15.855967945624567,2.7999999999999998,LANDED,TRAVEL,RUNNING
1373,27.460000000000001,0,3.6000000000000001,-19.5,0.12,-1.2872739595215661,-15.870304964249332,2.7999999999999998,LANDED,TRAVEL,RUNNING
1374,27.48,0,3.6000000000000001,-19.5,0.12,-1.2964090510346908,-15.884641982874097,2.7999999999999998,LANDED,TRAVEL,RUNNING
1375,27.5,0,3.6000000000000001,-19.5,0.12,-1.3055441425478156,-15.898979001498862,2.7999999999999998,LANDED,TRAVEL,RUNNING
1376,27.52,0,3.6000000000000001,-19.5,0.12,-1.3146792340609403,-15.913316020123627,2.7999999999999998,LANDED,TRAVEL,RUNNING
1377,27.539999999999999,0,3.6000000000000001,-19.5,0.12,-1.3238143255740651,-15.927653038748392,2.7999999999999998,LANDED,TRAVEL,RUNNING
1378,27.559999999999999,0,3.6000000000000001,-19.5,0.12,-1.3329494170871898,-15.941990057373157,2.7999999999999998,LANDED,TRAVEL,RUNNING
1379,27.579999999999998,0,3.6000000000000001,-19.5,0.12,-1.3420845086003146,-15.956327075997923,2.7999999999999998,LANDED,TRAVEL,RUNNING
1380,27.600000000000001,0,3.6000000000000001,-19.5,0.12,-1.3512196001134393,-15.970664094622688,2.7999999999999998,LANDED,TRAVEL,RUNNING
1381,27.620000000000001,0,3.6000000000000001,-19.5,0.12,-1.3603546916265641,-15.985001113247453,2.7999999999999998,LANDED,TRAVEL,RUNNING
1382,27.640000000000001,0,3.6000000000000001,-19.5,0.12,-1.3694897831396888,-15.999338131872218,2.7999999999999998,LANDED,TRAVEL,RUNNING
1383,27.66,0,3.6000000000000001,-19.5,0.12,-1.3786248746528136,-16.013675150496983,2.7999999999999998,LANDED,TRAVEL,RUNNING
1384,27.68,0,3.6000000000000001,-19.5,0.12,-1.3877599661659383,-16.028012169121748,2.7999999999999998,LANDED,TRAVEL,RUNNING
1385,27.699999999999999,0,3.6000000000000001,-19.5,0.12,-1.3968950576790631,-16.042349187746513,2.7999999999999998,LANDED,TRAVEL,RUNNING
1386,27.719999999999999,0,3.6000000000000001,-19.5,0.12,-1.4060301491921878,-16.056686206371278,2.7999999999999998,LANDED,TRAVEL,RUNNING
1387,27.739999999999998,0,3.6000000000000001,-19.5,0.12,-1.4151652407053126,-16.071023224996043,2.7999999999999998,LANDED,TRAVEL,RUNNING
1388,27.760000000000002,0,3.6000000000000001,-19.5,0.12,-1.4243003322184373,-16.085360243620809,2.7999999999999998,LANDED,TRAVEL,RUNNING
1389,27.780000000000001,0,3.6000000000000001,-19.5,0.12,-1.4334354237315621,-16.099697262245574,2.7999999999999998,LANDED,TRAVEL,RUNNING
1390,27.800000000000001,0,3.6000000000000001,-19.5,0.12,-1.4425705152446868,-16.114034280870339,2.7999999999999998,LANDED,TRAVEL,RUNNING
1391,27.82,0,3.6000000000000001,-19.5,0.12,-1.4517056067578116,-16.128371299495104,2.7999999999999998,LANDED,TRAVEL,RUNNING
1392,27.84,0,3.6000000000000001,-19.5,0.12,-1.4608406982709363,-16.142708318119869,2.7999999999999998,LANDED,TRAVEL,RUNNING
1393,27.859999999999999,0,3.6000000000000001,-19.5,0.12,-1.4699757897840611,-16.157045336744634,2.7999999999999998,LANDED,TRAVEL,RUNNING
1394,27.879999999999999,0,3.6000000000000001,-19.5,0.12,-1.4791108812971858,-16.171382355369399,2.7999999999999998,LANDED,TRAVEL,RUNNING
1395,27.899999999999999,0,3.6000000000000001,-19.5,0.12,-1.4882459728103106,-16.185719373994164,2.7999999999999998,LANDED,TRAVEL,RUNNING
1396,27.920000000000002,0,3.6000000000000001,-19.5,0.12,-1.4973810643234353,-16.200056392618929,2.7999999999999998,LANDED,TRAVEL,RUNNING
1397,27.940000000000001,0,3.6000000000000001,-19.5,0.12,-1.5065161558365601,-16.214393411243694,2.7999999999999998,LANDED,TRAVEL,RUNNING
1398,27.960000000000001,0,3.6000000000000001,-19.5,0.12,-1.5156512473496848,-16.22873042986846,2.7999999999999998,LANDED,TRAVEL,RUNNING
1399,27.98,0,3.6000000000000001,-19.5,0.12,-1.5247863388628096,-16.243067448493225,2.7999999999999998,LANDED,TRAVEL,RUNNING
1400,28,0,3.6000000000000001,-19.5,0.12,-1.5339214303759343,-16.25740446711799,2.7999999999999998,LANDED,TRAVEL,RUNNING
1401,28.02,0,3.6000000000000001,-19.5,0.12,-1.5430565218890591,-16.271741485742755,2.7999999999999998,LANDED,TRAVEL,RUNNING
1402,28.039999999999999,0,3.6000000000000001,-19.5,0.12,-1.5521916134021838,-16.28607850436752,2.7999999999999998,LANDED,TRAVEL,RUNNING
1403,28.059999999999999,0,3.6000000000000001,-19.5,0.12,-1.5613267049153086,-16.300415522992285,2.7999999999999998,LANDED,TRAVEL,RUNNING
1404,28.079999999999998,0,3.6000000000000001,-19.5,0.12,-1.5704617964284333,-16.31475254161705,2.7999999999999998,LANDED,TRAVEL,RUNNING
1405,28.100000000000001,0,3.6000000000000001,-19.5,0.12,-1.5795968879415581,-16.329089560241815,2.7999999999999998,LANDED,TRAVEL,RUNNING
1406,28.120000000000001,0,3.6000000000000001,-19.5,0.12,-1.5887319794546828,-16.34342657886658,2.7999999999999998,LANDED,TRAVEL,RUNNING
1407,28.140000000000001,0,3.6000000000000001,-19.5,0.12,-1.5978670709678076,-16.357763597491346,2.7999999999999998,LANDED,TRAVEL,RUNNING
1408,28.16,0,3.6000000000000001,-19.5,0.12,-1.6070021624809323,-16.372100616116111,2.7999999999999998,LANDED,TRAVEL,RUNNING
1409,28.18,0,3.6000000000000001,-19.5,0.12,-1.6161372539940571,-16.386437634740876,2.7999999999999998,LANDED,TRAVEL,RUNNING
1410,28.199999999999999,0,3.6000000000000001,-19.5,0.12,-1.6252723455071818,-16.400774653365641,2.7999999999999998,LANDED,TRAVEL,RUNNING
1411,28.219999999999999,0,3.6000000000000001,-19.5,0.12,-1.6344074370203066,-16.415111671990406,2.7999999999999998,LANDED,TRAVEL,RUNNING
1412,28.239999999999998,0,3.6000000000000001,-19.5,0.12,-1.6435425285334313,-16.429448690615171,2.7999999999999998,LANDED,TRAVEL,RUNNING
1413,28.260000000000002,0,3.6000000000000001,-19.5,0.12,-1.6526776200465561,-16.443785709239936,2.7999999999999998,LANDED,TRAVEL,RUNNING
1414,28.280000000000001,0,3.6000000000000001,-19.5,0.12,-1.6618127115596808,-16.458122727864701,2.7999999999999998,LANDED,TRAVEL,RUNNING
1415,28.300000000000001,0,3.6000000000000001,-19.5,0.12,-1.6709478030728055,-16.472459746489466,2.7999999999999998,LANDED,TRAVEL,RUNNING
1416,28.32,0,3.6000000000000001,-19.5,0.12,-1.6800828945859303,-16.486796765114232,2.7999999999999998,LANDED,TRAVEL,RUNNING
1417,28.34,0,3.6000000000000001,-19.5,0.12,-1.689217986099055,-16.501133783738997,2.7999999999999998,LANDED,TRAVEL,RUNNING
1418,28.359999999999999,0,3.6000000000000001,-19.5,0.12,-1.6983530776121798,-16.515470802363762,2.7999999999999998,LANDED,TRAVEL,RUNNING
1419,28.379999999999999,0,3.6000000000000001,-19.5,0.12,-1.7074881691253045,-16.529807820988527,2.7999999999999998,LANDED,TRAVEL,RUNNING
1420,28.399999999999999,0,3.6000000000000001,-19.5,0.12,-1.7166232606384293,-16.544144839613292,2.7999999999999998,LANDED,TRAVEL,RUNNING
1421,28.420000000000002,0,3.6000000000000001,-19.5,0.12,-1.725758352151554,-16.558481858238057,2.7999999999999998,LANDED,TRAVEL,RUNNING
1422,28.440000000000001,0,3.6000000000000001,-19.5,0.12,-1.7348934436646788,-16.572818876862822,2.7999999999999998,LANDED,TRAVEL,RUNNING
1423,28.460000000000001,0,3.6000000000000001,-19.5,0.12,-1.7440285351778035,-16.587155895487587,2.7999999999999998,LANDED,TRAVEL,RUNNING
1424,28.48,0,3.6000000000000001,-19.5,0.12,-1.7531636266909283,-16.601492914112352,2.7999999999999998,LANDED,TRAVEL,RUNNING
1425,28.5,0,3.6000000000000001,-19.5,0.12,-1.762298718204053,-16.615829932737118,2.7999999999999998,LANDED,TRAVEL,RUNNING
1426,28.52,0,3.6000000000000001,-19.5,0.12,-1.7714338097171778,-16.630166951361883,2.7999999999999998,LANDED,TRAVEL,RUNNING
1427,28.539999999999999,0,3.6000000000000001,-19.5,0.12,-1.7805689012303025,-16.644503969986648,2.7999999999999998,LANDED,TRAVEL,RUNNING
1428,28.559999999999999,0,3.6000000000000001,-19.5,0.12,-1.7897039927434273,-16.658840988611413,2.7999999999999998,LANDED,TRAVEL,RUNNING
1429,28.579999999999998,0,3.6000000000000001,-19.5,0.12,-1.798839084256552,-16.673178007236178,2.7999999999999998,LANDED,TRAVEL,RUNNING
1430,28.600000000000001,0,3.6000000000000001,-19.5,0.12,-1.8079741757696768,-16.687515025860943,2.7999999999999998,LANDED,TRAVEL,RUNNING
1431,28.620000000000001,0,3.6000000000000001,-19.5,0.12,-1.8171092672828015,-16.701852044485708,2.7999999999999998,LANDED,TRAVEL,RUNNING
1432,28.640000000000001,0,3.6000000000000001,-19.5,0.12,-1.8262443587959263,-16.716189063110473,2.7999999999999998,LANDED,TRAVEL,RUNNING
1433,28.66,0,3.6000000000000001,-19.5,0.12,-1.835379450309051,-16.730526081735238,2.7999999999999998,LANDED,TRAVEL,RUNNING
1434,28.68,0,3.6000000000000001,-19.5,0.12,-1.8445145418221758,-16.744863100360003,2.7999999999999998,LANDED,TRAVEL,RUNNING
1435,28.699999999999999,0,3.6000000000000001,-19.5,0.12,-1.8536496333353005,-16.759200118984769,2.7999999999999998,LANDED,TRAVEL,RUNNING
1436,28.719999999999999,0,3.6000000000000001,-19.5,0.12,-1.8627847248484253,-16.773537137609534,2.7999999999999998,LANDED,TRAVEL,RUNNING
1437,28.739999999999998,0,3.6000000000000001,-19.5,0.12,-1.87191981636155,-16.787874156234299,2.7999999999999998,LANDED,TRAVEL,RUNNING
1438,28.760000000000002,0,3.6000000000000001,-19.5,0.12,-1.8810549078746748,-16.802211174859064,2.7999999999999998,LANDED,TRAVEL,RUNNING
1439,28.780000000000001,0,3.6000000000000001,-19.5,0.12,-1.8901899993877995,-16.816548193483829,2.7999999999999998,LANDED,TRAVEL,RUNNING
1440,28.800000000000001,0,3.6000000000000001,-19.5,0.12,-1.8993250909009243,-16.830885212108594,2.7999999999999998,LANDED,TRAVEL,RUNNING
1441,28.82,0,3.6000000000000001,-19.5,0.12,-1.908460182414049,-16.845222230733359,2.7999999999999998,LANDED,TRAVEL,RUNNING
1442,28.84,0,3.6000000000000001,-19.5,0.12,-1.9175952739271738,-16.859559249358124,2.7999999999999998,LANDED,TRAVEL,RUNNING
1443,28.859999999999999,0,3.6000000000000001,-19.5,0.12,-1.9267303654402985,-16.873896267982889,2.7999999999999998,LANDED,TRAVEL,RUNNING
1444,28.879999999999999,0,3.6000000000000001,-19.5,0.12,-1.9358654569534233,-16.888233286607655,2.7999999999999998,LANDED,TRAVEL,RUNNING
1445,28.899999999999999,0,3.6000000000000001,-19.5,0.12,-1.945000548466548,-16.90257030523242,2.7999999999999998,LANDED,TRAVEL,RUNNING
1446,28.920000000000002,0,3.6000000000000001,-19.5,0.12,-1.9541356399796728,-16.916907323857185,2.7999999999999998,LANDED,TRAVEL,RUNNING
1447,28.940000000000001,0,3.6000000000000001,-19.5,0.12,-1.9632707314927975,-16.93124434248195,2.7999999999999998,LANDED,TRAVEL,RUNNING
1448,28.960000000000001,0,3.6000000000000001,-19.5,0.12,-1.9724058230059223,-16.945581361106715,2.7999999999999998,LANDED,TRAVEL,RUNNING
1449,28.98,0,3.6000000000000001,-19.5,0.12,-1.981540914519047,-16.95991837973148,2.7999999999999998,LANDED,TRAVEL,RUNNING
1450,29,0,3.6000000000000001,-19.5,0.12,-1.9906760060321718,-16.974255398356245,2.7999999999999998,LANDED,TRAVEL,RUNNING
1451,29.02,0,3.6000000000000001,-19.5,0.12,-1.9998110975452965,-16.98859241698101,2.7999999999999998,LANDED,TRAVEL,RUNNING
1452,29.039999999999999,0,3.6000000000000001,-19.5,0.12,-2.0089461890584213,-17.002929435605775,2.7999999999999998,LANDED,TRAVEL,RUNNING
1453,29.059999999999999,0,3.6000000000000001,-19.5,0.12,-2.018081280571546,-17.017266454230541,2.7999999999999998,LANDED,TRAVEL,RUNNING
1454,29.079999999999998,0,3.6000000000000001,-19.5,0.12,-2.0272163720846708,-17.031603472855306,2.7999999999999998,LANDED,TRAVEL,RUNNING
1455,29.100000000000001,0,3.6000000000000001,-19.5,0.12,-2.0363514635977955,-17.045940491480071,2.7999999999999998,LANDED,TRAVEL,RUNNING
1456,29.120000000000001,0,3.6000000000000001,-19.5,0.12,-2.0454865551109203,-17.060277510104836,2.7999999999999998,LANDED,TRAVEL,RUNNING
1457,29.140000000000001,0,3.6000000000000001,-19.5,0.12,-2.054621646624045,-17.074614528729601,2.7999999999999998,LANDED,TRAVEL,RUNNING
1458,29.16,0,3.6000000000000001,-19.5,0.12,-2.0637567381371698,-17.088951547354366,2.7999999999999998,LANDED,TRAVEL,RUNNING
1459,29.18,0,3.6000000000000001,-19.5,0.12,-2.0728918296502945,-17.103288565979131,2.7999999999999998,LANDED,TRAVEL,RUNNING
1460,29.199999999999999,0,3.6000000000000001,-19.5,0.12,-2.0820269211634193,-17.117625584603896,2.7999999999999998,LANDED,TRAVEL,RUNNING
1461,29.219999999999999,0,3.6000000000000001,-19.5,0.12,-2.091162012676544,-17.131962603228661,2.7999999999999998,LANDED,TRAVEL,RUNNING
1462,29.239999999999998,0,3.6000000000000001,-19.5,0.12,-2.1002971041896688,-17.146299621853426,2.7999999999999998,LANDED,TRAVEL,RUNNING
1463,29.260000000000002,0,3.6000000000000001,-19.5,0.12,-2.1094321957027935,-17.160636640478192,2.7999999999999998,LANDED,TRAVEL,RUNNING
1464,29.280000000000001,0,3.6000000000000001,-19.5,0.12,-2.1185672872159182,-17.174973659102957,2.7999999999999998,LANDED,TRAVEL,RUNNING
1465,29.300000000000001,0,3.6000000000000001,-19.5,0.12,-2.127702378729043,-17.189310677727722,2.7999999999999998,LANDED,TRAVEL,RUNNING
1466,29.32,0,3.6000000000000001,-19.5,0.12,-2.1368374702421677,-17.203647696352487,2.7999999999999998,LANDED,TRAVEL,RUNNING
1467,29.34,0,3.6000000000000001,-19.5,0.12,-2.1459725617552925,-17.217984714977252,2.7999999999999998,LANDED,TRAVEL,RUNNING
1468,29.359999999999999,0,3.6000000000000001,-19.5,0.12,-2.1551076532684172,-17.232321733602017,2.7999999999999998,LANDED,TRAVEL,RUNNING
1469,29.379999999999999,0,3.6000000000000001,-19.5,0.12,-2.164242744781542,-17.246658752226782,2.7999999999999998,LANDED,TRAVEL,RUNNING
1470,29.399999999999999,0,3.6000000000000001,-19.5,0.12,-2.1733778362946667,-17.260995770851547,2.7999999999999998,LANDED,TRAVEL,RUNNING
1471,29.420000000000002,0,3.6000000000000001,-19.5,0.12,-2.1825129278077915,-17.275332789476312,2.7999999999999998,LANDED,TRAVEL,RUNNING
1472,29.440000000000001,0,3.6000000000000001,-19.5,0.12,-2.1916480193209162,-17.289669808101078,2.7999999999999998,LANDED,TRAVEL,RUNNING
1473,29.460000000000001,0,3.6000000000000001,-19.5,0.12,-2.200783110834041,-17.304006826725843,2.7999999999999998,LANDED,TRAVEL,RUNNING
1474,29.48,0,3.6000000000000001,-19.5,0.12,-2.2099182023471657,-17.318343845350608,2.7999999999999998,LANDED,TRAVEL,RUNNING
1475,29.5,0,3.6000000000000001,-19.5,0.12,-2.2190532938602905,-17.332680863975373,2.7999999999999998,LANDED,TRAVEL,RUNNING
1476,29.52,0,3.6000000000000001,-19.5,0.12,-2.2281883853734152,-17.347017882600138,2.7999999999999998,LANDED,TRAVEL,RUNNING
1477,29.539999999999999,0,3.6000000000000001,-19.5,0.12,-2.23732347688654,-17.361354901224903,2.7999999999999998,LANDED,TRAVEL,RUNNING
1478,29.559999999999999,0,3.6000000000000001,-19.5,0.12,-2.2464585683996647,-17.375691919849668,2.7999999999999998,LANDED,TRAVEL,RUNNING
1479,29.579999999999998,0,3.6000000000000001,-19.5,0.12,-2.2555936599127895,-17.390028938474433,2.7999999999999998,LANDED,TRAVEL,RUNNING
1480,29.600000000000001,0,3.6000000000000001,-19.5,0.12,-2.2647287514259142,-17.404365957099198,2.7999999999999998,LANDED,TRAVEL,RUNNING
1481,29.620000000000001,0,3.6000000000000001,-19.5,0.12,-2.273863842939039,-17.418702975723964,2.7999999999999998,LANDED,TRAVEL,RUNNING
1482,29.640000000000001,0,3.6000000000000001,-19.5,0.12,-2.2829989344521637,-17.433039994348729,2.7999999999999998,LANDED,TRAVEL,RUNNING
1483,29.66,0,3.6000000000000001,-19.5,0.12,-2.2921340259652885,-17.447377012973494,2.7999999999999998,LANDED,TRAVEL,RUNNING
1484,29.68,0,3.6000000000000001,-19.5,0.12,-2.3012691174784132,-17.461714031598259,2.7999999999999998,LANDED,TRAVEL,RUNNING
1485,29.699999999999999,0,3.6000000000000001,-19.5,0.12,-2.310404208991538,-17.476051050223024,2.7999999999999998,LANDED,TRAVEL,RUNNING
1486,29.719999999999999,0,3.6000000000000001,-19.5,0.12,-2.3195393005046627,-17.490388068847789,2.7999999999999998,LANDED,TRAVEL,RUNNING
1487,29.739999999999998,0,3.6000000000000001,-19.5,0.12,-2.3286743920177875,-17.504725087472554,2.7999999999999998,LANDED,TRAVEL,RUNNING
1488,29.760000000000002,0,3.6000000000000001,-19.5,0.12,-2.3378094835309122,-17.519062106097319,2.7999999999999998,LANDED,TRAVEL,RUNNING
1489,29.780000000000001,0,3.6000000000000001,-19.5,0.12,-2.346944575044037,-17.533399124722084,2.7999999999999998,LANDED,TRAVEL,RUNNING
1490,29.800000000000001,0,3.6000000000000001,-19.5,0.12,-2.3560796665571617,-17.54773614334685,2.7999999999999998,LANDED,TRAVEL,RUNNING
1491,29.82,0,3.6000000000000001,-19.5,0.12,-2.3652147580702865,-17.562073161971615,2.7999999999999998,LANDED,TRAVEL,RUNNING
1492,29.84,0,3.6000000000000001,-19.5,0.12,-2.3743498495834112,-17.57641018059638,2.7999999999999998,LANDED,TRAVEL,RUNNING
1493,29.859999999999999,0,3.6000000000000001,-19.5,0.12,-2.383484941096536,-17.590747199221145,2.7999999999999998,LANDED,TRAVEL,RUNNING
1494,29.879999999999999,0,3.6000000000000001,-19.5,0.12,-2.3926200326096607,-17.60508421784591,2.7999999999999998,LANDED,TRAVEL,RUNNING
1495,29.899999999999999,0,3.6000000000000001,-19.5,0.12,-2.4017551241227855,-17.619421236470675,2.7999999999999998,LANDED,TRAVEL,RUNNING
1496,29.920000000000002,0,3.6000000000000001,-19.5,0.12,-2.4108902156359102,-17.63375825509544,2.7999999999999998,LANDED,TRAVEL,RUNNING
1497,29.940000000000001,0,3.6000000000000001,-19.5,0.12,-2.420025307149035,-17.648095273720205,2.7999999999999998,LANDED,TRAVEL,RUNNING
1498,29.960000000000001,0,3.6000000000000001,-19.5,0.12,-2.4291603986621597,-17.66243229234497,2.7999999999999998,LANDED,TRAVEL,RUNNING
1499,29.98,0,3.6000000000000001,-19.5,0.12,-2.4382954901752845,-17.676769310969735,2.7999999999999998,LANDED,TRAVEL,RUNNING
1500,30,0,3.6000000000000001,-19.5,0.12,-2.4474305816884097,-17.691106329594501,2.7999999999999998,LANDED,TRAVEL,RUNNING
1501,30.02,0,3.6000000000000001,-19.5,0.12,-2.4565656732015348,-17.705443348219266,2.7999999999999998,LANDED,TRAVEL,RUNNING
1502,30.039999999999999,0,3.6000000000000001,-19.5,0.12,-2.46570076471466,-17.719780366844031,2.7999999999999998,LANDED,TRAVEL,RUNNING
1503,30.059999999999999,0,3.6000000000000001,-19.5,0.12,-2.4748358562277852,-17.734117385468796,2.7999999999999998,LANDED,TRAVEL,RUNNING
1504,30.079999999999998,0,3.6000000000000001,-19.5,0.12,-2.4839709477409104,-17.748454404093561,2.7999999999999998,LANDED,TRAVEL,RUNNING
1505,30.100000000000001,0,3.6000000000000001,-19.5,0.12,-2.4931060392540356,-17.762791422718326,2.7999999999999998,LANDED,TRAVEL,RUNNING
1506,30.120000000000001,0,3.6000000000000001,-19.5,0.12,-2.5022411307671608,-17.777128441343091,2.7999999999999998,LANDED,TRAVEL,RUNNING
1507,30.140000000000001,0,3.6000000000000001,-19.5,0.12,-2.511376222280286,-17.791465459967856,2.7999999999999998,LANDED,TRAVEL,RUNNING
1508,30.16,0,3.6000000000000001,-19.5,0.12,-2.5205113137934112,-17.805802478592621,2.7999999999999998,LANDED,TRAVEL,RUNNING
1509,30.18,0,3.6000000000000001,-19.5,0.12,-2.5296464053065364,-17.820139497217387,2.7999999999999998,LANDED,TRAVEL,RUNNING
1510,30.199999999999999,0,3.6000000000000001,-19.5,0.12,-2.5387814968196616,-17.834476515842152,2.7999999999999998,LANDED,TRAVEL,RUNNING
1511,30.219999999999999,0,3.6000000000000001,-19.5,0.12,-2.5479165883327868,-17.848813534466917,2.7999999999999998,LANDED,TRAVEL,RUNNING
1512,30.239999999999998,0,3.6000000000000001,-19.5,0.12,-2.557051679845912,-17.863150553091682,2.7999999999999998,LANDED,TRAVEL,RUNNING
1513,30.260000000000002,0,3.6000000000000001,-19.5,0.12,-2.5661867713590372,-17.877487571716447,2.7999999999999998,LANDED,TRAVEL,RUNNING
1514,30.280000000000001,0,3.6000000000000001,-19.5,0.12,-2.5753218628721624,-17.891824590341212,2.7999999999999998,LANDED,TRAVEL,RUNNING
1515,30.300000000000001,0,3.6000000000000001,-19.5,0.12,-2.5844569543852876,-17.906161608965977,2.7999999999999998,LANDED,TRAVEL,RUNNING
1516,30.32,0,3.6000000000000001,-19.5,0.12,-2.5935920458984127,-17.920498627590742,2.7999999999999998,LANDED,TRAVEL,RUNNING
1517,30.34,0,3.6000000000000001,-19.5,0.12,-2.6027271374115379,-17.934835646215507,2.7999999999999998,LANDED,TRAVEL,RUNNING
1518,30.359999999999999,0,3.6000000000000001,-19.5,0.12,-2.6118622289246631,-17.949172664840273,2.7999999999999998,LANDED,TRAVEL,RUNNING
1519,30.379999999999999,0,3.6000000000000001,-19.5,0.12,-2.6209973204377883,-17.963509683465038,2.7999999999999998,LANDED,TRAVEL,RUNNING
1520,30.399999999999999,0,3.6000000000000001,-19.5,0.12,-2.6301324119509135,-17.977846702089803,2.7999999999999998,LANDED,TRAVEL,RUNNING
1521,30.420000000000002,0,3.6000000000000001,-19.5,0.12,-2.6392675034640387,-17.992183720714568,2.7999999999999998,LANDED,TRAVEL,RUNNING
1522,30.440000000000001,0,3.6000000000000001,-19.5,0.12,-2.6484025949771639,-18.006520739339333,2.7999999999999998,LANDED,TRAVEL,RUNNING
1523,30.460000000000001,0,3.6000000000000001,-19.5,0.12,-2.6575376864902891,-18.020857757964098,2.7999999999999998,LANDED,TRAVEL,RUNNING
1524,30.48,0,3.6000000000000001,-19.5,0.12,-2.6666727780034143,-18.035194776588863,2.7999999999999998,LANDED,TRAVEL,RUNNING
1525,30.5,0,3.6000000000000001,-19.5,0.12,-2.6758078695165395,-18.049531795213628,2.7999999999999998,LANDED,TRAVEL,RUNNING
1526,30.52,0,3.6000000000000001,-19.5,0.12,-2.6849429610296647,-18.063868813838393,2.7999999999999998,LANDED,TRAVEL,RUNNING
1527,30.539999999999999,0,3.6000000000000001,-19.5,0.12,-2.6940780525427899,-18.078205832463158,2.7999999999999998,LANDED,TRAVEL,RUNNING
1528,30.559999999999999,0,3.6000000000000001,-19.5,0.12,-2.7032131440559151,-18.092542851087924,2.7999999999999998,LANDED,TRAVEL,RUNNING
1529,30.579999999999998,0,3.6000000000000001,-19.5,0.12,-2.7123482355690403,-18.106879869712689,2.7999999999999998,LANDED,TRAVEL,RUNNING
1530,30.600000000000001,0,3.6000000000000001,-19.5,0.12,-2.7214833270821654,-18.121216888337454,2.7999999999999998,LANDED,TRAVEL,RUNNING
1531,30.620000000000001,0,3.6000000000000001,-19.5,0.12,-2.7306184185952906,-18.135553906962219,2.7999999999999998,LANDED,TRAVEL,RUNNING
1532,30.640000000000001,0,3.6000000000000001,-19.5,0.12,-2.7397535101084158,-18.149890925586984,2.7999999999999998,LANDED,TRAVEL,RUNNING
1533,30.66,0,3.6000000000000001,-19.5,0.12,-2.748888601621541,-18.164227944211749,2.7999999999999998,LANDED,TRAVEL,RUNNING
1534,30.68,0,3.6000000000000001,-19.5,0.12,-2.7580236931346662,-18.178564962836514,2.7999999999999998,LANDED,TRAVEL,RUNNING
1535,30.699999999999999,0,3.6000000000000001,-19.5,0.12,-2.7671587846477914,-18.192901981461279,2.7999999999999998,LANDED,TRAVEL,RUNNING
1536,30.719999999999999,0,3.6000000000000001,-19.5,0.12,-2.7762938761609166,-18.207239000086044,2.7999999999999998,LANDED,TRAVEL,RUNNING
1537,30.739999999999998,0,3.6000000000000001,-19.5,0.12,-2.7854289676740418,-18.22157601871081,2.7999999999999998,LANDED,TRAVEL,RUNNING
1538,30.760000000000002,0,3.6000000000000001,-19.5,0.12,-2.794564059187167,-18.235913037335575,2.7999999999999998,LANDED,TRAVEL,RUNNING
1539,30.780000000000001,0,3.6000000000000001,-19.5,0.12,-2.8036991507002922,-18.25025005596034,2.7999999999999998,LANDED,TRAVEL,RUNNING
1540,30.800000000000001,0,3.6000000000000001,-19.5,0.12,-2.8128342422134174,-18.264587074585105,2.7999999999999998,LANDED,TRAVEL,RUNNING
1541,30.82,0,3.6000000000000001,-19.5,0.12,-2.8219693337265426,-18.27892409320987,2.7999999999999998,LANDED,TRAVEL,RUNNING
1542,30.84,0,3.6000000000000001,-19.5,0.12,-2.8311044252396678,-18.293261111834635,2.7999999999999998,LANDED,TRAVEL,RUNNING
1543,30.859999999999999,0,3.6000000000000001,-19.5,0.12,-2.840239516752793,-18.3075981304594,2.7999999999999998,LANDED,TRAVEL,RUNNING
1544,30.879999999999999,0,3.6000000000000001,-19.5,0.12,-2.8493746082659182,-18.321935149084165,2.7999999999999998,LANDED,TRAVEL,RUNNING
1545,30.899999999999999,0,3.6000000000000001,-19.5,0.12,-2.8585096997790433,-18.33627216770893,2.7999999999999998,LANDED,TRAVEL,RUNNING
1546,30.920000000000002,0,3.6000000000000001,-19.5,0.12,-2.8676447912921685,-18.350609186333696,2.7999999999999998,LANDED,TRAVEL,RUNNING
1547,30.940000000000001,0,3.6000000000000001,-19.5,0.12,-2.8767798828052937,-18.364946204958461,2.7999999999999998,LANDED,TRAVEL,RUNNING
1548,30.960000000000001,0,3.6000000000000001,-19.5,0.12,-2.8859149743184189,-18.379283223583226,2.7999999999999998,LANDED,TRAVEL,RUNNING
1549,30.98,0,3.6000000000000001,-19.5,0.12,-2.8950500658315441,-18.393620242207991,2.7999999999999998,LANDED,TRAVEL,RUNNING
1550,31,0,3.6000000000000001,-19.5,0.12,-2.9041851573446693,-18.407957260832756,2.7999999999999998,LANDED,TRAVEL,RUNNING
1551,31.02,0,3.6000000000000001,-19.5,0.12,-2.9133202488577945,-18.422294279457521,2.7999999999999998,LANDED,TRAVEL,RUNNING
1552,31.039999999999999,0,3.6000000000000001,-19.5,0.12,-2.9224553403709197,-18.436631298082286,2.7999999999999998,LANDED,TRAVEL,RUNNING
1553,31.059999999999999,0,3.6000000000000001,-19.5,0.12,-2.9315904318840449,-18.450968316707051,2.7999999999999998,LANDED,TRAVEL,RUNNING
1554,31.079999999999998,0,3.6000000000000001,-19.5,0.12,-2.9407255233971701,-18.465305335331816,2.7999999999999998,LANDED,TRAVEL,RUNNING
1555,31.100000000000001,0,3.6000000000000001,-19.5,0.12,-2.9498606149102953,-18.479642353956582,2.7999999999999998,LANDED,TRAVEL,RUNNING
1556,31.120000000000001,0,3.6000000000000001,-19.5,0.12,-2.9589957064234205,-18.493979372581347,2.7999999999999998,LANDED,TRAVEL,RUNNING
1557,31.140000000000001,0,3.6000000000000001,-19.5,0.12,-2.9681307979365457,-18.508316391206112,2.7999999999999998,LANDED,TRAVEL,RUNNING
1558,31.16,0,3.6000000000000001,-19.5,0.12,-2.9772658894496709,-18.522653409830877,2.7999999999999998,LANDED,TRAVEL,RUNNING
1559,31.18,0,3.6000000000000001,-19.5,0.12,-2.986400980962796,-18.536990428455642,2.7999999999999998,LANDED,TRAVEL,RUNNING
1560,31.199999999999999,0,3.6000000000000001,-19.5,0.12,-2.9955360724759212,-18.551327447080407,2.7999999999999998,LANDED,TRAVEL,RUNNING
1561,31.219999999999999,0,3.6000000000000001,-19.5,0.12,-3.0046711639890464,-18.565664465705172,2.7999999999999998,LANDED,TRAVEL,RUNNING
1562,31.239999999999998,0,3.6000000000000001,-19.5,0.12,-3.0138062555021716,-18.580001484329937,2.7999999999999998,LANDED,TRAVEL,RUNNING
1563,31.260000000000002,0,3.6000000000000001,-19.5,0.12,-3.0229413470152968,-18.594338502954702,2.7999999999999998,LANDED,TRAVEL,RUNNING
1564,31.280000000000001,0,3.6000000000000001,-19.5,0.12,-3.032076438528422,-18.608675521579467,2.7999999999999998,LANDED,TRAVEL,RUNNING
1565,31.300000000000001,0,3.6000000000000001,-19.5,0.12,-3.0412115300415472,-18.623012540204233,2.7999999999999998,LANDED,TRAVEL,RUNNING
1566,31.32,0,3.6000000000000001,-19.5,0.12,-3.0503466215546724,-18.637349558828998,2.7999999999999998,LANDED,TRAVEL,RUNNING
1567,31.34,0,3.6000000000000001,-19.5,0.12,-3.0594817130677976,-18.651686577453763,2.7999999999999998,LANDED,TRAVEL,RUNNING
1568,31.359999999999999,0,3.6000000000000001,-19.5,0.12,-3.0686168045809228,-18.666023596078528,2.7999999999999998,LANDED,TRAVEL,RUNNING
1569,31.379999999999999,0,3.6000000000000001,-19.5,0.12,-3.077751896094048,-18.680360614703293,2.7999999999999998,LANDED,TRAVEL,RUNNING
1570,31.399999999999999,0,3.6000000000000001,-19.5,0.12,-3.0868869876071732,-18.694697633328058,2.7999999999999998,LANDED,TRAVEL,RUNNING
1571,31.420000000000002,0,3.6000000000000001,-19.5,0.12,-3.0960220791202984,-18.709034651952823,2.7999999999999998,LANDED,TRAVEL,RUNNING
1572,31.440000000000001,0,3.6000000000000001,-19.5,0.12,-3.1051571706334236,-18.723371670577588,2.7999999999999998,LANDED,TRAVEL,RUNNING
1573,31.460000000000001,0,3.6000000000000001,-19.5,0.12,-3.1142922621465488,-18.737708689202353,2.7999999999999998,LANDED,TRAVEL,RUNNING
1574,31.48,0,3.6000000000000001,-19.5,0.12,-3.1234273536596739,-18.752045707827119,2.7999999999999998,LANDED,TRAVEL,RUNNING
1575,31.5,0,3.6000000000000001,-19.5,0.12,-3.1325624451727996,-18.766382726451884,2.7999999999999998,LANDED,TRAVEL,RUNNING
1576,31.52,0,3.6000000000000001,-19.5,0.12,-3.1416975366859252,-18.780719745076649,2.7999999999999998,LANDED,TRAVEL,RUNNING
1577,31.539999999999999,0,3.6000000000000001,-19.5,0.12,-3.1508326281990509,-18.795056763701414,2.7999999999999998,LANDED,TRAVEL,RUNNING
1578,31.559999999999999,0,3.6000000000000001,-19.5,0.12,-3.1599677197121765,-18.809393782326179,2.7999999999999998,LANDED,TRAVEL,RUNNING
1579,31.579999999999998,0,3.6000000000000001,-19.5,0.12,-3.1691028112253021,-18.823730800950944,2.7999999999999998,LANDED,TRAVEL,RUNNING
1580,31.600000000000001,0,3.6000000000000001,-19.5,0.12,-3.1782379027384278,-18.838067819575709,2.7999999999999998,LANDED,TRAVEL,RUNNING
1581,31.620000000000001,0,3.6000000000000001,-19.5,0.12,-3.1873729942515534,-18.852404838200474,2.7999999999999998,LANDED,TRAVEL,RUNNING
1582,31.640000000000001,0,3.6000000000000001,-19.5,0.12,-3.196508085764679,-18.866741856825239,2.7999999999999998,LANDED,TRAVEL,RUNNING
1583,31.66,0,3.6000000000000001,-19.5,0.12,-3.2056431772778047,-18.881078875450005,2.7999999999999998,LANDED,TRAVEL,RUNNING
1584,31.68,0,3.6000000000000001,-19.5,0.12,-3.2147782687909303,-18.89541589407477,2.7999999999999998,LANDED,TRAVEL,RUNNING
1585,31.699999999999999,0,3.6000000000000001,-19.5,0.12,-3.223913360304056,-18.909752912699535,2.7999999999999998,LANDED,TRAVEL,RUNNING
1586,31.719999999999999,0,3.6000000000000001,-19.5,0.12,-3.2330484518171816,-18.9240899313243,2.7999999999999998,LANDED,TRAVEL,RUNNING
1587,31.739999999999998,0,3.6000000000000001,-19.5,0.12,-3.2421835433303072,-18.938426949949065,2.7999999999999998,LANDED,TRAVEL,RUNNING
1588,31.760000000000002,0,3.6000000000000001,-19.5,0.12,-3.2513186348434329,-18.95276396857383,2.7999999999999998,LANDED,TRAVEL,RUNNING
1589,31.780000000000001,0,3.6000000000000001,-19.5,0.12,-3.2604537263565585,-18.967100987198595,2.7999999999999998,LANDED,TRAVEL,RUNNING
1590,31.800000000000001,0,3.6000000000000001,-19.5,0.12,-3.2695888178696841,-18.98143800582336,2.7999999999999998,LANDED,TRAVEL,RUNNING
1591,31.82,0,3.6000000000000001,-19.5,0.12,-3.2787239093828098,-18.995775024448125,2.7999999999999998,LANDED,TRAVEL,RUNNING
1592,31.84,0,3.6000000000000001,-19.5,0.12,-3.2878590008959354,-19.01011204307289,2.7999999999999998,LANDED,TRAVEL,RUNNING
1593,31.859999999999999,0,3.6000000000000001,-19.5,0.12,-3.2969940924090611,-19.024449061697656,2.7999999999999998,LANDED,TRAVEL,RUNNING
1594,31.879999999999999,0,3.6000000000000001,-19.5,0.12,-3.3061291839221867,-19.038786080322421,2.7999999999999998,LANDED,TRAVEL,RUNNING
1595,31.899999999999999,0,3.6000000000000001,-19.5,0.12,-3.3152642754353123,-19.053123098947186,2.7999999999999998,LANDED,TRAVEL,RUNNING
1596,31.920000000000002,0,3.6000000000000001,-19.5,0.12,-3.324399366948438,-19.067460117571951,2.7999999999999998,LANDED,TRAVEL,RUNNING
1597,31.940000000000001,0,3.6000000000000001,-19.5,0.12,-3.3335344584615636,-19.081797136196716,2.7999999999999998,LANDED,TRAVEL,RUNNING
1598,31.960000000000001,0,3.6000000000000001,-19.5,0.12,-3.3426695499746892,-19.096134154821481,2.7999999999999998,LANDED,TRAVEL,RUNNING
1599,31.98,0,3.6000000000000001,-19.5,0.12,-3.3518046414878149,-19.110471173446246,2.7999999999999998,LANDED,TRAVEL,RUNNING
1600,32,0,3.6000000000000001,-19.5,0.12,-3.3609397330009405,-19.124808192071011,2.7999999999999998,LANDED,TRAVEL,RUNNING
1601,32.020000000000003,0,3.6000000000000001,-19.5,0.12,-3.3700748245140666,-19.139145210695776,2.7999999999999998,LANDED,TRAVEL,RUNNING
1602,32.039999999999999,0,3.6000000000000001,-19.5,0.12,-3.3792099160271927,-19.153482229320542,2.7999999999999998,LANDED,TRAVEL,RUNNING
1603,32.060000000000002,0,3.6000000000000001,-19.5,0.12,-3.3883450075403188,-19.167819247945307,2.7999999999999998,LANDED,TRAVEL,RUNNING
1604,32.079999999999998,0,3.6000000000000001,-19.5,0.12,-3.3974800990534448,-19.182156266570072,2.7999999999999998,LANDED,TRAVEL,RUNNING
1605,32.100000000000001,0,3.6000000000000001,-19.5,0.12,-3.4066151905665709,-19.196493285194837,2.7999999999999998,LANDED,TRAVEL,RUNNING
1606,32.119999999999997,0,3.6000000000000001,-19.5,0.12,-3.415750282079697,-19.210830303819602,2.7999999999999998,LANDED,TRAVEL,RUNNING
1607,32.140000000000001,0,3.6000000000000001,-19.5,0.12,-3.4248853735928231,-19.225167322444367,2.7999999999999998,LANDED,TRAVEL,RUNNING
1608,32.159999999999997,0,3.6000000000000001,-19.5,0.12,-3.4340204651059492,-19.239504341069132,2.7999999999999998,LANDED,TRAVEL,RUNNING
1609,32.18,0,3.6000000000000001,-19.5,0.12,-3.4431555566190752,-19.253841359693897,2.7999999999999998,LANDED,TRAVEL,RUNNING
1610,32.200000000000003,0,3.6000000000000001,-19.5,0.12,-3.4522906481322013,-19.268178378318659,2.7999999999999998,LANDED,TRAVEL,RUNNING
1611,32.219999999999999,0,3.6000000000000001,-19.5,0.12,-3.4614257396453274,-19.282515396943424,2.7999999999999998,LANDED,TRAVEL,RUNNING
1612,32.240000000000002,0,3.6000000000000001,-19.5,0.12,-3.4705608311584535,-19.296852415568186,2.7999999999999998,LANDED,TRAVEL,RUNNING
1613,32.259999999999998,0,3.6000000000000001,-19.5,0.12,-3.4796959226715796,-19.311189434192951,2.7999999999999998,LANDED,TRAVEL,RUNNING
1614,32.280000000000001,0,3.6000000000000001,-19.5,0.12,-3.4888310141847056,-19.325526452817712,2.7999999999999998,LANDED,TRAVEL,RUNNING
1615,32.299999999999997,0,3.6000000000000001,-19.5,0.12,-3.4979661056978317,-19.339863471442477,2.7999999999999998,LANDED,TRAVEL,RUNNING
1616,32.32,0,3.6000000000000001,-19.5,0.12,-3.5071011972109578,-19.354200490067239,2.7999999999999998,LANDED,TRAVEL,RUNNING
1617,32.340000000000003,0,3.6000000000000001,-19.5,0.12,-3.5162362887240839,-19.368537508692004,2.7999999999999998,LANDED,TRAVEL,RUNNING
1618,32.359999999999999,0,3.6000000000000001,-19.5,0.12,-3.52537138023721,-19.382874527316766,2.7999999999999998,LANDED,TRAVEL,RUNNING
1619,32.380000000000003,0,3.6000000000000001,-19.5,0.12,-3.5345064717503361,-19.397211545941531,2.7999999999999998,LANDED,TRAVEL,RUNNING
1620,32.399999999999999,0,3.6000000000000001,-19.5,0.12,-3.5436415632634621,-19.411548564566292,2.7999999999999998,LANDED,TRAVEL,RUNNING
1621,32.420000000000002,0,3.6000000000000001,-19.5,0.12,-3.5527766547765882,-19.425885583191054,2.7999999999999998,LANDED,TRAVEL,RUNNING
1622,32.439999999999998,0,3.6000000000000001,-19.5,0.12,-3.5619117462897143,-19.440222601815819,2.7999999999999998,LANDED,TRAVEL,RUNNING
1623,32.460000000000001,0,3.6000000000000001,-19.5,0.12,-3.5710468378028404,-19.45455962044058,2.7999999999999998,LANDED,TRAVEL,RUNNING
1624,32.479999999999997,0,3.6000000000000001,-19.5,0.12,-3.5801819293159665,-19.468896639065346,2.7999999999999998,LANDED,TRAVEL,RUNNING
1625,32.5,0,3.6000000000000001,-19.5,0.12,-3.5893170208290925,-19.483233657690107,2.7999999999999998,LANDED,TRAVEL,RUNNING
1626,32.520000000000003,0,3.6000000000000001,-19.5,0.12,-3.5984521123422182,-19.497570676314872,2.7999999999999998,LANDED,TRAVEL,RUNNING
1627,32.539999999999999,0,3.6000000000000001,-19.5,0.12,-3.6000000000000001,-19.5,2.7999999999999998,LANDED,LANDING,RUNNING
1628,32.560000000000002,0,3.6000000000000001,-19.5,0.12,-3.6000000000000001,-19.5,2.7829999999999999,LANDED,LANDING,RUNNING
1629,32.579999999999998,0,3.6000000000000001,-19.5,0.12,-3.6000000000000001,-19.5,2.766,LANDED,LANDING,RUNNING
1630,32.600000000000001,0,3.6000000000000001,-19.5,0.12,-3.6000000000000001,-19.5,2.7490000000000001,LANDED,LANDING,RUNNING
1631,32.619999999999997,0,3.6000000000000001,-19.5,0.12,-3.6000000000000001,-19.5,2.7320000000000002,LANDED,LANDING,RUNNING
1632,32.640000000000001,0,3.6000000000000001,-19.5,0.12,-3.6000000000000001,-19.5,2.7150000000000003,LANDED,LANDING,RUNNING
1633,32.659999999999997,0,3.6000000000000001,-19.5,0.12,-3.6000000000000001,-19.5,2.6980000000000004,LANDED,LANDING,RUNNING
1634,32.68,0,3.6000000000000001,-19.5,0.12,-3.6000000000000001,-19.5,2.6810000000000005,LANDED,LANDING,RUNNING
1635,32.700000000000003,0,3.6000000000000001,-19.5,0.12,-3.6000000000000001,-19.5,2.6640000000000006,LANDED,LANDING,RUNNING
1636,32.719999999999999,0,3.6000000000000001,-19.5,0.12,-3.6000000000000001,-19.5,2.6470000000000007,LANDED,LANDING,RUNNING
1637,32.740000000000002,0,3.6000000000000001,-19.5,0.12,-3.6000000000000001,-19.5,2.6300000000000008,LANDED,LANDING,RUNNING
1638,32.759999999999998,0,3.6000000000000001,-19.5,0.12,-3.6000000000000001,-19.5,2.6130000000000009,LANDED,LANDING,RUNNING
1639,32.780000000000001,0,3.6000000000000001,-19.5,0.12,-3.6000000000000001,-19.5,2.596000000000001,LANDED,LANDING,RUNNING
1640,32.799999999999997,0,3.6000000000000001,-19.5,0.12,-3.6000000000000001,-19.5,2.5790000000000011,LANDED,LANDING,RUNNING
1641,32.82,0,3.6000000000000001,-19.5,0.12,-3.6000000000000001,-19.5,2.5620000000000012,LANDED,LANDING,RUNNING
1642,32.840000000000003,0,3.6000000000000001,-19.5,0.12,-3.6000000000000001,-19.5,2.5450000000000013,LANDED,LANDING,RUNNING
1643,32.859999999999999,0,3.6000000000000001,-19.5,0.12,-3.6000000000000001,-19.5,2.5280000000000014,LANDED,LANDING,RUNNING
1644,32.880000000000003,0,3.6000000000000001,-19.5,0.12,-3.6000000000000001,-19.5,2.5110000000000015,LANDED,LANDING,RUNNING
1645,32.899999999999999,0,3.6000000000000001,-19.5,0.12,-3.6000000000000001,-19.5,2.4940000000000015,LANDED,LANDING,RUNNING
1646,32.920000000000002,0,3.6000000000000001,-19.5,0.12,-3.6000000000000001,-19.5,2.4770000000000016,LANDED,LANDING,RUNNING
1647,32.939999999999998,0,3.6000000000000001,-19.5,0.12,-3.6000000000000001,-19.5,2.4600000000000017,LANDED,LANDING,RUNNING
1648,32.960000000000001,0,3.6000000000000001,-19.5,0.12,-3.6000000000000001,-19.5,2.4430000000000018,LANDED,LANDING,RUNNING
1649,32.979999999999997,0,3.6000000000000001,-19.5,0.12,-3.6000000000000001,-19.5,2.4260000000000019,LANDED,LANDING,RUNNING
1650,33,0,3.6000000000000001,-19.5,0.12,-3.6000000000000001,-19.5,2.409000000000002,LANDED,LANDING,RUNNING
1651,33.020000000000003,0,3.6000000000000001,-19.5,0.12,-3.6000000000000001,-19.5,2.3920000000000021,LANDED,LANDING,RUNNING
1652,33.039999999999999,0,3.6000000000000001,-19.5,0.12,-3.6000000000000001,-19.5,2.3750000000000022,LANDED,LANDING,RUNNING
1653,33.060000000000002,0,3.6000000000000001,-19.5,0.12,-3.6000000000000001,-19.5,2.3580000000000023,LANDED,LANDING,RUNNING
1654,33.079999999999998,0,3.6000000000000001,-19.5,0.12,-3.6000000000000001,-19.5,2.3410000000000024,LANDED,LANDING,RUNNING
1655,33.100000000000001,0,3.6000000000000001,-19.5,0.12,-3.6000000000000001,-19.5,2.3240000000000025,LANDED,LANDING,RUNNING
1656,33.119999999999997,0,3.6000000000000001,-19.5,0.12,-3.6000000000000001,-19.5,2.3070000000000026,LANDED,LANDING,RUNNING
1657,33.140000000000001,0,3.6000000000000001,-19.5,0.12,-3.6000000000000001,-19.5,2.2900000000000027,LANDED,LANDING,RUNNING
1658,33.159999999999997,0,3.6000000000000001,-19.5,0.12,-3.6000000000000001,-19.5,2.2730000000000028,LANDED,LANDING,RUNNING
1659,33.18,0,3.6000000000000001,-19.5,0.12,-3.6000000000000001,-19.5,2.2560000000000029,LANDED,LANDING,RUNNING
1660,33.200000000000003,0,3.6000000000000001,-19.5,0.12,-3.6000000000000001,-19.5,2.239000000000003,LANDED,LANDING,RUNNING
1661,33.219999999999999,0,3.6000000000000001,-19.5,0.12,-3.6000000000000001,-19.5,2.2220000000000031,LANDED,LANDING,RUNNING
1662,33.240000000000002,0,3.6000000000000001,-19.5,0.12,-3.6000000000000001,-19.5,2.2050000000000032,LANDED,LANDING,RUNNING
1663,33.259999999999998,0,3.6000000000000001,-19.5,0.12,-3.6000000000000001,-19.5,2.1880000000000033,LANDED,LANDING,RUNNING
1664,33.280000000000001,0,3.6000000000000001,-19.5,0.12,-3.6000000000000001,-19.5,2.1710000000000034,LANDED,LANDING,RUNNING
1665,33.299999999999997,0,3.6000000000000001,-19.5,0.12,-3.6000000000000001,-19.5,2.1540000000000035,LANDED,LANDING,RUNNING
1666,33.32,0,3.6000000000000001,-19.5,0.12,-3.6000000000000001,-19.5,2.1370000000000036,LANDED,LANDING,RUNNING
1667,33.340000000000003,0,3.6000000000000001,-19.5,0.12,-3.6000000000000001,-19.5,2.1200000000000037,LANDED,LANDING,RUNNING
1668,33.359999999999999,0,3.6000000000000001,-19.5,0.12,-3.6000000000000001,-19.5,2.1030000000000038,LANDED,LANDING,RUNNING
1669,33.380000000000003,0,3.6000000000000001,-19.5,0.12,-3.6000000000000001,-19.5,2.0860000000000039,LANDED,LANDING,RUNNING
1670,33.399999999999999,0,3.6000000000000001,-19.5,0.12,-3.6000000000000001,-19.5,2.0690000000000039,LANDED,LANDING,RUNNING
1671,33.420000000000002,0,3.6000000000000001,-19.5,0.12,-3.6000000000000001,-19.5,2.052000000000004,LANDED,LANDING,RUNNING
1672,33.439999999999998,0,3.6000000000000001,-19.5,0.12,-3.6000000000000001,-19.5,2.0350000000000041,LANDED,LANDING,RUNNING
1673,33.460000000000001,0,3.6000000000000001,-19.5,0.12,-3.6000000000000001,-19.5,2.0180000000000042,LANDED,LANDING,RUNNING
1674,33.479999999999997,0,3.6000000000000001,-19.5,0.12,-3.6000000000000001,-19.5,2.0010000000000043,LANDED,LANDING,RUNNING
1675,33.5,0,3.6000000000000001,-19.5,0.12,-3.6000000000000001,-19.5,1.9840000000000044,LANDED,LANDING,RUNNING
1676,33.520000000000003,0,3.6000000000000001,-19.5,0.12,-3.6000000000000001,-19.5,1.9670000000000045,LANDED,LANDING,RUNNING
1677,33.539999999999999,0,3.6000000000000001,-19.5,0.12,-3.6000000000000001,-19.5,1.9500000000000046,LANDED,LANDING,RUNNING
1678,33.560000000000002,0,3.6000000000000001,-19.5,0.12,-3.6000000000000001,-19.5,1.9330000000000047,LANDED,LANDING,RUNNING
1679,33.579999999999998,0,3.6000000000000001,-19.5,0.12,-3.6000000000000001,-19.5,1.9160000000000048,LANDED,LANDING,RUNNING
1680,33.600000000000001,0,3.6000000000000001,-19.5,0.12,-3.6000000000000001,-19.5,1.8990000000000049,LANDED,LANDING,RUNNING
1681,33.619999999999997,0,3.6000000000000001,-19.5,0.12,-3.6000000000000001,-19.5,1.882000000000005,LANDED,LANDING,RUNNING
1682,33.640000000000001,0,3.6000000000000001,-19.5,0.12,-3.6000000000000001,-19.5,1.8650000000000051,LANDED,LANDING,RUNNING
1683,33.659999999999997,0,3.6000000000000001,-19.5,0.12,-3.6000000000000001,-19.5,1.8480000000000052,LANDED,LANDING,RUNNING
1684,33.68,0,3.6000000000000001,-19.5,0.12,-3.6000000000000001,-19.5,1.8310000000000053,LANDED,LANDING,RUNNING
1685,33.700000000000003,0,3.6000000000000001,-19.5,0.12,-3.6000000000000001,-19.5,1.8140000000000054,LANDED,LANDING,RUNNING
1686,33.719999999999999,0,3.6000000000000001,-19.5,0.12,-3.6000000000000001,-19.5,1.7970000000000055,LANDED,LANDING,RUNNING
1687,33.740000000000002,0,3.6000000000000001,-19.5,0.12,-3.6000000000000001,-19.5,1.7800000000000056,LANDED,LANDING,RUNNING
1688,33.759999999999998,0,3.6000000000000001,-19.5,0.12,-3.6000000000000001,-19.5,1.7630000000000057,LANDED,LANDING,RUNNING
1689,33.780000000000001,0,3.6000000000000001,-19.5,0.12,-3.6000000000000001,-19.5,1.7460000000000058,LANDED,LANDING,RUNNING
1690,33.799999999999997,0,3.6000000000000001,-19.5,0.12,-3.6000000000000001,-19.5,1.7290000000000059,LANDED,LANDING,RUNNING
1691,33.82,0,3.6000000000000001,-19.5,0.12,-3.6000000000000001,-19.5,1.712000000000006,LANDED,LANDING,RUNNING
1692,33.840000000000003,0,3.6000000000000001,-19.5,0.12,-3.6000000000000001,-19.5,1.6950000000000061,LANDED,LANDING,RUNNING
1693,33.859999999999999,0,3.6000000000000001,-19.5,0.12,-3.6000000000000001,-19.5,1.6780000000000062,LANDED,LANDING,RUNNING
1694,33.880000000000003,0,3.6000000000000001,-19.5,0.12,-3.6000000000000001,-19.5,1.6610000000000062,LANDED,LANDING,RUNNING
1695,33.899999999999999,0,3.6000000000000001,-19.5,0.12,-3.6000000000000001,-19.5,1.6440000000000063,LANDED,LANDING,RUNNING
1696,33.920000000000002,0,3.6000000000000001,-19.5,0.12,-3.6000000000000001,-19.5,1.6270000000000064,LANDED,LANDING,RUNNING
1697,33.939999999999998,0,3.6000000000000001,-19.5,0.12,-3.6000000000000001,-19.5,1.6100000000000065,LANDED,LANDING,RUNNING
1698,33.960000000000001,0,3.6000000000000001,-19.5,0.12,-3.6000000000000001,-19.5,1.5930000000000066,LANDED,LANDING,RUNNING
1699,33.979999999999997,0,3.6000000000000001,-19.5,0.12,-3.6000000000000001,-19.5,1.5760000000000067,LANDED,LANDING,RUNNING
1700,34,0,3.6000000000000001,-19.5,0.12,-3.6000000000000001,-19.5,1.5590000000000068,LANDED,LANDING,RUNNING
1701,34.020000000000003,0,3.6000000000000001,-19.5,0.12,-3.6000000000000001,-19.5,1.5420000000000069,LANDED,LANDING,RUNNING
1702,34.039999999999999,0,3.6000000000000001,-19.5,0.12,-3.6000000000000001,-19.5,1.525000000000007,LANDED,LANDING,RUNNING
1703,34.060000000000002,0,3.6000000000000001,-19.5,0.12,-3.6000000000000001,-19.5,1.5080000000000071,LANDED,LANDING,RUNNING
1704,34.079999999999998,0,3.6000000000000001,-19.5,0.12,-3.6000000000000001,-19.5,1.4910000000000072,LANDED,LANDING,RUNNING
1705,34.100000000000001,0,3.6000000000000001,-19.5,0.12,-3.6000000000000001,-19.5,1.4740000000000073,LANDED,LANDING,RUNNING
1706,34.119999999999997,0,3.6000000000000001,-19.5,0.12,-3.6000000000000001,-19.5,1.4570000000000074,LANDED,LANDING,RUNNING
1707,34.140000000000001,0,3.6000000000000001,-19.5,0.12,-3.6000000000000001,-19.5,1.4400000000000075,LANDED,LANDING,RUNNING
1708,34.159999999999997,0,3.6000000000000001,-19.5,0.12,-3.6000000000000001,-19.5,1.4230000000000076,LANDED,LANDING,RUNNING
1709,34.18,0,3.6000000000000001,-19.5,0.12,-3.6000000000000001,-19.5,1.4060000000000077,LANDED,LANDING,RUNNING
1710,34.200000000000003,0,3.6000000000000001,-19.5,0.12,-3.6000000000000001,-19.5,1.3890000000000078,LANDED,LANDING,RUNNING
1711,34.219999999999999,0,3.6000000000000001,-19.5,0.12,-3.6000000000000001,-19.5,1.3720000000000079,LANDED,LANDING,RUNNING
1712,34.240000000000002,0,3.6000000000000001,-19.5,0.12,-3.6000000000000001,-19.5,1.355000000000008,LANDED,LANDING,RUNNING
1713,34.259999999999998,0,3.6000000000000001,-19.5,0.12,-3.6000000000000001,-19.5,1.3380000000000081,LANDED,LANDING,RUNNING
1714,34.280000000000001,0,3.6000000000000001,-19.5,0.12,-3.6000000000000001,-19.5,1.3210000000000082,LANDED,LANDING,RUNNING
1715,34.299999999999997,0,3.6000000000000001,-19.5,0.12,-3.6000000000000001,-19.5,1.3040000000000083,LANDED,LANDING,RUNNING
1716,34.32,0,3.6000000000000001,-19.5,0.12,-3.6000000000000001,-19.5,1.2870000000000084,LANDED,LANDING,RUNNING
1717,34.340000000000003,0,3.6000000000000001,-19.5,0.12,-3.6000000000000001,-19.5,1.2700000000000085,LANDED,LANDING,RUNNING
1718,34.359999999999999,0,3.6000000000000001,-19.5,0.12,-3.6000000000000001,-19.5,1.2530000000000086,LANDED,LANDING,RUNNING
1719,34.380000000000003,0,3.6000000000000001,-19.5,0.12,-3.6000000000000001,-19.5,1.2360000000000086,LANDED,LANDING,RUNNING
1720,34.399999999999999,0,3.6000000000000001,-19.5,0.12,-3.6000000000000001,-19.5,1.2190000000000087,LANDED,LANDING,RUNNING
1721,34.420000000000002,0,3.6000000000000001,-19.5,0.12,-3.6000000000000001,-19.5,1.2020000000000088,LANDED,LANDING,RUNNING
1722,34.439999999999998,0,3.6000000000000001,-19.5,0.12,-3.6000000000000001,-19.5,1.1850000000000089,LANDED,LANDING,RUNNING
1723,34.460000000000001,0,3.6000000000000001,-19.5,0.12,-3.6000000000000001,-19.5,1.168000000000009,LANDED,LANDING,RUNNING
1724,34.479999999999997,0,3.6000000000000001,-19.5,0.12,-3.6000000000000001,-19.5,1.1510000000000091,LANDED,LANDING,RUNNING
1725,34.5,0,3.6000000000000001,-19.5,0.12,-3.6000000000000001,-19.5,1.1340000000000092,LANDED,LANDING,RUNNING
1726,34.520000000000003,0,3.6000000000000001,-19.5,0.12,-3.6000000000000001,-19.5,1.1170000000000093,LANDED,LANDING,RUNNING
1727,34.539999999999999,0,3.6000000000000001,-19.5,0.12,-3.6000000000000001,-19.5,1.1000000000000094,LANDED,LANDING,RUNNING
1728,34.560000000000002,0,3.6000000000000001,-19.5,0.12,-3.6000000000000001,-19.5,1.0830000000000095,LANDED,LANDING,RUNNING
1729,34.579999999999998,0,3.6000000000000001,-19.5,0.12,-3.6000000000000001,-19.5,1.0660000000000096,LANDED,LANDING,RUNNING
1730,34.600000000000001,0,3.6000000000000001,-19.5,0.12,-3.6000000000000001,-19.5,1.0490000000000097,LANDED,LANDING,RUNNING
1731,34.619999999999997,0,3.6000000000000001,-19.5,0.12,-3.6000000000000001,-19.5,1.0320000000000098,LANDED,LANDING,RUNNING
1732,34.640000000000001,0,3.6000000000000001,-19.5,0.12,-3.6000000000000001,-19.5,1.0150000000000099,LANDED,LANDING,RUNNING
1733,34.659999999999997,0,3.6000000000000001,-19.5,0.12,-3.6000000000000001,-19.5,0.99800000000000988,LANDED,LANDING,RUNNING
1734,34.68,0,3.6000000000000001,-19.5,0.12,-3.6000000000000001,-19.5,0.98100000000000986,LANDED,LANDING,RUNNING
1735,34.700000000000003,0,3.6000000000000001,-19.5,0.12,-3.6000000000000001,-19.5,0.96400000000000985,LANDED,LANDING,RUNNING
1736,34.719999999999999,0,3.6000000000000001,-19.5,0.12,-3.6000000000000001,-19.5,0.94700000000000983,LANDED,LANDING,RUNNING
1737,34.740000000000002,0,3.6000000000000001,-19.5,0.12,-3.6000000000000001,-19.5,0.93000000000000982,LANDED,LANDING,RUNNING
1738,34.759999999999998,0,3.6000000000000001,-19.5,0.12,-3.6000000000000001,-19.5,0.9130000000000098,LANDED,LANDING,RUNNING
1739,34.780000000000001,0,3.6000000000000001,-19.5,0.12,-3.6000000000000001,-19.5,0.89600000000000979,LANDED,LANDING,RUNNING
1740,34.799999999999997,0,3.6000000000000001,-19.5,0.12,-3.6000000000000001,-19.5,0.87900000000000977,LANDED,LANDING,RUNNING
1741,34.82,0,3.6000000000000001,-19.5,0.12,-3.6000000000000001,-19.5,0.86200000000000976,LANDED,LANDING,RUNNING
1742,34.840000000000003,0,3.6000000000000001,-19.5,0.12,-3.6000000000000001,-19.5,0.84500000000000974,LANDED,LANDING,RUNNING
1743,34.859999999999999,0,3.6000000000000001,-19.5,0.12,-3.6000000000000001,-19.5,0.82800000000000973,LANDED,LANDING,RUNNING
1744,34.880000000000003,0,3.6000000000000001,-19.5,0.12,-3.6000000000000001,-19.5,0.81100000000000971,LANDED,LANDING,RUNNING
1745,34.899999999999999,0,3.6000000000000001,-19.5,0.12,-3.6000000000000001,-19.5,0.7940000000000097,LANDED,LANDING,RUNNING
1746,34.920000000000002,0,3.6000000000000001,-19.5,0.12,-3.6000000000000001,-19.5,0.77700000000000968,LANDED,LANDING,RUNNING
1747,34.939999999999998,0,3.6000000000000001,-19.5,0.12,-3.6000000000000001,-19.5,0.76000000000000967,LANDED,LANDING,RUNNING
1748,34.960000000000001,0,3.6000000000000001,-19.5,0.12,-3.6000000000000001,-19.5,0.74300000000000965,LANDED,LANDING,RUNNING
1749,34.979999999999997,0,3.6000000000000001,-19.5,0.12,-3.6000000000000001,-19.5,0.72600000000000964,LANDED,LANDING,RUNNING
1750,35,0,3.6000000000000001,-19.5,0.12,-3.6000000000000001,-19.5,0.70900000000000962,LANDED,LANDING,RUNNING
1751,35.020000000000003,0,3.6000000000000001,-19.5,0.12,-3.6000000000000001,-19.5,0.69200000000000961,LANDED,LANDING,RUNNING
1752,35.039999999999999,0,3.6000000000000001,-19.5,0.12,-3.6000000000000001,-19.5,0.67500000000000959,LANDED,LANDING,RUNNING
1753,35.060000000000002,0,3.6000000000000001,-19.5,0.12,-3.6000000000000001,-19.5,0.65800000000000958,LANDED,LANDING,RUNNING
1754,35.079999999999998,0,3.6000000000000001,-19.5,0.12,-3.6000000000000001,-19.5,0.64100000000000956,LANDED,LANDING,RUNNING
1755,35.100000000000001,0,3.6000000000000001,-19.5,0.12,-3.6000000000000001,-19.5,0.62400000000000955,LANDED,LANDING,RUNNING
1756,35.119999999999997,0,3.6000000000000001,-19.5,0.12,-3.6000000000000001,-19.5,0.60700000000000953,LANDED,LANDING,RUNNING
1757,35.140000000000001,0,3.6000000000000001,-19.5,0.12,-3.6000000000000001,-19.5,0.59000000000000952,LANDED,LANDING,RUNNING
1758,35.159999999999997,0,3.6000000000000001,-19.5,0.12,-3.6000000000000001,-19.5,0.5730000000000095,LANDED,LANDING,RUNNING
1759,35.18,0,3.6000000000000001,-19.5,0.12,-3.6000000000000001,-19.5,0.55600000000000949,LANDED,LANDING,RUNNING
1760,35.200000000000003,0,3.6000000000000001,-19.5,0.12,-3.6000000000000001,-19.5,0.53900000000000947,LANDED,LANDING,RUNNING
1761,35.219999999999999,0,3.6000000000000001,-19.5,0.12,-3.6000000000000001,-19.5,0.52200000000000946,LANDED,LANDING,RUNNING
1762,35.240000000000002,0,3.6000000000000001,-19.5,0.12,-3.6000000000000001,-19.5,0.50500000000000944,LANDED,LANDING,RUNNING
1763,35.259999999999998,0,3.6000000000000001,-19.5,0.12,-3.6000000000000001,-19.5,0.48800000000000943,LANDED,LANDING,RUNNING
1764,35.280000000000001,0,3.6000000000000001,-19.5,0.12,-3.6000000000000001,-19.5,0.47100000000000941,LANDED,LANDING,RUNNING
1765,35.299999999999997,0,3.6000000000000001,-19.5,0.12,-3.6000000000000001,-19.5,0.4540000000000094,LANDED,LANDING,RUNNING
1766,35.32,0,3.6000000000000001,-19.5,0.12,-3.6000000000000001,-19.5,0.43700000000000938,LANDED,LANDING,RUNNING
1767,35.340000000000003,0,3.6000000000000001,-19.5,0.12,-3.6000000000000001,-19.5,0.42000000000000937,LANDED,LANDING,RUNNING
1768,35.359999999999999,0,3.6000000000000001,-19.5,0.12,-3.6000000000000001,-19.5,0.40300000000000935,LANDED,LANDING,RUNNING
1769,35.380000000000003,0,3.6000000000000001,-19.5,0.12,-3.6000000000000001,-19.5,0.38600000000000934,LANDED,LANDING,RUNNING
1770,35.399999999999999,0,3.6000000000000001,-19.5,0.12,-3.6000000000000001,-19.5,0.36900000000000932,LANDED,LANDING,RUNNING
1771,35.420000000000002,0,3.6000000000000001,-19.5,0.12,-3.6000000000000001,-19.5,0.35200000000000931,LANDED,LANDING,RUNNING
1772,35.439999999999998,0,3.6000000000000001,-19.5,0.12,-3.6000000000000001,-19.5,0.33500000000000929,LANDED,LANDING,RUNNING
1773,35.460000000000001,0,3.6000000000000001,-19.5,0.12,-3.6000000000000001,-19.5,0.31800000000000928,LANDED,LANDING,RUNNING
1774,35.479999999999997,0,3.6000000000000001,-19.5,0.12,-3.6000000000000001,-19.5,0.30100000000000926,LANDED,LANDING,RUNNING
1775,35.5,0,3.6000000000000001,-19.5,0.12,-3.6000000000000001,-19.5,0.28400000000000925,LANDED,LANDING,RUNNING
1776,35.520000000000003,0,3.6000000000000001,-19.5,0.12,-3.6000000000000001,-19.5,0.26700000000000923,LANDED,LANDING,RUNNING
1777,35.539999999999999,0,3.6000000000000001,-19.5,0.12,-3.6000000000000001,-19.5,0.25000000000000921,LANDED,LANDING,RUNNING
1778,35.560000000000002,0,3.6000000000000001,-19.5,0.12,-3.6000000000000001,-19.5,0.2330000000000092,LANDED,LANDING,RUNNING
1779,35.579999999999998,0,3.6000000000000001,-19.5,0.12,-3.6000000000000001,-19.5,0.21600000000000918,LANDED,LANDING,RUNNING
1780,35.600000000000001,0,3.6000000000000001,-19.5,0.12,-3.6000000000000001,-19.5,0.19900000000000917,LANDED,LANDING,RUNNING
1781,35.619999999999997,0,3.6000000000000001,-19.5,0.12,-3.6000000000000001,-19.5,0.18200000000000915,LANDED,LANDING,RUNNING
1782,35.640000000000001,0,3.6000000000000001,-19.5,0.12,-3.6000000000000001,-19.5,0.16500000000000914,LANDED,LANDING,RUNNING
1783,35.659999999999997,0,3.6000000000000001,-19.5,0.12,-3.6000000000000001,-19.5,0.14800000000000912,LANDED,LANDING,RUNNING
1784,35.68,0,3.6000000000000001,-19.5,0.12,-3.6000000000000001,-19.5,0.13100000000000911,LANDED,LANDING,RUNNING
1785,35.700000000000003,0,3.6000000000000001,-19.5,0.12,-3.6000000000000001,-19.5,0.12,LANDED,LANDED,COMPLETE
