tick,sim_time,paused,x1,y1,z1,x2,y2,z2,phase1,phase2,status
0,0,1,-3.6000000000000001,-8.1999999999999993,0.12,3.6000000000000001,-8.1999999999999993,0.12,READY,READY,RUNNING
0,0,1,-3.6000000000000001,-8.1999999999999993,0.12,3.6000000000000001,-8.1999999999999993,0.12,READY,READY,RUNNING
0,0,1,-3.6000000000000001,-8.1999999999999993,0.12,3.6000000000000001,-8.1999999999999993,0.12,READY,READY,RUNNING
0,0,1,-3.6000000000000001,-8.1999999999999993,0.12,3.6000000000000001,-8.1999999999999993,0.12,READY,READY,RUNNING
0,0,1,-3.6000000000000001,-8.1999999999999993,0.12,3.6000000000000001,-8.1999999999999993,0.12,READY,READY,RUNNING
0,0,1,-3.6000000000000001,-8.1999999999999993,0.12,3.6000000000000001,-8.1999999999999993,0.12,READY,READY,RUNNING
0,0,1,-3.6000000000000001,-8.1999999999999993,0.12,3.6000000000000001,-8.1999999999999993,0.12,READY,READY,RUNNING
0,0,1,-3.6000000000000001,-8.1999999999999993,0.12,3.6000000000000001,-8.1999999999999993,0.12,READY,READY,RUNNING
0,0,1,-3.6000000000000001,-8.1999999999999993,0.12,3.6000000000000001,-8.1999999999999993,0.12,READY,READY,RUNNING
0,0,1,-3.6000000000000001,-8.1999999999999993,0.12,3.6000000000000001,-8.1999999999999993,0.12,READY,READY,RUNNING
0,0,1,-3.6000000000000001,-8.1999999999999993,0.12,3.6000000000000001,-8.1999999999999993,0.12,READY,READY,RUNNING
0,0,1,-3.6000000000000001,-8.1999999999999993,0.12,3.6000000000000001,-8.1999999999999993,0.12,READY,READY,RUNNING
0,0,1,-3.6000000000000001,-8.1999999999999993,0.12,3.6000000000000001,-8.1999999999999993,0.12,READY,READY,RUNNING
0,0,1,-3.6000000000000001,-8.1999999999999993,0.12,3.6000000000000001,-8.1999999999999993,0.12,READY,READY,RUNNING
0,0,1,-3.6000000000000001,-8.1999999999999993,0.12,3.6000000000000001,-8.1999999999999993,0.12,READY,READY,RUNNING
0,0,1,-3.6000000000000001,-8.1999999999999993,0.12,3.6000000000000001,-8.1999999999999993,0.12,READY,READY,RUNNING
0,0,1,-3.6000000000000001,-8.1999999999999993,0.12,3.6000000000000001,-8.1999999999999993,0.12,READY,READY,RUNNING
0,0,1,-3.6000000000000001,-8.1999999999999993,0.12,3.6000000000000001,-8.1999999999999993,0.12,READY,READY,RUNNING
0,0,1,-3.6000000000000001,-8.1999999999999993,0.12,3.6000000000000001,-8.1999999999999993,0.12,READY,READY,RUNNING
0,0,1,-3.6000000000000001,-8.1999999999999993,0.12,3.6000000000000001,-8.1999999999999993,0.12,READY,READY,RUNNING
0,0,1,-3.6000000000000001,-8.1999999999999993,0.12,3.6000000000000001,-8.1999999999999993,0.12,READY,READY,RUNNING
0,0,1,-3.6000000000000001,-8.1999999999999993,0.12,3.6000000000000001,-8.1999999999999993,0.12,READY,READY,RUNNING
0,0,1,-3.6000000000000001,-8.1999999999999993,0.12,3.6000000000000001,-8.1999999999999993,0.12,READY,READY,RUNNING
0,0,1,-3.6000000000000001,-8.1999999999999993,0.12,3.6000000000000001,-8.1999999999999993,0.12,READY,READY,RUNNING
0,0,1,-3.6000000000000001,-8.1999999999999993,0.12,3.6000000000000001,-8.1999999999999993,0.12,READY,READY,RUNNING
0,0,1,-3.6000000000000001,-8.1999999999999993,0.12,3.6000000000000001,-8.1999999999999993,0.12,READY,READY,RUNNING
0,0,1,-3.6000000000000001,-8.1999999999999993,0.12,3.6000000000000001,-8.1999999999999993,0.12,READY,READY,RUNNING
0,0,1,-3.6000000000000001,-8.1999999999999993,0.12,3.6000000000000001,-8.1999999999999993,0.12,READY,READY,RUNNING
0,0,1,-3.6000000000000001,-8.1999999999999993,0.12,3.6000000000000001,-8.1999999999999993,0.12,READY,READY,RUNNING
0,0,1,-3.6000000000000001,-8.1999999999999993,0.12,3.6000000000000001,-8.1999999999999993,0.12,READY,READY,RUNNING
0,0,1,-3.6000000000000001,-8.1999999999999993,0.12,3.6000000000000001,-8.1999999999999993,0.12,READY,READY,RUNNING
0,0,1,-3.6000000000000001,-8.1999999999999993,0.12,3.6000000000000001,-8.1999999999999993,0.12,READY,READY,RUNNING
0,0,1,-3.6000000000000001,-8.1999999999999993,0.12,3.6000000000000001,-8.1999999999999993,0.12,READY,READY,RUNNING
0,0,1,-3.6000000000000001,-8.1999999999999993,0.12,3.6000000000000001,-8.1999999999999993,0.12,READY,READY,RUNNING
0,0,1,-3.6000000000000001,-8.1999999999999993,0.12,3.6000000000000001,-8.1999999999999993,0.12,READY,READY,RUNNING
0,0,1,-3.6000000000000001,-8.1999999999999993,0.12,3.6000000000000001,-8.1999999999999993,0.12,READY,READY,RUNNING
0,0,1,-3.6000000000000001,-8.1999999999999993,0.12,3.6000000000000001,-8.1999999999999993,0.12,READY,READY,RUNNING
0,0,1,-3.6000000000000001,-8.1999999999999993,0.12,3.6000000000000001,-8.1999999999999993,0.12,READY,READY,RUNNING
0,0,1,-3.6000000000000001,-8.1999999999999993,0.12,3.6000000000000001,-8.1999999999999993,0.12,READY,READY,RUNNING
0,0,1,-3.6000000000000001,-8.1999999999999993,0.12,3.6000000000000001,-8.1999999999999993,0.12,READY,READY,RUNNING
0,0,1,-3.6000000000000001,-8.1999999999999993,0.12,3.6000000000000001,-8.1999999999999993,0.12,READY,READY,RUNNING
0,0,1,-3.6000000000000001,-8.1999999999999993,0.12,3.6000000000000001,-8.1999999999999993,0.12,READY,READY,RUNNING
0,0,1,-3.6000000000000001,-8.1999999999999993,0.12,3.6000000000000001,-8.1999999999999993,0.12,READY,READY,RUNNING
0,0,1,-3.6000000000000001,-8.1999999999999993,0.12,3.6000000000000001,-8.1999999999999993,0.12,READY,READY,RUNNING
0,0,1,-3.6000000000000001,-8.1999999999999993,0.12,3.6000000000000001,-8.1999999999999993,0.12,READY,READY,RUNNING
0,0,1,-3.6000000000000001,-8.1999999999999993,0.12,3.6000000000000001,-8.1999999999999993,0.12,READY,READY,RUNNING
0,0,1,-3.6000000000000001,-8.1999999999999993,0.12,3.6000000000000001,-8.1999999999999993,0.12,READY,READY,RUNNING
0,0,1,-3.6000000000000001,-8.1999999999999993,0.12,3.6000000000000001,-8.1999999999999993,0.12,READY,READY,RUNNING
0,0,1,-3.6000000000000001,-8.1999999999999993,0.12,3.6000000000000001,-8.1999999999999993,0.12,READY,READY,RUNNING
0,0,1,-3.6000000000000001,-8.1999999999999993,0.12,3.6000000000000001,-8.1999999999999993,0.12,READY,READY,RUNNING
0,0,1,-3.6000000000000001,-8.1999999999999993,0.12,3.6000000000000001,-8.1999999999999993,0.12,READY,READY,RUNNING
0,0,1,-3.6000000000000001,-8.1999999999999993,0.12,3.6000000000000001,-8.1999999999999993,0.12,READY,READY,RUNNING
0,0,1,-3.6000000000000001,-8.1999999999999993,0.12,3.6000000000000001,-8.1999999999999993,0.12,READY,READY,RUNNING
0,0,1,-3.6000000000000001,-8.1999999999999993,0.12,3.6000000000000001,-8.1999999999999993,0.12,READY,READY,RUNNING
0,0,1,-3.6000000000000001,-8.1999999999999993,0.12,3.6000000000000001,-8.1999999999999993,0.12,READY,READY,RUNNING
0,0,1,-3.6000000000000001,-8.1999999999999993,0.12,3.6000000000000001,-8.1999999999999993,0.12,READY,READY,RUNNING
0,0,1,-3.6000000000000001,-8.1999999999999993,0.12,3.6000000000000001,-8.1999999999999993,0.12,READY,READY,RUNNING
0,0,1,-3.6000000000000001,-8.1999999999999993,0.12,3.6000000000000001,-8.1999999999999993,0.12,READY,READY,RUNNING
0,0,1,-3.6000000000000001,-8.1999999999999993,0.12,3.6000000000000001,-8.1999999999999993,0.12,READY,READY,RUNNING
0,0,1,-3.6000000000000001,-8.1999999999999993,0.12,3.6000000000000001,-8.1999999999999993,0.12,READY,READY,RUNNING
0,0,1,-3.6000000000000001,-8.1999999999999993,0.12,3.6000000000000001,-8.1999999999999993,0.12,READY,READY,RUNNING
0,0,1,-3.6000000000000001,-8.1999999999999993,0.12,3.6000000000000001,-8.1999999999999993,0.12,READY,READY,RUNNING
0,0,1,-3.6000000000000001,-8.1999999999999993,0.12,3.6000000000000001,-8.1999999999999993,0.12,READY,READY,RUNNING
0,0,1,-3.6000000000000001,-8.1999999999999993,0.12,3.6000000000000001,-8.1999999999999993,0.12,READY,READY,RUNNING
0,0,1,-3.6000000000000001,-8.1999999999999993,0.12,3.6000000000000001,-8.1999999999999993,0.12,READY,READY,RUNNING
0,0,1,-3.6000000000000001,-8.1999999999999993,0.12,3.6000000000000001,-8.1999999999999993,0.12,READY,READY,RUNNING
0,0,1,-3.6000000000000001,-8.1999999999999993,0.12,3.6000000000000001,-8.1999999999999993,0.12,READY,READY,RUNNING
0,0,1,-3.6000000000000001,-8.1999999999999993,0.12,3.6000000000000001,-8.1999999999999993,0.12,READY,READY,RUNNING
0,0,1,-3.6000000000000001,-8.1999999999999993,0.12,3.6000000000000001,-8.1999999999999993,0.12,READY,READY,RUNNING
0,0,1,-3.6000000000000001,-8.1999999999999993,0.12,3.6000000000000001,-8.1999999999999993,0.12,READY,READY,RUNNING
0,0,1,-3.6000000000000001,-8.1999999999999993,0.12,3.6000000000000001,-8.1999999999999993,0.12,READY,READY,RUNNING
0,0,1,-3.6000000000000001,-8.1999999999999993,0.12,3.6000000000000001,-8.1999999999999993,0.12,READY,READY,RUNNING
0,0,1,-3.6000000000000001,-8.1999999999999993,0.12,3.6000000000000001,-8.1999999999999993,0.12,READY,READY,RUNNING
0,0,1,-3.6000000000000001,-8.1999999999999993,0.12,3.6000000000000001,-8.1999999999999993,0.12,READY,READY,RUNNING
0,0,1,-3.6000000000000001,-8.1999999999999993,0.12,3.6000000000000001,-8.1999999999999993,0.12,READY,READY,RUNNING
0,0,1,-3.6000000000000001,-8.1999999999999993,0.12,3.6000000000000001,-8.1999999999999993,0.12,READY,READY,RUNNING
0,0,1,-3.6000000000000001,-8.1999999999999993,0.12,3.6000000000000001,-8.1999999999999993,0.12,READY,READY,RUNNING
0,0,1,-3.6000000000000001,-8.1999999999999993,0.12,3.6000000000000001,-8.1999999999999993,0.12,READY,READY,RUNNING
0,0,1,-3.6000000000000001,-8.1999999999999993,0.12,3.6000000000000001,-8.1999999999999993,0.12,READY,READY,RUNNING
0,0,1,-3.6000000000000001,-8.1999999999999993,0.12,3.6000000000000001,-8.1999999999999993,0.12,READY,READY,RUNNING
0,0,1,-3.6000000000000001,-8.1999999999999993,0.12,3.6000000000000001,-8.1999999999999993,0.12,READY,READY,RUNNING
0,0,1,-3.6000000000000001,-8.1999999999999993,0.12,3.6000000000000001,-8.1999999999999993,0.12,READY,READY,RUNNING
0,0,1,-3.6000000000000001,-8.1999999999999993,0.12,3.6000000000000001,-8.1999999999999993,0.12,READY,READY,RUNNING
0,0,1,-3.6000000000000001,-8.1999999999999993,0.12,3.6000000000000001,-8.1999999999999993,0.12,READY,READY,RUNNING
0,0,1,-3.6000000000000001,-8.1999999999999993,0.12,3.6000000000000001,-8.1999999999999993,0.12,READY,READY,RUNNING
0,0,1,-3.6000000000000001,-8.1999999999999993,0.12,3.6000000000000001,-8.1999999999999993,0.12,READY,READY,RUNNING
0,0,1,-3.6000000000000001,-8.1999999999999993,0.12,3.6000000000000001,-8.1999999999999993,0.12,READY,READY,RUNNING
0,0,1,-3.6000000000000001,-8.1999999999999993,0.12,3.6000000000000001,-8.1999999999999993,0.12,READY,READY,RUNNING
0,0,1,-3.6000000000000001,-8.1999999999999993,0.12,3.6000000000000001,-8.1999999999999993,0.12,READY,READY,RUNNING
0,0,1,-3.6000000000000001,-8.1999999999999993,0.12,3.6000000000000001,-8.1999999999999993,0.12,READY,READY,RUNNING
0,0,1,-3.6000000000000001,-8.1999999999999993,0.12,3.6000000000000001,-8.1999999999999993,0.12,READY,READY,RUNNING
0,0,1,-3.6000000000000001,-8.1999999999999993,0.12,3.6000000000000001,-8.1999999999999993,0.12,READY,READY,RUNNING
0,0,1,-3.6000000000000001,-8.1999999999999993,0.12,3.6000000000000001,-8.1999999999999993,0.12,READY,READY,RUNNING
0,0,1,-3.6000000000000001,-8.1999999999999993,0.12,3.6000000000000001,-8.1999999999999993,0.12,READY,READY,RUNNING
0,0,1,-3.6000000000000001,-8.1999999999999993,0.12,3.6000000000000001,-8.1999999999999993,0.12,READY,READY,RUNNING
0,0,1,-3.6000000000000001,-8.1999999999999993,0.12,3.6000000000000001,-8.1999999999999993,0.12,READY,READY,RUNNING
0,0,1,-3.6000000000000001,-8.1999999999999993,0.12,3.6000000000000001,-8.1999999999999993,0.12,READY,READY,RUNNING
0,0,1,-3.6000000000000001,-8.1999999999999993,0.12,3.6000000000000001,-8.1999999999999993,0.12,READY,READY,RUNNING
0,0,1,-3.6000000000000001,-8.1999999999999993,0.12,3.6000000000000001,-8.1999999999999993,0.12,READY,READY,RUNNING
0,0,1,-3.6000000000000001,-8.1999999999999993,0.12,3.6000000000000001,-8.1999999999999993,0.12,READY,READY,RUNNING
0,0,1,-3.6000000000000001,-8.1999999999999993,0.12,3.6000000000000001,-8.1999999999999993,0.12,READY,READY,RUNNING
0,0,1,-3.6000000000000001,-8.1999999999999993,0.12,3.6000000000000001,-8.1999999999999993,0.12,READY,READY,RUNNING
0,0,1,-3.6000000000000001,-8.1999999999999993,0.12,3.6000000000000001,-8.1999999999999993,0.12,READY,READY,RUNNING
0,0,1,-3.6000000000000001,-8.1999999999999993,0.12,3.6000000000000001,-8.1999999999999993,0.12,READY,READY,RUNNING
0,0,1,-3.6000000000000001,-8.1999999999999993,0.12,3.6000000000000001,-8.1999999999999993,0.12,READY,READY,RUNNING
0,0,1,-3.6000000000000001,-8.1999999999999993,0.12,3.6000000000000001,-8.1999999999999993,0.12,READY,READY,RUNNING
0,0,1,-3.6000000000000001,-8.1999999999999993,0.12,3.6000000000000001,-8.1999999999999993,0.12,READY,READY,RUNNING
0,0,1,-3.6000000000000001,-8.1999999999999993,0.12,3.6000000000000001,-8.1999999999999993,0.12,READY,READY,RUNNING
0,0,1,-3.6000000000000001,-8.1999999999999993,0.12,3.6000000000000001,-8.1999999999999993,0.12,READY,READY,RUNNING
0,0,1,-3.6000000000000001,-8.1999999999999993,0.12,3.6000000000000001,-8.1999999999999993,0.12,READY,READY,RUNNING
0,0,1,-3.6000000000000001,-8.1999999999999993,0.12,3.6000000000000001,-8.1999999999999993,0.12,READY,READY,RUNNING
0,0,1,-3.6000000000000001,-8.1999999999999993,0.12,3.6000000000000001,-8.1999999999999993,0.12,READY,READY,RUNNING
0,0,1,-3.6000000000000001,-8.1999999999999993,0.12,3.6000000000000001,-8.1999999999999993,0.12,READY,READY,RUNNING
0,0,1,-3.6000000000000001,-8.1999999999999993,0.12,3.6000000000000001,-8.1999999999999993,0.12,READY,READY,RUNNING
0,0,1,-3.6000000000000001,-8.1999999999999993,0.12,3.6000000000000001,-8.1999999999999993,0.12,READY,READY,RUNNING
0,0,1,-3.6000000000000001,-8.1999999999999993,0.12,3.6000000000000001,-8.1999999999999993,0.12,READY,READY,RUNNING
0,0,1,-3.6000000000000001,-8.1999999999999993,0.12,3.6000000000000001,-8.1999999999999993,0.12,READY,READY,RUNNING
0,0,1,-3.6000000000000001,-8.1999999999999993,0.12,3.6000000000000001,-8.1999999999999993,0.12,READY,READY,RUNNING
0,0,1,-3.6000000000000001,-8.1999999999999993,0.12,3.6000000000000001,-8.1999999999999993,0.12,READY,READY,RUNNING
0,0,1,-3.6000000000000001,-8.1999999999999993,0.12,3.6000000000000001,-8.1999999999999993,0.12,READY,READY,RUNNING
0,0,1,-3.6000000000000001,-8.1999999999999993,0.12,3.6000000000000001,-8.1999999999999993,0.12,READY,READY,RUNNING
0,0,1,-3.6000000000000001,-8.1999999999999993,0.12,3.6000000000000001,-8.1999999999999993,0.12,READY,READY,RUNNING
0,0,1,-3.6000000000000001,-8.1999999999999993,0.12,3.6000000000000001,-8.1999999999999993,0.12,READY,READY,RUNNING
0,0,1,-3.6000000000000001,-8.1999999999999993,0.12,3.6000000000000001,-8.1999999999999993,0.12,READY,READY,RUNNING
0,0,1,-3.6000000000000001,-8.1999999999999993,0.12,3.6000000000000001,-8.1999999999999993,0.12,READY,READY,RUNNING
0,0,1,-3.6000000000000001,-8.1999999999999993,0.12,3.6000000000000001,-8.1999999999999993,0.12,READY,READY,RUNNING
0,0,1,-3.6000000000000001,-8.1999999999999993,0.12,3.6000000000000001,-8.1999999999999993,0.12,READY,READY,RUNNING
0,0,1,-3.6000000000000001,-8.1999999999999993,0.12,3.6000000000000001,-8.1999999999999993,0.12,READY,READY,RUNNING
0,0,1,-3.6000000000000001,-8.1999999999999993,0.12,3.6000000000000001,-8.1999999999999993,0.12,READY,READY,RUNNING
0,0,1,-3.6000000000000001,-8.1999999999999993,0.12,3.6000000000000001,-8.1999999999999993,0.12,READY,READY,RUNNING
0,0,1,-3.6000000000000001,-8.1999999999999993,0.12,3.6000000000000001,-8.1999999999999993,0.12,READY,READY,RUNNING
0,0,1,-3.6000000000000001,-8.1999999999999993,0.12,3.6000000000000001,-8.1999999999999993,0.12,READY,READY,RUNNING
0,0,1,-3.6000000000000001,-8.1999999999999993,0.12,3.6000000000000001,-8.1999999999999993,0.12,READY,READY,RUNNING
0,0,1,-3.6000000000000001,-8.1999999999999993,0.12,3.6000000000000001,-8.1999999999999993,0.12,READY,READY,RUNNING
0,0,1,-3.6000000000000001,-8.1999999999999993,0.12,3.6000000000000001,-8.1999999999999993,0.12,READY,READY,RUNNING
0,0,1,-3.6000000000000001,-8.1999999999999993,0.12,3.6000000000000001,-8.1999999999999993,0.12,READY,READY,RUNNING
0,0,1,-3.6000000000000001,-8.1999999999999993,0.12,3.6000000000000001,-8.1999999999999993,0.12,READY,READY,RUNNING
0,0,1,-3.6000000000000001,-8.1999999999999993,0.12,3.6000000000000001,-8.1999999999999993,0.12,READY,READY,RUNNING
0,0,1,-3.6000000000000001,-8.1999999999999993,0.12,3.6000000000000001,-8.1999999999999993,0.12,READY,READY,RUNNING
0,0,1,-3.6000000000000001,-8.1999999999999993,0.12,3.6000000000000001,-8.1999999999999993,0.12,READY,READY,RUNNING
0,0,1,-3.6000000000000001,-8.1999999999999993,0.12,3.6000000000000001,-8.1999999999999993,0.12,READY,READY,RUNNING
0,0,1,-3.6000000000000001,-8.1999999999999993,0.12,3.6000000000000001,-8.1999999999999993,0.12,READY,READY,RUNNING
0,0,1,-3.6000000000000001,-8.1999999999999993,0.12,3.6000000000000001,-8.1999999999999993,0.12,READY,READY,RUNNING
0,0,1,-3.6000000000000001,-8.1999999999999993,0.12,3.6000000000000001,-8.1999999999999993,0.12,READY,READY,RUNNING
0,0,1,-3.6000000000000001,-8.1999999999999993,0.12,3.6000000000000001,-8.1999999999999993,0.12,READY,READY,RUNNING
0,0,1,-3.6000000000000001,-8.1999999999999993,0.12,3.6000000000000001,-8.1999999999999993,0.12,READY,READY,RUNNING
0,0,1,-3.6000000000000001,-8.1999999999999993,0.12,3.6000000000000001,-8.1999999999999993,0.12,READY,READY,RUNNING
0,0,1,-3.6000000000000001,-8.1999999999999993,0.12,3.6000000000000001,-8.1999999999999993,0.12,READY,READY,RUNNING
0,0,1,-3.6000000000000001,-8.1999999999999993,0.12,3.6000000000000001,-8.1999999999999993,0.12,READY,READY,RUNNING
0,0,1,-3.6000000000000001,-8.1999999999999993,0.12,3.6000000000000001,-8.1999999999999993,0.12,READY,READY,RUNNING
0,0,1,-3.6000000000000001,-8.1999999999999993,0.12,3.6000000000000001,-8.1999999999999993,0.12,READY,READY,RUNNING
0,0,1,-3.6000000000000001,-8.1999999999999993,0.12,3.6000000000000001,-8.1999999999999993,0.12,READY,READY,RUNNING
0,0,1,-3.6000000000000001,-8.1999999999999993,0.12,3.6000000000000001,-8.1999999999999993,0.12,READY,READY,RUNNING
0,0,1,-3.6000000000000001,-8.1999999999999993,0.12,3.6000000000000001,-8.1999999999999993,0.12,READY,READY,RUNNING
0,0,1,-3.6000000000000001,-8.1999999999999993,0.12,3.6000000000000001,-8.1999999999999993,0.12,READY,READY,RUNNING
0,0,1,-3.6000000000000001,-8.1999999999999993,0.12,3.6000000000000001,-8.1999999999999993,0.12,READY,READY,RUNNING
0,0,1,-3.6000000000000001,-8.1999999999999993,0.12,3.6000000000000001,-8.1999999999999993,0.12,READY,READY,RUNNING
0,0,1,-3.6000000000000001,-8.1999999999999993,0.12,3.6000000000000001,-8.1999999999999993,0.12,READY,READY,RUNNING
0,0,1,-3.6000000000000001,-8.1999999999999993,0.12,3.6000000000000001,-8.1999999999999993,0.12,READY,READY,RUNNING
0,0,1,-3.6000000000000001,-8.1999999999999993,0.12,3.6000000000000001,-8.1999999999999993,0.12,READY,READY,RUNNING
0,0,1,-3.6000000000000001,-8.1999999999999993,0.12,3.6000000000000001,-8.1999999999999993,0.12,READY,READY,RUNNING
0,0,1,-3.6000000000000001,-8.1999999999999993,0.12,3.6000000000000001,-8.1999999999999993,0.12,READY,READY,RUNNING
0,0,1,-3.6000000000000001,-8.1999999999999993,0.12,3.6000000000000001,-8.1999999999999993,0.12,READY,READY,RUNNING
0,0,1,-3.6000000000000001,-8.1999999999999993,0.12,3.6000000000000001,-8.1999999999999993,0.12,READY,READY,RUNNING
0,0,1,-3.6000000000000001,-8.1999999999999993,0.12,3.6000000000000001,-8.1999999999999993,0.12,READY,READY,RUNNING
0,0,1,-3.6000000000000001,-8.1999999999999993,0.12,3.6000000000000001,-8.1999999999999993,0.12,READY,READY,RUNNING
0,0,1,-3.6000000000000001,-8.1999999999999993,0.12,3.6000000000000001,-8.1999999999999993,0.12,READY,READY,RUNNING
0,0,1,-3.6000000000000001,-8.1999999999999993,0.12,3.6000000000000001,-8.1999999999999993,0.12,READY,READY,RUNNING
0,0,1,-3.6000000000000001,-8.1999999999999993,0.12,3.6000000000000001,-8.1999999999999993,0.12,READY,READY,RUNNING
0,0,1,-3.6000000000000001,-8.1999999999999993,0.12,3.6000000000000001,-8.1999999999999993,0.12,READY,READY,RUNNING
0,0,1,-3.6000000000000001,-8.1999999999999993,0.12,3.6000000000000001,-8.1999999999999993,0.12,READY,READY,RUNNING
0,0,1,-3.6000000000000001,-8.1999999999999993,0.12,3.6000000000000001,-8.1999999999999993,0.12,READY,READY,RUNNING
0,0,1,-3.6000000000000001,-8.1999999999999993,0.12,3.6000000000000001,-8.1999999999999993,0.12,READY,READY,RUNNING
0,0,1,-3.6000000000000001,-8.1999999999999993,0.12,3.6000000000000001,-8.1999999999999993,0.12,READY,READY,RUNNING
0,0,1,-3.6000000000000001,-8.1999999999999993,0.12,3.6000000000000001,-8.1999999999999993,0.12,READY,READY,RUNNING
0,0,1,-3.6000000000000001,-8.1999999999999993,0.12,3.6000000000000001,-8.1999999999999993,0.12,READY,READY,RUNNING
0,0,1,-3.6000000000000001,-8.1999999999999993,0.12,3.6000000000000001,-8.1999999999999993,0.12,READY,READY,RUNNING
0,0,1,-3.6000000000000001,-8.1999999999999993,0.12,3.6000000000000001,-8.1999999999999993,0.12,READY,READY,RUNNING
0,0,1,-3.6000000000000001,-8.1999999999999993,0.12,3.6000000000000001,-8.1999999999999993,0.12,READY,READY,RUNNING
0,0,1,-3.6000000000000001,-8.1999999999999993,0.12,3.6000000000000001,-8.1999999999999993,0.12,READY,READY,RUNNING
0,0,1,-3.6000000000000001,-8.1999999999999993,0.12,3.6000000000000001,-8.1999999999999993,0.12,READY,READY,RUNNING
0,0,1,-3.6000000000000001,-8.1999999999999993,0.12,3.6000000000000001,-8.1999999999999993,0.12,READY,READY,RUNNING
0,0,1,-3.6000000000000001,-8.1999999999999993,0.12,3.6000000000000001,-8.1999999999999993,0.12,READY,READY,RUNNING
0,0,1,-3.6000000000000001,-8.1999999999999993,0.12,3.6000000000000001,-8.1999999999999993,0.12,READY,READY,RUNNING
0,0,1,-3.6000000000000001,-8.1999999999999993,0.12,3.6000000000000001,-8.1999999999999993,0.12,READY,READY,RUNNING
0,0,1,-3.6000000000000001,-8.1999999999999993,0.12,3.6000000000000001,-8.1999999999999993,0.12,READY,READY,RUNNING
0,0,1,-3.6000000000000001,-8.1999999999999993,0.12,3.6000000000000001,-8.1999999999999993,0.12,READY,READY,RUNNING
0,0,1,-3.6000000000000001,-8.1999999999999993,0.12,3.6000000000000001,-8.1999999999999993,0.12,READY,READY,RUNNING
0,0,1,-3.6000000000000001,-8.1999999999999993,0.12,3.6000000000000001,-8.1999999999999993,0.12,READY,READY,RUNNING
0,0,1,-3.6000000000000001,-8.1999999999999993,0.12,3.6000000000000001,-8.1999999999999993,0.12,READY,READY,RUNNING
0,0,1,-3.6000000000000001,-8.1999999999999993,0.12,3.6000000000000001,-8.1999999999999993,0.12,READY,READY,RUNNING
0,0,1,-3.6000000000000001,-8.1999999999999993,0.12,3.6000000000000001,-8.1999999999999993,0.12,READY,READY,RUNNING
0,0,1,-3.6000000000000001,-8.1999999999999993,0.12,3.6000000000000001,-8.1999999999999993,0.12,READY,READY,RUNNING
0,0,1,-3.6000000000000001,-8.1999999999999993,0.12,3.6000000000000001,-8.1999999999999993,0.12,READY,READY,RUNNING
0,0,1,-3.6000000000000001,-8.1999999999999993,0.12,3.6000000000000001,-8.1999999999999993,0.12,READY,READY,RUNNING
0,0,1,-3.6000000000000001,-8.1999999999999993,0.12,3.6000000000000001,-8.1999999999999993,0.12,READY,READY,RUNNING
0,0,1,-3.6000000000000001,-8.1999999999999993,0.12,3.6000000000000001,-8.1999999999999993,0.12,READY,READY,RUNNING
0,0,1,-3.6000000000000001,-8.1999999999999993,0.12,3.6000000000000001,-8.1999999999999993,0.12,READY,READY,RUNNING
0,0,1,-3.6000000000000001,-8.1999999999999993,0.12,3.6000000000000001,-8.1999999999999993,0.12,READY,READY,RUNNING
0,0,1,-3.6000000000000001,-8.1999999999999993,0.12,3.6000000000000001,-8.1999999999999993,0.12,READY,READY,RUNNING
0,0,1,-3.6000000000000001,-8.1999999999999993,0.12,3.6000000000000001,-8.1999999999999993,0.12,READY,READY,RUNNING
0,0,1,-3.6000000000000001,-8.1999999999999993,0.12,3.6000000000000001,-8.1999999999999993,0.12,READY,READY,RUNNING
0,0,1,-3.6000000000000001,-8.1999999999999993,0.12,3.6000000000000001,-8.1999999999999993,0.12,READY,READY,RUNNING
0,0,1,-3.6000000000000001,-8.1999999999999993,0.12,3.6000000000000001,-8.1999999999999993,0.12,READY,READY,RUNNING
0,0,1,-3.6000000000000001,-8.1999999999999993,0.12,3.6000000000000001,-8.1999999999999993,0.12,READY,READY,RUNNING
0,0,1,-3.6000000000000001,-8.1999999999999993,0.12,3.6000000000000001,-8.1999999999999993,0.12,READY,READY,RUNNING
0,0,1,-3.6000000000000001,-8.1999999999999993,0.12,3.6000000000000001,-8.1999999999999993,0.12,READY,READY,RUNNING
0,0,1,-3.6000000000000001,-8.1999999999999993,0.12,3.6000000000000001,-8.1999999999999993,0.12,READY,READY,RUNNING
0,0,1,-3.6000000000000001,-8.1999999999999993,0.12,3.6000000000000001,-8.1999999999999993,0.12,READY,READY,RUNNING
0,0,1,-3.6000000000000001,-8.1999999999999993,0.12,3.6000000000000001,-8.1999999999999993,0.12,READY,READY,RUNNING
0,0,1,-3.6000000000000001,-8.1999999999999993,0.12,3.6000000000000001,-8.1999999999999993,0.12,READY,READY,RUNNING
0,0,1,-3.6000000000000001,-8.1999999999999993,0.12,3.6000000000000001,-8.1999999999999993,0.12,READY,READY,RUNNING
0,0,1,-3.6000000000000001,-8.1999999999999993,0.12,3.6000000000000001,-8.1999999999999993,0.12,READY,READY,RUNNING
0,0,1,-3.6000000000000001,-8.1999999999999993,0.12,3.6000000000000001,-8.1999999999999993,0.12,READY,READY,RUNNING
0,0,1,-3.6000000000000001,-8.1999999999999993,0.12,3.6000000000000001,-8.1999999999999993,0.12,READY,READY,RUNNING
0,0,1,-3.6000000000000001,-8.1999999999999993,0.12,3.6000000000000001,-8.1999999999999993,0.12,READY,READY,RUNNING
0,0,1,-3.6000000000000001,-8.1999999999999993,0.12,3.6000000000000001,-8.1999999999999993,0.12,READY,READY,RUNNING
0,0,1,-3.6000000000000001,-8.1999999999999993,0.12,3.6000000000000001,-8.1999999999999993,0.12,READY,READY,RUNNING
0,0,1,-3.6000000000000001,-8.1999999999999993,0.12,3.6000000000000001,-8.1999999999999993,0.12,READY,READY,RUNNING
0,0,1,-3.6000000000000001,-8.1999999999999993,0.12,3.6000000000000001,-8.1999999999999993,0.12,READY,READY,RUNNING
0,0,1,-3.6000000000000001,-8.1999999999999993,0.12,3.6000000000000001,-8.1999999999999993,0.12,READY,READY,RUNNING
0,0,1,-3.6000000000000001,-8.1999999999999993,0.12,3.6000000000000001,-8.1999999999999993,0.12,READY,READY,RUNNING
0,0,1,-3.6000000000000001,-8.1999999999999993,0.12,3.6000000000000001,-8.1999999999999993,0.12,READY,READY,RUNNING
0,0,1,-3.6000000000000001,-8.1999999999999993,0.12,3.6000000000000001,-8.1999999999999993,0.12,READY,READY,RUNNING
0,0,1,-3.6000000000000001,-8.1999999999999993,0.12,3.6000000000000001,-8.1999999999999993,0.12,READY,READY,RUNNING
0,0,1,-3.6000000000000001,-8.1999999999999993,0.12,3.6000000000000001,-8.1999999999999993,0.12,READY,READY,RUNNING
0,0,1,-3.6000000000000001,-8.1999999999999993,0.12,3.6000000000000001,-8.1999999999999993,0.12,READY,READY,RUNNING
0,0,1,-3.6000000000000001,-8.1999999999999993,0.12,3.6000000000000001,-8.1999999999999993,0.12,READY,READY,RUNNING
0,0,1,-3.6000000000000001,-8.1999999999999993,0.12,3.6000000000000001,-8.1999999999999993,0.12,READY,READY,RUNNING
0,0,1,-3.6000000000000001,-8.1999999999999993,0.12,3.6000000000000001,-8.1999999999999993,0.12,READY,READY,RUNNING
0,0,1,-3.6000000000000001,-8.1999999999999993,0.12,3.6000000000000001,-8.1999999999999993,0.12,READY,READY,RUNNING
0,0,1,-3.6000000000000001,-8.1999999999999993,0.12,3.6000000000000001,-8.1999999999999993,0.12,READY,READY,RUNNING
0,0,1,-3.6000000000000001,-8.1999999999999993,0.12,3.6000000000000001,-8.1999999999999993,0.12,READY,READY,RUNNING
0,0,1,-3.6000000000000001,-8.1999999999999993,0.12,3.6000000000000001,-8.1999999999999993,0.12,READY,READY,RUNNING
0,0,1,-3.6000000000000001,-8.1999999999999993,0.12,3.6000000000000001,-8.1999999999999993,0.12,READY,READY,RUNNING
0,0,1,-3.6000000000000001,-8.1999999999999993,0.12,3.6000000000000001,-8.1999999999999993,0.12,READY,READY,RUNNING
0,0,1,-3.6000000000000001,-8.1999999999999993,0.12,3.6000000000000001,-8.1999999999999993,0.12,READY,READY,RUNNING
0,0,1,-3.6000000000000001,-8.1999999999999993,0.12,3.6000000000000001,-8.1999999999999993,0.12,READY,READY,RUNNING
0,0,1,-3.6000000000000001,-8.1999999999999993,0.12,3.6000000000000001,-8.1999999999999993,0.12,READY,READY,RUNNING
0,0,1,-3.6000000000000001,-8.1999999999999993,0.12,3.6000000000000001,-8.1999999999999993,0.12,READY,READY,RUNNING
0,0,1,-3.6000000000000001,-8.1999999999999993,0.12,3.6000000000000001,-8.1999999999999993,0.12,READY,READY,RUNNING
0,0,1,-3.6000000000000001,-8.1999999999999993,0.12,3.6000000000000001,-8.1999999999999993,0.12,READY,READY,RUNNING
0,0,1,-3.6000000000000001,-8.1999999999999993,0.12,3.6000000000000001,-8.1999999999999993,0.12,READY,READY,RUNNING
0,0,1,-3.6000000000000001,-8.1999999999999993,0.12,3.6000000000000001,-8.1999999999999993,0.12,READY,READY,RUNNING
0,0,1,-3.6000000000000001,-8.1999999999999993,0.12,3.6000000000000001,-8.1999999999999993,0.12,READY,READY,RUNNING
0,0,1,-3.6000000000000001,-8.1999999999999993,0.12,3.6000000000000001,-8.1999999999999993,0.12,READY,READY,RUNNING
0,0,1,-3.6000000000000001,-8.1999999999999993,0.12,3.6000000000000001,-8.1999999999999993,0.12,READY,READY,RUNNING
0,0,1,-3.6000000000000001,-8.1999999999999993,0.12,3.6000000000000001,-8.1999999999999993,0.12,READY,READY,RUNNING
0,0,1,-3.6000000000000001,-8.1999999999999993,0.12,3.6000000000000001,-8.1999999999999993,0.12,READY,READY,RUNNING
0,0,1,-3.6000000000000001,-8.1999999999999993,0.12,3.6000000000000001,-8.1999999999999993,0.12,READY,READY,RUNNING
0,0,1,-3.6000000000000001,-8.1999999999999993,0.12,3.6000000000000001,-8.1999999999999993,0.12,READY,READY,RUNNING
0,0,1,-3.6000000000000001,-8.1999999999999993,0.12,3.6000000000000001,-8.1999999999999993,0.12,READY,READY,RUNNING
0,0,1,-3.6000000000000001,-8.1999999999999993,0.12,3.6000000000000001,-8.1999999999999993,0.12,READY,READY,RUNNING
0,0,1,-3.6000000000000001,-8.1999999999999993,0.12,3.6000000000000001,-8.1999999999999993,0.12,READY,READY,RUNNING
0,0,1,-3.6000000000000001,-8.1999999999999993,0.12,3.6000000000000001,-8.1999999999999993,0.12,READY,READY,RUNNING
0,0,1,-3.6000000000000001,-8.1999999999999993,0.12,3.6000000000000001,-8.1999999999999993,0.12,READY,READY,RUNNING
0,0,1,-3.6000000000000001,-8.1999999999999993,0.12,3.6000000000000001,-8.1999999999999993,0.12,READY,READY,RUNNING
0,0,1,-3.6000000000000001,-8.1999999999999993,0.12,3.6000000000000001,-8.1999999999999993,0.12,READY,READY,RUNNING
0,0,1,-3.6000000000000001,-8.1999999999999993,0.12,3.6000000000000001,-8.1999999999999993,0.12,READY,READY,RUNNING
0,0,1,-3.6000000000000001,-8.1999999999999993,0.12,3.6000000000000001,-8.1999999999999993,0.12,READY,READY,RUNNING
0,0,1,-3.6000000000000001,-8.1999999999999993,0.12,3.6000000000000001,-8.1999999999999993,0.12,READY,READY,RUNNING
0,0,1,-3.6000000000000001,-8.1999999999999993,0.12,3.6000000000000001,-8.1999999999999993,0.12,READY,READY,RUNNING
0,0,1,-3.6000000000000001,-8.1999999999999993,0.12,3.6000000000000001,-8.1999999999999993,0.12,READY,READY,RUNNING
0,0,1,-3.6000000000000001,-8.1999999999999993,0.12,3.6000000000000001,-8.1999999999999993,0.12,READY,READY,RUNNING
0,0,1,-3.6000000000000001,-8.1999999999999993,0.12,3.6000000000000001,-8.1999999999999993,0.12,READY,READY,RUNNING
0,0,1,-3.6000000000000001,-8.1999999999999993,0.12,3.6000000000000001,-8.1999999999999993,0.12,READY,READY,RUNNING
0,0,1,-3.6000000000000001,-8.1999999999999993,0.12,3.6000000000000001,-8.1999999999999993,0.12,READY,READY,RUNNING
0,0,1,-3.6000000000000001,-8.1999999999999993,0.12,3.6000000000000001,-8.1999999999999993,0.12,READY,READY,RUNNING
0,0,1,-3.6000000000000001,-8.1999999999999993,0.12,3.6000000000000001,-8.1999999999999993,0.12,READY,READY,RUNNING
0,0,1,-3.6000000000000001,-8.1999999999999993,0.12,3.6000000000000001,-8.1999999999999993,0.12,READY,READY,RUNNING
0,0,1,-3.6000000000000001,-8.1999999999999993,0.12,3.6000000000000001,-8.1999999999999993,0.12,READY,READY,RUNNING
0,0,1,-3.6000000000000001,-8.1999999999999993,0.12,3.6000000000000001,-8.1999999999999993,0.12,READY,READY,RUNNING
0,0,1,-3.6000000000000001,-8.1999999999999993,0.12,3.6000000000000001,-8.1999999999999993,0.12,READY,READY,RUNNING
0,0,1,-3.6000000000000001,-8.1999999999999993,0.12,3.6000000000000001,-8.1999999999999993,0.12,READY,READY,RUNNING
0,0,1,-3.6000000000000001,-8.1999999999999993,0.12,3.6000000000000001,-8.1999999999999993,0.12,READY,READY,RUNNING
0,0,1,-3.6000000000000001,-8.1999999999999993,0.12,3.6000000000000001,-8.1999999999999993,0.12,READY,READY,RUNNING
0,0,1,-3.6000000000000001,-8.1999999999999993,0.12,3.6000000000000001,-8.1999999999999993,0.12,READY,READY,RUNNING
0,0,1,-3.6000000000000001,-8.1999999999999993,0.12,3.6000000000000001,-8.1999999999999993,0.12,READY,READY,RUNNING
0,0,1,-3.6000000000000001,-8.1999999999999993,0.12,3.6000000000000001,-8.1999999999999993,0.12,READY,READY,RUNNING
0,0,1,-3.6000000000000001,-8.1999999999999993,0.12,3.6000000000000001,-8.1999999999999993,0.12,READY,READY,RUNNING
0,0,1,-3.6000000000000001,-8.1999999999999993,0.12,3.6000000000000001,-8.1999999999999993,0.12,READY,READY,RUNNING
0,0,1,-3.6000000000000001,-8.1999999999999993,0.12,3.6000000000000001,-8.1999999999999993,0.12,READY,READY,RUNNING
0,0,1,-3.6000000000000001,-8.1999999999999993,0.12,3.6000000000000001,-8.1999999999999993,0.12,READY,READY,RUNNING
0,0,1,-3.6000000000000001,-8.1999999999999993,0.12,3.6000000000000001,-8.1999999999999993,0.12,READY,READY,RUNNING
0,0,1,-3.6000000000000001,-8.1999999999999993,0.12,3.6000000000000001,-8.1999999999999993,0.12,READY,READY,RUNNING
0,0,1,-3.6000000000000001,-8.1999999999999993,0.12,3.6000000000000001,-8.1999999999999993,0.12,READY,READY,RUNNING
0,0,1,-3.6000000000000001,-8.1999999999999993,0.12,3.6000000000000001,-8.1999999999999993,0.12,READY,READY,RUNNING
0,0,1,-3.6000000000000001,-8.1999999999999993,0.12,3.6000000000000001,-8.1999999999999993,0.12,READY,READY,RUNNING
0,0,1,-3.6000000000000001,-8.1999999999999993,0.12,3.6000000000000001,-8.1999999999999993,0.12,READY,READY,RUNNING
0,0,1,-3.6000000000000001,-8.1999999999999993,0.12,3.6000000000000001,-8.1999999999999993,0.12,READY,READY,RUNNING
0,0,1,-3.6000000000000001,-8.1999999999999993,0.12,3.6000000000000001,-8.1999999999999993,0.12,READY,READY,RUNNING
0,0,1,-3.6000000000000001,-8.1999999999999993,0.12,3.6000000000000001,-8.1999999999999993,0.12,READY,READY,RUNNING
0,0,1,-3.6000000000000001,-8.1999999999999993,0.12,3.6000000000000001,-8.1999999999999993,0.12,READY,READY,RUNNING
0,0,1,-3.6000000000000001,-8.1999999999999993,0.12,3.6000000000000001,-8.1999999999999993,0.12,READY,READY,RUNNING
0,0,1,-3.6000000000000001,-8.1999999999999993,0.12,3.6000000000000001,-8.1999999999999993,0.12,READY,READY,RUNNING
0,0,1,-3.6000000000000001,-8.1999999999999993,0.12,3.6000000000000001,-8.1999999999999993,0.12,READY,READY,RUNNING
0,0,1,-3.6000000000000001,-8.1999999999999993,0.12,3.6000000000000001,-8.1999999999999993,0.12,READY,READY,RUNNING
0,0,1,-3.6000000000000001,-8.1999999999999993,0.12,3.6000000000000001,-8.1999999999999993,0.12,READY,READY,RUNNING
0,0,1,-3.6000000000000001,-8.1999999999999993,0.12,3.6000000000000001,-8.1999999999999993,0.12,READY,READY,RUNNING
0,0,1,-3.6000000000000001,-8.1999999999999993,0.12,3.6000000000000001,-8.1999999999999993,0.12,READY,READY,RUNNING
0,0,1,-3.6000000000000001,-8.1999999999999993,0.12,3.6000000000000001,-8.1999999999999993,0.12,READY,READY,RUNNING
0,0,1,-3.6000000000000001,-8.1999999999999993,0.12,3.6000000000000001,-8.1999999999999993,0.12,READY,READY,RUNNING
0,0,1,-3.6000000000000001,-8.1999999999999993,0.12,3.6000000000000001,-8.1999999999999993,0.12,READY,READY,RUNNING
0,0,1,-3.6000000000000001,-8.1999999999999993,0.12,3.6000000000000001,-8.1999999999999993,0.12,READY,READY,RUNNING
0,0,1,-3.6000000000000001,-8.1999999999999993,0.12,3.6000000000000001,-8.1999999999999993,0.12,READY,READY,RUNNING
0,0,1,-3.6000000000000001,-8.1999999999999993,0.12,3.6000000000000001,-8.1999999999999993,0.12,READY,READY,RUNNING
0,0,1,-3.6000000000000001,-8.1999999999999993,0.12,3.6000000000000001,-8.1999999999999993,0.12,READY,READY,RUNNING
0,0,1,-3.6000000000000001,-8.1999999999999993,0.12,3.6000000000000001,-8.1999999999999993,0.12,READY,READY,RUNNING
0,0,1,-3.6000000000000001,-8.1999999999999993,0.12,3.6000000000000001,-8.1999999999999993,0.12,READY,READY,RUNNING
0,0,1,-3.6000000000000001,-8.1999999999999993,0.12,3.6000000000000001,-8.1999999999999993,0.12,READY,READY,RUNNING
0,0,1,-3.6000000000000001,-8.1999999999999993,0.12,3.6000000000000001,-8.1999999999999993,0.12,READY,READY,RUNNING
0,0,1,-3.6000000000000001,-8.1999999999999993,0.12,3.6000000000000001,-8.1999999999999993,0.12,READY,READY,RUNNING
0,0,1,-3.6000000000000001,-8.1999999999999993,0.12,3.6000000000000001,-8.1999999999999993,0.12,READY,READY,RUNNING
0,0,1,-3.6000000000000001,-8.1999999999999993,0.12,3.6000000000000001,-8.1999999999999993,0.12,READY,READY,RUNNING
0,0,1,-3.6000000000000001,-8.1999999999999993,0.12,3.6000000000000001,-8.1999999999999993,0.12,READY,READY,RUNNING
0,0,1,-3.6000000000000001,-8.1999999999999993,0.12,3.6000000000000001,-8.1999999999999993,0.12,READY,READY,RUNNING
0,0,1,-3.6000000000000001,-8.1999999999999993,0.12,3.6000000000000001,-8.1999999999999993,0.12,READY,READY,RUNNING
0,0,1,-3.6000000000000001,-8.1999999999999993,0.12,3.6000000000000001,-8.1999999999999993,0.12,READY,READY,RUNNING
0,0,1,-3.6000000000000001,-8.1999999999999993,0.12,3.6000000000000001,-8.1999999999999993,0.12,READY,READY,RUNNING
0,0,1,-3.6000000000000001,-8.1999999999999993,0.12,3.6000000000000001,-8.1999999999999993,0.12,READY,READY,RUNNING
0,0,1,-3.6000000000000001,-8.1999999999999993,0.12,3.6000000000000001,-8.1999999999999993,0.12,READY,READY,RUNNING
0,0,1,-3.6000000000000001,-8.1999999999999993,0.12,3.6000000000000001,-8.1999999999999993,0.12,READY,READY,RUNNING
0,0,1,-3.6000000000000001,-8.1999999999999993,0.12,3.6000000000000001,-8.1999999999999993,0.12,READY,READY,RUNNING
0,0,1,-3.6000000000000001,-8.1999999999999993,0.12,3.6000000000000001,-8.1999999999999993,0.12,READY,READY,RUNNING
0,0,1,-3.6000000000000001,-8.1999999999999993,0.12,3.6000000000000001,-8.1999999999999993,0.12,READY,READY,RUNNING
0,0,1,-3.6000000000000001,-8.1999999999999993,0.12,3.6000000000000001,-8.1999999999999993,0.12,READY,READY,RUNNING
0,0,1,-3.6000000000000001,-8.1999999999999993,0.12,3.6000000000000001,-8.1999999999999993,0.12,READY,READY,RUNNING
0,0,1,-3.6000000000000001,-8.1999999999999993,0.12,3.6000000000000001,-8.1999999999999993,0.12,READY,READY,RUNNING
0,0,1,-3.6000000000000001,-8.1999999999999993,0.12,3.6000000000000001,-8.1999999999999993,0.12,READY,READY,RUNNING
0,0,1,-3.6000000000000001,-8.1999999999999993,0.12,3.6000000000000001,-8.1999999999999993,0.12,READY,READY,RUNNING
0,0,1,-3.6000000000000001,-8.1999999999999993,0.12,3.6000000000000001,-8.1999999999999993,0.12,READY,READY,RUNNING
0,0,1,-3.6000000000000001,-8.1999999999999993,0.12,3.6000000000000001,-8.1999999999999993,0.12,READY,READY,RUNNING
0,0,1,-3.6000000000000001,-8.1999999999999993,0.12,3.6000000000000001,-8.1999999999999993,0.12,READY,READY,RUNNING
0,0,1,-3.6000000000000001,-8.1999999999999993,0.12,3.6000000000000001,-8.1999999999999993,0.12,READY,READY,RUNNING
0,0,1,-3.6000000000000001,-8.1999999999999993,0.12,3.6000000000000001,-8.1999999999999993,0.12,READY,READY,RUNNING
0,0,1,-3.6000000000000001,-8.1999999999999993,0.12,3.6000000000000001,-8.1999999999999993,0.12,READY,READY,RUNNING
0,0,1,-3.6000000000000001,-8.1999999999999993,0.12,3.6000000000000001,-8.1999999999999993,0.12,READY,READY,RUNNING
0,0,1,-3.6000000000000001,-8.1999999999999993,0.12,3.6000000000000001,-8.1999999999999993,0.12,READY,READY,RUNNING
0,0,1,-3.6000000000000001,-8.1999999999999993,0.12,3.6000000000000001,-8.1999999999999993,0.12,READY,READY,RUNNING
0,0,1,-3.6000000000000001,-8.1999999999999993,0.12,3.6000000000000001,-8.1999999999999993,0.12,READY,READY,RUNNING
0,0,1,-3.6000000000000001,-8.1999999999999993,0.12,3.6000000000000001,-8.1999999999999993,0.12,READY,READY,RUNNING
0,0,1,-3.6000000000000001,-8.1999999999999993,0.12,3.6000000000000001,-8.1999999999999993,0.12,READY,READY,RUNNING
0,0,1,-3.6000000000000001,-8.1999999999999993,0.12,3.6000000000000001,-8.1999999999999993,0.12,READY,READY,RUNNING
0,0,1,-3.6000000000000001,-8.1999999999999993,0.12,3.6000000000000001,-8.1999999999999993,0.12,READY,READY,RUNNING
0,0,1,-3.6000000000000001,-8.1999999999999993,0.12,3.6000000000000001,-8.1999999999999993,0.12,READY,READY,RUNNING
0,0,1,-3.6000000000000001,-8.1999999999999993,0.12,3.6000000000000001,-8.1999999999999993,0.12,READY,READY,RUNNING
0,0,1,-3.6000000000000001,-8.1999999999999993,0.12,3.6000000000000001,-8.1999999999999993,0.12,READY,READY,RUNNING
0,0,1,-3.6000000000000001,-8.1999999999999993,0.12,3.6000000000000001,-8.1999999999999993,0.12,READY,READY,RUNNING
0,0,1,-3.6000000000000001,-8.1999999999999993,0.12,3.6000000000000001,-8.1999999999999993,0.12,READY,READY,RUNNING
0,0,1,-3.6000000000000001,-8.1999999999999993,0.12,3.6000000000000001,-8.1999999999999993,0.12,READY,READY,RUNNING
0,0,1,-3.6000000000000001,-8.1999999999999993,0.12,3.6000000000000001,-8.1999999999999993,0.12,READY,READY,RUNNING
0,0,1,-3.6000000000000001,-8.1999999999999993,0.12,3.6000000000000001,-8.1999999999999993,0.12,READY,READY,RUNNING
0,0,1,-3.6000000000000001,-8.1999999999999993,0.12,3.6000000000000001,-8.1999999999999993,0.12,READY,READY,RUNNING
0,0,1,-3.6000000000000001,-8.1999999999999993,0.12,3.6000000000000001,-8.1999999999999993,0.12,READY,READY,RUNNING
0,0,1,-3.6000000000000001,-8.1999999999999993,0.12,3.6000000000000001,-8.1999999999999993,0.12,READY,READY,RUNNING
0,0,1,-3.6000000000000001,-8.1999999999999993,0.12,3.6000000000000001,-8.1999999999999993,0.12,READY,READY,RUNNING
0,0,1,-3.6000000000000001,-8.1999999999999993,0.12,3.6000000000000001,-8.1999999999999993,0.12,READY,READY,RUNNING
0,0,1,-3.6000000000000001,-8.1999999999999993,0.12,3.6000000000000001,-8.1999999999999993,0.12,READY,READY,RUNNING
0,0,1,-3.6000000000000001,-8.1999999999999993,0.12,3.6000000000000001,-8.1999999999999993,0.12,READY,READY,RUNNING
0,0,1,-3.6000000000000001,-8.1999999999999993,0.12,3.6000000000000001,-8.1999999999999993,0.12,READY,READY,RUNNING
0,0,1,-3.6000000000000001,-8.1999999999999993,0.12,3.6000000000000001,-8.1999999999999993,0.12,READY,READY,RUNNING
0,0,1,-3.6000000000000001,-8.1999999999999993,0.12,3.6000000000000001,-8.1999999999999993,0.12,READY,READY,RUNNING
0,0,1,-3.6000000000000001,-8.1999999999999993,0.12,3.6000000000000001,-8.1999999999999993,0.12,READY,READY,RUNNING
0,0,1,-3.6000000000000001,-8.1999999999999993,0.12,3.6000000000000001,-8.1999999999999993,0.12,READY,READY,RUNNING
0,0,1,-3.6000000000000001,-8.1999999999999993,0.12,3.6000000000000001,-8.1999999999999993,0.12,READY,READY,RUNNING
0,0,1,-3.6000000000000001,-8.1999999999999993,0.12,3.6000000000000001,-8.1999999999999993,0.12,READY,READY,RUNNING
0,0,1,-3.6000000000000001,-8.1999999999999993,0.12,3.6000000000000001,-8.1999999999999993,0.12,READY,READY,RUNNING
0,0,1,-3.6000000000000001,-8.1999999999999993,0.12,3.6000000000000001,-8.1999999999999993,0.12,READY,READY,RUNNING
0,0,1,-3.6000000000000001,-8.1999999999999993,0.12,3.6000000000000001,-8.1999999999999993,0.12,READY,READY,RUNNING
0,0,1,-3.6000000000000001,-8.1999999999999993,0.12,3.6000000000000001,-8.1999999999999993,0.12,READY,READY,RUNNING
0,0,1,-3.6000000000000001,-8.1999999999999993,0.12,3.6000000000000001,-8.1999999999999993,0.12,READY,READY,RUNNING
0,0,1,-3.6000000000000001,-8.1999999999999993,0.12,3.6000000000000001,-8.1999999999999993,0.12,READY,READY,RUNNING
0,0,1,-3.6000000000000001,-8.1999999999999993,0.12,3.6000000000000001,-8.1999999999999993,0.12,READY,READY,RUNNING
0,0,1,-3.6000000000000001,-8.1999999999999993,0.12,3.6000000000000001,-8.1999999999999993,0.12,READY,READY,RUNNING
0,0,1,-3.6000000000000001,-8.1999999999999993,0.12,3.6000000000000001,-8.1999999999999993,0.12,READY,READY,RUNNING
0,0,1,-3.6000000000000001,-8.1999999999999993,0.12,3.6000000000000001,-8.1999999999999993,0.12,READY,READY,RUNNING
0,0,1,-3.6000000000000001,-8.1999999999999993,0.12,3.6000000000000001,-8.1999999999999993,0.12,READY,READY,RUNNING
0,0,1,-3.6000000000000001,-8.1999999999999993,0.12,3.6000000000000001,-8.1999999999999993,0.12,READY,READY,RUNNING
0,0,1,-3.6000000000000001,-8.1999999999999993,0.12,3.6000000000000001,-8.1999999999999993,0.12,READY,READY,RUNNING
0,0,1,-3.6000000000000001,-8.1999999999999993,0.12,3.6000000000000001,-8.1999999999999993,0.12,READY,READY,RUNNING
0,0,1,-3.6000000000000001,-8.1999999999999993,0.12,3.6000000000000001,-8.1999999999999993,0.12,READY,READY,RUNNING
0,0,1,-3.6000000000000001,-8.1999999999999993,0.12,3.6000000000000001,-8.1999999999999993,0.12,READY,READY,RUNNING
0,0,1,-3.6000000000000001,-8.1999999999999993,0.12,3.6000000000000001,-8.1999999999999993,0.12,READY,READY,RUNNING
0,0,1,-3.6000000000000001,-8.1999999999999993,0.12,3.6000000000000001,-8.1999999999999993,0.12,READY,READY,RUNNING
0,0,1,-3.6000000000000001,-8.1999999999999993,0.12,3.6000000000000001,-8.1999999999999993,0.12,READY,READY,RUNNING
0,0,1,-3.6000000000000001,-8.1999999999999993,0.12,3.6000000000000001,-8.1999999999999993,0.12,READY,READY,RUNNING
0,0,1,-3.6000000000000001,-8.1999999999999993,0.12,3.6000000000000001,-8.1999999999999993,0.12,READY,READY,RUNNING
0,0,1,-3.6000000000000001,-8.1999999999999993,0.12,3.6000000000000001,-8.1999999999999993,0.12,READY,READY,RUNNING
0,0,1,-3.6000000000000001,-8.1999999999999993,0.12,3.6000000000000001,-8.1999999999999993,0.12,READY,READY,RUNNING
0,0,1,-3.6000000000000001,-8.1999999999999993,0.12,3.6000000000000001,-8.1999999999999993,0.12,READY,READY,RUNNING
0,0,1,-3.6000000000000001,-8.1999999999999993,0.12,3.6000000000000001,-8.1999999999999993,0.12,READY,READY,RUNNING
0,0,1,-3.6000000000000001,-8.1999999999999993,0.12,3.6000000000000001,-8.1999999999999993,0.12,READY,READY,RUNNING
0,0,1,-3.6000000000000001,-8.1999999999999993,0.12,3.6000000000000001,-8.1999999999999993,0.12,READY,READY,RUNNING
0,0,1,-3.6000000000000001,-8.1999999999999993,0.12,3.6000000000000001,-8.1999999999999993,0.12,READY,READY,RUNNING
0,0,1,-3.6000000000000001,-8.1999999999999993,0.12,3.6000000000000001,-8.1999999999999993,0.12,READY,READY,RUNNING
0,0,1,-3.6000000000000001,-8.1999999999999993,0.12,3.6000000000000001,-8.1999999999999993,0.12,READY,READY,RUNNING
0,0,1,-3.6000000000000001,-8.1999999999999993,0.12,3.6000000000000001,-8.1999999999999993,0.12,READY,READY,RUNNING
0,0,1,-3.6000000000000001,-8.1999999999999993,0.12,3.6000000000000001,-8.1999999999999993,0.12,READY,READY,RUNNING
0,0,1,-3.6000000000000001,-8.1999999999999993,0.12,3.6000000000000001,-8.1999999999999993,0.12,READY,READY,RUNNING
0,0,1,-3.6000000000000001,-8.1999999999999993,0.12,3.6000000000000001,-8.1999999999999993,0.12,READY,READY,RUNNING
0,0,1,-3.6000000000000001,-8.1999999999999993,0.12,3.6000000000000001,-8.1999999999999993,0.12,READY,READY,RUNNING
0,0,1,-3.6000000000000001,-8.1999999999999993,0.12,3.6000000000000001,-8.1999999999999993,0.12,READY,READY,RUNNING
0,0,1,-3.6000000000000001,-8.1999999999999993,0.12,3.6000000000000001,-8.1999999999999993,0.12,READY,READY,RUNNING
0,0,1,-3.6000000000000001,-8.1999999999999993,0.12,3.6000000000000001,-8.1999999999999993,0.12,READY,READY,RUNNING
0,0,1,-3.6000000000000001,-8.1999999999999993,0.12,3.6000000000000001,-8.1999999999999993,0.12,READY,READY,RUNNING
0,0,1,-3.6000000000000001,-8.1999999999999993,0.12,3.6000000000000001,-8.1999999999999993,0.12,READY,READY,RUNNING
0,0,1,-3.6000000000000001,-8.1999999999999993,0.12,3.6000000000000001,-8.1999999999999993,0.12,READY,READY,RUNNING
0,0,1,-3.6000000000000001,-8.1999999999999993,0.12,3.6000000000000001,-8.1999999999999993,0.12,READY,READY,RUNNING
0,0,1,-3.6000000000000001,-8.1999999999999993,0.12,3.6000000000000001,-8.1999999999999993,0.12,READY,READY,RUNNING
0,0,1,-3.6000000000000001,-8.1999999999999993,0.12,3.6000000000000001,-8.1999999999999993,0.12,READY,READY,RUNNING
0,0,1,-3.6000000000000001,-8.1999999999999993,0.12,3.6000000000000001,-8.1999999999999993,0.12,READY,READY,RUNNING
0,0,1,-3.6000000000000001,-8.1999999999999993,0.12,3.6000000000000001,-8.1999999999999993,0.12,READY,READY,RUNNING
0,0,1,-3.6000000000000001,-8.1999999999999993,0.12,3.6000000000000001,-8.1999999999999993,0.12,READY,READY,RUNNING
0,0,1,-3.6000000000000001,-8.1999999999999993,0.12,3.6000000000000001,-8.1999999999999993,0.12,READY,READY,RUNNING
0,0,1,-3.6000000000000001,-8.1999999999999993,0.12,3.6000000000000001,-8.1999999999999993,0.12,READY,READY,RUNNING
0,0,1,-3.6000000000000001,-8.1999999999999993,0.12,3.6000000000000001,-8.1999999999999993,0.12,READY,READY,RUNNING
0,0,1,-3.6000000000000001,-8.1999999999999993,0.12,3.6000000000000001,-8.1999999999999993,0.12,READY,READY,RUNNING
0,0,1,-3.6000000000000001,-8.1999999999999993,0.12,3.6000000000000001,-8.1999999999999993,0.12,READY,READY,RUNNING
0,0,1,-3.6000000000000001,-8.1999999999999993,0.12,3.6000000000000001,-8.1999999999999993,0.12,READY,READY,RUNNING
0,0,1,-3.6000000000000001,-8.1999999999999993,0.12,3.6000000000000001,-8.1999999999999993,0.12,READY,READY,RUNNING
0,0,1,-3.6000000000000001,-8.1999999999999993,0.12,3.6000000000000001,-8.1999999999999993,0.12,READY,READY,RUNNING
0,0,1,-3.6000000000000001,-8.1999999999999993,0.12,3.6000000000000001,-8.1999999999999993,0.12,READY,READY,RUNNING
0,0,1,-3.6000000000000001,-8.1999999999999993,0.12,3.6000000000000001,-8.1999999999999993,0.12,READY,READY,RUNNING
0,0,1,-3.6000000000000001,-8.1999999999999993,0.12,3.6000000000000001,-8.1999999999999993,0.12,READY,READY,RUNNING
0,0,1,-3.6000000000000001,-8.1999999999999993,0.12,3.6000000000000001,-8.1999999999999993,0.12,READY,READY,RUNNING
0,0,1,-3.6000000000000001,-8.1999999999999993,0.12,3.6000000000000001,-8.1999999999999993,0.12,READY,READY,RUNNING
0,0,1,-3.6000000000000001,-8.1999999999999993,0.12,3.6000000000000001,-8.1999999999999993,0.12,READY,READY,RUNNING
0,0,1,-3.6000000000000001,-8.1999999999999993,0.12,3.6000000000000001,-8.1999999999999993,0.12,READY,READY,RUNNING
0,0,1,-3.6000000000000001,-8.1999999999999993,0.12,3.6000000000000001,-8.1999999999999993,0.12,READY,READY,RUNNING
0,0,1,-3.6000000000000001,-8.1999999999999993,0.12,3.6000000000000001,-8.1999999999999993,0.12,READY,READY,RUNNING
0,0,1,-3.6000000000000001,-8.1999999999999993,0.12,3.6000000000000001,-8.1999999999999993,0.12,READY,READY,RUNNING
0,0,1,-3.6000000000000001,-8.1999999999999993,0.12,3.6000000000000001,-8.1999999999999993,0.12,READY,READY,RUNNING
0,0,1,-3.6000000000000001,-8.1999999999999993,0.12,3.6000000000000001,-8.1999999999999993,0.12,READY,READY,RUNNING
0,0,1,-3.6000000000000001,-8.1999999999999993,0.12,3.6000000000000001,-8.1999999999999993,0.12,READY,READY,RUNNING
0,0,1,-3.6000000000000001,-8.1999999999999993,0.12,3.6000000000000001,-8.1999999999999993,0.12,READY,READY,RUNNING
0,0,1,-3.6000000000000001,-8.1999999999999993,0.12,3.6000000000000001,-8.1999999999999993,0.12,READY,READY,RUNNING
0,0,1,-3.6000000000000001,-8.1999999999999993,0.12,3.6000000000000001,-8.1999999999999993,0.12,READY,READY,RUNNING
0,0,1,-3.6000000000000001,-8.1999999999999993,0.12,3.6000000000000001,-8.1999999999999993,0.12,READY,READY,RUNNING
0,0,1,-3.6000000000000001,-8.1999999999999993,0.12,3.6000000000000001,-8.1999999999999993,0.12,READY,READY,RUNNING
0,0,1,-3.6000000000000001,-8.1999999999999993,0.12,3.6000000000000001,-8.1999999999999993,0.12,READY,READY,RUNNING
0,0,1,-3.6000000000000001,-8.1999999999999993,0.12,3.6000000000000001,-8.1999999999999993,0.12,READY,READY,RUNNING
0,0,1,-3.6000000000000001,-8.1999999999999993,0.12,3.6000000000000001,-8.1999999999999993,0.12,READY,READY,RUNNING
0,0,1,-3.6000000000000001,-8.1999999999999993,0.12,3.6000000000000001,-8.1999999999999993,0.12,READY,READY,RUNNING
0,0,1,-3.6000000000000001,-8.1999999999999993,0.12,3.6000000000000001,-8.1999999999999993,0.12,READY,READY,RUNNING
0,0,1,-3.6000000000000001,-8.1999999999999993,0.12,3.6000000000000001,-8.1999999999999993,0.12,READY,READY,RUNNING
0,0,1,-3.6000000000000001,-8.1999999999999993,0.12,3.6000000000000001,-8.1999999999999993,0.12,READY,READY,RUNNING
0,0,1,-3.6000000000000001,-8.1999999999999993,0.12,3.6000000000000001,-8.1999999999999993,0.12,READY,READY,RUNNING
0,0,1,-3.6000000000000001,-8.1999999999999993,0.12,3.6000000000000001,-8.1999999999999993,0.12,READY,READY,RUNNING
0,0,1,-3.6000000000000001,-8.1999999999999993,0.12,3.6000000000000001,-8.1999999999999993,0.12,READY,READY,RUNNING
0,0,1,-3.6000000000000001,-8.1999999999999993,0.12,3.6000000000000001,-8.1999999999999993,0.12,READY,READY,RUNNING
0,0,1,-3.6000000000000001,-8.1999999999999993,0.12,3.6000000000000001,-8.1999999999999993,0.12,READY,READY,RUNNING
0,0,1,-3.6000000000000001,-8.1999999999999993,0.12,3.6000000000000001,-8.1999999999999993,0.12,READY,READY,RUNNING
0,0,1,-3.6000000000000001,-8.1999999999999993,0.12,3.6000000000000001,-8.1999999999999993,0.12,READY,READY,RUNNING
0,0,1,-3.6000000000000001,-8.1999999999999993,0.12,3.6000000000000001,-8.1999999999999993,0.12,READY,READY,RUNNING
0,0,1,-3.6000000000000001,-8.1999999999999993,0.12,3.6000000000000001,-8.1999999999999993,0.12,READY,READY,RUNNING
0,0,1,-3.6000000000000001,-8.1999999999999993,0.12,3.6000000000000001,-8.1999999999999993,0.12,READY,READY,RUNNING
0,0,1,-3.6000000000000001,-8.1999999999999993,0.12,3.6000000000000001,-8.1999999999999993,0.12,READY,READY,RUNNING
0,0,1,-3.6000000000000001,-8.1999999999999993,0.12,3.6000000000000001,-8.1999999999999993,0.12,READY,READY,RUNNING
0,0,1,-3.6000000000000001,-8.1999999999999993,0.12,3.6000000000000001,-8.1999999999999993,0.12,READY,READY,RUNNING
0,0,1,-3.6000000000000001,-8.1999999999999993,0.12,3.6000000000000001,-8.1999999999999993,0.12,READY,READY,RUNNING
0,0,1,-3.6000000000000001,-8.1999999999999993,0.12,3.6000000000000001,-8.1999999999999993,0.12,READY,READY,RUNNING
0,0,1,-3.6000000000000001,-8.1999999999999993,0.12,3.6000000000000001,-8.1999999999999993,0.12,READY,READY,RUNNING
0,0,1,-3.6000000000000001,-8.1999999999999993,0.12,3.6000000000000001,-8.1999999999999993,0.12,READY,READY,RUNNING
0,0,1,-3.6000000000000001,-8.1999999999999993,0.12,3.6000000000000001,-8.1999999999999993,0.12,READY,READY,RUNNING
0,0,1,-3.6000000000000001,-8.1999999999999993,0.12,3.6000000000000001,-8.1999999999999993,0.12,READY,READY,RUNNING
0,0,1,-3.6000000000000001,-8.1999999999999993,0.12,3.6000000000000001,-8.1999999999999993,0.12,READY,READY,RUNNING
0,0,1,-3.6000000000000001,-8.1999999999999993,0.12,3.6000000000000001,-8.1999999999999993,0.12,READY,READY,RUNNING
0,0,1,-3.6000000000000001,-8.1999999999999993,0.12,3.6000000000000001,-8.1999999999999993,0.12,READY,READY,RUNNING
0,0,1,-3.6000000000000001,-8.1999999999999993,0.12,3.6000000000000001,-8.1999999999999993,0.12,READY,READY,RUNNING
0,0,1,-3.6000000000000001,-8.1999999999999993,0.12,3.6000000000000001,-8.1999999999999993,0.12,READY,READY,RUNNING
0,0,1,-3.6000000000000001,-8.1999999999999993,0.12,3.6000000000000001,-8.1999999999999993,0.12,READY,READY,RUNNING
0,0,1,-3.6000000000000001,-8.1999999999999993,0.12,3.6000000000000001,-8.1999999999999993,0.12,READY,READY,RUNNING
0,0,1,-3.6000000000000001,-8.1999999999999993,0.12,3.6000000000000001,-8.1999999999999993,0.12,READY,READY,RUNNING
0,0,1,-3.6000000000000001,-8.1999999999999993,0.12,3.6000000000000001,-8.1999999999999993,0.12,READY,READY,RUNNING
0,0,1,-3.6000000000000001,-8.1999999999999993,0.12,3.6000000000000001,-8.1999999999999993,0.12,READY,READY,RUNNING
0,0,1,-3.6000000000000001,-8.1999999999999993,0.12,3.6000000000000001,-8.1999999999999993,0.12,READY,READY,RUNNING
0,0,1,-3.6000000000000001,-8.1999999999999993,0.12,3.6000000000000001,-8.1999999999999993,0.12,READY,READY,RUNNING
0,0,1,-3.6000000000000001,-8.1999999999999993,0.12,3.6000000000000001,-8.1999999999999993,0.12,READY,READY,RUNNING
0,0,1,-3.6000000000000001,-8.1999999999999993,0.12,3.6000000000000001,-8.1999999999999993,0.12,READY,READY,RUNNING
0,0,1,-3.6000000000000001,-8.1999999999999993,0.12,3.6000000000000001,-8.1999999999999993,0.12,READY,READY,RUNNING
0,0,1,-3.6000000000000001,-8.1999999999999993,0.12,3.6000000000000001,-8.1999999999999993,0.12,READY,READY,RUNNING
0,0,1,-3.6000000000000001,-8.1999999999999993,0.12,3.6000000000000001,-8.1999999999999993,0.12,READY,READY,RUNNING
0,0,1,-3.6000000000000001,-8.1999999999999993,0.12,3.6000000000000001,-8.1999999999999993,0.12,READY,READY,RUNNING
0,0,1,-3.6000000000000001,-8.1999999999999993,0.12,3.6000000000000001,-8.1999999999999993,0.12,READY,READY,RUNNING
0,0,1,-3.6000000000000001,-8.1999999999999993,0.12,3.6000000000000001,-8.1999999999999993,0.12,READY,READY,RUNNING
0,0,1,-3.6000000000000001,-8.1999999999999993,0.12,3.6000000000000001,-8.1999999999999993,0.12,READY,READY,RUNNING
0,0,1,-3.6000000000000001,-8.1999999999999993,0.12,3.6000000000000001,-8.1999999999999993,0.12,READY,READY,RUNNING
0,0,1,-3.6000000000000001,-8.1999999999999993,0.12,3.6000000000000001,-8.1999999999999993,0.12,READY,READY,RUNNING
0,0,1,-3.6000000000000001,-8.1999999999999993,0.12,3.6000000000000001,-8.1999999999999993,0.12,READY,READY,RUNNING
0,0,1,-3.6000000000000001,-8.1999999999999993,0.12,3.6000000000000001,-8.1999999999999993,0.12,READY,READY,RUNNING
0,0,1,-3.6000000000000001,-8.1999999999999993,0.12,3.6000000000000001,-8.1999999999999993,0.12,READY,READY,RUNNING
0,0,1,-3.6000000000000001,-8.1999999999999993,0.12,3.6000000000000001,-8.1999999999999993,0.12,READY,READY,RUNNING
0,0,1,-3.6000000000000001,-8.1999999999999993,0.12,3.6000000000000001,-8.1999999999999993,0.12,READY,READY,RUNNING
0,0,1,-3.6000000000000001,-8.1999999999999993,0.12,3.6000000000000001,-8.1999999999999993,0.12,READY,READY,RUNNING
0,0,1,-3.6000000000000001,-8.1999999999999993,0.12,3.6000000000000001,-8.1999999999999993,0.12,READY,READY,RUNNING
0,0,1,-3.6000000000000001,-8.1999999999999993,0.12,3.6000000000000001,-8.1999999999999993,0.12,READY,READY,RUNNING
0,0,1,-3.6000000000000001,-8.1999999999999993,0.12,3.6000000000000001,-8.1999999999999993,0.12,READY,READY,RUNNING
0,0,1,-3.6000000000000001,-8.1999999999999993,0.12,3.6000000000000001,-8.1999999999999993,0.12,READY,READY,RUNNING
0,0,1,-3.6000000000000001,-8.1999999999999993,0.12,3.6000000000000001,-8.1999999999999993,0.12,READY,READY,RUNNING
0,0,1,-3.6000000000000001,-8.1999999999999993,0.12,3.6000000000000001,-8.1999999999999993,0.12,READY,READY,RUNNING
0,0,1,-3.6000000000000001,-8.1999999999999993,0.12,3.6000000000000001,-8.1999999999999993,0.12,READY,READY,RUNNING
0,0,1,-3.6000000000000001,-8.1999999999999993,0.12,3.6000000000000001,-8.1999999999999993,0.12,READY,READY,RUNNING
0,0,1,-3.6000000000000001,-8.1999999999999993,0.12,3.6000000000000001,-8.1999999999999993,0.12,READY,READY,RUNNING
0,0,1,-3.6000000000000001,-8.1999999999999993,0.12,3.6000000000000001,-8.1999999999999993,0.12,READY,READY,RUNNING
0,0,1,-3.6000000000000001,-8.1999999999999993,0.12,3.6000000000000001,-8.1999999999999993,0.12,READY,READY,RUNNING
0,0,1,-3.6000000000000001,-8.1999999999999993,0.12,3.6000000000000001,-8.1999999999999993,0.12,READY,READY,RUNNING
0,0,1,-3.6000000000000001,-8.1999999999999993,0.12,3.6000000000000001,-8.1999999999999993,0.12,READY,READY,RUNNING
0,0,1,-3.6000000000000001,-8.1999999999999993,0.12,3.6000000000000001,-8.1999999999999993,0.12,READY,READY,RUNNING
0,0,1,-3.6000000000000001,-8.1999999999999993,0.12,3.6000000000000001,-8.1999999999999993,0.12,READY,READY,RUNNING
0,0,1,-3.6000000000000001,-8.1999999999999993,0.12,3.6000000000000001,-8.1999999999999993,0.12,READY,READY,RUNNING
0,0,1,-3.6000000000000001,-8.1999999999999993,0.12,3.6000000000000001,-8.1999999999999993,0.12,READY,READY,RUNNING
0,0,1,-3.6000000000000001,-8.1999999999999993,0.12,3.6000000000000001,-8.1999999999999993,0.12,READY,READY,RUNNING
0,0,1,-3.6000000000000001,-8.1999999999999993,0.12,3.6000000000000001,-8.1999999999999993,0.12,READY,READY,RUNNING
0,0,1,-3.6000000000000001,-8.1999999999999993,0.12,3.6000000000000001,-8.1999999999999993,0.12,READY,READY,RUNNING
0,0,1,-3.6000000000000001,-8.1999999999999993,0.12,3.6000000000000001,-8.1999999999999993,0.12,READY,READY,RUNNING
0,0,1,-3.6000000000000001,-8.1999999999999993,0.12,3.6000000000000001,-8.1999999999999993,0.12,READY,READY,RUNNING
0,0,1,-3.6000000000000001,-8.1999999999999993,0.12,3.6000000000000001,-8.1999999999999993,0.12,READY,READY,RUNNING
0,0,1,-3.6000000000000001,-8.1999999999999993,0.12,3.6000000000000001,-8.1999999999999993,0.12,READY,READY,RUNNING
0,0,1,-3.6000000000000001,-8.1999999999999993,0.12,3.6000000000000001,-8.1999999999999993,0.12,READY,READY,RUNNING
0,0,1,-3.6000000000000001,-8.1999999999999993,0.12,3.6000000000000001,-8.1999999999999993,0.12,READY,READY,RUNNING
0,0,1,-3.6000000000000001,-8.1999999999999993,0.12,3.6000000000000001,-8.1999999999999993,0.12,READY,READY,RUNNING
0,0,1,-3.6000000000000001,-8.1999999999999993,0.12,3.6000000000000001,-8.1999999999999993,0.12,READY,READY,RUNNING
0,0,1,-3.6000000000000001,-8.1999999999999993,0.12,3.6000000000000001,-8.1999999999999993,0.12,READY,READY,RUNNING
0,0,1,-3.6000000000000001,-8.1999999999999993,0.12,3.6000000000000001,-8.1999999999999993,0.12,READY,READY,RUNNING
0,0,1,-3.6000000000000001,-8.1999999999999993,0.12,3.6000000000000001,-8.1999999999999993,0.12,READY,READY,RUNNING
0,0,1,-3.6000000000000001,-8.1999999999999993,0.12,3.6000000000000001,-8.1999999999999993,0.12,READY,READY,RUNNING
0,0,1,-3.6000000000000001,-8.1999999999999993,0.12,3.6000000000000001,-8.1999999999999993,0.12,READY,READY,RUNNING
0,0,1,-3.6000000000000001,-8.1999999999999993,0.12,3.6000000000000001,-8.1999999999999993,0.12,READY,READY,RUNNING
0,0,1,-3.6000000000000001,-8.1999999999999993,0.12,3.6000000000000001,-8.1999999999999993,0.12,READY,READY,RUNNING
0,0,1,-3.6000000000000001,-8.1999999999999993,0.12,3.6000000000000001,-8.1999999999999993,0.12,READY,READY,RUNNING
0,0,1,-3.6000000000000001,-8.1999999999999993,0.12,3.6000000000000001,-8.1999999999999993,0.12,READY,READY,RUNNING
0,0,1,-3.6000000000000001,-8.1999999999999993,0.12,3.6000000000000001,-8.1999999999999993,0.12,READY,READY,RUNNING
0,0,1,-3.6000000000000001,-8.1999999999999993,0.12,3.6000000000000001,-8.1999999999999993,0.12,READY,READY,RUNNING
0,0,1,-3.6000000000000001,-8.1999999999999993,0.12,3.6000000000000001,-8.1999999999999993,0.12,READY,READY,RUNNING
0,0,1,-3.6000000000000001,-8.1999999999999993,0.12,3.6000000000000001,-8.1999999999999993,0.12,READY,READY,RUNNING
0,0,1,-3.6000000000000001,-8.1999999999999993,0.12,3.6000000000000001,-8.1999999999999993,0.12,READY,READY,RUNNING
0,0,1,-3.6000000000000001,-8.1999999999999993,0.12,3.6000000000000001,-8.1999999999999993,0.12,READY,READY,RUNNING
0,0,1,-3.6000000000000001,-8.1999999999999993,0.12,3.6000000000000001,-8.1999999999999993,0.12,READY,READY,RUNNING
0,0,1,-3.6000000000000001,-8.1999999999999993,0.12,3.6000000000000001,-8.1999999999999993,0.12,READY,READY,RUNNING
0,0,1,-3.6000000000000001,-8.1999999999999993,0.12,3.6000000000000001,-8.1999999999999993,0.12,READY,READY,RUNNING
0,0,1,-3.6000000000000001,-8.1999999999999993,0.12,3.6000000000000001,-8.1999999999999993,0.12,READY,READY,RUNNING
0,0,1,-3.6000000000000001,-8.1999999999999993,0.12,3.6000000000000001,-8.1999999999999993,0.12,READY,READY,RUNNING
0,0,1,-3.6000000000000001,-8.1999999999999993,0.12,3.6000000000000001,-8.1999999999999993,0.12,READY,READY,RUNNING
0,0,1,-3.6000000000000001,-8.1999999999999993,0.12,3.6000000000000001,-8.1999999999999993,0.12,READY,READY,RUNNING
0,0,1,-3.6000000000000001,-8.1999999999999993,0.12,3.6000000000000001,-8.1999999999999993,0.12,READY,READY,RUNNING
0,0,1,-3.6000000000000001,-8.1999999999999993,0.12,3.6000000000000001,-8.1999999999999993,0.12,READY,READY,RUNNING
0,0,1,-3.6000000000000001,-8.1999999999999993,0.12,3.6000000000000001,-8.1999999999999993,0.12,READY,READY,RUNNING
0,0,1,-3.6000000000000001,-8.1999999999999993,0.12,3.6000000000000001,-8.1999999999999993,0.12,READY,READY,RUNNING
0,0,1,-3.6000000000000001,-8.1999999999999993,0.12,3.6000000000000001,-8.1999999999999993,0.12,READY,READY,RUNNING
0,0,1,-3.6000000000000001,-8.1999999999999993,0.12,3.6000000000000001,-8.1999999999999993,0.12,READY,READY,RUNNING
0,0,1,-3.6000000000000001,-8.1999999999999993,0.12,3.6000000000000001,-8.1999999999999993,0.12,READY,READY,RUNNING
0,0,1,-3.6000000000000001,-8.1999999999999993,0.12,3.6000000000000001,-8.1999999999999993,0.12,READY,READY,RUNNING
0,0,1,-3.6000000000000001,-8.1999999999999993,0.12,3.6000000000000001,-8.1999999999999993,0.12,READY,READY,RUNNING
0,0,1,-3.6000000000000001,-8.1999999999999993,0.12,3.6000000000000001,-8.1999999999999993,0.12,READY,READY,RUNNING
0,0,1,-3.6000000000000001,-8.1999999999999993,0.12,3.6000000000000001,-8.1999999999999993,0.12,READY,READY,RUNNING
0,0,1,-3.6000000000000001,-8.1999999999999993,0.12,3.6000000000000001,-8.1999999999999993,0.12,READY,READY,RUNNING
0,0,1,-3.6000000000000001,-8.1999999999999993,0.12,3.6000000000000001,-8.1999999999999993,0.12,READY,READY,RUNNING
0,0,1,-3.6000000000000001,-8.1999999999999993,0.12,3.6000000000000001,-8.1999999999999993,0.12,READY,READY,RUNNING
0,0,1,-3.6000000000000001,-8.1999999999999993,0.12,3.6000000000000001,-8.1999999999999993,0.12,READY,READY,RUNNING
0,0,1,-3.6000000000000001,-8.1999999999999993,0.12,3.6000000000000001,-8.1999999999999993,0.12,READY,READY,RUNNING
0,0,1,-3.6000000000000001,-8.1999999999999993,0.12,3.6000000000000001,-8.1999999999999993,0.12,READY,READY,RUNNING
0,0,1,-3.6000000000000001,-8.1999999999999993,0.12,3.6000000000000001,-8.1999999999999993,0.12,READY,READY,RUNNING
0,0,1,-3.6000000000000001,-8.1999999999999993,0.12,3.6000000000000001,-8.1999999999999993,0.12,READY,READY,RUNNING
0,0,1,-3.6000000000000001,-8.1999999999999993,0.12,3.6000000000000001,-8.1999999999999993,0.12,READY,READY,RUNNING
0,0,1,-3.6000000000000001,-8.1999999999999993,0.12,3.6000000000000001,-8.1999999999999993,0.12,READY,READY,RUNNING
0,0,1,-3.6000000000000001,-8.1999999999999993,0.12,3.6000000000000001,-8.1999999999999993,0.12,READY,READY,RUNNING
0,0,1,-3.6000000000000001,-8.1999999999999993,0.12,3.6000000000000001,-8.1999999999999993,0.12,READY,READY,RUNNING
0,0,1,-3.6000000000000001,-8.1999999999999993,0.12,3.6000000000000001,-8.1999999999999993,0.12,READY,READY,RUNNING
0,0,1,-3.6000000000000001,-8.1999999999999993,0.12,3.6000000000000001,-8.1999999999999993,0.12,READY,READY,RUNNING
0,0,1,-3.6000000000000001,-8.1999999999999993,0.12,3.6000000000000001,-8.1999999999999993,0.12,READY,READY,RUNNING
0,0,1,-3.6000000000000001,-8.1999999999999993,0.12,3.6000000000000001,-8.1999999999999993,0.12,READY,READY,RUNNING
0,0,1,-3.6000000000000001,-8.1999999999999993,0.12,3.6000000000000001,-8.1999999999999993,0.12,READY,READY,RUNNING
0,0,1,-3.6000000000000001,-8.1999999999999993,0.12,3.6000000000000001,-8.1999999999999993,0.12,READY,READY,RUNNING
0,0,1,-3.6000000000000001,-8.1999999999999993,0.12,3.6000000000000001,-8.1999999999999993,0.12,READY,READY,RUNNING
0,0,1,-3.6000000000000001,-8.1999999999999993,0.12,3.6000000000000001,-8.1999999999999993,0.12,READY,READY,RUNNING
0,0,1,-3.6000000000000001,-8.1999999999999993,0.12,3.6000000000000001,-8.1999999999999993,0.12,READY,READY,RUNNING
0,0,1,-3.6000000000000001,-8.1999999999999993,0.12,3.6000000000000001,-8.1999999999999993,0.12,READY,READY,RUNNING
0,0,1,-3.6000000000000001,-8.1999999999999993,0.12,3.6000000000000001,-8.1999999999999993,0.12,READY,READY,RUNNING
0,0,1,-3.6000000000000001,-8.1999999999999993,0.12,3.6000000000000001,-8.1999999999999993,0.12,READY,READY,RUNNING
0,0,1,-3.6000000000000001,-8.1999999999999993,0.12,3.6000000000000001,-8.1999999999999993,0.12,READY,READY,RUNNING
0,0,1,-3.6000000000000001,-8.1999999999999993,0.12,3.6000000000000001,-8.1999999999999993,0.12,READY,READY,RUNNING
0,0,1,-3.6000000000000001,-8.1999999999999993,0.12,3.6000000000000001,-8.1999999999999993,0.12,READY,READY,RUNNING
0,0,1,-3.6000000000000001,-8.1999999999999993,0.12,3.6000000000000001,-8.1999999999999993,0.12,READY,READY,RUNNING
0,0,1,-3.6000000000000001,-8.1999999999999993,0.12,3.6000000000000001,-8.1999999999999993,0.12,READY,READY,RUNNING
0,0,1,-3.6000000000000001,-8.1999999999999993,0.12,3.6000000000000001,-8.1999999999999993,0.12,READY,READY,RUNNING
0,0,1,-3.6000000000000001,-8.1999999999999993,0.12,3.6000000000000001,-8.1999999999999993,0.12,READY,READY,RUNNING
0,0,1,-3.6000000000000001,-8.1999999999999993,0.12,3.6000000000000001,-8.1999999999999993,0.12,READY,READY,RUNNING
0,0,1,-3.6000000000000001,-8.1999999999999993,0.12,3.6000000000000001,-8.1999999999999993,0.12,READY,READY,RUNNING
0,0,1,-3.6000000000000001,-8.1999999999999993,0.12,3.6000000000000001,-8.1999999999999993,0.12,READY,READY,RUNNING
0,0,1,-3.6000000000000001,-8.1999999999999993,0.12,3.6000000000000001,-8.1999999999999993,0.12,READY,READY,RUNNING
0,0,1,-3.6000000000000001,-8.1999999999999993,0.12,3.6000000000000001,-8.1999999999999993,0.12,READY,READY,RUNNING
0,0,1,-3.6000000000000001,-8.1999999999999993,0.12,3.6000000000000001,-8.1999999999999993,0.12,READY,READY,RUNNING
0,0,1,-3.6000000000000001,-8.1999999999999993,0.12,3.6000000000000001,-8.1999999999999993,0.12,READY,READY,RUNNING
0,0,1,-3.6000000000000001,-8.1999999999999993,0.12,3.6000000000000001,-8.1999999999999993,0.12,READY,READY,RUNNING
0,0,1,-3.6000000000000001,-8.1999999999999993,0.12,3.6000000000000001,-8.1999999999999993,0.12,READY,READY,RUNNING
0,0,1,-3.6000000000000001,-8.1999999999999993,0.12,3.6000000000000001,-8.1999999999999993,0.12,READY,READY,RUNNING
0,0,1,-3.6000000000000001,-8.1999999999999993,0.12,3.6000000000000001,-8.1999999999999993,0.12,READY,READY,RUNNING
0,0,1,-3.6000000000000001,-8.1999999999999993,0.12,3.6000000000000001,-8.1999999999999993,0.12,READY,READY,RUNNING
0,0,1,-3.6000000000000001,-8.1999999999999993,0.12,3.6000000000000001,-8.1999999999999993,0.12,READY,READY,RUNNING
0,0,1,-3.6000000000000001,-8.1999999999999993,0.12,3.6000000000000001,-8.1999999999999993,0.12,READY,READY,RUNNING
0,0,1,-3.6000000000000001,-8.1999999999999993,0.12,3.6000000000000001,-8.1999999999999993,0.12,READY,READY,RUNNING
0,0,1,-3.6000000000000001,-8.1999999999999993,0.12,3.6000000000000001,-8.1999999999999993,0.12,READY,READY,RUNNING
0,0,1,-3.6000000000000001,-8.1999999999999993,0.12,3.6000000000000001,-8.1999999999999993,0.12,READY,READY,RUNNING
0,0,1,-3.6000000000000001,-8.1999999999999993,0.12,3.6000000000000001,-8.1999999999999993,0.12,READY,READY,RUNNING
0,0,1,-3.6000000000000001,-8.1999999999999993,0.12,3.6000000000000001,-8.1999999999999993,0.12,READY,READY,RUNNING
0,0,1,-3.6000000000000001,-8.1999999999999993,0.12,3.6000000000000001,-8.1999999999999993,0.12,READY,READY,RUNNING
0,0,1,-3.6000000000000001,-8.1999999999999993,0.12,3.6000000000000001,-8.1999999999999993,0.12,READY,READY,RUNNING
0,0,1,-3.6000000000000001,-8.1999999999999993,0.12,3.6000000000000001,-8.1999999999999993,0.12,READY,READY,RUNNING
0,0,1,-3.6000000000000001,-8.1999999999999993,0.12,3.6000000000000001,-8.1999999999999993,0.12,READY,READY,RUNNING
0,0,1,-3.6000000000000001,-8.1999999999999993,0.12,3.6000000000000001,-8.1999999999999993,0.12,READY,READY,RUNNING
0,0,1,-3.6000000000000001,-8.1999999999999993,0.12,3.6000000000000001,-8.1999999999999993,0.12,READY,READY,RUNNING
0,0,1,-3.6000000000000001,-8.1999999999999993,0.12,3.6000000000000001,-8.1999999999999993,0.12,READY,READY,RUNNING
0,0,1,-3.6000000000000001,-8.1999999999999993,0.12,3.6000000000000001,-8.1999999999999993,0.12,READY,READY,RUNNING
0,0,1,-3.6000000000000001,-8.1999999999999993,0.12,3.6000000000000001,-8.1999999999999993,0.12,READY,READY,RUNNING
0,0,1,-3.6000000000000001,-8.1999999999999993,0.12,3.6000000000000001,-8.1999999999999993,0.12,READY,READY,RUNNING
0,0,1,-3.6000000000000001,-8.1999999999999993,0.12,3.6000000000000001,-8.1999999999999993,0.12,READY,READY,RUNNING
0,0,1,-3.6000000000000001,-8.1999999999999993,0.12,3.6000000000000001,-8.1999999999999993,0.12,READY,READY,RUNNING
0,0,1,-3.6000000000000001,-8.1999999999999993,0.12,3.6000000000000001,-8.1999999999999993,0.12,READY,READY,RUNNING
0,0,1,-3.6000000000000001,-8.1999999999999993,0.12,3.6000000000000001,-8.1999999999999993,0.12,READY,READY,RUNNING
0,0,1,-3.6000000000000001,-8.1999999999999993,0.12,3.6000000000000001,-8.1999999999999993,0.12,READY,READY,RUNNING
0,0,1,-3.6000000000000001,-8.1999999999999993,0.12,3.6000000000000001,-8.1999999999999993,0.12,READY,READY,RUNNING
0,0,1,-3.6000000000000001,-8.1999999999999993,0.12,3.6000000000000001,-8.1999999999999993,0.12,READY,READY,RUNNING
0,0,1,-3.6000000000000001,-8.1999999999999993,0.12,3.6000000000000001,-8.1999999999999993,0.12,READY,READY,RUNNING
0,0,1,-3.6000000000000001,-8.1999999999999993,0.12,3.6000000000000001,-8.1999999999999993,0.12,READY,READY,RUNNING
0,0,1,-3.6000000000000001,-8.1999999999999993,0.12,3.6000000000000001,-8.1999999999999993,0.12,READY,READY,RUNNING
0,0,1,-3.6000000000000001,-8.1999999999999993,0.12,3.6000000000000001,-8.1999999999999993,0.12,READY,READY,RUNNING
0,0,1,-3.6000000000000001,-8.1999999999999993,0.12,3.6000000000000001,-8.1999999999999993,0.12,READY,READY,RUNNING
0,0,1,-3.6000000000000001,-8.1999999999999993,0.12,3.6000000000000001,-8.1999999999999993,0.12,READY,READY,RUNNING
0,0,1,-3.6000000000000001,-8.1999999999999993,0.12,3.6000000000000001,-8.1999999999999993,0.12,READY,READY,RUNNING
0,0,1,-3.6000000000000001,-8.1999999999999993,0.12,3.6000000000000001,-8.1999999999999993,0.12,READY,READY,RUNNING
0,0,1,-3.6000000000000001,-8.1999999999999993,0.12,3.6000000000000001,-8.1999999999999993,0.12,READY,READY,RUNNING
0,0,1,-3.6000000000000001,-8.1999999999999993,0.12,3.6000000000000001,-8.1999999999999993,0.12,READY,READY,RUNNING
0,0,1,-3.6000000000000001,-8.1999999999999993,0.12,3.6000000000000001,-8.1999999999999993,0.12,READY,READY,RUNNING
0,0,1,-3.6000000000000001,-8.1999999999999993,0.12,3.6000000000000001,-8.1999999999999993,0.12,READY,READY,RUNNING
0,0,1,-3.6000000000000001,-8.1999999999999993,0.12,3.6000000000000001,-8.1999999999999993,0.12,READY,READY,RUNNING
0,0,1,-3.6000000000000001,-8.1999999999999993,0.12,3.6000000000000001,-8.1999999999999993,0.12,READY,READY,RUNNING
0,0,1,-3.6000000000000001,-8.1999999999999993,0.12,3.6000000000000001,-8.1999999999999993,0.12,READY,READY,RUNNING
0,0,1,-3.6000000000000001,-8.1999999999999993,0.12,3.6000000000000001,-8.1999999999999993,0.12,READY,READY,RUNNING
0,0,1,-3.6000000000000001,-8.1999999999999993,0.12,3.6000000000000001,-8.1999999999999993,0.12,READY,READY,RUNNING
0,0,1,-3.6000000000000001,-8.1999999999999993,0.12,3.6000000000000001,-8.1999999999999993,0.12,READY,READY,RUNNING
1,0.02,0,-3.6000000000000001,-8.1999999999999993,0.12,3.6000000000000001,-8.1999999999999993,0.12,READY,READY,RUNNING
2,0.040000000000000001,0,-3.6000000000000001,-8.1999999999999993,0.12,3.6000000000000001,-8.1999999999999993,0.12,READY,READY,RUNNING
3,0.059999999999999998,0,-3.6000000000000001,-8.1999999999999993,0.12,3.6000000000000001,-8.1999999999999993,0.12,READY,READY,RUNNING
4,0.080000000000000002,0,-3.6000000000000001,-8.1999999999999993,0.12,3.6000000000000001,-8.1999999999999993,0.12,READY,READY,RUNNING
5,0.10000000000000001,0,-3.6000000000000001,-8.1999999999999993,0.12,3.6000000000000001,-8.1999999999999993,0.12,READY,READY,RUNNING
6,0.12,0,-3.6000000000000001,-8.1999999999999993,0.12,3.6000000000000001,-8.1999999999999993,0.12,READY,READY,RUNNING
7,0.14000000000000001,0,-3.6000000000000001,-8.1999999999999993,0.12,3.6000000000000001,-8.1999999999999993,0.12,READY,READY,RUNNING
8,0.16,0,-3.6000000000000001,-8.1999999999999993,0.12,3.6000000000000001,-8.1999999999999993,0.12,READY,READY,RUNNING
9,0.17999999999999999,0,-3.6000000000000001,-8.1999999999999993,0.12,3.6000000000000001,-8.1999999999999993,0.12,READY,READY,RUNNING
10,0.20000000000000001,0,-3.6000000000000001,-8.1999999999999993,0.12,3.6000000000000001,-8.1999999999999993,0.12,READY,READY,RUNNING
11,0.22,0,-3.6000000000000001,-8.1999999999999993,0.12,3.6000000000000001,-8.1999999999999993,0.12,READY,READY,RUNNING
12,0.23999999999999999,0,-3.6000000000000001,-8.1999999999999993,0.12,3.6000000000000001,-8.1999999999999993,0.12,READY,READY,RUNNING
13,0.26000000000000001,0,-3.6000000000000001,-8.1999999999999993,0.12,3.6000000000000001,-8.1999999999999993,0.12,READY,READY,RUNNING
14,0.28000000000000003,0,-3.6000000000000001,-8.1999999999999993,0.12,3.6000000000000001,-8.1999999999999993,0.12,READY,READY,RUNNING
15,0.29999999999999999,0,-3.6000000000000001,-8.1999999999999993,0.12,3.6000000000000001,-8.1999999999999993,0.12,READY,READY,RUNNING
16,0.32000000000000001,0,-3.6000000000000001,-8.1999999999999993,0.12,3.6000000000000001,-8.1999999999999993,0.12,READY,READY,RUNNING
17,0.34000000000000002,0,-3.6000000000000001,-8.1999999999999993,0.12,3.6000000000000001,-8.1999999999999993,0.12,READY,READY,RUNNING
18,0.35999999999999999,0,-3.6000000000000001,-8.1999999999999993,0.12,3.6000000000000001,-8.1999999999999993,0.12,READY,READY,RUNNING
19,0.38,0,-3.6000000000000001,-8.1999999999999993,0.12,3.6000000000000001,-8.1999999999999993,0.12,READY,READY,RUNNING
20,0.40000000000000002,0,-3.6000000000000001,-8.1999999999999993,0.12,3.6000000000000001,-8.1999999999999993,0.12,READY,READY,RUNNING
21,0.41999999999999998,0,-3.6000000000000001,-8.1999999999999993,0.12,3.6000000000000001,-8.1999999999999993,0.12,READY,READY,RUNNING
22,0.44,0,-3.6000000000000001,-8.1999999999999993,0.12,3.6000000000000001,-8.1999999999999993,0.12,READY,READY,RUNNING
23,0.46000000000000002,0,-3.6000000000000001,-8.1999999999999993,0.12,3.6000000000000001,-8.1999999999999993,0.12,READY,READY,RUNNING
24,0.47999999999999998,0,-3.6000000000000001,-8.1999999999999993,0.12,3.6000000000000001,-8.1999999999999993,0.12,READY,READY,RUNNING
25,0.5,0,-3.6000000000000001,-8.1999999999999993,0.12,3.6000000000000001,-8.1999999999999993,0.12,READY,READY,RUNNING
26,0.52000000000000002,0,-3.6000000000000001,-8.1999999999999993,0.12,3.6000000000000001,-8.1999999999999993,0.12,READY,READY,RUNNING
27,0.54000000000000004,0,-3.6000000000000001,-8.1999999999999993,0.12,3.6000000000000001,-8.1999999999999993,0.12,READY,READY,RUNNING
28,0.56000000000000005,0,-3.6000000000000001,-8.1999999999999993,0.12,3.6000000000000001,-8.1999999999999993,0.12,READY,READY,RUNNING
29,0.57999999999999996,0,-3.6000000000000001,-8.1999999999999993,0.12,3.6000000000000001,-8.1999999999999993,0.12,READY,READY,RUNNING
30,0.59999999999999998,0,-3.6000000000000001,-8.1999999999999993,0.12,3.6000000000000001,-8.1999999999999993,0.12,READY,READY,RUNNING
31,0.62,0,-3.6000000000000001,-8.1999999999999993,0.12,3.6000000000000001,-8.1999999999999993,0.12,READY,READY,RUNNING
32,0.64000000000000001,0,-3.6000000000000001,-8.1999999999999993,0.12,3.6000000000000001,-8.1999999999999993,0.12,READY,READY,RUNNING
33,0.66000000000000003,0,-3.6000000000000001,-8.1999999999999993,0.12,3.6000000000000001,-8.1999999999999993,0.12,READY,READY,RUNNING
34,0.68000000000000005,0,-3.6000000000000001,-8.1999999999999993,0.12,3.6000000000000001,-8.1999999999999993,0.12,READY,READY,RUNNING
35,0.69999999999999996,0,-3.6000000000000001,-8.1999999999999993,0.12,3.6000000000000001,-8.1999999999999993,0.12,READY,READY,RUNNING
36,0.71999999999999997,0,-3.6000000000000001,-8.1999999999999993,0.12,3.6000000000000001,-8.1999999999999993,0.12,READY,READY,RUNNING
37,0.73999999999999999,0,-3.6000000000000001,-8.1999999999999993,0.12,3.6000000000000001,-8.1999999999999993,0.12,READY,READY,RUNNING
38,0.76000000000000001,0,-3.6000000000000001,-8.1999999999999993,0.12,3.6000000000000001,-8.1999999999999993,0.12,READY,READY,RUNNING
39,0.78000000000000003,0,-3.6000000000000001,-8.1999999999999993,0.12,3.6000000000000001,-8.1999999999999993,0.12,READY,READY,RUNNING
40,0.80000000000000004,0,-3.6000000000000001,-8.1999999999999993,0.12,3.6000000000000001,-8.1999999999999993,0.12,READY,READY,RUNNING
41,0.81999999999999995,0,-3.6000000000000001,-8.1999999999999993,0.12,3.6000000000000001,-8.1999999999999993,0.12,READY,READY,RUNNING
42,0.83999999999999997,0,-3.6000000000000001,-8.1999999999999993,0.12,3.6000000000000001,-8.1999999999999993,0.12,READY,READY,RUNNING
43,0.85999999999999999,0,-3.6000000000000001,-8.1999999999999993,0.12,3.6000000000000001,-8.1999999999999993,0.12,READY,READY,RUNNING
44,0.88,0,-3.6000000000000001,-8.1999999999999993,0.12,3.6000000000000001,-8.1999999999999993,0.12,READY,READY,RUNNING
45,0.90000000000000002,0,-3.6000000000000001,-8.1999999999999993,0.12,3.6000000000000001,-8.1999999999999993,0.12,READY,READY,RUNNING
46,0.92000000000000004,0,-3.6000000000000001,-8.1999999999999993,0.12,3.6000000000000001,-8.1999999999999993,0.12,READY,READY,RUNNING
47,0.93999999999999995,0,-3.6000000000000001,-8.1999999999999993,0.12,3.6000000000000001,-8.1999999999999993,0.12,READY,READY,RUNNING
48,0.95999999999999996,0,-3.6000000000000001,-8.1999999999999993,0.12,3.6000000000000001,-8.1999999999999993,0.12,READY,READY,RUNNING
49,0.97999999999999998,0,-3.6000000000000001,-8.1999999999999993,0.12,3.6000000000000001,-8.1999999999999993,0.12,READY,READY,RUNNING
50,1,0,-3.6000000000000001,-8.1999999999999993,0.12,3.6000000000000001,-8.1999999999999993,0.12,READY,READY,RUNNING
51,1.02,0,-3.6000000000000001,-8.1999999999999993,0.12,3.6000000000000001,-8.1999999999999993,0.12,READY,READY,RUNNING
52,1.04,0,-3.6000000000000001,-8.1999999999999993,0.12,3.6000000000000001,-8.1999999999999993,0.12,READY,READY,RUNNING
53,1.0600000000000001,0,-3.6000000000000001,-8.1999999999999993,0.12,3.6000000000000001,-8.1999999999999993,0.12,READY,READY,RUNNING
54,1.0800000000000001,0,-3.6000000000000001,-8.1999999999999993,0.12,3.6000000000000001,-8.1999999999999993,0.12,READY,READY,RUNNING
55,1.1000000000000001,0,-3.6000000000000001,-8.1999999999999993,0.12,3.6000000000000001,-8.1999999999999993,0.12,READY,READY,RUNNING
56,1.1200000000000001,0,-3.6000000000000001,-8.1999999999999993,0.12,3.6000000000000001,-8.1999999999999993,0.12,READY,READY,RUNNING
57,1.1399999999999999,0,-3.6000000000000001,-8.1999999999999993,0.12,3.6000000000000001,-8.1999999999999993,0.12,READY,READY,RUNNING
58,1.1599999999999999,0,-3.6000000000000001,-8.1999999999999993,0.12,3.6000000000000001,-8.1999999999999993,0.12,READY,READY,RUNNING
59,1.1799999999999999,0,-3.6000000000000001,-8.1999999999999993,0.12,3.6000000000000001,-8.1999999999999993,0.12,READY,READY,RUNNING
60,1.2,0,-3.6000000000000001,-8.1999999999999993,0.12,3.6000000000000001,-8.1999999999999993,0.12,READY,READY,RUNNING
61,1.22,0,-3.6000000000000001,-8.1999999999999993,0.12,3.6000000000000001,-8.1999999999999993,0.12,READY,READY,RUNNING
62,1.24,0,-3.6000000000000001,-8.1999999999999993,0.12,3.6000000000000001,-8.1999999999999993,0.12,READY,READY,RUNNING
63,1.26,0,-3.6000000000000001,-8.1999999999999993,0.12,3.6000000000000001,-8.1999999999999993,0.12,READY,READY,RUNNING
64,1.28,0,-3.6000000000000001,-8.1999999999999993,0.12,3.6000000000000001,-8.1999999999999993,0.12,READY,READY,RUNNING
65,1.3,0,-3.6000000000000001,-8.1999999999999993,0.12,3.6000000000000001,-8.1999999999999993,0.12,READY,READY,RUNNING
66,1.3200000000000001,0,-3.6000000000000001,-8.1999999999999993,0.12,3.6000000000000001,-8.1999999999999993,0.12,READY,READY,RUNNING
67,1.3400000000000001,0,-3.6000000000000001,-8.1999999999999993,0.12,3.6000000000000001,-8.1999999999999993,0.12,READY,READY,RUNNING
68,1.3600000000000001,0,-3.6000000000000001,-8.1999999999999993,0.12,3.6000000000000001,-8.1999999999999993,0.12,READY,READY,RUNNING
69,1.3799999999999999,0,-3.6000000000000001,-8.1999999999999993,0.12,3.6000000000000001,-8.1999999999999993,0.12,READY,READY,RUNNING
70,1.3999999999999999,0,-3.6000000000000001,-8.1999999999999993,0.12,3.6000000000000001,-8.1999999999999993,0.12,READY,READY,RUNNING
71,1.4199999999999999,0,-3.6000000000000001,-8.1999999999999993,0.12,3.6000000000000001,-8.1999999999999993,0.12,READY,READY,RUNNING
72,1.4399999999999999,0,-3.6000000000000001,-8.1999999999999993,0.12,3.6000000000000001,-8.1999999999999993,0.12,READY,READY,RUNNING
73,1.46,0,-3.6000000000000001,-8.1999999999999993,0.12,3.6000000000000001,-8.1999999999999993,0.12,READY,READY,RUNNING
74,1.48,0,-3.6000000000000001,-8.1999999999999993,0.12,3.6000000000000001,-8.1999999999999993,0.12,READY,READY,RUNNING
75,1.5,0,-3.6000000000000001,-8.1999999999999993,0.12,3.6000000000000001,-8.1999999999999993,0.12,READY,READY,RUNNING
76,1.52,0,-3.6000000000000001,-8.1999999999999993,0.12,3.6000000000000001,-8.1999999999999993,0.12,READY,READY,RUNNING
77,1.54,0,-3.6000000000000001,-8.1999999999999993,0.12,3.6000000000000001,-8.1999999999999993,0.12,READY,READY,RUNNING
78,1.5600000000000001,0,-3.6000000000000001,-8.1999999999999993,0.12,3.6000000000000001,-8.1999999999999993,0.12,READY,READY,RUNNING
79,1.5800000000000001,0,-3.6000000000000001,-8.1999999999999993,0.12,3.6000000000000001,-8.1999999999999993,0.12,READY,READY,RUNNING
80,1.6000000000000001,0,-3.6000000000000001,-8.1999999999999993,0.12,3.6000000000000001,-8.1999999999999993,0.12,READY,READY,RUNNING
81,1.6200000000000001,0,-3.6000000000000001,-8.1999999999999993,0.12,3.6000000000000001,-8.1999999999999993,0.12,READY,READY,RUNNING
82,1.6399999999999999,0,-3.6000000000000001,-8.1999999999999993,0.12,3.6000000000000001,-8.1999999999999993,0.12,READY,READY,RUNNING
83,1.6599999999999999,0,-3.6000000000000001,-8.1999999999999993,0.12,3.6000000000000001,-8.1999999999999993,0.12,READY,READY,RUNNING
84,1.6799999999999999,0,-3.6000000000000001,-8.1999999999999993,0.12,3.6000000000000001,-8.1999999999999993,0.12,READY,READY,RUNNING
85,1.7,0,-3.6000000000000001,-8.1999999999999993,0.12,3.6000000000000001,-8.1999999999999993,0.12,READY,READY,RUNNING
86,1.72,0,-3.6000000000000001,-8.1999999999999993,0.12,3.6000000000000001,-8.1999999999999993,0.12,READY,READY,RUNNING
87,1.74,0,-3.6000000000000001,-8.1999999999999993,0.12,3.6000000000000001,-8.1999999999999993,0.12,READY,READY,RUNNING
88,1.76,0,-3.6000000000000001,-8.1999999999999993,0.12,3.6000000000000001,-8.1999999999999993,0.12,READY,READY,RUNNING
89,1.78,0,-3.6000000000000001,-8.1999999999999993,0.12,3.6000000000000001,-8.1999999999999993,0.12,READY,READY,RUNNING
90,1.8,0,-3.6000000000000001,-8.1999999999999993,0.12,3.6000000000000001,-8.1999999999999993,0.12,READY,READY,RUNNING
91,1.8200000000000001,0,-3.6000000000000001,-8.1999999999999993,0.12,3.6000000000000001,-8.1999999999999993,0.12,READY,READY,RUNNING
92,1.8400000000000001,0,-3.6000000000000001,-8.1999999999999993,0.12,3.6000000000000001,-8.1999999999999993,0.12,READY,READY,RUNNING
93,1.8600000000000001,0,-3.6000000000000001,-8.1999999999999993,0.12,3.6000000000000001,-8.1999999999999993,0.12,READY,READY,RUNNING
94,1.8799999999999999,0,-3.6000000000000001,-8.1999999999999993,0.12,3.6000000000000001,-8.1999999999999993,0.12,READY,READY,RUNNING
95,1.8999999999999999,0,-3.6000000000000001,-8.1999999999999993,0.12,3.6000000000000001,-8.1999999999999993,0.12,READY,READY,RUNNING
96,1.9199999999999999,0,-3.6000000000000001,-8.1999999999999993,0.12,3.6000000000000001,-8.1999999999999993,0.12,READY,READY,RUNNING
97,1.9399999999999999,0,-3.6000000000000001,-8.1999999999999993,0.12,3.6000000000000001,-8.1999999999999993,0.12,READY,READY,RUNNING
98,1.96,0,-3.6000000000000001,-8.1999999999999993,0.12,3.6000000000000001,-8.1999999999999993,0.12,READY,READY,RUNNING
99,1.98,0,-3.6000000000000001,-8.1999999999999993,0.12,3.6000000000000001,-8.1999999999999993,0.12,READY,READY,RUNNING
100,2,0,-3.6000000000000001,-8.1999999999999993,0.12,3.6000000000000001,-8.1999999999999993,0.12,READY,READY,RUNNING
101,2.02,0,-3.6000000000000001,-8.1999999999999993,0.12,3.6000000000000001,-8.1999999999999993,0.12,READY,READY,RUNNING
102,2.04,0,-3.6000000000000001,-8.1999999999999993,0.12,3.6000000000000001,-8.1999999999999993,0.12,READY,READY,RUNNING
103,2.0600000000000001,0,-3.6000000000000001,-8.1999999999999993,0.12,3.6000000000000001,-8.1999999999999993,0.12,READY,READY,RUNNING
104,2.0800000000000001,0,-3.6000000000000001,-8.1999999999999993,0.12,3.6000000000000001,-8.1999999999999993,0.12,READY,READY,RUNNING
105,2.1000000000000001,0,-3.6000000000000001,-8.1999999999999993,0.12,3.6000000000000001,-8.1999999999999993,0.12,READY,READY,RUNNING
106,2.1200000000000001,0,-3.6000000000000001,-8.1999999999999993,0.12,3.6000000000000001,-8.1999999999999993,0.12,READY,READY,RUNNING
107,2.1400000000000001,0,-3.6000000000000001,-8.1999999999999993,0.12,3.6000000000000001,-8.1999999999999993,0.12,READY,READY,RUNNING
108,2.1600000000000001,0,-3.6000000000000001,-8.1999999999999993,0.12,3.6000000000000001,-8.1999999999999993,0.12,READY,READY,RUNNING
109,2.1800000000000002,0,-3.6000000000000001,-8.1999999999999993,0.12,3.6000000000000001,-8.1999999999999993,0.12,READY,READY,RUNNING
110,2.2000000000000002,0,-3.6000000000000001,-8.1999999999999993,0.12,3.6000000000000001,-8.1999999999999993,0.12,READY,READY,RUNNING
111,2.2200000000000002,0,-3.6000000000000001,-8.1999999999999993,0.12,3.6000000000000001,-8.1999999999999993,0.12,READY,READY,RUNNING
112,2.2400000000000002,0,-3.6000000000000001,-8.1999999999999993,0.12,3.6000000000000001,-8.1999999999999993,0.12,READY,READY,RUNNING
113,2.2599999999999998,0,-3.6000000000000001,-8.1999999999999993,0.12,3.6000000000000001,-8.1999999999999993,0.12,READY,READY,RUNNING
114,2.2799999999999998,0,-3.6000000000000001,-8.1999999999999993,0.12,3.6000000000000001,-8.1999999999999993,0.12,READY,READY,RUNNING
115,2.2999999999999998,0,-3.6000000000000001,-8.1999999999999993,0.12,3.6000000000000001,-8.1999999999999993,0.12,READY,READY,RUNNING
116,2.3199999999999998,0,-3.6000000000000001,-8.1999999999999993,0.12,3.6000000000000001,-8.1999999999999993,0.12,READY,READY,RUNNING
117,2.3399999999999999,0,-3.6000000000000001,-8.1999999999999993,0.12,3.6000000000000001,-8.1999999999999993,0.12,READY,READY,RUNNING
118,2.3599999999999999,0,-3.6000000000000001,-8.1999999999999993,0.12,3.6000000000000001,-8.1999999999999993,0.12,READY,READY,RUNNING
119,2.3799999999999999,0,-3.6000000000000001,-8.1999999999999993,0.12,3.6000000000000001,-8.1999999999999993,0.12,READY,READY,RUNNING
120,2.3999999999999999,0,-3.6000000000000001,-8.1999999999999993,0.12,3.6000000000000001,-8.1999999999999993,0.12,READY,READY,RUNNING
121,2.4199999999999999,0,-3.6000000000000001,-8.1999999999999993,0.12,3.6000000000000001,-8.1999999999999993,0.12,READY,READY,RUNNING
122,2.4399999999999999,0,-3.6000000000000001,-8.1999999999999993,0.12,3.6000000000000001,-8.1999999999999993,0.12,READY,READY,RUNNING
123,2.46,0,-3.6000000000000001,-8.1999999999999993,0.12,3.6000000000000001,-8.1999999999999993,0.12,READY,READY,RUNNING
124,2.48,0,-3.6000000000000001,-8.1999999999999993,0.12,3.6000000000000001,-8.1999999999999993,0.12,READY,READY,RUNNING
125,2.5,0,-3.6000000000000001,-8.1999999999999993,0.12,3.6000000000000001,-8.1999999999999993,0.12,READY,READY,RUNNING
126,2.52,0,-3.6000000000000001,-8.1999999999999993,0.12,3.6000000000000001,-8.1999999999999993,0.12,READY,READY,RUNNING
127,2.54,0,-3.6000000000000001,-8.1999999999999993,0.12,3.6000000000000001,-8.1999999999999993,0.12,READY,READY,RUNNING
128,2.5600000000000001,0,-3.6000000000000001,-8.1999999999999993,0.12,3.6000000000000001,-8.1999999999999993,0.12,READY,READY,RUNNING
129,2.5800000000000001,0,-3.6000000000000001,-8.1999999999999993,0.12,3.6000000000000001,-8.1999999999999993,0.12,READY,READY,RUNNING
130,2.6000000000000001,0,-3.6000000000000001,-8.1999999999999993,0.12,3.6000000000000001,-8.1999999999999993,0.12,READY,READY,RUNNING
131,2.6200000000000001,0,-3.6000000000000001,-8.1999999999999993,0.12,3.6000000000000001,-8.1999999999999993,0.12,READY,READY,RUNNING
132,2.6400000000000001,0,-3.6000000000000001,-8.1999999999999993,0.12,3.6000000000000001,-8.1999999999999993,0.12,READY,READY,RUNNING
133,2.6600000000000001,0,-3.6000000000000001,-8.1999999999999993,0.12,3.6000000000000001,-8.1999999999999993,0.12,READY,READY,RUNNING
134,2.6800000000000002,0,-3.6000000000000001,-8.1999999999999993,0.12,3.6000000000000001,-8.1999999999999993,0.12,READY,READY,RUNNING
135,2.7000000000000002,0,-3.6000000000000001,-8.1999999999999993,0.12,3.6000000000000001,-8.1999999999999993,0.12,READY,READY,RUNNING
136,2.7200000000000002,0,-3.6000000000000001,-8.1999999999999993,0.12,3.6000000000000001,-8.1999999999999993,0.12,READY,READY,RUNNING
137,2.7400000000000002,0,-3.6000000000000001,-8.1999999999999993,0.12,3.6000000000000001,-8.1999999999999993,0.12,READY,READY,RUNNING
138,2.7599999999999998,0,-3.6000000000000001,-8.1999999999999993,0.12,3.6000000000000001,-8.1999999999999993,0.12,READY,READY,RUNNING
139,2.7799999999999998,0,-3.6000000000000001,-8.1999999999999993,0.12,3.6000000000000001,-8.1999999999999993,0.12,READY,READY,RUNNING
140,2.7999999999999998,0,-3.6000000000000001,-8.1999999999999993,0.12,3.6000000000000001,-8.1999999999999993,0.12,READY,READY,RUNNING
141,2.8199999999999998,0,-3.6000000000000001,-8.1999999999999993,0.12,3.6000000000000001,-8.1999999999999993,0.12,READY,READY,RUNNING
142,2.8399999999999999,0,-3.6000000000000001,-8.1999999999999993,0.12,3.6000000000000001,-8.1999999999999993,0.12,READY,READY,RUNNING
143,2.8599999999999999,0,-3.6000000000000001,-8.1999999999999993,0.12,3.6000000000000001,-8.1999999999999993,0.12,READY,READY,RUNNING
144,2.8799999999999999,0,-3.6000000000000001,-8.1999999999999993,0.12,3.6000000000000001,-8.1999999999999993,0.12,READY,READY,RUNNING
145,2.8999999999999999,0,-3.6000000000000001,-8.1999999999999993,0.12,3.6000000000000001,-8.1999999999999993,0.12,READY,READY,RUNNING
146,2.9199999999999999,0,-3.6000000000000001,-8.1999999999999993,0.12,3.6000000000000001,-8.1999999999999993,0.12,READY,READY,RUNNING
147,2.9399999999999999,0,-3.6000000000000001,-8.1999999999999993,0.12,3.6000000000000001,-8.1999999999999993,0.12,READY,READY,RUNNING
148,2.96,0,-3.6000000000000001,-8.1999999999999993,0.12,3.6000000000000001,-8.1999999999999993,0.12,READY,READY,RUNNING
149,2.98,0,-3.6000000000000001,-8.1999999999999993,0.12,3.6000000000000001,-8.1999999999999993,0.12,READY,READY,RUNNING
150,3,0,-3.6000000000000001,-8.1999999999999993,0.13700000000000001,3.6000000000000001,-8.1999999999999993,0.13700000000000001,TAKEOFF,TAKEOFF,RUNNING
151,3.02,0,-3.6000000000000001,-8.1999999999999993,0.15400000000000003,3.6000000000000001,-8.1999999999999993,0.15400000000000003,TAKEOFF,TAKEOFF,RUNNING
152,3.04,0,-3.6000000000000001,-8.1999999999999993,0.17100000000000004,3.6000000000000001,-8.1999999999999993,0.17100000000000004,TAKEOFF,TAKEOFF,RUNNING
153,3.0600000000000001,0,-3.6000000000000001,-8.1999999999999993,0.18800000000000006,3.6000000000000001,-8.1999999999999993,0.18800000000000006,TAKEOFF,TAKEOFF,RUNNING
154,3.0800000000000001,0,-3.6000000000000001,-8.1999999999999993,0.20500000000000007,3.6000000000000001,-8.1999999999999993,0.20500000000000007,TAKEOFF,TAKEOFF,RUNNING
155,3.1000000000000001,0,-3.6000000000000001,-8.1999999999999993,0.22200000000000009,3.6000000000000001,-8.1999999999999993,0.22200000000000009,TAKEOFF,TAKEOFF,RUNNING
156,3.1200000000000001,0,-3.6000000000000001,-8.1999999999999993,0.2390000000000001,3.6000000000000001,-8.1999999999999993,0.2390000000000001,TAKEOFF,TAKEOFF,RUNNING
157,3.1400000000000001,0,-3.6000000000000001,-8.1999999999999993,0.25600000000000012,3.6000000000000001,-8.1999999999999993,0.25600000000000012,TAKEOFF,TAKEOFF,RUNNING
158,3.1600000000000001,0,-3.6000000000000001,-8.1999999999999993,0.27300000000000013,3.6000000000000001,-8.1999999999999993,0.27300000000000013,TAKEOFF,TAKEOFF,RUNNING
159,3.1800000000000002,0,-3.6000000000000001,-8.1999999999999993,0.29000000000000015,3.6000000000000001,-8.1999999999999993,0.29000000000000015,TAKEOFF,TAKEOFF,RUNNING
160,3.2000000000000002,0,-3.6000000000000001,-8.1999999999999993,0.30700000000000016,3.6000000000000001,-8.1999999999999993,0.30700000000000016,TAKEOFF,TAKEOFF,RUNNING
161,3.2200000000000002,0,-3.6000000000000001,-8.1999999999999993,0.32400000000000018,3.6000000000000001,-8.1999999999999993,0.32400000000000018,TAKEOFF,TAKEOFF,RUNNING
162,3.2400000000000002,0,-3.6000000000000001,-8.1999999999999993,0.34100000000000019,3.6000000000000001,-8.1999999999999993,0.34100000000000019,TAKEOFF,TAKEOFF,RUNNING
163,3.2599999999999998,0,-3.6000000000000001,-8.1999999999999993,0.35800000000000021,3.6000000000000001,-8.1999999999999993,0.35800000000000021,TAKEOFF,TAKEOFF,RUNNING
164,3.2799999999999998,0,-3.6000000000000001,-8.1999999999999993,0.37500000000000022,3.6000000000000001,-8.1999999999999993,0.37500000000000022,TAKEOFF,TAKEOFF,RUNNING
165,3.2999999999999998,0,-3.6000000000000001,-8.1999999999999993,0.39200000000000024,3.6000000000000001,-8.1999999999999993,0.39200000000000024,TAKEOFF,TAKEOFF,RUNNING
166,3.3199999999999998,0,-3.6000000000000001,-8.1999999999999993,0.40900000000000025,3.6000000000000001,-8.1999999999999993,0.40900000000000025,TAKEOFF,TAKEOFF,RUNNING
167,3.3399999999999999,0,-3.6000000000000001,-8.1999999999999993,0.42600000000000027,3.6000000000000001,-8.1999999999999993,0.42600000000000027,TAKEOFF,TAKEOFF,RUNNING
168,3.3599999999999999,0,-3.6000000000000001,-8.1999999999999993,0.44300000000000028,3.6000000000000001,-8.1999999999999993,0.44300000000000028,TAKEOFF,TAKEOFF,RUNNING
169,3.3799999999999999,0,-3.6000000000000001,-8.1999999999999993,0.4600000000000003,3.6000000000000001,-8.1999999999999993,0.4600000000000003,TAKEOFF,TAKEOFF,RUNNING
170,3.3999999999999999,0,-3.6000000000000001,-8.1999999999999993,0.47700000000000031,3.6000000000000001,-8.1999999999999993,0.47700000000000031,TAKEOFF,TAKEOFF,RUNNING
171,3.4199999999999999,0,-3.6000000000000001,-8.1999999999999993,0.49400000000000033,3.6000000000000001,-8.1999999999999993,0.49400000000000033,TAKEOFF,TAKEOFF,RUNNING
172,3.4399999999999999,0,-3.6000000000000001,-8.1999999999999993,0.51100000000000034,3.6000000000000001,-8.1999999999999993,0.51100000000000034,TAKEOFF,TAKEOFF,RUNNING
173,3.46,0,-3.6000000000000001,-8.1999999999999993,0.52800000000000036,3.6000000000000001,-8.1999999999999993,0.52800000000000036,TAKEOFF,TAKEOFF,RUNNING
174,3.48,0,-3.6000000000000001,-8.1999999999999993,0.54500000000000037,3.6000000000000001,-8.1999999999999993,0.54500000000000037,TAKEOFF,TAKEOFF,RUNNING
175,3.5,0,-3.6000000000000001,-8.1999999999999993,0.56200000000000039,3.6000000000000001,-8.1999999999999993,0.56200000000000039,TAKEOFF,TAKEOFF,RUNNING
176,3.52,0,-3.6000000000000001,-8.1999999999999993,0.5790000000000004,3.6000000000000001,-8.1999999999999993,0.5790000000000004,TAKEOFF,TAKEOFF,RUNNING
177,3.54,0,-3.6000000000000001,-8.1999999999999993,0.59600000000000042,3.6000000000000001,-8.1999999999999993,0.59600000000000042,TAKEOFF,TAKEOFF,RUNNING
178,3.5600000000000001,0,-3.6000000000000001,-8.1999999999999993,0.61300000000000043,3.6000000000000001,-8.1999999999999993,0.61300000000000043,TAKEOFF,TAKEOFF,RUNNING
179,3.5800000000000001,0,-3.6000000000000001,-8.1999999999999993,0.63000000000000045,3.6000000000000001,-8.1999999999999993,0.63000000000000045,TAKEOFF,TAKEOFF,RUNNING
180,3.6000000000000001,0,-3.6000000000000001,-8.1999999999999993,0.64700000000000046,3.6000000000000001,-8.1999999999999993,0.64700000000000046,TAKEOFF,TAKEOFF,RUNNING
181,3.6200000000000001,0,-3.6000000000000001,-8.1999999999999993,0.66400000000000048,3.6000000000000001,-8.1999999999999993,0.66400000000000048,TAKEOFF,TAKEOFF,RUNNING
182,3.6400000000000001,0,-3.6000000000000001,-8.1999999999999993,0.68100000000000049,3.6000000000000001,-8.1999999999999993,0.68100000000000049,TAKEOFF,TAKEOFF,RUNNING
183,3.6600000000000001,0,-3.6000000000000001,-8.1999999999999993,0.69800000000000051,3.6000000000000001,-8.1999999999999993,0.69800000000000051,TAKEOFF,TAKEOFF,RUNNING
184,3.6800000000000002,0,-3.6000000000000001,-8.1999999999999993,0.71500000000000052,3.6000000000000001,-8.1999999999999993,0.71500000000000052,TAKEOFF,TAKEOFF,RUNNING
185,3.7000000000000002,0,-3.6000000000000001,-8.1999999999999993,0.73200000000000054,3.6000000000000001,-8.1999999999999993,0.73200000000000054,TAKEOFF,TAKEOFF,RUNNING
186,3.7200000000000002,0,-3.6000000000000001,-8.1999999999999993,0.74900000000000055,3.6000000000000001,-8.1999999999999993,0.74900000000000055,TAKEOFF,TAKEOFF,RUNNING
187,3.7400000000000002,0,-3.6000000000000001,-8.1999999999999993,0.76600000000000057,3.6000000000000001,-8.1999999999999993,0.76600000000000057,TAKEOFF,TAKEOFF,RUNNING
188,3.7599999999999998,0,-3.6000000000000001,-8.1999999999999993,0.78300000000000058,3.6000000000000001,-8.1999999999999993,0.78300000000000058,TAKEOFF,TAKEOFF,RUNNING
189,3.7799999999999998,0,-3.6000000000000001,-8.1999999999999993,0.8000000000000006,3.6000000000000001,-8.1999999999999993,0.8000000000000006,TAKEOFF,TAKEOFF,RUNNING
190,3.7999999999999998,0,-3.6000000000000001,-8.1999999999999993,0.81700000000000061,3.6000000000000001,-8.1999999999999993,0.81700000000000061,TAKEOFF,TAKEOFF,RUNNING
191,3.8199999999999998,0,-3.6000000000000001,-8.1999999999999993,0.83400000000000063,3.6000000000000001,-8.1999999999999993,0.83400000000000063,TAKEOFF,TAKEOFF,RUNNING
192,3.8399999999999999,0,-3.6000000000000001,-8.1999999999999993,0.85100000000000064,3.6000000000000001,-8.1999999999999993,0.85100000000000064,TAKEOFF,TAKEOFF,RUNNING
193,3.8599999999999999,0,-3.6000000000000001,-8.1999999999999993,0.86800000000000066,3.6000000000000001,-8.1999999999999993,0.86800000000000066,TAKEOFF,TAKEOFF,RUNNING
194,3.8799999999999999,0,-3.6000000000000001,-8.1999999999999993,0.88500000000000068,3.6000000000000001,-8.1999999999999993,0.88500000000000068,TAKEOFF,TAKEOFF,RUNNING
195,3.8999999999999999,0,-3.6000000000000001,-8.1999999999999993,0.90200000000000069,3.6000000000000001,-8.1999999999999993,0.90200000000000069,TAKEOFF,TAKEOFF,RUNNING
196,3.9199999999999999,0,-3.6000000000000001,-8.1999999999999993,0.91900000000000071,3.6000000000000001,-8.1999999999999993,0.91900000000000071,TAKEOFF,TAKEOFF,RUNNING
197,3.9399999999999999,0,-3.6000000000000001,-8.1999999999999993,0.93600000000000072,3.6000000000000001,-8.1999999999999993,0.93600000000000072,TAKEOFF,TAKEOFF,RUNNING
198,3.96,0,-3.6000000000000001,-8.1999999999999993,0.95300000000000074,3.6000000000000001,-8.1999999999999993,0.95300000000000074,TAKEOFF,TAKEOFF,RUNNING
199,3.98,0,-3.6000000000000001,-8.1999999999999993,0.97000000000000075,3.6000000000000001,-8.1999999999999993,0.97000000000000075,TAKEOFF,TAKEOFF,RUNNING
200,4,0,-3.6000000000000001,-8.1999999999999993,0.98700000000000077,3.6000000000000001,-8.1999999999999993,0.98700000000000077,TAKEOFF,TAKEOFF,RUNNING
201,4.0199999999999996,0,-3.6000000000000001,-8.1999999999999993,1.0040000000000007,3.6000000000000001,-8.1999999999999993,1.0040000000000007,TAKEOFF,TAKEOFF,RUNNING
202,4.04,0,-3.6000000000000001,-8.1999999999999993,1.0210000000000006,3.6000000000000001,-8.1999999999999993,1.0210000000000006,TAKEOFF,TAKEOFF,RUNNING
203,4.0599999999999996,0,-3.6000000000000001,-8.1999999999999993,1.0380000000000005,3.6000000000000001,-8.1999999999999993,1.0380000000000005,TAKEOFF,TAKEOFF,RUNNING
204,4.0800000000000001,0,-3.6000000000000001,-8.1999999999999993,1.0550000000000004,3.6000000000000001,-8.1999999999999993,1.0550000000000004,TAKEOFF,TAKEOFF,RUNNING
205,4.0999999999999996,0,-3.6000000000000001,-8.1999999999999993,1.0720000000000003,3.6000000000000001,-8.1999999999999993,1.0720000000000003,TAKEOFF,TAKEOFF,RUNNING
206,4.1200000000000001,0,-3.6000000000000001,-8.1999999999999993,1.0890000000000002,3.6000000000000001,-8.1999999999999993,1.0890000000000002,TAKEOFF,TAKEOFF,RUNNING
207,4.1399999999999997,0,-3.6000000000000001,-8.1999999999999993,1.1060000000000001,3.6000000000000001,-8.1999999999999993,1.1060000000000001,TAKEOFF,TAKEOFF,RUNNING
208,4.1600000000000001,0,-3.6000000000000001,-8.1999999999999993,1.123,3.6000000000000001,-8.1999999999999993,1.123,TAKEOFF,TAKEOFF,RUNNING
209,4.1799999999999997,0,-3.6000000000000001,-8.1999999999999993,1.1399999999999999,3.6000000000000001,-8.1999999999999993,1.1399999999999999,TAKEOFF,TAKEOFF,RUNNING
210,4.2000000000000002,0,-3.6000000000000001,-8.1999999999999993,1.1569999999999998,3.6000000000000001,-8.1999999999999993,1.1569999999999998,TAKEOFF,TAKEOFF,RUNNING
211,4.2199999999999998,0,-3.6000000000000001,-8.1999999999999993,1.1739999999999997,3.6000000000000001,-8.1999999999999993,1.1739999999999997,TAKEOFF,TAKEOFF,RUNNING
212,4.2400000000000002,0,-3.6000000000000001,-8.1999999999999993,1.1909999999999996,3.6000000000000001,-8.1999999999999993,1.1909999999999996,TAKEOFF,TAKEOFF,RUNNING
213,4.2599999999999998,0,-3.6000000000000001,-8.1999999999999993,1.2079999999999995,3.6000000000000001,-8.1999999999999993,1.2079999999999995,TAKEOFF,TAKEOFF,RUNNING
214,4.2800000000000002,0,-3.6000000000000001,-8.1999999999999993,1.2249999999999994,3.6000000000000001,-8.1999999999999993,1.2249999999999994,TAKEOFF,TAKEOFF,RUNNING
215,4.2999999999999998,0,-3.6000000000000001,-8.1999999999999993,1.2419999999999993,3.6000000000000001,-8.1999999999999993,1.2419999999999993,TAKEOFF,TAKEOFF,RUNNING
216,4.3200000000000003,0,-3.6000000000000001,-8.1999999999999993,1.2589999999999992,3.6000000000000001,-8.1999999999999993,1.2589999999999992,TAKEOFF,TAKEOFF,RUNNING
217,4.3399999999999999,0,-3.6000000000000001,-8.1999999999999993,1.2759999999999991,3.6000000000000001,-8.1999999999999993,1.2759999999999991,TAKEOFF,TAKEOFF,RUNNING
218,4.3600000000000003,0,-3.6000000000000001,-8.1999999999999993,1.292999999999999,3.6000000000000001,-8.1999999999999993,1.292999999999999,TAKEOFF,TAKEOFF,RUNNING
219,4.3799999999999999,0,-3.6000000000000001,-8.1999999999999993,1.3099999999999989,3.6000000000000001,-8.1999999999999993,1.3099999999999989,TAKEOFF,TAKEOFF,RUNNING
220,4.4000000000000004,0,-3.6000000000000001,-8.1999999999999993,1.3269999999999988,3.6000000000000001,-8.1999999999999993,1.3269999999999988,TAKEOFF,TAKEOFF,RUNNING
221,4.4199999999999999,0,-3.6000000000000001,-8.1999999999999993,1.3439999999999988,3.6000000000000001,-8.1999999999999993,1.3439999999999988,TAKEOFF,TAKEOFF,RUNNING
222,4.4400000000000004,0,-3.6000000000000001,-8.1999999999999993,1.3609999999999987,3.6000000000000001,-8.1999999999999993,1.3609999999999987,TAKEOFF,TAKEOFF,RUNNING
223,4.46,0,-3.6000000000000001,-8.1999999999999993,1.3779999999999986,3.6000000000000001,-8.1999999999999993,1.3779999999999986,TAKEOFF,TAKEOFF,RUNNING
224,4.4800000000000004,0,-3.6000000000000001,-8.1999999999999993,1.3949999999999985,3.6000000000000001,-8.1999999999999993,1.3949999999999985,TAKEOFF,TAKEOFF,RUNNING
225,4.5,0,-3.6000000000000001,-8.1999999999999993,1.4119999999999984,3.6000000000000001,-8.1999999999999993,1.4119999999999984,TAKEOFF,TAKEOFF,RUNNING
226,4.5199999999999996,0,-3.6000000000000001,-8.1999999999999993,1.4289999999999983,3.6000000000000001,-8.1999999999999993,1.4289999999999983,TAKEOFF,TAKEOFF,RUNNING
227,4.54,0,-3.6000000000000001,-8.1999999999999993,1.4459999999999982,3.6000000000000001,-8.1999999999999993,1.4459999999999982,TAKEOFF,TAKEOFF,RUNNING
228,4.5599999999999996,0,-3.6000000000000001,-8.1999999999999993,1.4629999999999981,3.6000000000000001,-8.1999999999999993,1.4629999999999981,TAKEOFF,TAKEOFF,RUNNING
229,4.5800000000000001,0,-3.6000000000000001,-8.1999999999999993,1.479999999999998,3.6000000000000001,-8.1999999999999993,1.479999999999998,TAKEOFF,TAKEOFF,RUNNING
230,4.5999999999999996,0,-3.6000000000000001,-8.1999999999999993,1.4969999999999979,3.6000000000000001,-8.1999999999999993,1.4969999999999979,TAKEOFF,TAKEOFF,RUNNING
231,4.6200000000000001,0,-3.6000000000000001,-8.1999999999999993,1.5139999999999978,3.6000000000000001,-8.1999999999999993,1.5139999999999978,TAKEOFF,TAKEOFF,RUNNING
232,4.6399999999999997,0,-3.6000000000000001,-8.1999999999999993,1.5309999999999977,3.6000000000000001,-8.1999999999999993,1.5309999999999977,TAKEOFF,TAKEOFF,RUNNING
233,4.6600000000000001,0,-3.6000000000000001,-8.1999999999999993,1.5479999999999976,3.6000000000000001,-8.1999999999999993,1.5479999999999976,TAKEOFF,TAKEOFF,RUNNING
234,4.6799999999999997,0,-3.6000000000000001,-8.1999999999999993,1.5649999999999975,3.6000000000000001,-8.1999999999999993,1.5649999999999975,TAKEOFF,TAKEOFF,RUNNING
235,4.7000000000000002,0,-3.6000000000000001,-8.1999999999999993,1.5819999999999974,3.6000000000000001,-8.1999999999999993,1.5819999999999974,TAKEOFF,TAKEOFF,RUNNING
236,4.7199999999999998,0,-3.6000000000000001,-8.1999999999999993,1.5989999999999973,3.6000000000000001,-8.1999999999999993,1.5989999999999973,TAKEOFF,TAKEOFF,RUNNING
237,4.7400000000000002,0,-3.6000000000000001,-8.1999999999999993,1.6159999999999972,3.6000000000000001,-8.1999999999999993,1.6159999999999972,TAKEOFF,TAKEOFF,RUNNING
238,4.7599999999999998,0,-3.6000000000000001,-8.1999999999999993,1.6329999999999971,3.6000000000000001,-8.1999999999999993,1.6329999999999971,TAKEOFF,TAKEOFF,RUNNING
239,4.7800000000000002,0,-3.6000000000000001,-8.1999999999999993,1.649999999999997,3.6000000000000001,-8.1999999999999993,1.649999999999997,TAKEOFF,TAKEOFF,RUNNING
240,4.7999999999999998,0,-3.6000000000000001,-8.1999999999999993,1.6669999999999969,3.6000000000000001,-8.1999999999999993,1.6669999999999969,TAKEOFF,TAKEOFF,RUNNING
241,4.8200000000000003,0,-3.6000000000000001,-8.1999999999999993,1.6839999999999968,3.6000000000000001,-8.1999999999999993,1.6839999999999968,TAKEOFF,TAKEOFF,RUNNING
242,4.8399999999999999,0,-3.6000000000000001,-8.1999999999999993,1.7009999999999967,3.6000000000000001,-8.1999999999999993,1.7009999999999967,TAKEOFF,TAKEOFF,RUNNING
243,4.8600000000000003,0,-3.6000000000000001,-8.1999999999999993,1.7179999999999966,3.6000000000000001,-8.1999999999999993,1.7179999999999966,TAKEOFF,TAKEOFF,RUNNING
244,4.8799999999999999,0,-3.6000000000000001,-8.1999999999999993,1.7349999999999965,3.6000000000000001,-8.1999999999999993,1.7349999999999965,TAKEOFF,TAKEOFF,RUNNING
245,4.9000000000000004,0,-3.6000000000000001,-8.1999999999999993,1.7519999999999964,3.6000000000000001,-8.1999999999999993,1.7519999999999964,TAKEOFF,TAKEOFF,RUNNING
246,4.9199999999999999,0,-3.6000000000000001,-8.1999999999999993,1.7689999999999964,3.6000000000000001,-8.1999999999999993,1.7689999999999964,TAKEOFF,TAKEOFF,RUNNING
247,4.9400000000000004,0,-3.6000000000000001,-8.1999999999999993,1.7859999999999963,3.6000000000000001,-8.1999999999999993,1.7859999999999963,TAKEOFF,TAKEOFF,RUNNING
248,4.96,0,-3.6000000000000001,-8.1999999999999993,1.8029999999999962,3.6000000000000001,-8.1999999999999993,1.8029999999999962,TAKEOFF,TAKEOFF,RUNNING
249,4.9800000000000004,0,-3.6000000000000001,-8.1999999999999993,1.8199999999999961,3.6000000000000001,-8.1999999999999993,1.8199999999999961,TAKEOFF,TAKEOFF,RUNNING
250,5,0,-3.6000000000000001,-8.1999999999999993,1.836999999999996,3.6000000000000001,-8.1999999999999993,1.836999999999996,TAKEOFF,TAKEOFF,RUNNING
251,5.0199999999999996,0,-3.6000000000000001,-8.1999999999999993,1.8539999999999959,3.6000000000000001,-8.1999999999999993,1.8539999999999959,TAKEOFF,TAKEOFF,RUNNING
252,5.04,0,-3.6000000000000001,-8.1999999999999993,1.8709999999999958,3.6000000000000001,-8.1999999999999993,1.8709999999999958,TAKEOFF,TAKEOFF,RUNNING
253,5.0599999999999996,0,-3.6000000000000001,-8.1999999999999993,1.8879999999999957,3.6000000000000001,-8.1999999999999993,1.8879999999999957,TAKEOFF,TAKEOFF,RUNNING
254,5.0800000000000001,0,-3.6000000000000001,-8.1999999999999993,1.9049999999999956,3.6000000000000001,-8.1999999999999993,1.9049999999999956,TAKEOFF,TAKEOFF,RUNNING
255,5.0999999999999996,0,-3.6000000000000001,-8.1999999999999993,1.9219999999999955,3.6000000000000001,-8.1999999999999993,1.9219999999999955,TAKEOFF,TAKEOFF,RUNNING
256,5.1200000000000001,0,-3.6000000000000001,-8.1999999999999993,1.9389999999999954,3.6000000000000001,-8.1999999999999993,1.9389999999999954,TAKEOFF,TAKEOFF,RUNNING
257,5.1399999999999997,0,-3.6000000000000001,-8.1999999999999993,1.9559999999999953,3.6000000000000001,-8.1999999999999993,1.9559999999999953,TAKEOFF,TAKEOFF,RUNNING
258,5.1600000000000001,0,-3.6000000000000001,-8.1999999999999993,1.9729999999999952,3.6000000000000001,-8.1999999999999993,1.9729999999999952,TAKEOFF,TAKEOFF,RUNNING
259,5.1799999999999997,0,-3.6000000000000001,-8.1999999999999993,1.9899999999999951,3.6000000000000001,-8.1999999999999993,1.9899999999999951,TAKEOFF,TAKEOFF,RUNNING
260,5.2000000000000002,0,-3.6000000000000001,-8.1999999999999993,2.0069999999999952,3.6000000000000001,-8.1999999999999993,2.0069999999999952,TAKEOFF,TAKEOFF,RUNNING
261,5.2199999999999998,0,-3.6000000000000001,-8.1999999999999993,2.0239999999999951,3.6000000000000001,-8.1999999999999993,2.0239999999999951,TAKEOFF,TAKEOFF,RUNNING
262,5.2400000000000002,0,-3.6000000000000001,-8.1999999999999993,2.040999999999995,3.6000000000000001,-8.1999999999999993,2.040999999999995,TAKEOFF,TAKEOFF,RUNNING
263,5.2599999999999998,0,-3.6000000000000001,-8.1999999999999993,2.0579999999999949,3.6000000000000001,-8.1999999999999993,2.0579999999999949,TAKEOFF,TAKEOFF,RUNNING
264,5.2800000000000002,0,-3.6000000000000001,-8.1999999999999993,2.0749999999999948,3.6000000000000001,-8.1999999999999993,2.0749999999999948,TAKEOFF,TAKEOFF,RUNNING
265,5.2999999999999998,0,-3.6000000000000001,-8.1999999999999993,2.0919999999999948,3.6000000000000001,-8.1999999999999993,2.0919999999999948,TAKEOFF,TAKEOFF,RUNNING
266,5.3200000000000003,0,-3.6000000000000001,-8.1999999999999993,2.1089999999999947,3.6000000000000001,-8.1999999999999993,2.1089999999999947,TAKEOFF,TAKEOFF,RUNNING
267,5.3399999999999999,0,-3.6000000000000001,-8.1999999999999993,2.1259999999999946,3.6000000000000001,-8.1999999999999993,2.1259999999999946,TAKEOFF,TAKEOFF,RUNNING
268,5.3600000000000003,0,-3.6000000000000001,-8.1999999999999993,2.1429999999999945,3.6000000000000001,-8.1999999999999993,2.1429999999999945,TAKEOFF,TAKEOFF,RUNNING
269,5.3799999999999999,0,-3.6000000000000001,-8.1999999999999993,2.1599999999999944,3.6000000000000001,-8.1999999999999993,2.1599999999999944,TAKEOFF,TAKEOFF,RUNNING
270,5.4000000000000004,0,-3.6000000000000001,-8.1999999999999993,2.1769999999999943,3.6000000000000001,-8.1999999999999993,2.1769999999999943,TAKEOFF,TAKEOFF,RUNNING
271,5.4199999999999999,0,-3.6000000000000001,-8.1999999999999993,2.1939999999999942,3.6000000000000001,-8.1999999999999993,2.1939999999999942,TAKEOFF,TAKEOFF,RUNNING
272,5.4400000000000004,0,-3.6000000000000001,-8.1999999999999993,2.2109999999999941,3.6000000000000001,-8.1999999999999993,2.2109999999999941,TAKEOFF,TAKEOFF,RUNNING
273,5.46,0,-3.6000000000000001,-8.1999999999999993,2.227999999999994,3.6000000000000001,-8.1999999999999993,2.227999999999994,TAKEOFF,TAKEOFF,RUNNING
274,5.4800000000000004,0,-3.6000000000000001,-8.1999999999999993,2.2449999999999939,3.6000000000000001,-8.1999999999999993,2.2449999999999939,TAKEOFF,TAKEOFF,RUNNING
275,5.5,0,-3.6000000000000001,-8.1999999999999993,2.2619999999999938,3.6000000000000001,-8.1999999999999993,2.2619999999999938,TAKEOFF,TAKEOFF,RUNNING
276,5.5199999999999996,0,-3.6000000000000001,-8.1999999999999993,2.2789999999999937,3.6000000000000001,-8.1999999999999993,2.2789999999999937,TAKEOFF,TAKEOFF,RUNNING
277,5.54,0,-3.6000000000000001,-8.1999999999999993,2.2959999999999936,3.6000000000000001,-8.1999999999999993,2.2959999999999936,TAKEOFF,TAKEOFF,RUNNING
278,5.5599999999999996,0,-3.6000000000000001,-8.1999999999999993,2.3129999999999935,3.6000000000000001,-8.1999999999999993,2.3129999999999935,TAKEOFF,TAKEOFF,RUNNING
279,5.5800000000000001,0,-3.6000000000000001,-8.1999999999999993,2.3299999999999934,3.6000000000000001,-8.1999999999999993,2.3299999999999934,TAKEOFF,TAKEOFF,RUNNING
280,5.5999999999999996,0,-3.6000000000000001,-8.1999999999999993,2.3469999999999933,3.6000000000000001,-8.1999999999999993,2.3469999999999933,TAKEOFF,TAKEOFF,RUNNING
281,5.6200000000000001,0,-3.6000000000000001,-8.1999999999999993,2.3639999999999932,3.6000000000000001,-8.1999999999999993,2.3639999999999932,TAKEOFF,TAKEOFF,RUNNING
282,5.6399999999999997,0,-3.6000000000000001,-8.1999999999999993,2.3809999999999931,3.6000000000000001,-8.1999999999999993,2.3809999999999931,TAKEOFF,TAKEOFF,RUNNING
283,5.6600000000000001,0,-3.6000000000000001,-8.1999999999999993,2.397999999999993,3.6000000000000001,-8.1999999999999993,2.397999999999993,TAKEOFF,TAKEOFF,RUNNING
284,5.6799999999999997,0,-3.6000000000000001,-8.1999999999999993,2.4149999999999929,3.6000000000000001,-8.1999999999999993,2.4149999999999929,TAKEOFF,TAKEOFF,RUNNING
285,5.7000000000000002,0,-3.6000000000000001,-8.1999999999999993,2.4319999999999928,3.6000000000000001,-8.1999999999999993,2.4319999999999928,TAKEOFF,TAKEOFF,RUNNING
286,5.7199999999999998,0,-3.6000000000000001,-8.1999999999999993,2.4489999999999927,3.6000000000000001,-8.1999999999999993,2.4489999999999927,TAKEOFF,TAKEOFF,RUNNING
287,5.7400000000000002,0,-3.6000000000000001,-8.1999999999999993,2.4659999999999926,3.6000000000000001,-8.1999999999999993,2.4659999999999926,TAKEOFF,TAKEOFF,RUNNING
288,5.7599999999999998,0,-3.6000000000000001,-8.1999999999999993,2.4829999999999925,3.6000000000000001,-8.1999999999999993,2.4829999999999925,TAKEOFF,TAKEOFF,RUNNING
289,5.7800000000000002,0,-3.6000000000000001,-8.1999999999999993,2.4999999999999925,3.6000000000000001,-8.1999999999999993,2.4999999999999925,TAKEOFF,TAKEOFF,RUNNING
290,5.7999999999999998,0,-3.6000000000000001,-8.1999999999999993,2.5169999999999924,3.6000000000000001,-8.1999999999999993,2.5169999999999924,TAKEOFF,TAKEOFF,RUNNING
291,5.8200000000000003,0,-3.6000000000000001,-8.1999999999999993,2.5339999999999923,3.6000000000000001,-8.1999999999999993,2.5339999999999923,TAKEOFF,TAKEOFF,RUNNING
292,5.8399999999999999,0,-3.6000000000000001,-8.1999999999999993,2.5509999999999922,3.6000000000000001,-8.1999999999999993,2.5509999999999922,TAKEOFF,TAKEOFF,RUNNING
293,5.8600000000000003,0,-3.6000000000000001,-8.1999999999999993,2.5679999999999921,3.6000000000000001,-8.1999999999999993,2.5679999999999921,TAKEOFF,TAKEOFF,RUNNING
294,5.8799999999999999,0,-3.6000000000000001,-8.1999999999999993,2.584999999999992,3.6000000000000001,-8.1999999999999993,2.584999999999992,TAKEOFF,TAKEOFF,RUNNING
295,5.9000000000000004,0,-3.6000000000000001,-8.1999999999999993,2.6019999999999919,3.6000000000000001,-8.1999999999999993,2.6019999999999919,TAKEOFF,TAKEOFF,RUNNING
296,5.9199999999999999,0,-3.6000000000000001,-8.1999999999999993,2.6189999999999918,3.6000000000000001,-8.1999999999999993,2.6189999999999918,TAKEOFF,TAKEOFF,RUNNING
297,5.9400000000000004,0,-3.6000000000000001,-8.1999999999999993,2.6359999999999917,3.6000000000000001,-8.1999999999999993,2.6359999999999917,TAKEOFF,TAKEOFF,RUNNING
298,5.96,0,-3.6000000000000001,-8.1999999999999993,2.6529999999999916,3.6000000000000001,-8.1999999999999993,2.6529999999999916,TAKEOFF,TAKEOFF,RUNNING
299,5.9800000000000004,0,-3.6000000000000001,-8.1999999999999993,2.6699999999999915,3.6000000000000001,-8.1999999999999993,2.6699999999999915,TAKEOFF,TAKEOFF,RUNNING
300,6,0,-3.6000000000000001,-8.1999999999999993,2.6869999999999914,3.6000000000000001,-8.1999999999999993,2.6869999999999914,TAKEOFF,TAKEOFF,RUNNING
301,6.0199999999999996,0,-3.6000000000000001,-8.1999999999999993,2.7039999999999913,3.6000000000000001,-8.1999999999999993,2.7039999999999913,TAKEOFF,TAKEOFF,RUNNING
302,6.04,0,-3.6000000000000001,-8.1999999999999993,2.7209999999999912,3.6000000000000001,-8.1999999999999993,2.7209999999999912,TAKEOFF,TAKEOFF,RUNNING
303,6.0599999999999996,0,-3.6000000000000001,-8.1999999999999993,2.7379999999999911,3.6000000000000001,-8.1999999999999993,2.7379999999999911,TAKEOFF,TAKEOFF,RUNNING
304,6.0800000000000001,0,-3.6000000000000001,-8.1999999999999993,2.754999999999991,3.6000000000000001,-8.1999999999999993,2.754999999999991,TAKEOFF,TAKEOFF,RUNNING
305,6.0999999999999996,0,-3.6000000000000001,-8.1999999999999993,2.7719999999999909,3.6000000000000001,-8.1999999999999993,2.7719999999999909,TAKEOFF,TAKEOFF,RUNNING
306,6.1200000000000001,0,-3.6000000000000001,-8.1999999999999993,2.7889999999999908,3.6000000000000001,-8.1999999999999993,2.7889999999999908,TAKEOFF,TAKEOFF,RUNNING
307,6.1399999999999997,0,-3.6000000000000001,-8.1999999999999993,2.7999999999999998,3.6000000000000001,-8.1999999999999993,2.7999999999999998,BYPASS,BYPASS,RUNNING
308,6.1600000000000001,0,-3.6098810492932247,-8.2138334690105133,2.7999999999999998,3.6098810492932247,-8.2138334690105133,2.7999999999999998,BYPASS,BYPASS,RUNNING
309,6.1799999999999997,0,-3.6197620985864494,-8.2276669380210272,2.7999999999999998,3.6197620985864494,-8.2276669380210272,2.7999999999999998,BYPASS,BYPASS,RUNNING
310,6.2000000000000002,0,-3.629643147879674,-8.2415004070315412,2.7999999999999998,3.629643147879674,-8.2415004070315412,2.7999999999999998,BYPASS,BYPASS,RUNNING
311,6.2199999999999998,0,-3.6395241971728987,-8.2553338760420552,2.7999999999999998,3.6395241971728987,-8.2553338760420552,2.7999999999999998,BYPASS,BYPASS,RUNNING
312,6.2400000000000002,0,-3.6494052464661233,-8.2691673450525691,2.7999999999999998,3.6494052464661233,-8.2691673450525691,2.7999999999999998,BYPASS,BYPASS,RUNNING
313,6.2599999999999998,0,-3.6592862957593479,-8.2830008140630831,2.7999999999999998,3.6592862957593479,-8.2830008140630831,2.7999999999999998,BYPASS,BYPASS,RUNNING
314,6.2800000000000002,0,-3.6691673450525726,-8.296834283073597,2.7999999999999998,3.6691673450525726,-8.296834283073597,2.7999999999999998,BYPASS,BYPASS,RUNNING
315,6.2999999999999998,0,-3.6790483943457972,-8.310667752084111,2.7999999999999998,3.6790483943457972,-8.310667752084111,2.7999999999999998,BYPASS,BYPASS,RUNNING
316,6.3200000000000003,0,-3.6889294436390219,-8.324501221094625,2.7999999999999998,3.6889294436390219,-8.324501221094625,2.7999999999999998,BYPASS,BYPASS,RUNNING
317,6.3399999999999999,0,-3.6988104929322465,-8.3383346901051389,2.7999999999999998,3.6988104929322465,-8.3383346901051389,2.7999999999999998,BYPASS,BYPASS,RUNNING
318,6.3600000000000003,0,-3.7086915422254711,-8.3521681591156529,2.7999999999999998,3.7086915422254711,-8.3521681591156529,2.7999999999999998,BYPASS,BYPASS,RUNNING
319,6.3799999999999999,0,-3.7185725915186958,-8.3660016281261669,2.7999999999999998,3.7185725915186958,-8.3660016281261669,2.7999999999999998,BYPASS,BYPASS,RUNNING
320,6.4000000000000004,0,-3.7284536408119204,-8.3798350971366808,2.7999999999999998,3.7284536408119204,-8.3798350971366808,2.7999999999999998,BYPASS,BYPASS,RUNNING
321,6.4199999999999999,0,-3.7383346901051451,-8.3936685661471948,2.7999999999999998,3.7383346901051451,-8.3936685661471948,2.7999999999999998,BYPASS,BYPASS,RUNNING
322,6.4400000000000004,0,-3.7482157393983697,-8.4075020351577088,2.7999999999999998,3.7482157393983697,-8.4075020351577088,2.7999999999999998,BYPASS,BYPASS,RUNNING
323,6.46,0,-3.7580967886915944,-8.4213355041682227,2.7999999999999998,3.7580967886915944,-8.4213355041682227,2.7999999999999998,BYPASS,BYPASS,RUNNING
324,6.4800000000000004,0,-3.767977837984819,-8.4351689731787367,2.7999999999999998,3.767977837984819,-8.4351689731787367,2.7999999999999998,BYPASS,BYPASS,RUNNING
325,6.5,0,-3.7778588872780436,-8.4490024421892507,2.7999999999999998,3.7778588872780436,-8.4490024421892507,2.7999999999999998,BYPASS,BYPASS,RUNNING
326,6.5199999999999996,0,-3.7877399365712683,-8.4628359111997646,2.7999999999999998,3.7877399365712683,-8.4628359111997646,2.7999999999999998,BYPASS,BYPASS,RUNNING
327,6.54,0,-3.7976209858644929,-8.4766693802102786,2.7999999999999998,3.7976209858644929,-8.4766693802102786,2.7999999999999998,BYPASS,BYPASS,RUNNING
328,6.5599999999999996,0,-3.8075020351577176,-8.4905028492207926,2.7999999999999998,3.8075020351577176,-8.4905028492207926,2.7999999999999998,BYPASS,BYPASS,RUNNING
329,6.5800000000000001,0,-3.8173830844509422,-8.5043363182313065,2.7999999999999998,3.8173830844509422,-8.5043363182313065,2.7999999999999998,BYPASS,BYPASS,RUNNING
330,6.5999999999999996,0,-3.8272641337441669,-8.5181697872418205,2.7999999999999998,3.8272641337441669,-8.5181697872418205,2.7999999999999998,BYPASS,BYPASS,RUNNING
331,6.6200000000000001,0,-3.8371451830373915,-8.5320032562523345,2.7999999999999998,3.8371451830373915,-8.5320032562523345,2.7999999999999998,BYPASS,BYPASS,RUNNING
332,6.6399999999999997,0,-3.8470262323306161,-8.5458367252628484,2.7999999999999998,3.8470262323306161,-8.5458367252628484,2.7999999999999998,BYPASS,BYPASS,RUNNING
333,6.6600000000000001,0,-3.8569072816238408,-8.5596701942733624,2.7999999999999998,3.8569072816238408,-8.5596701942733624,2.7999999999999998,BYPASS,BYPASS,RUNNING
334,6.6799999999999997,0,-3.8667883309170654,-8.5735036632838764,2.7999999999999998,3.8667883309170654,-8.5735036632838764,2.7999999999999998,BYPASS,BYPASS,RUNNING
335,6.7000000000000002,0,-3.8766693802102901,-8.5873371322943903,2.7999999999999998,3.8766693802102901,-8.5873371322943903,2.7999999999999998,BYPASS,BYPASS,RUNNING
336,6.7199999999999998,0,-3.8865504295035147,-8.6011706013049043,2.7999999999999998,3.8865504295035147,-8.6011706013049043,2.7999999999999998,BYPASS,BYPASS,RUNNING
337,6.7400000000000002,0,-3.8964314787967393,-8.6150040703154183,2.7999999999999998,3.8964314787967393,-8.6150040703154183,2.7999999999999998,BYPASS,BYPASS,RUNNING
338,6.7599999999999998,0,-3.906312528089964,-8.6288375393259322,2.7999999999999998,3.906312528089964,-8.6288375393259322,2.7999999999999998,BYPASS,BYPASS,RUNNING
339,6.7800000000000002,0,-3.9161935773831886,-8.6426710083364462,2.7999999999999998,3.9161935773831886,-8.6426710083364462,2.7999999999999998,BYPASS,BYPASS,RUNNING
340,6.7999999999999998,0,-3.9260746266764133,-8.6565044773469602,2.7999999999999998,3.9260746266764133,-8.6565044773469602,2.7999999999999998,BYPASS,BYPASS,RUNNING
341,6.8200000000000003,0,-3.9359556759696379,-8.6703379463574741,2.7999999999999998,3.9359556759696379,-8.6703379463574741,2.7999999999999998,BYPASS,BYPASS,RUNNING
342,6.8399999999999999,0,-3.9458367252628626,-8.6841714153679881,2.7999999999999998,3.9458367252628626,-8.6841714153679881,2.7999999999999998,BYPASS,BYPASS,RUNNING
343,6.8600000000000003,0,-3.9557177745560872,-8.6980048843785021,2.7999999999999998,3.9557177745560872,-8.6980048843785021,2.7999999999999998,BYPASS,BYPASS,RUNNING
344,6.8799999999999999,0,-3.9655988238493118,-8.711838353389016,2.7999999999999998,3.9655988238493118,-8.711838353389016,2.7999999999999998,BYPASS,BYPASS,RUNNING
345,6.9000000000000004,0,-3.9754798731425365,-8.72567182239953,2.7999999999999998,3.9754798731425365,-8.72567182239953,2.7999999999999998,BYPASS,BYPASS,RUNNING
346,6.9199999999999999,0,-3.9853609224357611,-8.739505291410044,2.7999999999999998,3.9853609224357611,-8.739505291410044,2.7999999999999998,BYPASS,BYPASS,RUNNING
347,6.9400000000000004,0,-3.9952419717289858,-8.7533387604205579,2.7999999999999998,3.9952419717289858,-8.7533387604205579,2.7999999999999998,BYPASS,BYPASS,RUNNING
348,6.96,0,-4.00512302102221,-8.7671722294310719,2.7999999999999998,4.00512302102221,-8.7671722294310719,2.7999999999999998,BYPASS,BYPASS,RUNNING
349,6.9800000000000004,0,-4.0150040703154346,-8.7810056984415858,2.7999999999999998,4.0150040703154346,-8.7810056984415858,2.7999999999999998,BYPASS,BYPASS,RUNNING
350,7,0,-4.0248851196086592,-8.7948391674520998,2.7999999999999998,4.0248851196086592,-8.7948391674520998,2.7999999999999998,BYPASS,BYPASS,RUNNING
351,7.0199999999999996,0,-4.0347661689018839,-8.8086726364626138,2.7999999999999998,4.0347661689018839,-8.8086726364626138,2.7999999999999998,BYPASS,BYPASS,RUNNING
352,7.04,0,-4.0446472181951085,-8.8225061054731277,2.7999999999999998,4.0446472181951085,-8.8225061054731277,2.7999999999999998,BYPASS,BYPASS,RUNNING
353,7.0599999999999996,0,-4.0545282674883332,-8.8363395744836417,2.7999999999999998,4.0545282674883332,-8.8363395744836417,2.7999999999999998,BYPASS,BYPASS,RUNNING
354,7.0800000000000001,0,-4.0644093167815578,-8.8501730434941557,2.7999999999999998,4.0644093167815578,-8.8501730434941557,2.7999999999999998,BYPASS,BYPASS,RUNNING
355,7.0999999999999996,0,-4.0742903660747825,-8.8640065125046696,2.7999999999999998,4.0742903660747825,-8.8640065125046696,2.7999999999999998,BYPASS,BYPASS,RUNNING
356,7.1200000000000001,0,-4.0841714153680071,-8.8778399815151836,2.7999999999999998,4.0841714153680071,-8.8778399815151836,2.7999999999999998,BYPASS,BYPASS,RUNNING
357,7.1399999999999997,0,-4.0940524646612317,-8.8916734505256976,2.7999999999999998,4.0940524646612317,-8.8916734505256976,2.7999999999999998,BYPASS,BYPASS,RUNNING
358,7.1600000000000001,0,-4.1039335139544564,-8.9055069195362115,2.7999999999999998,4.1039335139544564,-8.9055069195362115,2.7999999999999998,BYPASS,BYPASS,RUNNING
359,7.1799999999999997,0,-4.113814563247681,-8.9193403885467255,2.7999999999999998,4.113814563247681,-8.9193403885467255,2.7999999999999998,BYPASS,BYPASS,RUNNING
360,7.2000000000000002,0,-4.1236956125409057,-8.9331738575572395,2.7999999999999998,4.1236956125409057,-8.9331738575572395,2.7999999999999998,BYPASS,BYPASS,RUNNING
361,7.2199999999999998,0,-4.1335766618341303,-8.9470073265677534,2.7999999999999998,4.1335766618341303,-8.9470073265677534,2.7999999999999998,BYPASS,BYPASS,RUNNING
362,7.2400000000000002,0,-4.1434577111273549,-8.9608407955782674,2.7999999999999998,4.1434577111273549,-8.9608407955782674,2.7999999999999998,BYPASS,BYPASS,RUNNING
363,7.2599999999999998,0,-4.1533387604205796,-8.9746742645887814,2.7999999999999998,4.1533387604205796,-8.9746742645887814,2.7999999999999998,BYPASS,BYPASS,RUNNING
364,7.2800000000000002,0,-4.1632198097138042,-8.9885077335992953,2.7999999999999998,4.1632198097138042,-8.9885077335992953,2.7999999999999998,BYPASS,BYPASS,RUNNING
365,7.2999999999999998,0,-4.1731008590070289,-9.0023412026098093,2.7999999999999998,4.1731008590070289,-9.0023412026098093,2.7999999999999998,BYPASS,BYPASS,RUNNING
366,7.3200000000000003,0,-4.1829819083002535,-9.0161746716203233,2.7999999999999998,4.1829819083002535,-9.0161746716203233,2.7999999999999998,BYPASS,BYPASS,RUNNING
367,7.3399999999999999,0,-4.1928629575934782,-9.0300081406308372,2.7999999999999998,4.1928629575934782,-9.0300081406308372,2.7999999999999998,BYPASS,BYPASS,RUNNING
368,7.3600000000000003,0,-4.2027440068867028,-9.0438416096413512,2.7999999999999998,4.2027440068867028,-9.0438416096413512,2.7999999999999998,BYPASS,BYPASS,RUNNING
369,7.3799999999999999,0,-4.2126250561799274,-9.0576750786518652,2.7999999999999998,4.2126250561799274,-9.0576750786518652,2.7999999999999998,BYPASS,BYPASS,RUNNING
370,7.4000000000000004,0,-4.2225061054731521,-9.0715085476623791,2.7999999999999998,4.2225061054731521,-9.0715085476623791,2.7999999999999998,BYPASS,BYPASS,RUNNING
371,7.4199999999999999,0,-4.2323871547663767,-9.0853420166728931,2.7999999999999998,4.2323871547663767,-9.0853420166728931,2.7999999999999998,BYPASS,BYPASS,RUNNING
372,7.4400000000000004,0,-4.2422682040596014,-9.0991754856834071,2.7999999999999998,4.2422682040596014,-9.0991754856834071,2.7999999999999998,BYPASS,BYPASS,RUNNING
373,7.46,0,-4.252149253352826,-9.113008954693921,2.7999999999999998,4.252149253352826,-9.113008954693921,2.7999999999999998,BYPASS,BYPASS,RUNNING
374,7.4800000000000004,0,-4.2620303026460507,-9.126842423704435,2.7999999999999998,4.2620303026460507,-9.126842423704435,2.7999999999999998,BYPASS,BYPASS,RUNNING
375,7.5,0,-4.2719113519392753,-9.140675892714949,2.7999999999999998,4.2719113519392753,-9.140675892714949,2.7999999999999998,BYPASS,BYPASS,RUNNING
376,7.5199999999999996,0,-4.2817924012324999,-9.1545093617254629,2.7999999999999998,4.2817924012324999,-9.1545093617254629,2.7999999999999998,BYPASS,BYPASS,RUNNING
377,7.54,0,-4.2916734505257246,-9.1683428307359769,2.7999999999999998,4.2916734505257246,-9.1683428307359769,2.7999999999999998,BYPASS,BYPASS,RUNNING
378,7.5599999999999996,0,-4.3015544998189492,-9.1821762997464909,2.7999999999999998,4.3015544998189492,-9.1821762997464909,2.7999999999999998,BYPASS,BYPASS,RUNNING
379,7.5800000000000001,0,-4.3114355491121739,-9.1960097687570048,2.7999999999999998,4.3114355491121739,-9.1960097687570048,2.7999999999999998,BYPASS,BYPASS,RUNNING
380,7.5999999999999996,0,-4.3213165984053985,-9.2098432377675188,2.7999999999999998,4.3213165984053985,-9.2098432377675188,2.7999999999999998,BYPASS,BYPASS,RUNNING
381,7.6200000000000001,0,-4.3311976476986231,-9.2236767067780328,2.7999999999999998,4.3311976476986231,-9.2236767067780328,2.7999999999999998,BYPASS,BYPASS,RUNNING
382,7.6399999999999997,0,-4.3410786969918478,-9.2375101757885467,2.7999999999999998,4.3410786969918478,-9.2375101757885467,2.7999999999999998,BYPASS,BYPASS,RUNNING
383,7.6600000000000001,0,-4.3509597462850724,-9.2513436447990607,2.7999999999999998,4.3509597462850724,-9.2513436447990607,2.7999999999999998,BYPASS,BYPASS,RUNNING
384,7.6799999999999997,0,-4.3608407955782971,-9.2651771138095746,2.7999999999999998,4.3608407955782971,-9.2651771138095746,2.7999999999999998,BYPASS,BYPASS,RUNNING
385,7.7000000000000002,0,-4.3707218448715217,-9.2790105828200886,2.7999999999999998,4.3707218448715217,-9.2790105828200886,2.7999999999999998,BYPASS,BYPASS,RUNNING
386,7.7199999999999998,0,-4.3806028941647464,-9.2928440518306026,2.7999999999999998,4.3806028941647464,-9.2928440518306026,2.7999999999999998,BYPASS,BYPASS,RUNNING
387,7.7400000000000002,0,-4.390483943457971,-9.3066775208411165,2.7999999999999998,4.390483943457971,-9.3066775208411165,2.7999999999999998,BYPASS,BYPASS,RUNNING
388,7.7599999999999998,0,-4.4003649927511956,-9.3205109898516305,2.7999999999999998,4.4003649927511956,-9.3205109898516305,2.7999999999999998,BYPASS,BYPASS,RUNNING
389,7.7800000000000002,0,-4.4102460420444203,-9.3343444588621445,2.7999999999999998,4.4102460420444203,-9.3343444588621445,2.7999999999999998,BYPASS,BYPASS,RUNNING
390,7.7999999999999998,0,-4.4201270913376449,-9.3481779278726584,2.7999999999999998,4.4201270913376449,-9.3481779278726584,2.7999999999999998,BYPASS,BYPASS,RUNNING
391,7.8200000000000003,0,-4.4300081406308696,-9.3620113968831724,2.7999999999999998,4.4300081406308696,-9.3620113968831724,2.7999999999999998,BYPASS,BYPASS,RUNNING
392,7.8399999999999999,0,-4.4398891899240942,-9.3758448658936864,2.7999999999999998,4.4398891899240942,-9.3758448658936864,2.7999999999999998,BYPASS,BYPASS,RUNNING
393,7.8600000000000003,0,-4.4497702392173188,-9.3896783349042003,2.7999999999999998,4.4497702392173188,-9.3896783349042003,2.7999999999999998,BYPASS,BYPASS,RUNNING
394,7.8799999999999999,0,-4.4596512885105435,-9.4035118039147143,2.7999999999999998,4.4596512885105435,-9.4035118039147143,2.7999999999999998,BYPASS,BYPASS,RUNNING
395,7.9000000000000004,0,-4.4695323378037681,-9.4173452729252283,2.7999999999999998,4.4695323378037681,-9.4173452729252283,2.7999999999999998,BYPASS,BYPASS,RUNNING
396,7.9199999999999999,0,-4.4794133870969928,-9.4311787419357422,2.7999999999999998,4.4794133870969928,-9.4311787419357422,2.7999999999999998,BYPASS,BYPASS,RUNNING
397,7.9400000000000004,0,-4.4892944363902174,-9.4450122109462562,2.7999999999999998,4.4892944363902174,-9.4450122109462562,2.7999999999999998,BYPASS,BYPASS,RUNNING
398,7.96,0,-4.4991754856834421,-9.4588456799567702,2.7999999999999998,4.4991754856834421,-9.4588456799567702,2.7999999999999998,BYPASS,BYPASS,RUNNING
399,7.9800000000000004,0,-4.5090565349766667,-9.4726791489672841,2.7999999999999998,4.5090565349766667,-9.4726791489672841,2.7999999999999998,BYPASS,BYPASS,RUNNING
400,8,0,-4.5189375842698913,-9.4865126179777981,2.7999999999999998,4.5189375842698913,-9.4865126179777981,2.7999999999999998,BYPASS,BYPASS,RUNNING
401,8.0199999999999996,0,-4.528818633563116,-9.5003460869883121,2.7999999999999998,4.528818633563116,-9.5003460869883121,2.7999999999999998,BYPASS,BYPASS,RUNNING
402,8.0399999999999991,0,-4.5386996828563406,-9.514179555998826,2.7999999999999998,4.5386996828563406,-9.514179555998826,2.7999999999999998,BYPASS,BYPASS,RUNNING
403,8.0600000000000005,0,-4.5485807321495653,-9.52801302500934,2.7999999999999998,4.5485807321495653,-9.52801302500934,2.7999999999999998,BYPASS,BYPASS,RUNNING
404,8.0800000000000001,0,-4.5584617814427899,-9.541846494019854,2.7999999999999998,4.5584617814427899,-9.541846494019854,2.7999999999999998,BYPASS,BYPASS,RUNNING
405,8.0999999999999996,0,-4.5683428307360145,-9.5556799630303679,2.7999999999999998,4.5683428307360145,-9.5556799630303679,2.7999999999999998,BYPASS,BYPASS,RUNNING
406,8.1199999999999992,0,-4.5782238800292392,-9.5695134320408819,2.7999999999999998,4.5782238800292392,-9.5695134320408819,2.7999999999999998,BYPASS,BYPASS,RUNNING
407,8.1400000000000006,0,-4.5881049293224638,-9.5833469010513959,2.7999999999999998,4.5881049293224638,-9.5833469010513959,2.7999999999999998,BYPASS,BYPASS,RUNNING
408,8.1600000000000001,0,-4.5979859786156885,-9.5971803700619098,2.7999999999999998,4.5979859786156885,-9.5971803700619098,2.7999999999999998,BYPASS,BYPASS,RUNNING
409,8.1799999999999997,0,-4.6078670279089131,-9.6110138390724238,2.7999999999999998,4.6078670279089131,-9.6110138390724238,2.7999999999999998,BYPASS,BYPASS,RUNNING
410,8.1999999999999993,0,-4.6177480772021378,-9.6248473080829378,2.7999999999999998,4.6177480772021378,-9.6248473080829378,2.7999999999999998,BYPASS,BYPASS,RUNNING
411,8.2200000000000006,0,-4.6276291264953624,-9.6386807770934517,2.7999999999999998,4.6276291264953624,-9.6386807770934517,2.7999999999999998,BYPASS,BYPASS,RUNNING
412,8.2400000000000002,0,-4.637510175788587,-9.6525142461039657,2.7999999999999998,4.637510175788587,-9.6525142461039657,2.7999999999999998,BYPASS,BYPASS,RUNNING
413,8.2599999999999998,0,-4.6473912250818117,-9.6663477151144797,2.7999999999999998,4.6473912250818117,-9.6663477151144797,2.7999999999999998,BYPASS,BYPASS,RUNNING
414,8.2799999999999994,0,-4.6572722743750363,-9.6801811841249936,2.7999999999999998,4.6572722743750363,-9.6801811841249936,2.7999999999999998,BYPASS,BYPASS,RUNNING
415,8.3000000000000007,0,-4.667153323668261,-9.6940146531355076,2.7999999999999998,4.667153323668261,-9.6940146531355076,2.7999999999999998,BYPASS,BYPASS,RUNNING
416,8.3200000000000003,0,-4.6770343729614856,-9.7078481221460216,2.7999999999999998,4.6770343729614856,-9.7078481221460216,2.7999999999999998,BYPASS,BYPASS,RUNNING
417,8.3399999999999999,0,-4.6869154222547103,-9.7216815911565355,2.7999999999999998,4.6869154222547103,-9.7216815911565355,2.7999999999999998,BYPASS,BYPASS,RUNNING
418,8.3599999999999994,0,-4.6967964715479349,-9.7355150601670495,2.7999999999999998,4.6967964715479349,-9.7355150601670495,2.7999999999999998,BYPASS,BYPASS,RUNNING
419,8.3800000000000008,0,-4.7066775208411595,-9.7493485291775634,2.7999999999999998,4.7066775208411595,-9.7493485291775634,2.7999999999999998,BYPASS,BYPASS,RUNNING
420,8.4000000000000004,0,-4.7165585701343842,-9.7631819981880774,2.7999999999999998,4.7165585701343842,-9.7631819981880774,2.7999999999999998,BYPASS,BYPASS,RUNNING
421,8.4199999999999999,0,-4.7264396194276088,-9.7770154671985914,2.7999999999999998,4.7264396194276088,-9.7770154671985914,2.7999999999999998,BYPASS,BYPASS,RUNNING
422,8.4399999999999995,0,-4.7363206687208335,-9.7908489362091053,2.7999999999999998,4.7363206687208335,-9.7908489362091053,2.7999999999999998,BYPASS,BYPASS,RUNNING
423,8.4600000000000009,0,-4.7462017180140581,-9.8046824052196193,2.7999999999999998,4.7462017180140581,-9.8046824052196193,2.7999999999999998,BYPASS,BYPASS,RUNNING
424,8.4800000000000004,0,-4.7560827673072827,-9.8185158742301333,2.7999999999999998,4.7560827673072827,-9.8185158742301333,2.7999999999999998,BYPASS,BYPASS,RUNNING
425,8.5,0,-4.7659638166005074,-9.8323493432406472,2.7999999999999998,4.7659638166005074,-9.8323493432406472,2.7999999999999998,BYPASS,BYPASS,RUNNING
426,8.5199999999999996,0,-4.775844865893732,-9.8461828122511612,2.7999999999999998,4.775844865893732,-9.8461828122511612,2.7999999999999998,BYPASS,BYPASS,RUNNING
427,8.5399999999999991,0,-4.7857259151869567,-9.8600162812616752,2.7999999999999998,4.7857259151869567,-9.8600162812616752,2.7999999999999998,BYPASS,BYPASS,RUNNING
428,8.5600000000000005,0,-4.7956069644801813,-9.8738497502721891,2.7999999999999998,4.7956069644801813,-9.8738497502721891,2.7999999999999998,BYPASS,BYPASS,RUNNING
429,8.5800000000000001,0,-4.805488013773406,-9.8876832192827031,2.7999999999999998,4.805488013773406,-9.8876832192827031,2.7999999999999998,BYPASS,BYPASS,RUNNING
430,8.5999999999999996,0,-4.8153690630666306,-9.9015166882932171,2.7999999999999998,4.8153690630666306,-9.9015166882932171,2.7999999999999998,BYPASS,BYPASS,RUNNING
431,8.6199999999999992,0,-4.8252501123598552,-9.915350157303731,2.7999999999999998,4.8252501123598552,-9.915350157303731,2.7999999999999998,BYPASS,BYPASS,RUNNING
432,8.6400000000000006,0,-4.8351311616530799,-9.929183626314245,2.7999999999999998,4.8351311616530799,-9.929183626314245,2.7999999999999998,BYPASS,BYPASS,RUNNING
433,8.6600000000000001,0,-4.8450122109463045,-9.943017095324759,2.7999999999999998,4.8450122109463045,-9.943017095324759,2.7999999999999998,BYPASS,BYPASS,RUNNING
434,8.6799999999999997,0,-4.8548932602395292,-9.9568505643352729,2.7999999999999998,4.8548932602395292,-9.9568505643352729,2.7999999999999998,BYPASS,BYPASS,RUNNING
435,8.6999999999999993,0,-4.8647743095327538,-9.9706840333457869,2.7999999999999998,4.8647743095327538,-9.9706840333457869,2.7999999999999998,BYPASS,BYPASS,RUNNING
436,8.7200000000000006,0,-4.8746553588259784,-9.9845175023563009,2.7999999999999998,4.8746553588259784,-9.9845175023563009,2.7999999999999998,BYPASS,BYPASS,RUNNING
437,8.7400000000000002,0,-4.8845364081192022,-9.9983509713668148,2.7999999999999998,4.8845364081192022,-9.9983509713668148,2.7999999999999998,BYPASS,BYPASS,RUNNING
438,8.7599999999999998,0,-4.894417457412426,-10.012184440377329,2.7999999999999998,4.894417457412426,-10.012184440377329,2.7999999999999998,BYPASS,BYPASS,RUNNING
439,8.7799999999999994,0,-4.9042985067056497,-10.026017909387843,2.7999999999999998,4.9042985067056497,-10.026017909387843,2.7999999999999998,BYPASS,BYPASS,RUNNING
440,8.8000000000000007,0,-4.9141795559988735,-10.039851378398357,2.7999999999999998,4.9141795559988735,-10.039851378398357,2.7999999999999998,BYPASS,BYPASS,RUNNING
441,8.8200000000000003,0,-4.9240606052920972,-10.053684847408871,2.7999999999999998,4.9240606052920972,-10.053684847408871,2.7999999999999998,BYPASS,BYPASS,RUNNING
442,8.8399999999999999,0,-4.933941654585321,-10.067518316419385,2.7999999999999998,4.933941654585321,-10.067518316419385,2.7999999999999998,BYPASS,BYPASS,RUNNING
443,8.8599999999999994,0,-4.9438227038785447,-10.081351785429899,2.7999999999999998,4.9438227038785447,-10.081351785429899,2.7999999999999998,BYPASS,BYPASS,RUNNING
444,8.8800000000000008,0,-4.9537037531717685,-10.095185254440413,2.7999999999999998,4.9537037531717685,-10.095185254440413,2.7999999999999998,BYPASS,BYPASS,RUNNING
445,8.9000000000000004,0,-4.9635848024649922,-10.109018723450927,2.7999999999999998,4.9635848024649922,-10.109018723450927,2.7999999999999998,BYPASS,BYPASS,RUNNING
446,8.9199999999999999,0,-4.973465851758216,-10.122852192461441,2.7999999999999998,4.973465851758216,-10.122852192461441,2.7999999999999998,BYPASS,BYPASS,RUNNING
447,8.9399999999999995,0,-4.9833469010514397,-10.136685661471954,2.7999999999999998,4.9833469010514397,-10.136685661471954,2.7999999999999998,BYPASS,BYPASS,RUNNING
448,8.9600000000000009,0,-4.9932279503446635,-10.150519130482468,2.7999999999999998,4.9932279503446635,-10.150519130482468,2.7999999999999998,BYPASS,BYPASS,RUNNING
449,8.9800000000000004,0,-5.0031089996378872,-10.164352599492982,2.7999999999999998,5.0031089996378872,-10.164352599492982,2.7999999999999998,BYPASS,BYPASS,RUNNING
450,9,0,-5.012990048931111,-10.178186068503496,2.7999999999999998,5.012990048931111,-10.178186068503496,2.7999999999999998,BYPASS,BYPASS,RUNNING
451,9.0199999999999996,0,-5.0228710982243348,-10.19201953751401,2.7999999999999998,5.0228710982243348,-10.19201953751401,2.7999999999999998,BYPASS,BYPASS,RUNNING
452,9.0399999999999991,0,-5.0327521475175585,-10.205853006524524,2.7999999999999998,5.0327521475175585,-10.205853006524524,2.7999999999999998,BYPASS,BYPASS,RUNNING
453,9.0600000000000005,0,-5.0426331968107823,-10.219686475535038,2.7999999999999998,5.0426331968107823,-10.219686475535038,2.7999999999999998,BYPASS,BYPASS,RUNNING
454,9.0800000000000001,0,-5.052514246104006,-10.233519944545552,2.7999999999999998,5.052514246104006,-10.233519944545552,2.7999999999999998,BYPASS,BYPASS,RUNNING
455,9.0999999999999996,0,-5.0623952953972298,-10.247353413556066,2.7999999999999998,5.0623952953972298,-10.247353413556066,2.7999999999999998,BYPASS,BYPASS,RUNNING
456,9.1199999999999992,0,-5.0722763446904535,-10.26118688256658,2.7999999999999998,5.0722763446904535,-10.26118688256658,2.7999999999999998,BYPASS,BYPASS,RUNNING
457,9.1400000000000006,0,-5.0821573939836773,-10.275020351577094,2.7999999999999998,5.0821573939836773,-10.275020351577094,2.7999999999999998,BYPASS,BYPASS,RUNNING
458,9.1600000000000001,0,-5.092038443276901,-10.288853820587608,2.7999999999999998,5.092038443276901,-10.288853820587608,2.7999999999999998,BYPASS,BYPASS,RUNNING
459,9.1799999999999997,0,-5.1019194925701248,-10.302687289598122,2.7999999999999998,5.1019194925701248,-10.302687289598122,2.7999999999999998,BYPASS,BYPASS,RUNNING
460,9.1999999999999993,0,-5.1118005418633485,-10.316520758608636,2.7999999999999998,5.1118005418633485,-10.316520758608636,2.7999999999999998,BYPASS,BYPASS,RUNNING
461,9.2200000000000006,0,-5.1216815911565723,-10.33035422761915,2.7999999999999998,5.1216815911565723,-10.33035422761915,2.7999999999999998,BYPASS,BYPASS,RUNNING
462,9.2400000000000002,0,-5.131562640449796,-10.344187696629666,2.7999999999999998,5.131562640449796,-10.344187696629666,2.7999999999999998,BYPASS,BYPASS,RUNNING
463,9.2599999999999998,0,-5.1414436897430198,-10.35802116564018,2.7999999999999998,5.1414436897430198,-10.35802116564018,2.7999999999999998,BYPASS,BYPASS,RUNNING
464,9.2799999999999994,0,-5.1513247390362435,-10.371854634650694,2.7999999999999998,5.1513247390362435,-10.371854634650694,2.7999999999999998,BYPASS,BYPASS,RUNNING
465,9.3000000000000007,0,-5.1612057883294673,-10.385688103661208,2.7999999999999998,5.1612057883294673,-10.385688103661208,2.7999999999999998,BYPASS,BYPASS,RUNNING
466,9.3200000000000003,0,-5.1710868376226911,-10.399521572671723,2.7999999999999998,5.1710868376226911,-10.399521572671723,2.7999999999999998,BYPASS,BYPASS,RUNNING
467,9.3399999999999999,0,-5.1809678869159148,-10.413355041682237,2.7999999999999998,5.1809678869159148,-10.413355041682237,2.7999999999999998,BYPASS,BYPASS,RUNNING
468,9.3599999999999994,0,-5.1908489362091386,-10.427188510692751,2.7999999999999998,5.1908489362091386,-10.427188510692751,2.7999999999999998,BYPASS,BYPASS,RUNNING
469,9.3800000000000008,0,-5.2007299855023623,-10.441021979703265,2.7999999999999998,5.2007299855023623,-10.441021979703265,2.7999999999999998,BYPASS,BYPASS,RUNNING
470,9.4000000000000004,0,-5.2106110347955861,-10.454855448713779,2.7999999999999998,5.2106110347955861,-10.454855448713779,2.7999999999999998,BYPASS,BYPASS,RUNNING
471,9.4199999999999999,0,-5.2204920840888098,-10.468688917724293,2.7999999999999998,5.2204920840888098,-10.468688917724293,2.7999999999999998,BYPASS,BYPASS,RUNNING
472,9.4399999999999995,0,-5.2303731333820336,-10.482522386734809,2.7999999999999998,5.2303731333820336,-10.482522386734809,2.7999999999999998,BYPASS,BYPASS,RUNNING
473,9.4600000000000009,0,-5.2402541826752573,-10.496355855745323,2.7999999999999998,5.2402541826752573,-10.496355855745323,2.7999999999999998,BYPASS,BYPASS,RUNNING
474,9.4800000000000004,0,-5.2501352319684811,-10.510189324755837,2.7999999999999998,5.2501352319684811,-10.510189324755837,2.7999999999999998,BYPASS,BYPASS,RUNNING
475,9.5,0,-5.2600162812617048,-10.524022793766351,2.7999999999999998,5.2600162812617048,-10.524022793766351,2.7999999999999998,BYPASS,BYPASS,RUNNING
476,9.5199999999999996,0,-5.2698973305549286,-10.537856262776867,2.7999999999999998,5.2698973305549286,-10.537856262776867,2.7999999999999998,BYPASS,BYPASS,RUNNING
477,9.5399999999999991,0,-5.2797783798481523,-10.551689731787381,2.7999999999999998,5.2797783798481523,-10.551689731787381,2.7999999999999998,BYPASS,BYPASS,RUNNING
478,9.5600000000000005,0,-5.2896594291413761,-10.565523200797895,2.7999999999999998,5.2896594291413761,-10.565523200797895,2.7999999999999998,BYPASS,BYPASS,RUNNING
479,9.5800000000000001,0,-5.2995404784345999,-10.579356669808408,2.7999999999999998,5.2995404784345999,-10.579356669808408,2.7999999999999998,BYPASS,BYPASS,RUNNING
480,9.5999999999999996,0,-5.3094215277278236,-10.593190138818922,2.7999999999999998,5.3094215277278236,-10.593190138818922,2.7999999999999998,BYPASS,BYPASS,RUNNING
481,9.6199999999999992,0,-5.3193025770210474,-10.607023607829436,2.7999999999999998,5.3193025770210474,-10.607023607829436,2.7999999999999998,BYPASS,BYPASS,RUNNING
482,9.6400000000000006,0,-5.3291836263142711,-10.620857076839952,2.7999999999999998,5.3291836263142711,-10.620857076839952,2.7999999999999998,BYPASS,BYPASS,RUNNING
483,9.6600000000000001,0,-5.3390646756074949,-10.634690545850466,2.7999999999999998,5.3390646756074949,-10.634690545850466,2.7999999999999998,BYPASS,BYPASS,RUNNING
484,9.6799999999999997,0,-5.3489457249007186,-10.64852401486098,2.7999999999999998,5.3489457249007186,-10.64852401486098,2.7999999999999998,BYPASS,BYPASS,RUNNING
485,9.6999999999999993,0,-5.3588267741939424,-10.662357483871494,2.7999999999999998,5.3588267741939424,-10.662357483871494,2.7999999999999998,BYPASS,BYPASS,RUNNING
486,9.7200000000000006,0,-5.3687078234871661,-10.676190952882008,2.7999999999999998,5.3687078234871661,-10.676190952882008,2.7999999999999998,BYPASS,BYPASS,RUNNING
487,9.7400000000000002,0,-5.3785888727803899,-10.690024421892524,2.7999999999999998,5.3785888727803899,-10.690024421892524,2.7999999999999998,BYPASS,BYPASS,RUNNING
488,9.7599999999999998,0,-5.3884699220736136,-10.703857890903038,2.7999999999999998,5.3884699220736136,-10.703857890903038,2.7999999999999998,BYPASS,BYPASS,RUNNING
489,9.7799999999999994,0,-5.3983509713668374,-10.717691359913552,2.7999999999999998,5.3983509713668374,-10.717691359913552,2.7999999999999998,BYPASS,BYPASS,RUNNING
490,9.8000000000000007,0,-5.4082320206600611,-10.731524828924066,2.7999999999999998,5.4082320206600611,-10.731524828924066,2.7999999999999998,BYPASS,BYPASS,RUNNING
491,9.8200000000000003,0,-5.4181130699532849,-10.74535829793458,2.7999999999999998,5.4181130699532849,-10.74535829793458,2.7999999999999998,BYPASS,BYPASS,RUNNING
492,9.8399999999999999,0,-5.4279941192465087,-10.759191766945095,2.7999999999999998,5.4279941192465087,-10.759191766945095,2.7999999999999998,BYPASS,BYPASS,RUNNING
493,9.8599999999999994,0,-5.4378751685397324,-10.773025235955609,2.7999999999999998,5.4378751685397324,-10.773025235955609,2.7999999999999998,BYPASS,BYPASS,RUNNING
494,9.8800000000000008,0,-5.4477562178329562,-10.786858704966123,2.7999999999999998,5.4477562178329562,-10.786858704966123,2.7999999999999998,BYPASS,BYPASS,RUNNING
495,9.9000000000000004,0,-5.4576372671261799,-10.800692173976637,2.7999999999999998,5.4576372671261799,-10.800692173976637,2.7999999999999998,BYPASS,BYPASS,RUNNING
496,9.9199999999999999,0,-5.4675183164194037,-10.814525642987151,2.7999999999999998,5.4675183164194037,-10.814525642987151,2.7999999999999998,BYPASS,BYPASS,RUNNING
497,9.9399999999999995,0,-5.4773993657126274,-10.828359111997667,2.7999999999999998,5.4773993657126274,-10.828359111997667,2.7999999999999998,BYPASS,BYPASS,RUNNING
498,9.9600000000000009,0,-5.4872804150058512,-10.842192581008181,2.7999999999999998,5.4872804150058512,-10.842192581008181,2.7999999999999998,BYPASS,BYPASS,RUNNING
499,9.9800000000000004,0,-5.4971614642990749,-10.856026050018695,2.7999999999999998,5.4971614642990749,-10.856026050018695,2.7999999999999998,BYPASS,BYPASS,RUNNING
500,10,0,-5.5070425135922987,-10.869859519029209,2.7999999999999998,5.5070425135922987,-10.869859519029209,2.7999999999999998,BYPASS,BYPASS,RUNNING
501,10.02,0,-5.5169235628855224,-10.883692988039723,2.7999999999999998,5.5169235628855224,-10.883692988039723,2.7999999999999998,BYPASS,BYPASS,RUNNING
502,10.039999999999999,0,-5.5268046121787462,-10.897526457050239,2.7999999999999998,5.5268046121787462,-10.897526457050239,2.7999999999999998,BYPASS,BYPASS,RUNNING
503,10.06,0,-5.5366856614719708,-10.911359926060753,2.7999999999999998,5.5366856614719708,-10.911359926060753,2.7999999999999998,BYPASS,BYPASS,RUNNING
504,10.08,0,-5.5465667107651946,-10.925193395071268,2.7999999999999998,5.5465667107651946,-10.925193395071268,2.7999999999999998,BYPASS,BYPASS,RUNNING
505,10.1,0,-5.5564477600584192,-10.939026864081782,2.7999999999999998,5.5564477600584192,-10.939026864081782,2.7999999999999998,BYPASS,BYPASS,RUNNING
506,10.119999999999999,0,-5.566328809351643,-10.952860333092298,2.7999999999999998,5.566328809351643,-10.952860333092298,2.7999999999999998,BYPASS,BYPASS,RUNNING
507,10.140000000000001,0,-5.5762098586448676,-10.966693802102812,2.7999999999999998,5.5762098586448676,-10.966693802102812,2.7999999999999998,BYPASS,BYPASS,RUNNING
508,10.16,0,-5.5860909079380914,-10.980527271113328,2.7999999999999998,5.5860909079380914,-10.980527271113328,2.7999999999999998,BYPASS,BYPASS,RUNNING
509,10.18,0,-5.595971957231316,-10.994360740123842,2.7999999999999998,5.595971957231316,-10.994360740123842,2.7999999999999998,BYPASS,BYPASS,RUNNING
510,10.199999999999999,0,-5.5999999999999996,-11,2.7999999999999998,5.5999999999999996,-11,2.7999999999999998,BYPASS,BYPASS,RUNNING
511,10.220000000000001,0,-5.5999999999999996,-11.016999999999999,2.7999999999999998,5.5999999999999996,-11.016999999999999,2.7999999999999998,BYPASS,BYPASS,RUNNING
512,10.24,0,-5.5999999999999996,-11.033999999999999,2.7999999999999998,5.5999999999999996,-11.033999999999999,2.7999999999999998,BYPASS,BYPASS,RUNNING
513,10.26,0,-5.5999999999999996,-11.050999999999998,2.7999999999999998,5.5999999999999996,-11.050999999999998,2.7999999999999998,BYPASS,BYPASS,RUNNING
514,10.279999999999999,0,-5.5999999999999996,-11.067999999999998,2.7999999999999998,5.5999999999999996,-11.067999999999998,2.7999999999999998,BYPASS,BYPASS,RUNNING
515,10.300000000000001,0,-5.5999999999999996,-11.084999999999997,2.7999999999999998,5.5999999999999996,-11.084999999999997,2.7999999999999998,BYPASS,BYPASS,RUNNING
516,10.32,0,-5.5999999999999996,-11.101999999999997,2.7999999999999998,5.5999999999999996,-11.101999999999997,2.7999999999999998,BYPASS,BYPASS,RUNNING
516,10.32,1,-5.5999999999999996,-11.101999999999997,2.7999999999999998,5.5999999999999996,-11.101999999999997,2.7999999999999998,BYPASS,BYPASS,RUNNING
516,10.32,1,-5.5999999999999996,-11.101999999999997,2.7999999999999998,5.5999999999999996,-11.101999999999997,2.7999999999999998,BYPASS,BYPASS,RUNNING
516,10.32,1,-5.5999999999999996,-11.101999999999997,2.7999999999999998,5.5999999999999996,-11.101999999999997,2.7999999999999998,BYPASS,BYPASS,RUNNING
516,10.32,1,-5.5999999999999996,-11.101999999999997,2.7999999999999998,5.5999999999999996,-11.101999999999997,2.7999999999999998,BYPASS,BYPASS,RUNNING
516,10.32,1,-5.5999999999999996,-11.101999999999997,2.7999999999999998,5.5999999999999996,-11.101999999999997,2.7999999999999998,BYPASS,BYPASS,RUNNING
516,10.32,1,-5.5999999999999996,-11.101999999999997,2.7999999999999998,5.5999999999999996,-11.101999999999997,2.7999999999999998,BYPASS,BYPASS,RUNNING
516,10.32,1,-5.5999999999999996,-11.101999999999997,2.7999999999999998,5.5999999999999996,-11.101999999999997,2.7999999999999998,BYPASS,BYPASS,RUNNING
516,10.32,1,-5.5999999999999996,-11.101999999999997,2.7999999999999998,5.5999999999999996,-11.101999999999997,2.7999999999999998,BYPASS,BYPASS,RUNNING
516,10.32,1,-5.5999999999999996,-11.101999999999997,2.7999999999999998,5.5999999999999996,-11.101999999999997,2.7999999999999998,BYPASS,BYPASS,RUNNING
516,10.32,1,-5.5999999999999996,-11.101999999999997,2.7999999999999998,5.5999999999999996,-11.101999999999997,2.7999999999999998,BYPASS,BYPASS,RUNNING
516,10.32,1,-5.5999999999999996,-11.101999999999997,2.7999999999999998,5.5999999999999996,-11.101999999999997,2.7999999999999998,BYPASS,BYPASS,RUNNING
516,10.32,1,-5.5999999999999996,-11.101999999999997,2.7999999999999998,5.5999999999999996,-11.101999999999997,2.7999999999999998,BYPASS,BYPASS,RUNNING
516,10.32,1,-5.5999999999999996,-11.101999999999997,2.7999999999999998,5.5999999999999996,-11.101999999999997,2.7999999999999998,BYPASS,BYPASS,RUNNING
516,10.32,1,-5.5999999999999996,-11.101999999999997,2.7999999999999998,5.5999999999999996,-11.101999999999997,2.7999999999999998,BYPASS,BYPASS,RUNNING
516,10.32,1,-5.5999999999999996,-11.101999999999997,2.7999999999999998,5.5999999999999996,-11.101999999999997,2.7999999999999998,BYPASS,BYPASS,RUNNING
516,10.32,1,-5.5999999999999996,-11.101999999999997,2.7999999999999998,5.5999999999999996,-11.101999999999997,2.7999999999999998,BYPASS,BYPASS,RUNNING
516,10.32,1,-5.5999999999999996,-11.101999999999997,2.7999999999999998,5.5999999999999996,-11.101999999999997,2.7999999999999998,BYPASS,BYPASS,RUNNING
516,10.32,1,-5.5999999999999996,-11.101999999999997,2.7999999999999998,5.5999999999999996,-11.101999999999997,2.7999999999999998,BYPASS,BYPASS,RUNNING
516,10.32,1,-5.5999999999999996,-11.101999999999997,2.7999999999999998,5.5999999999999996,-11.101999999999997,2.7999999999999998,BYPASS,BYPASS,RUNNING
516,10.32,1,-5.5999999999999996,-11.101999999999997,2.7999999999999998,5.5999999999999996,-11.101999999999997,2.7999999999999998,BYPASS,BYPASS,RUNNING
516,10.32,1,-5.5999999999999996,-11.101999999999997,2.7999999999999998,5.5999999999999996,-11.101999999999997,2.7999999999999998,BYPASS,BYPASS,RUNNING
516,10.32,1,-5.5999999999999996,-11.101999999999997,2.7999999999999998,5.5999999999999996,-11.101999999999997,2.7999999999999998,BYPASS,BYPASS,RUNNING
516,10.32,1,-5.5999999999999996,-11.101999999999997,2.7999999999999998,5.5999999999999996,-11.101999999999997,2.7999999999999998,BYPASS,BYPASS,RUNNING
516,10.32,1,-5.5999999999999996,-11.101999999999997,2.7999999999999998,5.5999999999999996,-11.101999999999997,2.7999999999999998,BYPASS,BYPASS,RUNNING
516,10.32,1,-5.5999999999999996,-11.101999999999997,2.7999999999999998,5.5999999999999996,-11.101999999999997,2.7999999999999998,BYPASS,BYPASS,RUNNING
516,10.32,1,-5.5999999999999996,-11.101999999999997,2.7999999999999998,5.5999999999999996,-11.101999999999997,2.7999999999999998,BYPASS,BYPASS,RUNNING
516,10.32,1,-5.5999999999999996,-11.101999999999997,2.7999999999999998,5.5999999999999996,-11.101999999999997,2.7999999999999998,BYPASS,BYPASS,RUNNING
516,10.32,1,-5.5999999999999996,-11.101999999999997,2.7999999999999998,5.5999999999999996,-11.101999999999997,2.7999999999999998,BYPASS,BYPASS,RUNNING
516,10.32,1,-5.5999999999999996,-11.101999999999997,2.7999999999999998,5.5999999999999996,-11.101999999999997,2.7999999999999998,BYPASS,BYPASS,RUNNING
516,10.32,1,-5.5999999999999996,-11.101999999999997,2.7999999999999998,5.5999999999999996,-11.101999999999997,2.7999999999999998,BYPASS,BYPASS,RUNNING
516,10.32,1,-5.5999999999999996,-11.101999999999997,2.7999999999999998,5.5999999999999996,-11.101999999999997,2.7999999999999998,BYPASS,BYPASS,RUNNING
516,10.32,1,-5.5999999999999996,-11.101999999999997,2.7999999999999998,5.5999999999999996,-11.101999999999997,2.7999999999999998,BYPASS,BYPASS,RUNNING
516,10.32,1,-5.5999999999999996,-11.101999999999997,2.7999999999999998,5.5999999999999996,-11.101999999999997,2.7999999999999998,BYPASS,BYPASS,RUNNING
516,10.32,1,-5.5999999999999996,-11.101999999999997,2.7999999999999998,5.5999999999999996,-11.101999999999997,2.7999999999999998,BYPASS,BYPASS,RUNNING
516,10.32,1,-5.5999999999999996,-11.101999999999997,2.7999999999999998,5.5999999999999996,-11.101999999999997,2.7999999999999998,BYPASS,BYPASS,RUNNING
516,10.32,1,-5.5999999999999996,-11.101999999999997,2.7999999999999998,5.5999999999999996,-11.101999999999997,2.7999999999999998,BYPASS,BYPASS,RUNNING
516,10.32,1,-5.5999999999999996,-11.101999999999997,2.7999999999999998,5.5999999999999996,-11.101999999999997,2.7999999999999998,BYPASS,BYPASS,RUNNING
516,10.32,1,-5.5999999999999996,-11.101999999999997,2.7999999999999998,5.5999999999999996,-11.101999999999997,2.7999999999999998,BYPASS,BYPASS,RUNNING
516,10.32,1,-5.5999999999999996,-11.101999999999997,2.7999999999999998,5.5999999999999996,-11.101999999999997,2.7999999999999998,BYPASS,BYPASS,RUNNING
516,10.32,1,-5.5999999999999996,-11.101999999999997,2.7999999999999998,5.5999999999999996,-11.101999999999997,2.7999999999999998,BYPASS,BYPASS,RUNNING
516,10.32,1,-5.5999999999999996,-11.101999999999997,2.7999999999999998,5.5999999999999996,-11.101999999999997,2.7999999999999998,BYPASS,BYPASS,RUNNING
516,10.32,1,-5.5999999999999996,-11.101999999999997,2.7999999999999998,5.5999999999999996,-11.101999999999997,2.7999999999999998,BYPASS,BYPASS,RUNNING
516,10.32,1,-5.5999999999999996,-11.101999999999997,2.7999999999999998,5.5999999999999996,-11.101999999999997,2.7999999999999998,BYPASS,BYPASS,RUNNING
516,10.32,1,-5.5999999999999996,-11.101999999999997,2.7999999999999998,5.5999999999999996,-11.101999999999997,2.7999999999999998,BYPASS,BYPASS,RUNNING
516,10.32,1,-5.5999999999999996,-11.101999999999997,2.7999999999999998,5.5999999999999996,-11.101999999999997,2.7999999999999998,BYPASS,BYPASS,RUNNING
516,10.32,1,-5.5999999999999996,-11.101999999999997,2.7999999999999998,5.5999999999999996,-11.101999999999997,2.7999999999999998,BYPASS,BYPASS,RUNNING
516,10.32,1,-5.5999999999999996,-11.101999999999997,2.7999999999999998,5.5999999999999996,-11.101999999999997,2.7999999999999998,BYPASS,BYPASS,RUNNING
516,10.32,1,-5.5999999999999996,-11.101999999999997,2.7999999999999998,5.5999999999999996,-11.101999999999997,2.7999999999999998,BYPASS,BYPASS,RUNNING
516,10.32,1,-5.5999999999999996,-11.101999999999997,2.7999999999999998,5.5999999999999996,-11.101999999999997,2.7999999999999998,BYPASS,BYPASS,RUNNING
516,10.32,1,-5.5999999999999996,-11.101999999999997,2.7999999999999998,5.5999999999999996,-11.101999999999997,2.7999999999999998,BYPASS,BYPASS,RUNNING
516,10.32,1,-5.5999999999999996,-11.101999999999997,2.7999999999999998,5.5999999999999996,-11.101999999999997,2.7999999999999998,BYPASS,BYPASS,RUNNING
516,10.32,1,-5.5999999999999996,-11.101999999999997,2.7999999999999998,5.5999999999999996,-11.101999999999997,2.7999999999999998,BYPASS,BYPASS,RUNNING
516,10.32,1,-5.5999999999999996,-11.101999999999997,2.7999999999999998,5.5999999999999996,-11.101999999999997,2.7999999999999998,BYPASS,BYPASS,RUNNING
516,10.32,1,-5.5999999999999996,-11.101999999999997,2.7999999999999998,5.5999999999999996,-11.101999999999997,2.7999999999999998,BYPASS,BYPASS,RUNNING
516,10.32,1,-5.5999999999999996,-11.101999999999997,2.7999999999999998,5.5999999999999996,-11.101999999999997,2.7999999999999998,BYPASS,BYPASS,RUNNING
516,10.32,1,-5.5999999999999996,-11.101999999999997,2.7999999999999998,5.5999999999999996,-11.101999999999997,2.7999999999999998,BYPASS,BYPASS,RUNNING
516,10.32,1,-5.5999999999999996,-11.101999999999997,2.7999999999999998,5.5999999999999996,-11.101999999999997,2.7999999999999998,BYPASS,BYPASS,RUNNING
516,10.32,1,-5.5999999999999996,-11.101999999999997,2.7999999999999998,5.5999999999999996,-11.101999999999997,2.7999999999999998,BYPASS,BYPASS,RUNNING
516,10.32,1,-5.5999999999999996,-11.101999999999997,2.7999999999999998,5.5999999999999996,-11.101999999999997,2.7999999999999998,BYPASS,BYPASS,RUNNING
516,10.32,1,-5.5999999999999996,-11.101999999999997,2.7999999999999998,5.5999999999999996,-11.101999999999997,2.7999999999999998,BYPASS,BYPASS,RUNNING
516,10.32,1,-5.5999999999999996,-11.101999999999997,2.7999999999999998,5.5999999999999996,-11.101999999999997,2.7999999999999998,BYPASS,BYPASS,RUNNING
516,10.32,1,-5.5999999999999996,-11.101999999999997,2.7999999999999998,5.5999999999999996,-11.101999999999997,2.7999999999999998,BYPASS,BYPASS,RUNNING
516,10.32,1,-5.5999999999999996,-11.101999999999997,2.7999999999999998,5.5999999999999996,-11.101999999999997,2.7999999999999998,BYPASS,BYPASS,RUNNING
516,10.32,1,-5.5999999999999996,-11.101999999999997,2.7999999999999998,5.5999999999999996,-11.101999999999997,2.7999999999999998,BYPASS,BYPASS,RUNNING
516,10.32,1,-5.5999999999999996,-11.101999999999997,2.7999999999999998,5.5999999999999996,-11.101999999999997,2.7999999999999998,BYPASS,BYPASS,RUNNING
516,10.32,1,-5.5999999999999996,-11.101999999999997,2.7999999999999998,5.5999999999999996,-11.101999999999997,2.7999999999999998,BYPASS,BYPASS,RUNNING
516,10.32,1,-5.5999999999999996,-11.101999999999997,2.7999999999999998,5.5999999999999996,-11.101999999999997,2.7999999999999998,BYPASS,BYPASS,RUNNING
516,10.32,1,-5.5999999999999996,-11.101999999999997,2.7999999999999998,5.5999999999999996,-11.101999999999997,2.7999999999999998,BYPASS,BYPASS,RUNNING
516,10.32,1,-5.5999999999999996,-11.101999999999997,2.7999999999999998,5.5999999999999996,-11.101999999999997,2.7999999999999998,BYPASS,BYPASS,RUNNING
516,10.32,1,-5.5999999999999996,-11.101999999999997,2.7999999999999998,5.5999999999999996,-11.101999999999997,2.7999999999999998,BYPASS,BYPASS,RUNNING
516,10.32,1,-5.5999999999999996,-11.101999999999997,2.7999999999999998,5.5999999999999996,-11.101999999999997,2.7999999999999998,BYPASS,BYPASS,RUNNING
516,10.32,1,-5.5999999999999996,-11.101999999999997,2.7999999999999998,5.5999999999999996,-11.101999999999997,2.7999999999999998,BYPASS,BYPASS,RUNNING
516,10.32,1,-5.5999999999999996,-11.101999999999997,2.7999999999999998,5.5999999999999996,-11.101999999999997,2.7999999999999998,BYPASS,BYPASS,RUNNING
516,10.32,1,-5.5999999999999996,-11.101999999999997,2.7999999999999998,5.5999999999999996,-11.101999999999997,2.7999999999999998,BYPASS,BYPASS,RUNNING
516,10.32,1,-5.5999999999999996,-11.101999999999997,2.7999999999999998,5.5999999999999996,-11.101999999999997,2.7999999999999998,BYPASS,BYPASS,RUNNING
516,10.32,1,-5.5999999999999996,-11.101999999999997,2.7999999999999998,5.5999999999999996,-11.101999999999997,2.7999999999999998,BYPASS,BYPASS,RUNNING
516,10.32,1,-5.5999999999999996,-11.101999999999997,2.7999999999999998,5.5999999999999996,-11.101999999999997,2.7999999999999998,BYPASS,BYPASS,RUNNING
516,10.32,1,-5.5999999999999996,-11.101999999999997,2.7999999999999998,5.5999999999999996,-11.101999999999997,2.7999999999999998,BYPASS,BYPASS,RUNNING
516,10.32,1,-5.5999999999999996,-11.101999999999997,2.7999999999999998,5.5999999999999996,-11.101999999999997,2.7999999999999998,BYPASS,BYPASS,RUNNING
516,10.32,1,-5.5999999999999996,-11.101999999999997,2.7999999999999998,5.5999999999999996,-11.101999999999997,2.7999999999999998,BYPASS,BYPASS,RUNNING
516,10.32,1,-5.5999999999999996,-11.101999999999997,2.7999999999999998,5.5999999999999996,-11.101999999999997,2.7999999999999998,BYPASS,BYPASS,RUNNING
516,10.32,1,-5.5999999999999996,-11.101999999999997,2.7999999999999998,5.5999999999999996,-11.101999999999997,2.7999999999999998,BYPASS,BYPASS,RUNNING
516,10.32,1,-5.5999999999999996,-11.101999999999997,2.7999999999999998,5.5999999999999996,-11.101999999999997,2.7999999999999998,BYPASS,BYPASS,RUNNING
516,10.32,1,-5.5999999999999996,-11.101999999999997,2.7999999999999998,5.5999999999999996,-11.101999999999997,2.7999999999999998,BYPASS,BYPASS,RUNNING
516,10.32,1,-5.5999999999999996,-11.101999999999997,2.7999999999999998,5.5999999999999996,-11.101999999999997,2.7999999999999998,BYPASS,BYPASS,RUNNING
516,10.32,1,-5.5999999999999996,-11.101999999999997,2.7999999999999998,5.5999999999999996,-11.101999999999997,2.7999999999999998,BYPASS,BYPASS,RUNNING
516,10.32,1,-5.5999999999999996,-11.101999999999997,2.7999999999999998,5.5999999999999996,-11.101999999999997,2.7999999999999998,BYPASS,BYPASS,RUNNING
516,10.32,1,-5.5999999999999996,-11.101999999999997,2.7999999999999998,5.5999999999999996,-11.101999999999997,2.7999999999999998,BYPASS,BYPASS,RUNNING
516,10.32,1,-5.5999999999999996,-11.101999999999997,2.7999999999999998,5.5999999999999996,-11.101999999999997,2.7999999999999998,BYPASS,BYPASS,RUNNING
516,10.32,1,-5.5999999999999996,-11.101999999999997,2.7999999999999998,5.5999999999999996,-11.101999999999997,2.7999999999999998,BYPASS,BYPASS,RUNNING
516,10.32,1,-5.5999999999999996,-11.101999999999997,2.7999999999999998,5.5999999999999996,-11.101999999999997,2.7999999999999998,BYPASS,BYPASS,RUNNING
516,10.32,1,-5.5999999999999996,-11.101999999999997,2.7999999999999998,5.5999999999999996,-11.101999999999997,2.7999999999999998,BYPASS,BYPASS,RUNNING
516,10.32,1,-5.5999999999999996,-11.101999999999997,2.7999999999999998,5.5999999999999996,-11.101999999999997,2.7999999999999998,BYPASS,BYPASS,RUNNING
516,10.32,1,-5.5999999999999996,-11.101999999999997,2.7999999999999998,5.5999999999999996,-11.101999999999997,2.7999999999999998,BYPASS,BYPASS,RUNNING
516,10.32,1,-5.5999999999999996,-11.101999999999997,2.7999999999999998,5.5999999999999996,-11.101999999999997,2.7999999999999998,BYPASS,BYPASS,RUNNING
516,10.32,1,-5.5999999999999996,-11.101999999999997,2.7999999999999998,5.5999999999999996,-11.101999999999997,2.7999999999999998,BYPASS,BYPASS,RUNNING
516,10.32,1,-5.5999999999999996,-11.101999999999997,2.7999999999999998,5.5999999999999996,-11.101999999999997,2.7999999999999998,BYPASS,BYPASS,RUNNING
516,10.32,1,-5.5999999999999996,-11.101999999999997,2.7999999999999998,5.5999999999999996,-11.101999999999997,2.7999999999999998,BYPASS,BYPASS,RUNNING
516,10.32,1,-5.5999999999999996,-11.101999999999997,2.7999999999999998,5.5999999999999996,-11.101999999999997,2.7999999999999998,BYPASS,BYPASS,RUNNING
516,10.32,1,-5.5999999999999996,-11.101999999999997,2.7999999999999998,5.5999999999999996,-11.101999999999997,2.7999999999999998,BYPASS,BYPASS,RUNNING
516,10.32,1,-5.5999999999999996,-11.101999999999997,2.7999999999999998,5.5999999999999996,-11.101999999999997,2.7999999999999998,BYPASS,BYPASS,RUNNING
516,10.32,1,-5.5999999999999996,-11.101999999999997,2.7999999999999998,5.5999999999999996,-11.101999999999997,2.7999999999999998,BYPASS,BYPASS,RUNNING
516,10.32,1,-5.5999999999999996,-11.101999999999997,2.7999999999999998,5.5999999999999996,-11.101999999999997,2.7999999999999998,BYPASS,BYPASS,RUNNING
516,10.32,1,-5.5999999999999996,-11.101999999999997,2.7999999999999998,5.5999999999999996,-11.101999999999997,2.7999999999999998,BYPASS,BYPASS,RUNNING
516,10.32,1,-5.5999999999999996,-11.101999999999997,2.7999999999999998,5.5999999999999996,-11.101999999999997,2.7999999999999998,BYPASS,BYPASS,RUNNING
516,10.32,1,-5.5999999999999996,-11.101999999999997,2.7999999999999998,5.5999999999999996,-11.101999999999997,2.7999999999999998,BYPASS,BYPASS,RUNNING
516,10.32,1,-5.5999999999999996,-11.101999999999997,2.7999999999999998,5.5999999999999996,-11.101999999999997,2.7999999999999998,BYPASS,BYPASS,RUNNING
516,10.32,1,-5.5999999999999996,-11.101999999999997,2.7999999999999998,5.5999999999999996,-11.101999999999997,2.7999999999999998,BYPASS,BYPASS,RUNNING
516,10.32,1,-5.5999999999999996,-11.101999999999997,2.7999999999999998,5.5999999999999996,-11.101999999999997,2.7999999999999998,BYPASS,BYPASS,RUNNING
516,10.32,1,-5.5999999999999996,-11.101999999999997,2.7999999999999998,5.5999999999999996,-11.101999999999997,2.7999999999999998,BYPASS,BYPASS,RUNNING
516,10.32,1,-5.5999999999999996,-11.101999999999997,2.7999999999999998,5.5999999999999996,-11.101999999999997,2.7999999999999998,BYPASS,BYPASS,RUNNING
516,10.32,1,-5.5999999999999996,-11.101999999999997,2.7999999999999998,5.5999999999999996,-11.101999999999997,2.7999999999999998,BYPASS,BYPASS,RUNNING
516,10.32,1,-5.5999999999999996,-11.101999999999997,2.7999999999999998,5.5999999999999996,-11.101999999999997,2.7999999999999998,BYPASS,BYPASS,RUNNING
516,10.32,1,-5.5999999999999996,-11.101999999999997,2.7999999999999998,5.5999999999999996,-11.101999999999997,2.7999999999999998,BYPASS,BYPASS,RUNNING
516,10.32,1,-5.5999999999999996,-11.101999999999997,2.7999999999999998,5.5999999999999996,-11.101999999999997,2.7999999999999998,BYPASS,BYPASS,RUNNING
516,10.32,1,-5.5999999999999996,-11.101999999999997,2.7999999999999998,5.5999999999999996,-11.101999999999997,2.7999999999999998,BYPASS,BYPASS,RUNNING
516,10.32,1,-5.5999999999999996,-11.101999999999997,2.7999999999999998,5.5999999999999996,-11.101999999999997,2.7999999999999998,BYPASS,BYPASS,RUNNING
516,10.32,1,-5.5999999999999996,-11.101999999999997,2.7999999999999998,5.5999999999999996,-11.101999999999997,2.7999999999999998,BYPASS,BYPASS,RUNNING
516,10.32,1,-5.5999999999999996,-11.101999999999997,2.7999999999999998,5.5999999999999996,-11.101999999999997,2.7999999999999998,BYPASS,BYPASS,RUNNING
516,10.32,1,-5.5999999999999996,-11.101999999999997,2.7999999999999998,5.5999999999999996,-11.101999999999997,2.7999999999999998,BYPASS,BYPASS,RUNNING
516,10.32,1,-5.5999999999999996,-11.101999999999997,2.7999999999999998,5.5999999999999996,-11.101999999999997,2.7999999999999998,BYPASS,BYPASS,RUNNING
516,10.32,1,-5.5999999999999996,-11.101999999999997,2.7999999999999998,5.5999999999999996,-11.101999999999997,2.7999999999999998,BYPASS,BYPASS,RUNNING
516,10.32,1,-5.5999999999999996,-11.101999999999997,2.7999999999999998,5.5999999999999996,-11.101999999999997,2.7999999999999998,BYPASS,BYPASS,RUNNING
516,10.32,1,-5.5999999999999996,-11.101999999999997,2.7999999999999998,5.5999999999999996,-11.101999999999997,2.7999999999999998,BYPASS,BYPASS,RUNNING
516,10.32,1,-5.5999999999999996,-11.101999999999997,2.7999999999999998,5.5999999999999996,-11.101999999999997,2.7999999999999998,BYPASS,BYPASS,RUNNING
516,10.32,1,-5.5999999999999996,-11.101999999999997,2.7999999999999998,5.5999999999999996,-11.101999999999997,2.7999999999999998,BYPASS,BYPASS,RUNNING
516,10.32,1,-5.5999999999999996,-11.101999999999997,2.7999999999999998,5.5999999999999996,-11.101999999999997,2.7999999999999998,BYPASS,BYPASS,RUNNING
516,10.32,1,-5.5999999999999996,-11.101999999999997,2.7999999999999998,5.5999999999999996,-11.101999999999997,2.7999999999999998,BYPASS,BYPASS,RUNNING
516,10.32,1,-5.5999999999999996,-11.101999999999997,2.7999999999999998,5.5999999999999996,-11.101999999999997,2.7999999999999998,BYPASS,BYPASS,RUNNING
516,10.32,1,-5.5999999999999996,-11.101999999999997,2.7999999999999998,5.5999999999999996,-11.101999999999997,2.7999999999999998,BYPASS,BYPASS,RUNNING
516,10.32,1,-5.5999999999999996,-11.101999999999997,2.7999999999999998,5.5999999999999996,-11.101999999999997,2.7999999999999998,BYPASS,BYPASS,RUNNING
516,10.32,1,-5.5999999999999996,-11.101999999999997,2.7999999999999998,5.5999999999999996,-11.101999999999997,2.7999999999999998,BYPASS,BYPASS,RUNNING
516,10.32,1,-5.5999999999999996,-11.101999999999997,2.7999999999999998,5.5999999999999996,-11.101999999999997,2.7999999999999998,BYPASS,BYPASS,RUNNING
516,10.32,1,-5.5999999999999996,-11.101999999999997,2.7999999999999998,5.5999999999999996,-11.101999999999997,2.7999999999999998,BYPASS,BYPASS,RUNNING
516,10.32,1,-5.5999999999999996,-11.101999999999997,2.7999999999999998,5.5999999999999996,-11.101999999999997,2.7999999999999998,BYPASS,BYPASS,RUNNING
516,10.32,1,-5.5999999999999996,-11.101999999999997,2.7999999999999998,5.5999999999999996,-11.101999999999997,2.7999999999999998,BYPASS,BYPASS,RUNNING
516,10.32,1,-5.5999999999999996,-11.101999999999997,2.7999999999999998,5.5999999999999996,-11.101999999999997,2.7999999999999998,BYPASS,BYPASS,RUNNING
516,10.32,1,-5.5999999999999996,-11.101999999999997,2.7999999999999998,5.5999999999999996,-11.101999999999997,2.7999999999999998,BYPASS,BYPASS,RUNNING
516,10.32,1,-5.5999999999999996,-11.101999999999997,2.7999999999999998,5.5999999999999996,-11.101999999999997,2.7999999999999998,BYPASS,BYPASS,RUNNING
516,10.32,1,-5.5999999999999996,-11.101999999999997,2.7999999999999998,5.5999999999999996,-11.101999999999997,2.7999999999999998,BYPASS,BYPASS,RUNNING
516,10.32,1,-5.5999999999999996,-11.101999999999997,2.7999999999999998,5.5999999999999996,-11.101999999999997,2.7999999999999998,BYPASS,BYPASS,RUNNING
516,10.32,1,-5.5999999999999996,-11.101999999999997,2.7999999999999998,5.5999999999999996,-11.101999999999997,2.7999999999999998,BYPASS,BYPASS,RUNNING
516,10.32,1,-5.5999999999999996,-11.101999999999997,2.7999999999999998,5.5999999999999996,-11.101999999999997,2.7999999999999998,BYPASS,BYPASS,RUNNING
516,10.32,1,-5.5999999999999996,-11.101999999999997,2.7999999999999998,5.5999999999999996,-11.101999999999997,2.7999999999999998,BYPASS,BYPASS,RUNNING
516,10.32,1,-5.5999999999999996,-11.101999999999997,2.7999999999999998,5.5999999999999996,-11.101999999999997,2.7999999999999998,BYPASS,BYPASS,RUNNING
516,10.32,1,-5.5999999999999996,-11.101999999999997,2.7999999999999998,5.5999999999999996,-11.101999999999997,2.7999999999999998,BYPASS,BYPASS,RUNNING
516,10.32,1,-5.5999999999999996,-11.101999999999997,2.7999999999999998,5.5999999999999996,-11.101999999999997,2.7999999999999998,BYPASS,BYPASS,RUNNING
516,10.32,1,-5.5999999999999996,-11.101999999999997,2.7999999999999998,5.5999999999999996,-11.101999999999997,2.7999999999999998,BYPASS,BYPASS,RUNNING
516,10.32,1,-5.5999999999999996,-11.101999999999997,2.7999999999999998,5.5999999999999996,-11.101999999999997,2.7999999999999998,BYPASS,BYPASS,RUNNING
516,10.32,1,-5.5999999999999996,-11.101999999999997,2.7999999999999998,5.5999999999999996,-11.101999999999997,2.7999999999999998,BYPASS,BYPASS,RUNNING
516,10.32,1,-5.5999999999999996,-11.101999999999997,2.7999999999999998,5.5999999999999996,-11.101999999999997,2.7999999999999998,BYPASS,BYPASS,RUNNING
516,10.32,1,-5.5999999999999996,-11.101999999999997,2.7999999999999998,5.5999999999999996,-11.101999999999997,2.7999999999999998,BYPASS,BYPASS,RUNNING
516,10.32,1,-5.5999999999999996,-11.101999999999997,2.7999999999999998,5.5999999999999996,-11.101999999999997,2.7999999999999998,BYPASS,BYPASS,RUNNING
516,10.32,1,-5.5999999999999996,-11.101999999999997,2.7999999999999998,5.5999999999999996,-11.101999999999997,2.7999999999999998,BYPASS,BYPASS,RUNNING
516,10.32,1,-5.5999999999999996,-11.101999999999997,2.7999999999999998,5.5999999999999996,-11.101999999999997,2.7999999999999998,BYPASS,BYPASS,RUNNING
516,10.32,1,-5.5999999999999996,-11.101999999999997,2.7999999999999998,5.5999999999999996,-11.101999999999997,2.7999999999999998,BYPASS,BYPASS,RUNNING
516,10.32,1,-5.5999999999999996,-11.101999999999997,2.7999999999999998,5.5999999999999996,-11.101999999999997,2.7999999999999998,BYPASS,BYPASS,RUNNING
516,10.32,1,-5.5999999999999996,-11.101999999999997,2.7999999999999998,5.5999999999999996,-11.101999999999997,2.7999999999999998,BYPASS,BYPASS,RUNNING
516,10.32,1,-5.5999999999999996,-11.101999999999997,2.7999999999999998,5.5999999999999996,-11.101999999999997,2.7999999999999998,BYPASS,BYPASS,RUNNING
516,10.32,1,-5.5999999999999996,-11.101999999999997,2.7999999999999998,5.5999999999999996,-11.101999999999997,2.7999999999999998,BYPASS,BYPASS,RUNNING
516,10.32,1,-5.5999999999999996,-11.101999999999997,2.7999999999999998,5.5999999999999996,-11.101999999999997,2.7999999999999998,BYPASS,BYPASS,RUNNING
516,10.32,1,-5.5999999999999996,-11.101999999999997,2.7999999999999998,5.5999999999999996,-11.101999999999997,2.7999999999999998,BYPASS,BYPASS,RUNNING
516,10.32,1,-5.5999999999999996,-11.101999999999997,2.7999999999999998,5.5999999999999996,-11.101999999999997,2.7999999999999998,BYPASS,BYPASS,RUNNING
516,10.32,1,-5.5999999999999996,-11.101999999999997,2.7999999999999998,5.5999999999999996,-11.101999999999997,2.7999999999999998,BYPASS,BYPASS,RUNNING
516,10.32,1,-5.5999999999999996,-11.101999999999997,2.7999999999999998,5.5999999999999996,-11.101999999999997,2.7999999999999998,BYPASS,BYPASS,RUNNING
516,10.32,1,-5.5999999999999996,-11.101999999999997,2.7999999999999998,5.5999999999999996,-11.101999999999997,2.7999999999999998,BYPASS,BYPASS,RUNNING
516,10.32,1,-5.5999999999999996,-11.101999999999997,2.7999999999999998,5.5999999999999996,-11.101999999999997,2.7999999999999998,BYPASS,BYPASS,RUNNING
516,10.32,1,-5.5999999999999996,-11.101999999999997,2.7999999999999998,5.5999999999999996,-11.101999999999997,2.7999999999999998,BYPASS,BYPASS,RUNNING
516,10.32,1,-5.5999999999999996,-11.101999999999997,2.7999999999999998,5.5999999999999996,-11.101999999999997,2.7999999999999998,BYPASS,BYPASS,RUNNING
516,10.32,1,-5.5999999999999996,-11.101999999999997,2.7999999999999998,5.5999999999999996,-11.101999999999997,2.7999999999999998,BYPASS,BYPASS,RUNNING
516,10.32,1,-5.5999999999999996,-11.101999999999997,2.7999999999999998,5.5999999999999996,-11.101999999999997,2.7999999999999998,BYPASS,BYPASS,RUNNING
516,10.32,1,-5.5999999999999996,-11.101999999999997,2.7999999999999998,5.5999999999999996,-11.101999999999997,2.7999999999999998,BYPASS,BYPASS,RUNNING
516,10.32,1,-5.5999999999999996,-11.101999999999997,2.7999999999999998,5.5999999999999996,-11.101999999999997,2.7999999999999998,BYPASS,BYPASS,RUNNING
516,10.32,1,-5.5999999999999996,-11.101999999999997,2.7999999999999998,5.5999999999999996,-11.101999999999997,2.7999999999999998,BYPASS,BYPASS,RUNNING
516,10.32,1,-5.5999999999999996,-11.101999999999997,2.7999999999999998,5.5999999999999996,-11.101999999999997,2.7999999999999998,BYPASS,BYPASS,RUNNING
516,10.32,1,-5.5999999999999996,-11.101999999999997,2.7999999999999998,5.5999999999999996,-11.101999999999997,2.7999999999999998,BYPASS,BYPASS,RUNNING
516,10.32,1,-5.5999999999999996,-11.101999999999997,2.7999999999999998,5.5999999999999996,-11.101999999999997,2.7999999999999998,BYPASS,BYPASS,RUNNING
516,10.32,1,-5.5999999999999996,-11.101999999999997,2.7999999999999998,5.5999999999999996,-11.101999999999997,2.7999999999999998,BYPASS,BYPASS,RUNNING
516,10.32,1,-5.5999999999999996,-11.101999999999997,2.7999999999999998,5.5999999999999996,-11.101999999999997,2.7999999999999998,BYPASS,BYPASS,RUNNING
516,10.32,1,-5.5999999999999996,-11.101999999999997,2.7999999999999998,5.5999999999999996,-11.101999999999997,2.7999999999999998,BYPASS,BYPASS,RUNNING
516,10.32,1,-5.5999999999999996,-11.101999999999997,2.7999999999999998,5.5999999999999996,-11.101999999999997,2.7999999999999998,BYPASS,BYPASS,RUNNING
516,10.32,1,-5.5999999999999996,-11.101999999999997,2.7999999999999998,5.5999999999999996,-11.101999999999997,2.7999999999999998,BYPASS,BYPASS,RUNNING
516,10.32,1,-5.5999999999999996,-11.101999999999997,2.7999999999999998,5.5999999999999996,-11.101999999999997,2.7999999999999998,BYPASS,BYPASS,RUNNING
516,10.32,1,-5.5999999999999996,-11.101999999999997,2.7999999999999998,5.5999999999999996,-11.101999999999997,2.7999999999999998,BYPASS,BYPASS,RUNNING
516,10.32,1,-5.5999999999999996,-11.101999999999997,2.7999999999999998,5.5999999999999996,-11.101999999999997,2.7999999999999998,BYPASS,BYPASS,RUNNING
516,10.32,1,-5.5999999999999996,-11.101999999999997,2.7999999999999998,5.5999999999999996,-11.101999999999997,2.7999999999999998,BYPASS,BYPASS,RUNNING
516,10.32,1,-5.5999999999999996,-11.101999999999997,2.7999999999999998,5.5999999999999996,-11.101999999999997,2.7999999999999998,BYPASS,BYPASS,RUNNING
516,10.32,1,-5.5999999999999996,-11.101999999999997,2.7999999999999998,5.5999999999999996,-11.101999999999997,2.7999999999999998,BYPASS,BYPASS,RUNNING
516,10.32,1,-5.5999999999999996,-11.101999999999997,2.7999999999999998,5.5999999999999996,-11.101999999999997,2.7999999999999998,BYPASS,BYPASS,RUNNING
516,10.32,1,-5.5999999999999996,-11.101999999999997,2.7999999999999998,5.5999999999999996,-11.101999999999997,2.7999999999999998,BYPASS,BYPASS,RUNNING
516,10.32,1,-5.5999999999999996,-11.101999999999997,2.7999999999999998,5.5999999999999996,-11.101999999999997,2.7999999999999998,BYPASS,BYPASS,RUNNING
516,10.32,1,-5.5999999999999996,-11.101999999999997,2.7999999999999998,5.5999999999999996,-11.101999999999997,2.7999999999999998,BYPASS,BYPASS,RUNNING
516,10.32,1,-5.5999999999999996,-11.101999999999997,2.7999999999999998,5.5999999999999996,-11.101999999999997,2.7999999999999998,BYPASS,BYPASS,RUNNING
516,10.32,1,-5.5999999999999996,-11.101999999999997,2.7999999999999998,5.5999999999999996,-11.101999999999997,2.7999999999999998,BYPASS,BYPASS,RUNNING
516,10.32,1,-5.5999999999999996,-11.101999999999997,2.7999999999999998,5.5999999999999996,-11.101999999999997,2.7999999999999998,BYPASS,BYPASS,RUNNING
516,10.32,1,-5.5999999999999996,-11.101999999999997,2.7999999999999998,5.5999999999999996,-11.101999999999997,2.7999999999999998,BYPASS,BYPASS,RUNNING
516,10.32,1,-5.5999999999999996,-11.101999999999997,2.7999999999999998,5.5999999999999996,-11.101999999999997,2.7999999999999998,BYPASS,BYPASS,RUNNING
516,10.32,1,-5.5999999999999996,-11.101999999999997,2.7999999999999998,5.5999999999999996,-11.101999999999997,2.7999999999999998,BYPASS,BYPASS,RUNNING
516,10.32,1,-5.5999999999999996,-11.101999999999997,2.7999999999999998,5.5999999999999996,-11.101999999999997,2.7999999999999998,BYPASS,BYPASS,RUNNING
516,10.32,1,-5.5999999999999996,-11.101999999999997,2.7999999999999998,5.5999999999999996,-11.101999999999997,2.7999999999999998,BYPASS,BYPASS,RUNNING
516,10.32,1,-5.5999999999999996,-11.101999999999997,2.7999999999999998,5.5999999999999996,-11.101999999999997,2.7999999999999998,BYPASS,BYPASS,RUNNING
516,10.32,1,-5.5999999999999996,-11.101999999999997,2.7999999999999998,5.5999999999999996,-11.101999999999997,2.7999999999999998,BYPASS,BYPASS,RUNNING
516,10.32,1,-5.5999999999999996,-11.101999999999997,2.7999999999999998,5.5999999999999996,-11.101999999999997,2.7999999999999998,BYPASS,BYPASS,RUNNING
516,10.32,1,-5.5999999999999996,-11.101999999999997,2.7999999999999998,5.5999999999999996,-11.101999999999997,2.7999999999999998,BYPASS,BYPASS,RUNNING
516,10.32,1,-5.5999999999999996,-11.101999999999997,2.7999999999999998,5.5999999999999996,-11.101999999999997,2.7999999999999998,BYPASS,BYPASS,RUNNING
516,10.32,1,-5.5999999999999996,-11.101999999999997,2.7999999999999998,5.5999999999999996,-11.101999999999997,2.7999999999999998,BYPASS,BYPASS,RUNNING
516,10.32,1,-5.5999999999999996,-11.101999999999997,2.7999999999999998,5.5999999999999996,-11.101999999999997,2.7999999999999998,BYPASS,BYPASS,RUNNING
516,10.32,1,-5.5999999999999996,-11.101999999999997,2.7999999999999998,5.5999999999999996,-11.101999999999997,2.7999999999999998,BYPASS,BYPASS,RUNNING
516,10.32,1,-5.5999999999999996,-11.101999999999997,2.7999999999999998,5.5999999999999996,-11.101999999999997,2.7999999999999998,BYPASS,BYPASS,RUNNING
516,10.32,1,-5.5999999999999996,-11.101999999999997,2.7999999999999998,5.5999999999999996,-11.101999999999997,2.7999999999999998,BYPASS,BYPASS,RUNNING
516,10.32,1,-5.5999999999999996,-11.101999999999997,2.7999999999999998,5.5999999999999996,-11.101999999999997,2.7999999999999998,BYPASS,BYPASS,RUNNING
516,10.32,1,-5.5999999999999996,-11.101999999999997,2.7999999999999998,5.5999999999999996,-11.101999999999997,2.7999999999999998,BYPASS,BYPASS,RUNNING
516,10.32,1,-5.5999999999999996,-11.101999999999997,2.7999999999999998,5.5999999999999996,-11.101999999999997,2.7999999999999998,BYPASS,BYPASS,RUNNING
516,10.32,1,-5.5999999999999996,-11.101999999999997,2.7999999999999998,5.5999999999999996,-11.101999999999997,2.7999999999999998,BYPASS,BYPASS,RUNNING
516,10.32,1,-5.5999999999999996,-11.101999999999997,2.7999999999999998,5.5999999999999996,-11.101999999999997,2.7999999999999998,BYPASS,BYPASS,RUNNING
516,10.32,1,-5.5999999999999996,-11.101999999999997,2.7999999999999998,5.5999999999999996,-11.101999999999997,2.7999999999999998,BYPASS,BYPASS,RUNNING
516,10.32,1,-5.5999999999999996,-11.101999999999997,2.7999999999999998,5.5999999999999996,-11.101999999999997,2.7999999999999998,BYPASS,BYPASS,RUNNING
516,10.32,1,-5.5999999999999996,-11.101999999999997,2.7999999999999998,5.5999999999999996,-11.101999999999997,2.7999999999999998,BYPASS,BYPASS,RUNNING
516,10.32,1,-5.5999999999999996,-11.101999999999997,2.7999999999999998,5.5999999999999996,-11.101999999999997,2.7999999999999998,BYPASS,BYPASS,RUNNING
516,10.32,1,-5.5999999999999996,-11.101999999999997,2.7999999999999998,5.5999999999999996,-11.101999999999997,2.7999999999999998,BYPASS,BYPASS,RUNNING
516,10.32,1,-5.5999999999999996,-11.101999999999997,2.7999999999999998,5.5999999999999996,-11.101999999999997,2.7999999999999998,BYPASS,BYPASS,RUNNING
516,10.32,1,-5.5999999999999996,-11.101999999999997,2.7999999999999998,5.5999999999999996,-11.101999999999997,2.7999999999999998,BYPASS,BYPASS,RUNNING
516,10.32,1,-5.5999999999999996,-11.101999999999997,2.7999999999999998,5.5999999999999996,-11.101999999999997,2.7999999999999998,BYPASS,BYPASS,RUNNING
516,10.32,1,-5.5999999999999996,-11.101999999999997,2.7999999999999998,5.5999999999999996,-11.101999999999997,2.7999999999999998,BYPASS,BYPASS,RUNNING
516,10.32,1,-5.5999999999999996,-11.101999999999997,2.7999999999999998,5.5999999999999996,-11.101999999999997,2.7999999999999998,BYPASS,BYPASS,RUNNING
516,10.32,1,-5.5999999999999996,-11.101999999999997,2.7999999999999998,5.5999999999999996,-11.101999999999997,2.7999999999999998,BYPASS,BYPASS,RUNNING
516,10.32,1,-5.5999999999999996,-11.101999999999997,2.7999999999999998,5.5999999999999996,-11.101999999999997,2.7999999999999998,BYPASS,BYPASS,RUNNING
516,10.32,1,-5.5999999999999996,-11.101999999999997,2.7999999999999998,5.5999999999999996,-11.101999999999997,2.7999999999999998,BYPASS,BYPASS,RUNNING
516,10.32,1,-5.5999999999999996,-11.101999999999997,2.7999999999999998,5.5999999999999996,-11.101999999999997,2.7999999999999998,BYPASS,BYPASS,RUNNING
516,10.32,1,-5.5999999999999996,-11.101999999999997,2.7999999999999998,5.5999999999999996,-11.101999999999997,2.7999999999999998,BYPASS,BYPASS,RUNNING
516,10.32,1,-5.5999999999999996,-11.101999999999997,2.7999999999999998,5.5999999999999996,-11.101999999999997,2.7999999999999998,BYPASS,BYPASS,RUNNING
516,10.32,1,-5.5999999999999996,-11.101999999999997,2.7999999999999998,5.5999999999999996,-11.101999999999997,2.7999999999999998,BYPASS,BYPASS,RUNNING
516,10.32,1,-5.5999999999999996,-11.101999999999997,2.7999999999999998,5.5999999999999996,-11.101999999999997,2.7999999999999998,BYPASS,BYPASS,RUNNING
516,10.32,1,-5.5999999999999996,-11.101999999999997,2.7999999999999998,5.5999999999999996,-11.101999999999997,2.7999999999999998,BYPASS,BYPASS,RUNNING
516,10.32,1,-5.5999999999999996,-11.101999999999997,2.7999999999999998,5.5999999999999996,-11.101999999999997,2.7999999999999998,BYPASS,BYPASS,RUNNING
516,10.32,1,-5.5999999999999996,-11.101999999999997,2.7999999999999998,5.5999999999999996,-11.101999999999997,2.7999999999999998,BYPASS,BYPASS,RUNNING
516,10.32,1,-5.5999999999999996,-11.101999999999997,2.7999999999999998,5.5999999999999996,-11.101999999999997,2.7999999999999998,BYPASS,BYPASS,RUNNING
516,10.32,1,-5.5999999999999996,-11.101999999999997,2.7999999999999998,5.5999999999999996,-11.101999999999997,2.7999999999999998,BYPASS,BYPASS,RUNNING
516,10.32,1,-5.5999999999999996,-11.101999999999997,2.7999999999999998,5.5999999999999996,-11.101999999999997,2.7999999999999998,BYPASS,BYPASS,RUNNING
516,10.32,1,-5.5999999999999996,-11.101999999999997,2.7999999999999998,5.5999999999999996,-11.101999999999997,2.7999999999999998,BYPASS,BYPASS,RUNNING
516,10.32,1,-5.5999999999999996,-11.101999999999997,2.7999999999999998,5.5999999999999996,-11.101999999999997,2.7999999999999998,BYPASS,BYPASS,RUNNING
516,10.32,1,-5.5999999999999996,-11.101999999999997,2.7999999999999998,5.5999999999999996,-11.101999999999997,2.7999999999999998,BYPASS,BYPASS,RUNNING
516,10.32,1,-5.5999999999999996,-11.101999999999997,2.7999999999999998,5.5999999999999996,-11.101999999999997,2.7999999999999998,BYPASS,BYPASS,RUNNING
516,10.32,1,-5.5999999999999996,-11.101999999999997,2.7999999999999998,5.5999999999999996,-11.101999999999997,2.7999999999999998,BYPASS,BYPASS,RUNNING
516,10.32,1,-5.5999999999999996,-11.101999999999997,2.7999999999999998,5.5999999999999996,-11.101999999999997,2.7999999999999998,BYPASS,BYPASS,RUNNING
516,10.32,1,-5.5999999999999996,-11.101999999999997,2.7999999999999998,5.5999999999999996,-11.101999999999997,2.7999999999999998,BYPASS,BYPASS,RUNNING
516,10.32,1,-5.5999999999999996,-11.101999999999997,2.7999999999999998,5.5999999999999996,-11.101999999999997,2.7999999999999998,BYPASS,BYPASS,RUNNING
516,10.32,1,-5.5999999999999996,-11.101999999999997,2.7999999999999998,5.5999999999999996,-11.101999999999997,2.7999999999999998,BYPASS,BYPASS,RUNNING
516,10.32,1,-5.5999999999999996,-11.101999999999997,2.7999999999999998,5.5999999999999996,-11.101999999999997,2.7999999999999998,BYPASS,BYPASS,RUNNING
516,10.32,1,-5.5999999999999996,-11.101999999999997,2.7999999999999998,5.5999999999999996,-11.101999999999997,2.7999999999999998,BYPASS,BYPASS,RUNNING
516,10.32,1,-5.5999999999999996,-11.101999999999997,2.7999999999999998,5.5999999999999996,-11.101999999999997,2.7999999999999998,BYPASS,BYPASS,RUNNING
516,10.32,1,-5.5999999999999996,-11.101999999999997,2.7999999999999998,5.5999999999999996,-11.101999999999997,2.7999999999999998,BYPASS,BYPASS,RUNNING
516,10.32,1,-5.5999999999999996,-11.101999999999997,2.7999999999999998,5.5999999999999996,-11.101999999999997,2.7999999999999998,BYPASS,BYPASS,RUNNING
516,10.32,1,-5.5999999999999996,-11.101999999999997,2.7999999999999998,5.5999999999999996,-11.101999999999997,2.7999999999999998,BYPASS,BYPASS,RUNNING
516,10.32,1,-5.5999999999999996,-11.101999999999997,2.7999999999999998,5.5999999999999996,-11.101999999999997,2.7999999999999998,BYPASS,BYPASS,RUNNING
516,10.32,1,-5.5999999999999996,-11.101999999999997,2.7999999999999998,5.5999999999999996,-11.101999999999997,2.7999999999999998,BYPASS,BYPASS,RUNNING
516,10.32,1,-5.5999999999999996,-11.101999999999997,2.7999999999999998,5.5999999999999996,-11.101999999999997,2.7999999999999998,BYPASS,BYPASS,RUNNING
516,10.32,1,-5.5999999999999996,-11.101999999999997,2.7999999999999998,5.5999999999999996,-11.101999999999997,2.7999999999999998,BYPASS,BYPASS,RUNNING
516,10.32,1,-5.5999999999999996,-11.101999999999997,2.7999999999999998,5.5999999999999996,-11.101999999999997,2.7999999999999998,BYPASS,BYPASS,RUNNING
516,10.32,1,-5.5999999999999996,-11.101999999999997,2.7999999999999998,5.5999999999999996,-11.101999999999997,2.7999999999999998,BYPASS,BYPASS,RUNNING
516,10.32,1,-5.5999999999999996,-11.101999999999997,2.7999999999999998,5.5999999999999996,-11.101999999999997,2.7999999999999998,BYPASS,BYPASS,RUNNING
516,10.32,1,-5.5999999999999996,-11.101999999999997,2.7999999999999998,5.5999999999999996,-11.101999999999997,2.7999999999999998,BYPASS,BYPASS,RUNNING
516,10.32,1,-5.5999999999999996,-11.101999999999997,2.7999999999999998,5.5999999999999996,-11.101999999999997,2.7999999999999998,BYPASS,BYPASS,RUNNING
516,10.32,1,-5.5999999999999996,-11.101999999999997,2.7999999999999998,5.5999999999999996,-11.101999999999997,2.7999999999999998,BYPASS,BYPASS,RUNNING
516,10.32,1,-5.5999999999999996,-11.101999999999997,2.7999999999999998,5.5999999999999996,-11.101999999999997,2.7999999999999998,BYPASS,BYPASS,RUNNING
516,10.32,1,-5.5999999999999996,-11.101999999999997,2.7999999999999998,5.5999999999999996,-11.101999999999997,2.7999999999999998,BYPASS,BYPASS,RUNNING
516,10.32,1,-5.5999999999999996,-11.101999999999997,2.7999999999999998,5.5999999999999996,-11.101999999999997,2.7999999999999998,BYPASS,BYPASS,RUNNING
516,10.32,1,-5.5999999999999996,-11.101999999999997,2.7999999999999998,5.5999999999999996,-11.101999999999997,2.7999999999999998,BYPASS,BYPASS,RUNNING
516,10.32,1,-5.5999999999999996,-11.101999999999997,2.7999999999999998,5.5999999999999996,-11.101999999999997,2.7999999999999998,BYPASS,BYPASS,RUNNING
516,10.32,1,-5.5999999999999996,-11.101999999999997,2.7999999999999998,5.5999999999999996,-11.101999999999997,2.7999999999999998,BYPASS,BYPASS,RUNNING
516,10.32,1,-5.5999999999999996,-11.101999999999997,2.7999999999999998,5.5999999999999996,-11.101999999999997,2.7999999999999998,BYPASS,BYPASS,RUNNING
516,10.32,1,-5.5999999999999996,-11.101999999999997,2.7999999999999998,5.5999999999999996,-11.101999999999997,2.7999999999999998,BYPASS,BYPASS,RUNNING
516,10.32,1,-5.5999999999999996,-11.101999999999997,2.7999999999999998,5.5999999999999996,-11.101999999999997,2.7999999999999998,BYPASS,BYPASS,RUNNING
516,10.32,1,-5.5999999999999996,-11.101999999999997,2.7999999999999998,5.5999999999999996,-11.101999999999997,2.7999999999999998,BYPASS,BYPASS,RUNNING
516,10.32,1,-5.5999999999999996,-11.101999999999997,2.7999999999999998,5.5999999999999996,-11.101999999999997,2.7999999999999998,BYPASS,BYPASS,RUNNING
516,10.32,1,-5.5999999999999996,-11.101999999999997,2.7999999999999998,5.5999999999999996,-11.101999999999997,2.7999999999999998,BYPASS,BYPASS,RUNNING
516,10.32,1,-5.5999999999999996,-11.101999999999997,2.7999999999999998,5.5999999999999996,-11.101999999999997,2.7999999999999998,BYPASS,BYPASS,RUNNING
516,10.32,1,-5.5999999999999996,-11.101999999999997,2.7999999999999998,5.5999999999999996,-11.101999999999997,2.7999999999999998,BYPASS,BYPASS,RUNNING
516,10.32,1,-5.5999999999999996,-11.101999999999997,2.7999999999999998,5.5999999999999996,-11.101999999999997,2.7999999999999998,BYPASS,BYPASS,RUNNING
516,10.32,1,-5.5999999999999996,-11.101999999999997,2.7999999999999998,5.5999999999999996,-11.101999999999997,2.7999999999999998,BYPASS,BYPASS,RUNNING
516,10.32,1,-5.5999999999999996,-11.101999999999997,2.7999999999999998,5.5999999999999996,-11.101999999999997,2.7999999999999998,BYPASS,BYPASS,RUNNING
516,10.32,1,-5.5999999999999996,-11.101999999999997,2.7999999999999998,5.5999999999999996,-11.101999999999997,2.7999999999999998,BYPASS,BYPASS,RUNNING
516,10.32,1,-5.5999999999999996,-11.101999999999997,2.7999999999999998,5.5999999999999996,-11.101999999999997,2.7999999999999998,BYPASS,BYPASS,RUNNING
516,10.32,1,-5.5999999999999996,-11.101999999999997,2.7999999999999998,5.5999999999999996,-11.101999999999997,2.7999999999999998,BYPASS,BYPASS,RUNNING
516,10.32,1,-5.5999999999999996,-11.101999999999997,2.7999999999999998,5.5999999999999996,-11.101999999999997,2.7999999999999998,BYPASS,BYPASS,RUNNING
516,10.32,1,-5.5999999999999996,-11.101999999999997,2.7999999999999998,5.5999999999999996,-11.101999999999997,2.7999999999999998,BYPASS,BYPASS,RUNNING
516,10.32,1,-5.5999999999999996,-11.101999999999997,2.7999999999999998,5.5999999999999996,-11.101999999999997,2.7999999999999998,BYPASS,BYPASS,RUNNING
516,10.32,1,-5.5999999999999996,-11.101999999999997,2.7999999999999998,5.5999999999999996,-11.101999999999997,2.7999999999999998,BYPASS,BYPASS,RUNNING
516,10.32,1,-5.5999999999999996,-11.101999999999997,2.7999999999999998,5.5999999999999996,-11.101999999999997,2.7999999999999998,BYPASS,BYPASS,RUNNING
516,10.32,1,-5.5999999999999996,-11.101999999999997,2.7999999999999998,5.5999999999999996,-11.101999999999997,2.7999999999999998,BYPASS,BYPASS,RUNNING
516,10.32,1,-5.5999999999999996,-11.101999999999997,2.7999999999999998,5.5999999999999996,-11.101999999999997,2.7999999999999998,BYPASS,BYPASS,RUNNING
516,10.32,1,-5.5999999999999996,-11.101999999999997,2.7999999999999998,5.5999999999999996,-11.101999999999997,2.7999999999999998,BYPASS,BYPASS,RUNNING
516,10.32,1,-5.5999999999999996,-11.101999999999997,2.7999999999999998,5.5999999999999996,-11.101999999999997,2.7999999999999998,BYPASS,BYPASS,RUNNING
516,10.32,1,-5.5999999999999996,-11.101999999999997,2.7999999999999998,5.5999999999999996,-11.101999999999997,2.7999999999999998,BYPASS,BYPASS,RUNNING
516,10.32,1,-5.5999999999999996,-11.101999999999997,2.7999999999999998,5.5999999999999996,-11.101999999999997,2.7999999999999998,BYPASS,BYPASS,RUNNING
516,10.32,1,-5.5999999999999996,-11.101999999999997,2.7999999999999998,5.5999999999999996,-11.101999999999997,2.7999999999999998,BYPASS,BYPASS,RUNNING
516,10.32,1,-5.5999999999999996,-11.101999999999997,2.7999999999999998,5.5999999999999996,-11.101999999999997,2.7999999999999998,BYPASS,BYPASS,RUNNING
516,10.32,1,-5.5999999999999996,-11.101999999999997,2.7999999999999998,5.5999999999999996,-11.101999999999997,2.7999999999999998,BYPASS,BYPASS,RUNNING
516,10.32,1,-5.5999999999999996,-11.101999999999997,2.7999999999999998,5.5999999999999996,-11.101999999999997,2.7999999999999998,BYPASS,BYPASS,RUNNING
516,10.32,1,-5.5999999999999996,-11.101999999999997,2.7999999999999998,5.5999999999999996,-11.101999999999997,2.7999999999999998,BYPASS,BYPASS,RUNNING
516,10.32,1,-5.5999999999999996,-11.101999999999997,2.7999999999999998,5.5999999999999996,-11.101999999999997,2.7999999999999998,BYPASS,BYPASS,RUNNING
516,10.32,1,-5.5999999999999996,-11.101999999999997,2.7999999999999998,5.5999999999999996,-11.101999999999997,2.7999999999999998,BYPASS,BYPASS,RUNNING
516,10.32,1,-5.5999999999999996,-11.101999999999997,2.7999999999999998,5.5999999999999996,-11.101999999999997,2.7999999999999998,BYPASS,BYPASS,RUNNING
516,10.32,1,-5.5999999999999996,-11.101999999999997,2.7999999999999998,5.5999999999999996,-11.101999999999997,2.7999999999999998,BYPASS,BYPASS,RUNNING
516,10.32,1,-5.5999999999999996,-11.101999999999997,2.7999999999999998,5.5999999999999996,-11.101999999999997,2.7999999999999998,BYPASS,BYPASS,RUNNING
516,10.32,1,-5.5999999999999996,-11.101999999999997,2.7999999999999998,5.5999999999999996,-11.101999999999997,2.7999999999999998,BYPASS,BYPASS,RUNNING
516,10.32,1,-5.5999999999999996,-11.101999999999997,2.7999999999999998,5.5999999999999996,-11.101999999999997,2.7999999999999998,BYPASS,BYPASS,RUNNING
516,10.32,1,-5.5999999999999996,-11.101999999999997,2.7999999999999998,5.5999999999999996,-11.101999999999997,2.7999999999999998,BYPASS,BYPASS,RUNNING
516,10.32,1,-5.5999999999999996,-11.101999999999997,2.7999999999999998,5.5999999999999996,-11.101999999999997,2.7999999999999998,BYPASS,BYPASS,RUNNING
516,10.32,1,-5.5999999999999996,-11.101999999999997,2.7999999999999998,5.5999999999999996,-11.101999999999997,2.7999999999999998,BYPASS,BYPASS,RUNNING
516,10.32,1,-5.5999999999999996,-11.101999999999997,2.7999999999999998,5.5999999999999996,-11.101999999999997,2.7999999999999998,BYPASS,BYPASS,RUNNING
516,10.32,1,-5.5999999999999996,-11.101999999999997,2.7999999999999998,5.5999999999999996,-11.101999999999997,2.7999999999999998,BYPASS,BYPASS,RUNNING
516,10.32,1,-5.5999999999999996,-11.101999999999997,2.7999999999999998,5.5999999999999996,-11.101999999999997,2.7999999999999998,BYPASS,BYPASS,RUNNING
516,10.32,1,-5.5999999999999996,-11.101999999999997,2.7999999999999998,5.5999999999999996,-11.101999999999997,2.7999999999999998,BYPASS,BYPASS,RUNNING
516,10.32,1,-5.5999999999999996,-11.101999999999997,2.7999999999999998,5.5999999999999996,-11.101999999999997,2.7999999999999998,BYPASS,BYPASS,RUNNING
516,10.32,1,-5.5999999999999996,-11.101999999999997,2.7999999999999998,5.5999999999999996,-11.101999999999997,2.7999999999999998,BYPASS,BYPASS,RUNNING
516,10.32,1,-5.5999999999999996,-11.101999999999997,2.7999999999999998,5.5999999999999996,-11.101999999999997,2.7999999999999998,BYPASS,BYPASS,RUNNING
516,10.32,1,-5.5999999999999996,-11.101999999999997,2.7999999999999998,5.5999999999999996,-11.101999999999997,2.7999999999999998,BYPASS,BYPASS,RUNNING
516,10.32,1,-5.5999999999999996,-11.101999999999997,2.7999999999999998,5.5999999999999996,-11.101999999999997,2.7999999999999998,BYPASS,BYPASS,RUNNING
516,10.32,1,-5.5999999999999996,-11.101999999999997,2.7999999999999998,5.5999999999999996,-11.101999999999997,2.7999999999999998,BYPASS,BYPASS,RUNNING
516,10.32,1,-5.5999999999999996,-11.101999999999997,2.7999999999999998,5.5999999999999996,-11.101999999999997,2.7999999999999998,BYPASS,BYPASS,RUNNING
516,10.32,1,-5.5999999999999996,-11.101999999999997,2.7999999999999998,5.5999999999999996,-11.101999999999997,2.7999999999999998,BYPASS,BYPASS,RUNNING
516,10.32,1,-5.5999999999999996,-11.101999999999997,2.7999999999999998,5.5999999999999996,-11.101999999999997,2.7999999999999998,BYPASS,BYPASS,RUNNING
516,10.32,1,-5.5999999999999996,-11.101999999999997,2.7999999999999998,5.5999999999999996,-11.101999999999997,2.7999999999999998,BYPASS,BYPASS,RUNNING
516,10.32,1,-5.5999999999999996,-11.101999999999997,2.7999999999999998,5.5999999999999996,-11.101999999999997,2.7999999999999998,BYPASS,BYPASS,RUNNING
516,10.32,1,-5.5999999999999996,-11.101999999999997,2.7999999999999998,5.5999999999999996,-11.101999999999997,2.7999999999999998,BYPASS,BYPASS,RUNNING
516,10.32,1,-5.5999999999999996,-11.101999999999997,2.7999999999999998,5.5999999999999996,-11.101999999999997,2.7999999999999998,BYPASS,BYPASS,RUNNING
516,10.32,1,-5.5999999999999996,-11.101999999999997,2.7999999999999998,5.5999999999999996,-11.101999999999997,2.7999999999999998,BYPASS,BYPASS,RUNNING
516,10.32,1,-5.5999999999999996,-11.101999999999997,2.7999999999999998,5.5999999999999996,-11.101999999999997,2.7999999999999998,BYPASS,BYPASS,RUNNING
516,10.32,1,-5.5999999999999996,-11.101999999999997,2.7999999999999998,5.5999999999999996,-11.101999999999997,2.7999999999999998,BYPASS,BYPASS,RUNNING
516,10.32,1,-5.5999999999999996,-11.101999999999997,2.7999999999999998,5.5999999999999996,-11.101999999999997,2.7999999999999998,BYPASS,BYPASS,RUNNING
516,10.32,1,-5.5999999999999996,-11.101999999999997,2.7999999999999998,5.5999999999999996,-11.101999999999997,2.7999999999999998,BYPASS,BYPASS,RUNNING
516,10.32,1,-5.5999999999999996,-11.101999999999997,2.7999999999999998,5.5999999999999996,-11.101999999999997,2.7999999999999998,BYPASS,BYPASS,RUNNING
516,10.32,1,-5.5999999999999996,-11.101999999999997,2.7999999999999998,5.5999999999999996,-11.101999999999997,2.7999999999999998,BYPASS,BYPASS,RUNNING
516,10.32,1,-5.5999999999999996,-11.101999999999997,2.7999999999999998,5.5999999999999996,-11.101999999999997,2.7999999999999998,BYPASS,BYPASS,RUNNING
516,10.32,1,-5.5999999999999996,-11.101999999999997,2.7999999999999998,5.5999999999999996,-11.101999999999997,2.7999999999999998,BYPASS,BYPASS,RUNNING
516,10.32,1,-5.5999999999999996,-11.101999999999997,2.7999999999999998,5.5999999999999996,-11.101999999999997,2.7999999999999998,BYPASS,BYPASS,RUNNING
516,10.32,1,-5.5999999999999996,-11.101999999999997,2.7999999999999998,5.5999999999999996,-11.101999999999997,2.7999999999999998,BYPASS,BYPASS,RUNNING
516,10.32,1,-5.5999999999999996,-11.101999999999997,2.7999999999999998,5.5999999999999996,-11.101999999999997,2.7999999999999998,BYPASS,BYPASS,RUNNING
516,10.32,1,-5.5999999999999996,-11.101999999999997,2.7999999999999998,5.5999999999999996,-11.101999999999997,2.7999999999999998,BYPASS,BYPASS,RUNNING
516,10.32,1,-5.5999999999999996,-11.101999999999997,2.7999999999999998,5.5999999999999996,-11.101999999999997,2.7999999999999998,BYPASS,BYPASS,RUNNING
516,10.32,1,-5.5999999999999996,-11.101999999999997,2.7999999999999998,5.5999999999999996,-11.101999999999997,2.7999999999999998,BYPASS,BYPASS,RUNNING
516,10.32,1,-5.5999999999999996,-11.101999999999997,2.7999999999999998,5.5999999999999996,-11.101999999999997,2.7999999999999998,BYPASS,BYPASS,RUNNING
516,10.32,1,-5.5999999999999996,-11.101999999999997,2.7999999999999998,5.5999999999999996,-11.101999999999997,2.7999999999999998,BYPASS,BYPASS,RUNNING
516,10.32,1,-5.5999999999999996,-11.101999999999997,2.7999999999999998,5.5999999999999996,-11.101999999999997,2.7999999999999998,BYPASS,BYPASS,RUNNING
516,10.32,1,-5.5999999999999996,-11.101999999999997,2.7999999999999998,5.5999999999999996,-11.101999999999997,2.7999999999999998,BYPASS,BYPASS,RUNNING
516,10.32,1,-5.5999999999999996,-11.101999999999997,2.7999999999999998,5.5999999999999996,-11.101999999999997,2.7999999999999998,BYPASS,BYPASS,RUNNING
516,10.32,1,-5.5999999999999996,-11.101999999999997,2.7999999999999998,5.5999999999999996,-11.101999999999997,2.7999999999999998,BYPASS,BYPASS,RUNNING
516,10.32,1,-5.5999999999999996,-11.101999999999997,2.7999999999999998,5.5999999999999996,-11.101999999999997,2.7999999999999998,BYPASS,BYPASS,RUNNING
516,10.32,1,-5.5999999999999996,-11.101999999999997,2.7999999999999998,5.5999999999999996,-11.101999999999997,2.7999999999999998,BYPASS,BYPASS,RUNNING
516,10.32,1,-5.5999999999999996,-11.101999999999997,2.7999999999999998,5.5999999999999996,-11.101999999999997,2.7999999999999998,BYPASS,BYPASS,RUNNING
516,10.32,1,-5.5999999999999996,-11.101999999999997,2.7999999999999998,5.5999999999999996,-11.101999999999997,2.7999999999999998,BYPASS,BYPASS,RUNNING
516,10.32,1,-5.5999999999999996,-11.101999999999997,2.7999999999999998,5.5999999999999996,-11.101999999999997,2.7999999999999998,BYPASS,BYPASS,RUNNING
516,10.32,1,-5.5999999999999996,-11.101999999999997,2.7999999999999998,5.5999999999999996,-11.101999999999997,2.7999999999999998,BYPASS,BYPASS,RUNNING
516,10.32,1,-5.5999999999999996,-11.101999999999997,2.7999999999999998,5.5999999999999996,-11.101999999999997,2.7999999999999998,BYPASS,BYPASS,RUNNING
516,10.32,1,-5.5999999999999996,-11.101999999999997,2.7999999999999998,5.5999999999999996,-11.101999999999997,2.7999999999999998,BYPASS,BYPASS,RUNNING
516,10.32,1,-5.5999999999999996,-11.101999999999997,2.7999999999999998,5.5999999999999996,-11.101999999999997,2.7999999999999998,BYPASS,BYPASS,RUNNING
516,10.32,1,-5.5999999999999996,-11.101999999999997,2.7999999999999998,5.5999999999999996,-11.101999999999997,2.7999999999999998,BYPASS,BYPASS,RUNNING
516,10.32,1,-5.5999999999999996,-11.101999999999997,2.7999999999999998,5.5999999999999996,-11.101999999999997,2.7999999999999998,BYPASS,BYPASS,RUNNING
516,10.32,1,-5.5999999999999996,-11.101999999999997,2.7999999999999998,5.5999999999999996,-11.101999999999997,2.7999999999999998,BYPASS,BYPASS,RUNNING
516,10.32,1,-5.5999999999999996,-11.101999999999997,2.7999999999999998,5.5999999999999996,-11.101999999999997,2.7999999999999998,BYPASS,BYPASS,RUNNING
516,10.32,1,-5.5999999999999996,-11.101999999999997,2.7999999999999998,5.5999999999999996,-11.101999999999997,2.7999999999999998,BYPASS,BYPASS,RUNNING
516,10.32,1,-5.5999999999999996,-11.101999999999997,2.7999999999999998,5.5999999999999996,-11.101999999999997,2.7999999999999998,BYPASS,BYPASS,RUNNING
516,10.32,1,-5.5999999999999996,-11.101999999999997,2.7999999999999998,5.5999999999999996,-11.101999999999997,2.7999999999999998,BYPASS,BYPASS,RUNNING
516,10.32,1,-5.5999999999999996,-11.101999999999997,2.7999999999999998,5.5999999999999996,-11.101999999999997,2.7999999999999998,BYPASS,BYPASS,RUNNING
516,10.32,1,-5.5999999999999996,-11.101999999999997,2.7999999999999998,5.5999999999999996,-11.101999999999997,2.7999999999999998,BYPASS,BYPASS,RUNNING
516,10.32,1,-5.5999999999999996,-11.101999999999997,2.7999999999999998,5.5999999999999996,-11.101999999999997,2.7999999999999998,BYPASS,BYPASS,RUNNING
516,10.32,1,-5.5999999999999996,-11.101999999999997,2.7999999999999998,5.5999999999999996,-11.101999999999997,2.7999999999999998,BYPASS,BYPASS,RUNNING
516,10.32,1,-5.5999999999999996,-11.101999999999997,2.7999999999999998,5.5999999999999996,-11.101999999999997,2.7999999999999998,BYPASS,BYPASS,RUNNING
516,10.32,1,-5.5999999999999996,-11.101999999999997,2.7999999999999998,5.5999999999999996,-11.101999999999997,2.7999999999999998,BYPASS,BYPASS,RUNNING
516,10.32,1,-5.5999999999999996,-11.101999999999997,2.7999999999999998,5.5999999999999996,-11.101999999999997,2.7999999999999998,BYPASS,BYPASS,RUNNING
516,10.32,1,-5.5999999999999996,-11.101999999999997,2.7999999999999998,5.5999999999999996,-11.101999999999997,2.7999999999999998,BYPASS,BYPASS,RUNNING
516,10.32,1,-5.5999999999999996,-11.101999999999997,2.7999999999999998,5.5999999999999996,-11.101999999999997,2.7999999999999998,BYPASS,BYPASS,RUNNING
516,10.32,1,-5.5999999999999996,-11.101999999999997,2.7999999999999998,5.5999999999999996,-11.101999999999997,2.7999999999999998,BYPASS,BYPASS,RUNNING
516,10.32,1,-5.5999999999999996,-11.101999999999997,2.7999999999999998,5.5999999999999996,-11.101999999999997,2.7999999999999998,BYPASS,BYPASS,RUNNING
516,10.32,1,-5.5999999999999996,-11.101999999999997,2.7999999999999998,5.5999999999999996,-11.101999999999997,2.7999999999999998,BYPASS,BYPASS,RUNNING
516,10.32,1,-5.5999999999999996,-11.101999999999997,2.7999999999999998,5.5999999999999996,-11.101999999999997,2.7999999999999998,BYPASS,BYPASS,RUNNING
516,10.32,1,-5.5999999999999996,-11.101999999999997,2.7999999999999998,5.5999999999999996,-11.101999999999997,2.7999999999999998,BYPASS,BYPASS,RUNNING
516,10.32,1,-5.5999999999999996,-11.101999999999997,2.7999999999999998,5.5999999999999996,-11.101999999999997,2.7999999999999998,BYPASS,BYPASS,RUNNING
516,10.32,1,-5.5999999999999996,-11.101999999999997,2.7999999999999998,5.5999999999999996,-11.101999999999997,2.7999999999999998,BYPASS,BYPASS,RUNNING
516,10.32,1,-5.5999999999999996,-11.101999999999997,2.7999999999999998,5.5999999999999996,-11.101999999999997,2.7999999999999998,BYPASS,BYPASS,RUNNING
516,10.32,1,-5.5999999999999996,-11.101999999999997,2.7999999999999998,5.5999999999999996,-11.101999999999997,2.7999999999999998,BYPASS,BYPASS,RUNNING
516,10.32,1,-5.5999999999999996,-11.101999999999997,2.7999999999999998,5.5999999999999996,-11.101999999999997,2.7999999999999998,BYPASS,BYPASS,RUNNING
516,10.32,1,-5.5999999999999996,-11.101999999999997,2.7999999999999998,5.5999999999999996,-11.101999999999997,2.7999999999999998,BYPASS,BYPASS,RUNNING
516,10.32,1,-5.5999999999999996,-11.101999999999997,2.7999999999999998,5.5999999999999996,-11.101999999999997,2.7999999999999998,BYPASS,BYPASS,RUNNING
516,10.32,1,-5.5999999999999996,-11.101999999999997,2.7999999999999998,5.5999999999999996,-11.101999999999997,2.7999999999999998,BYPASS,BYPASS,RUNNING
516,10.32,1,-5.5999999999999996,-11.101999999999997,2.7999999999999998,5.5999999999999996,-11.101999999999997,2.7999999999999998,BYPASS,BYPASS,RUNNING
516,10.32,1,-5.5999999999999996,-11.101999999999997,2.7999999999999998,5.5999999999999996,-11.101999999999997,2.7999999999999998,BYPASS,BYPASS,RUNNING
516,10.32,1,-5.5999999999999996,-11.101999999999997,2.7999999999999998,5.5999999999999996,-11.101999999999997,2.7999999999999998,BYPASS,BYPASS,RUNNING
516,10.32,1,-5.5999999999999996,-11.101999999999997,2.7999999999999998,5.5999999999999996,-11.101999999999997,2.7999999999999998,BYPASS,BYPASS,RUNNING
516,10.32,1,-5.5999999999999996,-11.101999999999997,2.7999999999999998,5.5999999999999996,-11.101999999999997,2.7999999999999998,BYPASS,BYPASS,RUNNING
516,10.32,1,-5.5999999999999996,-11.101999999999997,2.7999999999999998,5.5999999999999996,-11.101999999999997,2.7999999999999998,BYPASS,BYPASS,RUNNING
516,10.32,1,-5.5999999999999996,-11.101999999999997,2.7999999999999998,5.5999999999999996,-11.101999999999997,2.7999999999999998,BYPASS,BYPASS,RUNNING
516,10.32,1,-5.5999999999999996,-11.101999999999997,2.7999999999999998,5.5999999999999996,-11.101999999999997,2.7999999999999998,BYPASS,BYPASS,RUNNING
516,10.32,1,-5.5999999999999996,-11.101999999999997,2.7999999999999998,5.5999999999999996,-11.101999999999997,2.7999999999999998,BYPASS,BYPASS,RUNNING
516,10.32,1,-5.5999999999999996,-11.101999999999997,2.7999999999999998,5.5999999999999996,-11.101999999999997,2.7999999999999998,BYPASS,BYPASS,RUNNING
516,10.32,1,-5.5999999999999996,-11.101999999999997,2.7999999999999998,5.5999999999999996,-11.101999999999997,2.7999999999999998,BYPASS,BYPASS,RUNNING
516,10.32,1,-5.5999999999999996,-11.101999999999997,2.7999999999999998,5.5999999999999996,-11.101999999999997,2.7999999999999998,BYPASS,BYPASS,RUNNING
516,10.32,1,-5.5999999999999996,-11.101999999999997,2.7999999999999998,5.5999999999999996,-11.101999999999997,2.7999999999999998,BYPASS,BYPASS,RUNNING
516,10.32,1,-5.5999999999999996,-11.101999999999997,2.7999999999999998,5.5999999999999996,-11.101999999999997,2.7999999999999998,BYPASS,BYPASS,RUNNING
516,10.32,1,-5.5999999999999996,-11.101999999999997,2.7999999999999998,5.5999999999999996,-11.101999999999997,2.7999999999999998,BYPASS,BYPASS,RUNNING
516,10.32,1,-5.5999999999999996,-11.101999999999997,2.7999999999999998,5.5999999999999996,-11.101999999999997,2.7999999999999998,BYPASS,BYPASS,RUNNING
516,10.32,1,-5.5999999999999996,-11.101999999999997,2.7999999999999998,5.5999999999999996,-11.101999999999997,2.7999999999999998,BYPASS,BYPASS,RUNNING
516,10.32,1,-5.5999999999999996,-11.101999999999997,2.7999999999999998,5.5999999999999996,-11.101999999999997,2.7999999999999998,BYPASS,BYPASS,RUNNING
516,10.32,1,-5.5999999999999996,-11.101999999999997,2.7999999999999998,5.5999999999999996,-11.101999999999997,2.7999999999999998,BYPASS,BYPASS,RUNNING
516,10.32,1,-5.5999999999999996,-11.101999999999997,2.7999999999999998,5.5999999999999996,-11.101999999999997,2.7999999999999998,BYPASS,BYPASS,RUNNING
516,10.32,1,-5.5999999999999996,-11.101999999999997,2.7999999999999998,5.5999999999999996,-11.101999999999997,2.7999999999999998,BYPASS,BYPASS,RUNNING
516,10.32,1,-5.5999999999999996,-11.101999999999997,2.7999999999999998,5.5999999999999996,-11.101999999999997,2.7999999999999998,BYPASS,BYPASS,RUNNING
516,10.32,1,-5.5999999999999996,-11.101999999999997,2.7999999999999998,5.5999999999999996,-11.101999999999997,2.7999999999999998,BYPASS,BYPASS,RUNNING
516,10.32,1,-5.5999999999999996,-11.101999999999997,2.7999999999999998,5.5999999999999996,-11.101999999999997,2.7999999999999998,BYPASS,BYPASS,RUNNING
516,10.32,1,-5.5999999999999996,-11.101999999999997,2.7999999999999998,5.5999999999999996,-11.101999999999997,2.7999999999999998,BYPASS,BYPASS,RUNNING
516,10.32,1,-5.5999999999999996,-11.101999999999997,2.7999999999999998,5.5999999999999996,-11.101999999999997,2.7999999999999998,BYPASS,BYPASS,RUNNING
516,10.32,1,-5.5999999999999996,-11.101999999999997,2.7999999999999998,5.5999999999999996,-11.101999999999997,2.7999999999999998,BYPASS,BYPASS,RUNNING
516,10.32,1,-5.5999999999999996,-11.101999999999997,2.7999999999999998,5.5999999999999996,-11.101999999999997,2.7999999999999998,BYPASS,BYPASS,RUNNING
516,10.32,1,-5.5999999999999996,-11.101999999999997,2.7999999999999998,5.5999999999999996,-11.101999999999997,2.7999999999999998,BYPASS,BYPASS,RUNNING
516,10.32,1,-5.5999999999999996,-11.101999999999997,2.7999999999999998,5.5999999999999996,-11.101999999999997,2.7999999999999998,BYPASS,BYPASS,RUNNING
516,10.32,1,-5.5999999999999996,-11.101999999999997,2.7999999999999998,5.5999999999999996,-11.101999999999997,2.7999999999999998,BYPASS,BYPASS,RUNNING
516,10.32,1,-5.5999999999999996,-11.101999999999997,2.7999999999999998,5.5999999999999996,-11.101999999999997,2.7999999999999998,BYPASS,BYPASS,RUNNING
516,10.32,1,-5.5999999999999996,-11.101999999999997,2.7999999999999998,5.5999999999999996,-11.101999999999997,2.7999999999999998,BYPASS,BYPASS,RUNNING
516,10.32,1,-5.5999999999999996,-11.101999999999997,2.7999999999999998,5.5999999999999996,-11.101999999999997,2.7999999999999998,BYPASS,BYPASS,RUNNING
516,10.32,1,-5.5999999999999996,-11.101999999999997,2.7999999999999998,5.5999999999999996,-11.101999999999997,2.7999999999999998,BYPASS,BYPASS,RUNNING
516,10.32,1,-5.5999999999999996,-11.101999999999997,2.7999999999999998,5.5999999999999996,-11.101999999999997,2.7999999999999998,BYPASS,BYPASS,RUNNING
516,10.32,1,-5.5999999999999996,-11.101999999999997,2.7999999999999998,5.5999999999999996,-11.101999999999997,2.7999999999999998,BYPASS,BYPASS,RUNNING
516,10.32,1,-5.5999999999999996,-11.101999999999997,2.7999999999999998,5.5999999999999996,-11.101999999999997,2.7999999999999998,BYPASS,BYPASS,RUNNING
516,10.32,1,-5.5999999999999996,-11.101999999999997,2.7999999999999998,5.5999999999999996,-11.101999999999997,2.7999999999999998,BYPASS,BYPASS,RUNNING
516,10.32,1,-5.5999999999999996,-11.101999999999997,2.7999999999999998,5.5999999999999996,-11.101999999999997,2.7999999999999998,BYPASS,BYPASS,RUNNING
516,10.32,1,-5.5999999999999996,-11.101999999999997,2.7999999999999998,5.5999999999999996,-11.101999999999997,2.7999999999999998,BYPASS,BYPASS,RUNNING
516,10.32,1,-5.5999999999999996,-11.101999999999997,2.7999999999999998,5.5999999999999996,-11.101999999999997,2.7999999999999998,BYPASS,BYPASS,RUNNING
516,10.32,1,-5.5999999999999996,-11.101999999999997,2.7999999999999998,5.5999999999999996,-11.101999999999997,2.7999999999999998,BYPASS,BYPASS,RUNNING
516,10.32,1,-5.5999999999999996,-11.101999999999997,2.7999999999999998,5.5999999999999996,-11.101999999999997,2.7999999999999998,BYPASS,BYPASS,RUNNING
516,10.32,1,-5.5999999999999996,-11.101999999999997,2.7999999999999998,5.5999999999999996,-11.101999999999997,2.7999999999999998,BYPASS,BYPASS,RUNNING
516,10.32,1,-5.5999999999999996,-11.101999999999997,2.7999999999999998,5.5999999999999996,-11.101999999999997,2.7999999999999998,BYPASS,BYPASS,RUNNING
516,10.32,1,-5.5999999999999996,-11.101999999999997,2.7999999999999998,5.5999999999999996,-11.101999999999997,2.7999999999999998,BYPASS,BYPASS,RUNNING
516,10.32,1,-5.5999999999999996,-11.101999999999997,2.7999999999999998,5.5999999999999996,-11.101999999999997,2.7999999999999998,BYPASS,BYPASS,RUNNING
516,10.32,1,-5.5999999999999996,-11.101999999999997,2.7999999999999998,5.5999999999999996,-11.101999999999997,2.7999999999999998,BYPASS,BYPASS,RUNNING
516,10.32,1,-5.5999999999999996,-11.101999999999997,2.7999999999999998,5.5999999999999996,-11.101999999999997,2.7999999999999998,BYPASS,BYPASS,RUNNING
516,10.32,1,-5.5999999999999996,-11.101999999999997,2.7999999999999998,5.5999999999999996,-11.101999999999997,2.7999999999999998,BYPASS,BYPASS,RUNNING
516,10.32,1,-5.5999999999999996,-11.101999999999997,2.7999999999999998,5.5999999999999996,-11.101999999999997,2.7999999999999998,BYPASS,BYPASS,RUNNING
516,10.32,1,-5.5999999999999996,-11.101999999999997,2.7999999999999998,5.5999999999999996,-11.101999999999997,2.7999999999999998,BYPASS,BYPASS,RUNNING
516,10.32,1,-5.5999999999999996,-11.101999999999997,2.7999999999999998,5.5999999999999996,-11.101999999999997,2.7999999999999998,BYPASS,BYPASS,RUNNING
516,10.32,1,-5.5999999999999996,-11.101999999999997,2.7999999999999998,5.5999999999999996,-11.101999999999997,2.7999999999999998,BYPASS,BYPASS,RUNNING
516,10.32,1,-5.5999999999999996,-11.101999999999997,2.7999999999999998,5.5999999999999996,-11.101999999999997,2.7999999999999998,BYPASS,BYPASS,RUNNING
516,10.32,1,-5.5999999999999996,-11.101999999999997,2.7999999999999998,5.5999999999999996,-11.101999999999997,2.7999999999999998,BYPASS,BYPASS,RUNNING
516,10.32,1,-5.5999999999999996,-11.101999999999997,2.7999999999999998,5.5999999999999996,-11.101999999999997,2.7999999999999998,BYPASS,BYPASS,RUNNING
516,10.32,1,-5.5999999999999996,-11.101999999999997,2.7999999999999998,5.5999999999999996,-11.101999999999997,2.7999999999999998,BYPASS,BYPASS,RUNNING
516,10.32,1,-5.5999999999999996,-11.101999999999997,2.7999999999999998,5.5999999999999996,-11.101999999999997,2.7999999999999998,BYPASS,BYPASS,RUNNING
516,10.32,1,-5.5999999999999996,-11.101999999999997,2.7999999999999998,5.5999999999999996,-11.101999999999997,2.7999999999999998,BYPASS,BYPASS,RUNNING
516,10.32,1,-5.5999999999999996,-11.101999999999997,2.7999999999999998,5.5999999999999996,-11.101999999999997,2.7999999999999998,BYPASS,BYPASS,RUNNING
516,10.32,1,-5.5999999999999996,-11.101999999999997,2.7999999999999998,5.5999999999999996,-11.101999999999997,2.7999999999999998,BYPASS,BYPASS,RUNNING
516,10.32,1,-5.5999999999999996,-11.101999999999997,2.7999999999999998,5.5999999999999996,-11.101999999999997,2.7999999999999998,BYPASS,BYPASS,RUNNING
516,10.32,1,-5.5999999999999996,-11.101999999999997,2.7999999999999998,5.5999999999999996,-11.101999999999997,2.7999999999999998,BYPASS,BYPASS,RUNNING
516,10.32,1,-5.5999999999999996,-11.101999999999997,2.7999999999999998,5.5999999999999996,-11.101999999999997,2.7999999999999998,BYPASS,BYPASS,RUNNING
516,10.32,1,-5.5999999999999996,-11.101999999999997,2.7999999999999998,5.5999999999999996,-11.101999999999997,2.7999999999999998,BYPASS,BYPASS,RUNNING
516,10.32,1,-5.5999999999999996,-11.101999999999997,2.7999999999999998,5.5999999999999996,-11.101999999999997,2.7999999999999998,BYPASS,BYPASS,RUNNING
516,10.32,1,-5.5999999999999996,-11.101999999999997,2.7999999999999998,5.5999999999999996,-11.101999999999997,2.7999999999999998,BYPASS,BYPASS,RUNNING
516,10.32,1,-5.5999999999999996,-11.101999999999997,2.7999999999999998,5.5999999999999996,-11.101999999999997,2.7999999999999998,BYPASS,BYPASS,RUNNING
516,10.32,1,-5.5999999999999996,-11.101999999999997,2.7999999999999998,5.5999999999999996,-11.101999999999997,2.7999999999999998,BYPASS,BYPASS,RUNNING
516,10.32,1,-5.5999999999999996,-11.101999999999997,2.7999999999999998,5.5999999999999996,-11.101999999999997,2.7999999999999998,BYPASS,BYPASS,RUNNING
516,10.32,1,-5.5999999999999996,-11.101999999999997,2.7999999999999998,5.5999999999999996,-11.101999999999997,2.7999999999999998,BYPASS,BYPASS,RUNNING
516,10.32,1,-5.5999999999999996,-11.101999999999997,2.7999999999999998,5.5999999999999996,-11.101999999999997,2.7999999999999998,BYPASS,BYPASS,RUNNING
516,10.32,1,-5.5999999999999996,-11.101999999999997,2.7999999999999998,5.5999999999999996,-11.101999999999997,2.7999999999999998,BYPASS,BYPASS,RUNNING
516,10.32,1,-5.5999999999999996,-11.101999999999997,2.7999999999999998,5.5999999999999996,-11.101999999999997,2.7999999999999998,BYPASS,BYPASS,RUNNING
516,10.32,1,-5.5999999999999996,-11.101999999999997,2.7999999999999998,5.5999999999999996,-11.101999999999997,2.7999999999999998,BYPASS,BYPASS,RUNNING
516,10.32,1,-5.5999999999999996,-11.101999999999997,2.7999999999999998,5.5999999999999996,-11.101999999999997,2.7999999999999998,BYPASS,BYPASS,RUNNING
516,10.32,1,-5.5999999999999996,-11.101999999999997,2.7999999999999998,5.5999999999999996,-11.101999999999997,2.7999999999999998,BYPASS,BYPASS,RUNNING
516,10.32,1,-5.5999999999999996,-11.101999999999997,2.7999999999999998,5.5999999999999996,-11.101999999999997,2.7999999999999998,BYPASS,BYPASS,RUNNING
516,10.32,1,-5.5999999999999996,-11.101999999999997,2.7999999999999998,5.5999999999999996,-11.101999999999997,2.7999999999999998,BYPASS,BYPASS,RUNNING
516,10.32,1,-5.5999999999999996,-11.101999999999997,2.7999999999999998,5.5999999999999996,-11.101999999999997,2.7999999999999998,BYPASS,BYPASS,RUNNING
516,10.32,1,-5.5999999999999996,-11.101999999999997,2.7999999999999998,5.5999999999999996,-11.101999999999997,2.7999999999999998,BYPASS,BYPASS,RUNNING
516,10.32,1,-5.5999999999999996,-11.101999999999997,2.7999999999999998,5.5999999999999996,-11.101999999999997,2.7999999999999998,BYPASS,BYPASS,RUNNING
516,10.32,1,-5.5999999999999996,-11.101999999999997,2.7999999999999998,5.5999999999999996,-11.101999999999997,2.7999999999999998,BYPASS,BYPASS,RUNNING
516,10.32,1,-5.5999999999999996,-11.101999999999997,2.7999999999999998,5.5999999999999996,-11.101999999999997,2.7999999999999998,BYPASS,BYPASS,RUNNING
516,10.32,1,-5.5999999999999996,-11.101999999999997,2.7999999999999998,5.5999999999999996,-11.101999999999997,2.7999999999999998,BYPASS,BYPASS,RUNNING
516,10.32,1,-5.5999999999999996,-11.101999999999997,2.7999999999999998,5.5999999999999996,-11.101999999999997,2.7999999999999998,BYPASS,BYPASS,RUNNING
516,10.32,1,-5.5999999999999996,-11.101999999999997,2.7999999999999998,5.5999999999999996,-11.101999999999997,2.7999999999999998,BYPASS,BYPASS,RUNNING
516,10.32,1,-5.5999999999999996,-11.101999999999997,2.7999999999999998,5.5999999999999996,-11.101999999999997,2.7999999999999998,BYPASS,BYPASS,RUNNING
516,10.32,1,-5.5999999999999996,-11.101999999999997,2.7999999999999998,5.5999999999999996,-11.101999999999997,2.7999999999999998,BYPASS,BYPASS,RUNNING
516,10.32,1,-5.5999999999999996,-11.101999999999997,2.7999999999999998,5.5999999999999996,-11.101999999999997,2.7999999999999998,BYPASS,BYPASS,RUNNING
516,10.32,1,-5.5999999999999996,-11.101999999999997,2.7999999999999998,5.5999999999999996,-11.101999999999997,2.7999999999999998,BYPASS,BYPASS,RUNNING
516,10.32,1,-5.5999999999999996,-11.101999999999997,2.7999999999999998,5.5999999999999996,-11.101999999999997,2.7999999999999998,BYPASS,BYPASS,RUNNING
516,10.32,1,-5.5999999999999996,-11.101999999999997,2.7999999999999998,5.5999999999999996,-11.101999999999997,2.7999999999999998,BYPASS,BYPASS,RUNNING
516,10.32,1,-5.5999999999999996,-11.101999999999997,2.7999999999999998,5.5999999999999996,-11.101999999999997,2.7999999999999998,BYPASS,BYPASS,RUNNING
516,10.32,1,-5.5999999999999996,-11.101999999999997,2.7999999999999998,5.5999999999999996,-11.101999999999997,2.7999999999999998,BYPASS,BYPASS,RUNNING
516,10.32,1,-5.5999999999999996,-11.101999999999997,2.7999999999999998,5.5999999999999996,-11.101999999999997,2.7999999999999998,BYPASS,BYPASS,RUNNING
516,10.32,1,-5.5999999999999996,-11.101999999999997,2.7999999999999998,5.5999999999999996,-11.101999999999997,2.7999999999999998,BYPASS,BYPASS,RUNNING
516,10.32,1,-5.5999999999999996,-11.101999999999997,2.7999999999999998,5.5999999999999996,-11.101999999999997,2.7999999999999998,BYPASS,BYPASS,RUNNING
516,10.32,1,-5.5999999999999996,-11.101999999999997,2.7999999999999998,5.5999999999999996,-11.101999999999997,2.7999999999999998,BYPASS,BYPASS,RUNNING
516,10.32,1,-5.5999999999999996,-11.101999999999997,2.7999999999999998,5.5999999999999996,-11.101999999999997,2.7999999999999998,BYPASS,BYPASS,RUNNING
516,10.32,1,-5.5999999999999996,-11.101999999999997,2.7999999999999998,5.5999999999999996,-11.101999999999997,2.7999999999999998,BYPASS,BYPASS,RUNNING
516,10.32,1,-5.5999999999999996,-11.101999999999997,2.7999999999999998,5.5999999999999996,-11.101999999999997,2.7999999999999998,BYPASS,BYPASS,RUNNING
516,10.32,1,-5.5999999999999996,-11.101999999999997,2.7999999999999998,5.5999999999999996,-11.101999999999997,2.7999999999999998,BYPASS,BYPASS,RUNNING
516,10.32,1,-5.5999999999999996,-11.101999999999997,2.7999999999999998,5.5999999999999996,-11.101999999999997,2.7999999999999998,BYPASS,BYPASS,RUNNING
516,10.32,1,-5.5999999999999996,-11.101999999999997,2.7999999999999998,5.5999999999999996,-11.101999999999997,2.7999999999999998,BYPASS,BYPASS,RUNNING
516,10.32,1,-5.5999999999999996,-11.101999999999997,2.7999999999999998,5.5999999999999996,-11.101999999999997,2.7999999999999998,BYPASS,BYPASS,RUNNING
516,10.32,1,-5.5999999999999996,-11.101999999999997,2.7999999999999998,5.5999999999999996,-11.101999999999997,2.7999999999999998,BYPASS,BYPASS,RUNNING
516,10.32,1,-5.5999999999999996,-11.101999999999997,2.7999999999999998,5.5999999999999996,-11.101999999999997,2.7999999999999998,BYPASS,BYPASS,RUNNING
516,10.32,1,-5.5999999999999996,-11.101999999999997,2.7999999999999998,5.5999999999999996,-11.101999999999997,2.7999999999999998,BYPASS,BYPASS,RUNNING
516,10.32,1,-5.5999999999999996,-11.101999999999997,2.7999999999999998,5.5999999999999996,-11.101999999999997,2.7999999999999998,BYPASS,BYPASS,RUNNING
516,10.32,1,-5.5999999999999996,-11.101999999999997,2.7999999999999998,5.5999999999999996,-11.101999999999997,2.7999999999999998,BYPASS,BYPASS,RUNNING
516,10.32,1,-5.5999999999999996,-11.101999999999997,2.7999999999999998,5.5999999999999996,-11.101999999999997,2.7999999999999998,BYPASS,BYPASS,RUNNING
516,10.32,1,-5.5999999999999996,-11.101999999999997,2.7999999999999998,5.5999999999999996,-11.101999999999997,2.7999999999999998,BYPASS,BYPASS,RUNNING
516,10.32,1,-5.5999999999999996,-11.101999999999997,2.7999999999999998,5.5999999999999996,-11.101999999999997,2.7999999999999998,BYPASS,BYPASS,RUNNING
516,10.32,1,-5.5999999999999996,-11.101999999999997,2.7999999999999998,5.5999999999999996,-11.101999999999997,2.7999999999999998,BYPASS,BYPASS,RUNNING
516,10.32,1,-5.5999999999999996,-11.101999999999997,2.7999999999999998,5.5999999999999996,-11.101999999999997,2.7999999999999998,BYPASS,BYPASS,RUNNING
516,10.32,1,-5.5999999999999996,-11.101999999999997,2.7999999999999998,5.5999999999999996,-11.101999999999997,2.7999999999999998,BYPASS,BYPASS,RUNNING
516,10.32,1,-5.5999999999999996,-11.101999999999997,2.7999999999999998,5.5999999999999996,-11.101999999999997,2.7999999999999998,BYPASS,BYPASS,RUNNING
516,10.32,1,-5.5999999999999996,-11.101999999999997,2.7999999999999998,5.5999999999999996,-11.101999999999997,2.7999999999999998,BYPASS,BYPASS,RUNNING
516,10.32,1,-5.5999999999999996,-11.101999999999997,2.7999999999999998,5.5999999999999996,-11.101999999999997,2.7999999999999998,BYPASS,BYPASS,RUNNING
516,10.32,1,-5.5999999999999996,-11.101999999999997,2.7999999999999998,5.5999999999999996,-11.101999999999997,2.7999999999999998,BYPASS,BYPASS,RUNNING
516,10.32,1,-5.5999999999999996,-11.101999999999997,2.7999999999999998,5.5999999999999996,-11.101999999999997,2.7999999999999998,BYPASS,BYPASS,RUNNING
516,10.32,1,-5.5999999999999996,-11.101999999999997,2.7999999999999998,5.5999999999999996,-11.101999999999997,2.7999999999999998,BYPASS,BYPASS,RUNNING
516,10.32,1,-5.5999999999999996,-11.101999999999997,2.7999999999999998,5.5999999999999996,-11.101999999999997,2.7999999999999998,BYPASS,BYPASS,RUNNING
516,10.32,1,-5.5999999999999996,-11.101999999999997,2.7999999999999998,5.5999999999999996,-11.101999999999997,2.7999999999999998,BYPASS,BYPASS,RUNNING
516,10.32,1,-5.5999999999999996,-11.101999999999997,2.7999999999999998,5.5999999999999996,-11.101999999999997,2.7999999999999998,BYPASS,BYPASS,RUNNING
516,10.32,1,-5.5999999999999996,-11.101999999999997,2.7999999999999998,5.5999999999999996,-11.101999999999997,2.7999999999999998,BYPASS,BYPASS,RUNNING
516,10.32,1,-5.5999999999999996,-11.101999999999997,2.7999999999999998,5.5999999999999996,-11.101999999999997,2.7999999999999998,BYPASS,BYPASS,RUNNING
516,10.32,1,-5.5999999999999996,-11.101999999999997,2.7999999999999998,5.5999999999999996,-11.101999999999997,2.7999999999999998,BYPASS,BYPASS,RUNNING
516,10.32,1,-5.5999999999999996,-11.101999999999997,2.7999999999999998,5.5999999999999996,-11.101999999999997,2.7999999999999998,BYPASS,BYPASS,RUNNING
516,10.32,1,-5.5999999999999996,-11.101999999999997,2.7999999999999998,5.5999999999999996,-11.101999999999997,2.7999999999999998,BYPASS,BYPASS,RUNNING
516,10.32,1,-5.5999999999999996,-11.101999999999997,2.7999999999999998,5.5999999999999996,-11.101999999999997,2.7999999999999998,BYPASS,BYPASS,RUNNING
516,10.32,1,-5.5999999999999996,-11.101999999999997,2.7999999999999998,5.5999999999999996,-11.101999999999997,2.7999999999999998,BYPASS,BYPASS,RUNNING
516,10.32,1,-5.5999999999999996,-11.101999999999997,2.7999999999999998,5.5999999999999996,-11.101999999999997,2.7999999999999998,BYPASS,BYPASS,RUNNING
516,10.32,1,-5.5999999999999996,-11.101999999999997,2.7999999999999998,5.5999999999999996,-11.101999999999997,2.7999999999999998,BYPASS,BYPASS,RUNNING
516,10.32,1,-5.5999999999999996,-11.101999999999997,2.7999999999999998,5.5999999999999996,-11.101999999999997,2.7999999999999998,BYPASS,BYPASS,RUNNING
516,10.32,1,-5.5999999999999996,-11.101999999999997,2.7999999999999998,5.5999999999999996,-11.101999999999997,2.7999999999999998,BYPASS,BYPASS,RUNNING
516,10.32,1,-5.5999999999999996,-11.101999999999997,2.7999999999999998,5.5999999999999996,-11.101999999999997,2.7999999999999998,BYPASS,BYPASS,RUNNING
516,10.32,1,-5.5999999999999996,-11.101999999999997,2.7999999999999998,5.5999999999999996,-11.101999999999997,2.7999999999999998,BYPASS,BYPASS,RUNNING
516,10.32,1,-5.5999999999999996,-11.101999999999997,2.7999999999999998,5.5999999999999996,-11.101999999999997,2.7999999999999998,BYPASS,BYPASS,RUNNING
516,10.32,1,-5.5999999999999996,-11.101999999999997,2.7999999999999998,5.5999999999999996,-11.101999999999997,2.7999999999999998,BYPASS,BYPASS,RUNNING
516,10.32,1,-5.5999999999999996,-11.101999999999997,2.7999999999999998,5.5999999999999996,-11.101999999999997,2.7999999999999998,BYPASS,BYPASS,RUNNING
516,10.32,1,-5.5999999999999996,-11.101999999999997,2.7999999999999998,5.5999999999999996,-11.101999999999997,2.7999999999999998,BYPASS,BYPASS,RUNNING
516,10.32,1,-5.5999999999999996,-11.101999999999997,2.7999999999999998,5.5999999999999996,-11.101999999999997,2.7999999999999998,BYPASS,BYPASS,RUNNING
516,10.32,1,-5.5999999999999996,-11.101999999999997,2.7999999999999998,5.5999999999999996,-11.101999999999997,2.7999999999999998,BYPASS,BYPASS,RUNNING
516,10.32,1,-5.5999999999999996,-11.101999999999997,2.7999999999999998,5.5999999999999996,-11.101999999999997,2.7999999999999998,BYPASS,BYPASS,RUNNING
516,10.32,1,-5.5999999999999996,-11.101999999999997,2.7999999999999998,5.5999999999999996,-11.101999999999997,2.7999999999999998,BYPASS,BYPASS,RUNNING
516,10.32,1,-5.5999999999999996,-11.101999999999997,2.7999999999999998,5.5999999999999996,-11.101999999999997,2.7999999999999998,BYPASS,BYPASS,RUNNING
516,10.32,1,-5.5999999999999996,-11.101999999999997,2.7999999999999998,5.5999999999999996,-11.101999999999997,2.7999999999999998,BYPASS,BYPASS,RUNNING
516,10.32,1,-5.5999999999999996,-11.101999999999997,2.7999999999999998,5.5999999999999996,-11.101999999999997,2.7999999999999998,BYPASS,BYPASS,RUNNING
516,10.32,1,-5.5999999999999996,-11.101999999999997,2.7999999999999998,5.5999999999999996,-11.101999999999997,2.7999999999999998,BYPASS,BYPASS,RUNNING
516,10.32,1,-5.5999999999999996,-11.101999999999997,2.7999999999999998,5.5999999999999996,-11.101999999999997,2.7999999999999998,BYPASS,BYPASS,RUNNING
516,10.32,1,-5.5999999999999996,-11.101999999999997,2.7999999999999998,5.5999999999999996,-11.101999999999997,2.7999999999999998,BYPASS,BYPASS,RUNNING
516,10.32,1,-5.5999999999999996,-11.101999999999997,2.7999999999999998,5.5999999999999996,-11.101999999999997,2.7999999999999998,BYPASS,BYPASS,RUNNING
516,10.32,1,-5.5999999999999996,-11.101999999999997,2.7999999999999998,5.5999999999999996,-11.101999999999997,2.7999999999999998,BYPASS,BYPASS,RUNNING
516,10.32,1,-5.5999999999999996,-11.101999999999997,2.7999999999999998,5.5999999999999996,-11.101999999999997,2.7999999999999998,BYPASS,BYPASS,RUNNING
516,10.32,1,-5.5999999999999996,-11.101999999999997,2.7999999999999998,5.5999999999999996,-11.101999999999997,2.7999999999999998,BYPASS,BYPASS,RUNNING
516,10.32,1,-5.5999999999999996,-11.101999999999997,2.7999999999999998,5.5999999999999996,-11.101999999999997,2.7999999999999998,BYPASS,BYPASS,RUNNING
516,10.32,1,-5.5999999999999996,-11.101999999999997,2.7999999999999998,5.5999999999999996,-11.101999999999997,2.7999999999999998,BYPASS,BYPASS,RUNNING
516,10.32,1,-5.5999999999999996,-11.101999999999997,2.7999999999999998,5.5999999999999996,-11.101999999999997,2.7999999999999998,BYPASS,BYPASS,RUNNING
516,10.32,1,-5.5999999999999996,-11.101999999999997,2.7999999999999998,5.5999999999999996,-11.101999999999997,2.7999999999999998,BYPASS,BYPASS,RUNNING
516,10.32,1,-5.5999999999999996,-11.101999999999997,2.7999999999999998,5.5999999999999996,-11.101999999999997,2.7999999999999998,BYPASS,BYPASS,RUNNING
516,10.32,1,-5.5999999999999996,-11.101999999999997,2.7999999999999998,5.5999999999999996,-11.101999999999997,2.7999999999999998,BYPASS,BYPASS,RUNNING
516,10.32,1,-5.5999999999999996,-11.101999999999997,2.7999999999999998,5.5999999999999996,-11.101999999999997,2.7999999999999998,BYPASS,BYPASS,RUNNING
516,10.32,1,-5.5999999999999996,-11.101999999999997,2.7999999999999998,5.5999999999999996,-11.101999999999997,2.7999999999999998,BYPASS,BYPASS,RUNNING
516,10.32,1,-5.5999999999999996,-11.101999999999997,2.7999999999999998,5.5999999999999996,-11.101999999999997,2.7999999999999998,BYPASS,BYPASS,RUNNING
516,10.32,1,-5.5999999999999996,-11.101999999999997,2.7999999999999998,5.5999999999999996,-11.101999999999997,2.7999999999999998,BYPASS,BYPASS,RUNNING
516,10.32,1,-5.5999999999999996,-11.101999999999997,2.7999999999999998,5.5999999999999996,-11.101999999999997,2.7999999999999998,BYPASS,BYPASS,RUNNING
516,10.32,1,-5.5999999999999996,-11.101999999999997,2.7999999999999998,5.5999999999999996,-11.101999999999997,2.7999999999999998,BYPASS,BYPASS,RUNNING
516,10.32,1,-5.5999999999999996,-11.101999999999997,2.7999999999999998,5.5999999999999996,-11.101999999999997,2.7999999999999998,BYPASS,BYPASS,RUNNING
516,10.32,1,-5.5999999999999996,-11.101999999999997,2.7999999999999998,5.5999999999999996,-11.101999999999997,2.7999999999999998,BYPASS,BYPASS,RUNNING
516,10.32,1,-5.5999999999999996,-11.101999999999997,2.7999999999999998,5.5999999999999996,-11.101999999999997,2.7999999999999998,BYPASS,BYPASS,RUNNING
516,10.32,1,-5.5999999999999996,-11.101999999999997,2.7999999999999998,5.5999999999999996,-11.101999999999997,2.7999999999999998,BYPASS,BYPASS,RUNNING
516,10.32,1,-5.5999999999999996,-11.101999999999997,2.7999999999999998,5.5999999999999996,-11.101999999999997,2.7999999999999998,BYPASS,BYPASS,RUNNING
516,10.32,1,-5.5999999999999996,-11.101999999999997,2.7999999999999998,5.5999999999999996,-11.101999999999997,2.7999999999999998,BYPASS,BYPASS,RUNNING
516,10.32,1,-5.5999999999999996,-11.101999999999997,2.7999999999999998,5.5999999999999996,-11.101999999999997,2.7999999999999998,BYPASS,BYPASS,RUNNING
516,10.32,1,-5.5999999999999996,-11.101999999999997,2.7999999999999998,5.5999999999999996,-11.101999999999997,2.7999999999999998,BYPASS,BYPASS,RUNNING
516,10.32,1,-5.5999999999999996,-11.101999999999997,2.7999999999999998,5.5999999999999996,-11.101999999999997,2.7999999999999998,BYPASS,BYPASS,RUNNING
516,10.32,1,-5.5999999999999996,-11.101999999999997,2.7999999999999998,5.5999999999999996,-11.101999999999997,2.7999999999999998,BYPASS,BYPASS,RUNNING
516,10.32,1,-5.5999999999999996,-11.101999999999997,2.7999999999999998,5.5999999999999996,-11.101999999999997,2.7999999999999998,BYPASS,BYPASS,RUNNING
516,10.32,1,-5.5999999999999996,-11.101999999999997,2.7999999999999998,5.5999999999999996,-11.101999999999997,2.7999999999999998,BYPASS,BYPASS,RUNNING
516,10.32,1,-5.5999999999999996,-11.101999999999997,2.7999999999999998,5.5999999999999996,-11.101999999999997,2.7999999999999998,BYPASS,BYPASS,RUNNING
516,10.32,1,-5.5999999999999996,-11.101999999999997,2.7999999999999998,5.5999999999999996,-11.101999999999997,2.7999999999999998,BYPASS,BYPASS,RUNNING
516,10.32,1,-5.5999999999999996,-11.101999999999997,2.7999999999999998,5.5999999999999996,-11.101999999999997,2.7999999999999998,BYPASS,BYPASS,RUNNING
516,10.32,1,-5.5999999999999996,-11.101999999999997,2.7999999999999998,5.5999999999999996,-11.101999999999997,2.7999999999999998,BYPASS,BYPASS,RUNNING
516,10.32,1,-5.5999999999999996,-11.101999999999997,2.7999999999999998,5.5999999999999996,-11.101999999999997,2.7999999999999998,BYPASS,BYPASS,RUNNING
516,10.32,1,-5.5999999999999996,-11.101999999999997,2.7999999999999998,5.5999999999999996,-11.101999999999997,2.7999999999999998,BYPASS,BYPASS,RUNNING
516,10.32,1,-5.5999999999999996,-11.101999999999997,2.7999999999999998,5.5999999999999996,-11.101999999999997,2.7999999999999998,BYPASS,BYPASS,RUNNING
516,10.32,1,-5.5999999999999996,-11.101999999999997,2.7999999999999998,5.5999999999999996,-11.101999999999997,2.7999999999999998,BYPASS,BYPASS,RUNNING
516,10.32,1,-5.5999999999999996,-11.101999999999997,2.7999999999999998,5.5999999999999996,-11.101999999999997,2.7999999999999998,BYPASS,BYPASS,RUNNING
516,10.32,1,-5.5999999999999996,-11.101999999999997,2.7999999999999998,5.5999999999999996,-11.101999999999997,2.7999999999999998,BYPASS,BYPASS,RUNNING
516,10.32,1,-5.5999999999999996,-11.101999999999997,2.7999999999999998,5.5999999999999996,-11.101999999999997,2.7999999999999998,BYPASS,BYPASS,RUNNING
516,10.32,1,-5.5999999999999996,-11.101999999999997,2.7999999999999998,5.5999999999999996,-11.101999999999997,2.7999999999999998,BYPASS,BYPASS,RUNNING
516,10.32,1,-5.5999999999999996,-11.101999999999997,2.7999999999999998,5.5999999999999996,-11.101999999999997,2.7999999999999998,BYPASS,BYPASS,RUNNING
516,10.32,1,-5.5999999999999996,-11.101999999999997,2.7999999999999998,5.5999999999999996,-11.101999999999997,2.7999999999999998,BYPASS,BYPASS,RUNNING
516,10.32,1,-5.5999999999999996,-11.101999999999997,2.7999999999999998,5.5999999999999996,-11.101999999999997,2.7999999999999998,BYPASS,BYPASS,RUNNING
516,10.32,1,-5.5999999999999996,-11.101999999999997,2.7999999999999998,5.5999999999999996,-11.101999999999997,2.7999999999999998,BYPASS,BYPASS,RUNNING
516,10.32,1,-5.5999999999999996,-11.101999999999997,2.7999999999999998,5.5999999999999996,-11.101999999999997,2.7999999999999998,BYPASS,BYPASS,RUNNING
516,10.32,1,-5.5999999999999996,-11.101999999999997,2.7999999999999998,5.5999999999999996,-11.101999999999997,2.7999999999999998,BYPASS,BYPASS,RUNNING
516,10.32,1,-5.5999999999999996,-11.101999999999997,2.7999999999999998,5.5999999999999996,-11.101999999999997,2.7999999999999998,BYPASS,BYPASS,RUNNING
516,10.32,1,-5.5999999999999996,-11.101999999999997,2.7999999999999998,5.5999999999999996,-11.101999999999997,2.7999999999999998,BYPASS,BYPASS,RUNNING
516,10.32,1,-5.5999999999999996,-11.101999999999997,2.7999999999999998,5.5999999999999996,-11.101999999999997,2.7999999999999998,BYPASS,BYPASS,RUNNING
516,10.32,1,-5.5999999999999996,-11.101999999999997,2.7999999999999998,5.5999999999999996,-11.101999999999997,2.7999999999999998,BYPASS,BYPASS,RUNNING
516,10.32,1,-5.5999999999999996,-11.101999999999997,2.7999999999999998,5.5999999999999996,-11.101999999999997,2.7999999999999998,BYPASS,BYPASS,RUNNING
516,10.32,1,-5.5999999999999996,-11.101999999999997,2.7999999999999998,5.5999999999999996,-11.101999999999997,2.7999999999999998,BYPASS,BYPASS,RUNNING
516,10.32,1,-5.5999999999999996,-11.101999999999997,2.7999999999999998,5.5999999999999996,-11.101999999999997,2.7999999999999998,BYPASS,BYPASS,RUNNING
516,10.32,1,-5.5999999999999996,-11.101999999999997,2.7999999999999998,5.5999999999999996,-11.101999999999997,2.7999999999999998,BYPASS,BYPASS,RUNNING
516,10.32,1,-5.5999999999999996,-11.101999999999997,2.7999999999999998,5.5999999999999996,-11.101999999999997,2.7999999999999998,BYPASS,BYPASS,RUNNING
516,10.32,1,-5.5999999999999996,-11.101999999999997,2.7999999999999998,5.5999999999999996,-11.101999999999997,2.7999999999999998,BYPASS,BYPASS,RUNNING
516,10.32,1,-5.5999999999999996,-11.101999999999997,2.7999999999999998,5.5999999999999996,-11.101999999999997,2.7999999999999998,BYPASS,BYPASS,RUNNING
516,10.32,1,-5.5999999999999996,-11.101999999999997,2.7999999999999998,5.5999999999999996,-11.101999999999997,2.7999999999999998,BYPASS,BYPASS,RUNNING
516,10.32,1,-5.5999999999999996,-11.101999999999997,2.7999999999999998,5.5999999999999996,-11.101999999999997,2.7999999999999998,BYPASS,BYPASS,RUNNING
516,10.32,1,-5.5999999999999996,-11.101999999999997,2.7999999999999998,5.5999999999999996,-11.101999999999997,2.7999999999999998,BYPASS,BYPASS,RUNNING
516,10.32,1,-5.5999999999999996,-11.101999999999997,2.7999999999999998,5.5999999999999996,-11.101999999999997,2.7999999999999998,BYPASS,BYPASS,RUNNING
516,10.32,1,-5.5999999999999996,-11.101999999999997,2.7999999999999998,5.5999999999999996,-11.101999999999997,2.7999999999999998,BYPASS,BYPASS,RUNNING
516,10.32,1,-5.5999999999999996,-11.101999999999997,2.7999999999999998,5.5999999999999996,-11.101999999999997,2.7999999999999998,BYPASS,BYPASS,RUNNING
516,10.32,1,-5.5999999999999996,-11.101999999999997,2.7999999999999998,5.5999999999999996,-11.101999999999997,2.7999999999999998,BYPASS,BYPASS,RUNNING
516,10.32,1,-5.5999999999999996,-11.101999999999997,2.7999999999999998,5.5999999999999996,-11.101999999999997,2.7999999999999998,BYPASS,BYPASS,RUNNING
516,10.32,1,-5.5999999999999996,-11.101999999999997,2.7999999999999998,5.5999999999999996,-11.101999999999997,2.7999999999999998,BYPASS,BYPASS,RUNNING
516,10.32,1,-5.5999999999999996,-11.101999999999997,2.7999999999999998,5.5999999999999996,-11.101999999999997,2.7999999999999998,BYPASS,BYPASS,RUNNING
516,10.32,1,-5.5999999999999996,-11.101999999999997,2.7999999999999998,5.5999999999999996,-11.101999999999997,2.7999999999999998,BYPASS,BYPASS,RUNNING
516,10.32,1,-5.5999999999999996,-11.101999999999997,2.7999999999999998,5.5999999999999996,-11.101999999999997,2.7999999999999998,BYPASS,BYPASS,RUNNING
516,10.32,1,-5.5999999999999996,-11.101999999999997,2.7999999999999998,5.5999999999999996,-11.101999999999997,2.7999999999999998,BYPASS,BYPASS,RUNNING
516,10.32,1,-5.5999999999999996,-11.101999999999997,2.7999999999999998,5.5999999999999996,-11.101999999999997,2.7999999999999998,BYPASS,BYPASS,RUNNING
516,10.32,1,-5.5999999999999996,-11.101999999999997,2.7999999999999998,5.5999999999999996,-11.101999999999997,2.7999999999999998,BYPASS,BYPASS,RUNNING
516,10.32,1,-5.5999999999999996,-11.101999999999997,2.7999999999999998,5.5999999999999996,-11.101999999999997,2.7999999999999998,BYPASS,BYPASS,RUNNING
516,10.32,1,-5.5999999999999996,-11.101999999999997,2.7999999999999998,5.5999999999999996,-11.101999999999997,2.7999999999999998,BYPASS,BYPASS,RUNNING
516,10.32,1,-5.5999999999999996,-11.101999999999997,2.7999999999999998,5.5999999999999996,-11.101999999999997,2.7999999999999998,BYPASS,BYPASS,RUNNING
516,10.32,1,-5.5999999999999996,-11.101999999999997,2.7999999999999998,5.5999999999999996,-11.101999999999997,2.7999999999999998,BYPASS,BYPASS,RUNNING
516,10.32,1,-5.5999999999999996,-11.101999999999997,2.7999999999999998,5.5999999999999996,-11.101999999999997,2.7999999999999998,BYPASS,BYPASS,RUNNING
516,10.32,1,-5.5999999999999996,-11.101999999999997,2.7999999999999998,5.5999999999999996,-11.101999999999997,2.7999999999999998,BYPASS,BYPASS,RUNNING
516,10.32,1,-5.5999999999999996,-11.101999999999997,2.7999999999999998,5.5999999999999996,-11.101999999999997,2.7999999999999998,BYPASS,BYPASS,RUNNING
516,10.32,1,-5.5999999999999996,-11.101999999999997,2.7999999999999998,5.5999999999999996,-11.101999999999997,2.7999999999999998,BYPASS,BYPASS,RUNNING
516,10.32,1,-5.5999999999999996,-11.101999999999997,2.7999999999999998,5.5999999999999996,-11.101999999999997,2.7999999999999998,BYPASS,BYPASS,RUNNING
516,10.32,1,-5.5999999999999996,-11.101999999999997,2.7999999999999998,5.5999999999999996,-11.101999999999997,2.7999999999999998,BYPASS,BYPASS,RUNNING
516,10.32,1,-5.5999999999999996,-11.101999999999997,2.7999999999999998,5.5999999999999996,-11.101999999999997,2.7999999999999998,BYPASS,BYPASS,RUNNING
516,10.32,1,-5.5999999999999996,-11.101999999999997,2.7999999999999998,5.5999999999999996,-11.101999999999997,2.7999999999999998,BYPASS,BYPASS,RUNNING
516,10.32,1,-5.5999999999999996,-11.101999999999997,2.7999999999999998,5.5999999999999996,-11.101999999999997,2.7999999999999998,BYPASS,BYPASS,RUNNING
516,10.32,1,-5.5999999999999996,-11.101999999999997,2.7999999999999998,5.5999999999999996,-11.101999999999997,2.7999999999999998,BYPASS,BYPASS,RUNNING
516,10.32,1,-5.5999999999999996,-11.101999999999997,2.7999999999999998,5.5999999999999996,-11.101999999999997,2.7999999999999998,BYPASS,BYPASS,RUNNING
516,10.32,1,-5.5999999999999996,-11.101999999999997,2.7999999999999998,5.5999999999999996,-11.101999999999997,2.7999999999999998,BYPASS,BYPASS,RUNNING
516,10.32,1,-5.5999999999999996,-11.101999999999997,2.7999999999999998,5.5999999999999996,-11.101999999999997,2.7999999999999998,BYPASS,BYPASS,RUNNING
516,10.32,1,-5.5999999999999996,-11.101999999999997,2.7999999999999998,5.5999999999999996,-11.101999999999997,2.7999999999999998,BYPASS,BYPASS,RUNNING
516,10.32,1,-5.5999999999999996,-11.101999999999997,2.7999999999999998,5.5999999999999996,-11.101999999999997,2.7999999999999998,BYPASS,BYPASS,RUNNING
516,10.32,1,-5.5999999999999996,-11.101999999999997,2.7999999999999998,5.5999999999999996,-11.101999999999997,2.7999999999999998,BYPASS,BYPASS,RUNNING
516,10.32,1,-5.5999999999999996,-11.101999999999997,2.7999999999999998,5.5999999999999996,-11.101999999999997,2.7999999999999998,BYPASS,BYPASS,RUNNING
516,10.32,1,-5.5999999999999996,-11.101999999999997,2.7999999999999998,5.5999999999999996,-11.101999999999997,2.7999999999999998,BYPASS,BYPASS,RUNNING
516,10.32,1,-5.5999999999999996,-11.101999999999997,2.7999999999999998,5.5999999999999996,-11.101999999999997,2.7999999999999998,BYPASS,BYPASS,RUNNING
516,10.32,1,-5.5999999999999996,-11.101999999999997,2.7999999999999998,5.5999999999999996,-11.101999999999997,2.7999999999999998,BYPASS,BYPASS,RUNNING
516,10.32,1,-5.5999999999999996,-11.101999999999997,2.7999999999999998,5.5999999999999996,-11.101999999999997,2.7999999999999998,BYPASS,BYPASS,RUNNING
516,10.32,1,-5.5999999999999996,-11.101999999999997,2.7999999999999998,5.5999999999999996,-11.101999999999997,2.7999999999999998,BYPASS,BYPASS,RUNNING
516,10.32,1,-5.5999999999999996,-11.101999999999997,2.7999999999999998,5.5999999999999996,-11.101999999999997,2.7999999999999998,BYPASS,BYPASS,RUNNING
516,10.32,1,-5.5999999999999996,-11.101999999999997,2.7999999999999998,5.5999999999999996,-11.101999999999997,2.7999999999999998,BYPASS,BYPASS,RUNNING
516,10.32,1,-5.5999999999999996,-11.101999999999997,2.7999999999999998,5.5999999999999996,-11.101999999999997,2.7999999999999998,BYPASS,BYPASS,RUNNING
516,10.32,1,-5.5999999999999996,-11.101999999999997,2.7999999999999998,5.5999999999999996,-11.101999999999997,2.7999999999999998,BYPASS,BYPASS,RUNNING
516,10.32,1,-5.5999999999999996,-11.101999999999997,2.7999999999999998,5.5999999999999996,-11.101999999999997,2.7999999999999998,BYPASS,BYPASS,RUNNING
516,10.32,1,-5.5999999999999996,-11.101999999999997,2.7999999999999998,5.5999999999999996,-11.101999999999997,2.7999999999999998,BYPASS,BYPASS,RUNNING
516,10.32,1,-5.5999999999999996,-11.101999999999997,2.7999999999999998,5.5999999999999996,-11.101999999999997,2.7999999999999998,BYPASS,BYPASS,RUNNING
516,10.32,1,-5.5999999999999996,-11.101999999999997,2.7999999999999998,5.5999999999999996,-11.101999999999997,2.7999999999999998,BYPASS,BYPASS,RUNNING
516,10.32,1,-5.5999999999999996,-11.101999999999997,2.7999999999999998,5.5999999999999996,-11.101999999999997,2.7999999999999998,BYPASS,BYPASS,RUNNING
516,10.32,1,-5.5999999999999996,-11.101999999999997,2.7999999999999998,5.5999999999999996,-11.101999999999997,2.7999999999999998,BYPASS,BYPASS,RUNNING
516,10.32,1,-5.5999999999999996,-11.101999999999997,2.7999999999999998,5.5999999999999996,-11.101999999999997,2.7999999999999998,BYPASS,BYPASS,RUNNING
516,10.32,1,-5.5999999999999996,-11.101999999999997,2.7999999999999998,5.5999999999999996,-11.101999999999997,2.7999999999999998,BYPASS,BYPASS,RUNNING
516,10.32,1,-5.5999999999999996,-11.101999999999997,2.7999999999999998,5.5999999999999996,-11.101999999999997,2.7999999999999998,BYPASS,BYPASS,RUNNING
516,10.32,1,-5.5999999999999996,-11.101999999999997,2.7999999999999998,5.5999999999999996,-11.101999999999997,2.7999999999999998,BYPASS,BYPASS,RUNNING
516,10.32,1,-5.5999999999999996,-11.101999999999997,2.7999999999999998,5.5999999999999996,-11.101999999999997,2.7999999999999998,BYPASS,BYPASS,RUNNING
516,10.32,1,-5.5999999999999996,-11.101999999999997,2.7999999999999998,5.5999999999999996,-11.101999999999997,2.7999999999999998,BYPASS,BYPASS,RUNNING
516,10.32,1,-5.5999999999999996,-11.101999999999997,2.7999999999999998,5.5999999999999996,-11.101999999999997,2.7999999999999998,BYPASS,BYPASS,RUNNING
516,10.32,1,-5.5999999999999996,-11.101999999999997,2.7999999999999998,5.5999999999999996,-11.101999999999997,2.7999999999999998,BYPASS,BYPASS,RUNNING
516,10.32,1,-5.5999999999999996,-11.101999999999997,2.7999999999999998,5.5999999999999996,-11.101999999999997,2.7999999999999998,BYPASS,BYPASS,RUNNING
516,10.32,1,-5.5999999999999996,-11.101999999999997,2.7999999999999998,5.5999999999999996,-11.101999999999997,2.7999999999999998,BYPASS,BYPASS,RUNNING
516,10.32,1,-5.5999999999999996,-11.101999999999997,2.7999999999999998,5.5999999999999996,-11.101999999999997,2.7999999999999998,BYPASS,BYPASS,RUNNING
516,10.32,1,-5.5999999999999996,-11.101999999999997,2.7999999999999998,5.5999999999999996,-11.101999999999997,2.7999999999999998,BYPASS,BYPASS,RUNNING
516,10.32,1,-5.5999999999999996,-11.101999999999997,2.7999999999999998,5.5999999999999996,-11.101999999999997,2.7999999999999998,BYPASS,BYPASS,RUNNING
516,10.32,1,-5.5999999999999996,-11.101999999999997,2.7999999999999998,5.5999999999999996,-11.101999999999997,2.7999999999999998,BYPASS,BYPASS,RUNNING
516,10.32,1,-5.5999999999999996,-11.101999999999997,2.7999999999999998,5.5999999999999996,-11.101999999999997,2.7999999999999998,BYPASS,BYPASS,RUNNING
516,10.32,1,-5.5999999999999996,-11.101999999999997,2.7999999999999998,5.5999999999999996,-11.101999999999997,2.7999999999999998,BYPASS,BYPASS,RUNNING
516,10.32,1,-5.5999999999999996,-11.101999999999997,2.7999999999999998,5.5999999999999996,-11.101999999999997,2.7999999999999998,BYPASS,BYPASS,RUNNING
516,10.32,1,-5.5999999999999996,-11.101999999999997,2.7999999999999998,5.5999999999999996,-11.101999999999997,2.7999999999999998,BYPASS,BYPASS,RUNNING
516,10.32,1,-5.5999999999999996,-11.101999999999997,2.7999999999999998,5.5999999999999996,-11.101999999999997,2.7999999999999998,BYPASS,BYPASS,RUNNING
516,10.32,1,-5.5999999999999996,-11.101999999999997,2.7999999999999998,5.5999999999999996,-11.101999999999997,2.7999999999999998,BYPASS,BYPASS,RUNNING
516,10.32,1,-5.5999999999999996,-11.101999999999997,2.7999999999999998,5.5999999999999996,-11.101999999999997,2.7999999999999998,BYPASS,BYPASS,RUNNING
516,10.32,1,-5.5999999999999996,-11.101999999999997,2.7999999999999998,5.5999999999999996,-11.101999999999997,2.7999999999999998,BYPASS,BYPASS,RUNNING
516,10.32,1,-5.5999999999999996,-11.101999999999997,2.7999999999999998,5.5999999999999996,-11.101999999999997,2.7999999999999998,BYPASS,BYPASS,RUNNING
516,10.32,1,-5.5999999999999996,-11.101999999999997,2.7999999999999998,5.5999999999999996,-11.101999999999997,2.7999999999999998,BYPASS,BYPASS,RUNNING
516,10.32,1,-5.5999999999999996,-11.101999999999997,2.7999999999999998,5.5999999999999996,-11.101999999999997,2.7999999999999998,BYPASS,BYPASS,RUNNING
516,10.32,1,-5.5999999999999996,-11.101999999999997,2.7999999999999998,5.5999999999999996,-11.101999999999997,2.7999999999999998,BYPASS,BYPASS,RUNNING
516,10.32,1,-5.5999999999999996,-11.101999999999997,2.7999999999999998,5.5999999999999996,-11.101999999999997,2.7999999999999998,BYPASS,BYPASS,RUNNING
516,10.32,1,-5.5999999999999996,-11.101999999999997,2.7999999999999998,5.5999999999999996,-11.101999999999997,2.7999999999999998,BYPASS,BYPASS,RUNNING
516,10.32,1,-5.5999999999999996,-11.101999999999997,2.7999999999999998,5.5999999999999996,-11.101999999999997,2.7999999999999998,BYPASS,BYPASS,RUNNING
516,10.32,1,-5.5999999999999996,-11.101999999999997,2.7999999999999998,5.5999999999999996,-11.101999999999997,2.7999999999999998,BYPASS,BYPASS,RUNNING
516,10.32,1,-5.5999999999999996,-11.101999999999997,2.7999999999999998,5.5999999999999996,-11.101999999999997,2.7999999999999998,BYPASS,BYPASS,RUNNING
516,10.32,1,-5.5999999999999996,-11.101999999999997,2.7999999999999998,5.5999999999999996,-11.101999999999997,2.7999999999999998,BYPASS,BYPASS,RUNNING
516,10.32,1,-5.5999999999999996,-11.101999999999997,2.7999999999999998,5.5999999999999996,-11.101999999999997,2.7999999999999998,BYPASS,BYPASS,RUNNING
516,10.32,1,-5.5999999999999996,-11.101999999999997,2.7999999999999998,5.5999999999999996,-11.101999999999997,2.7999999999999998,BYPASS,BYPASS,RUNNING
516,10.32,1,-5.5999999999999996,-11.101999999999997,2.7999999999999998,5.5999999999999996,-11.101999999999997,2.7999999999999998,BYPASS,BYPASS,RUNNING
516,10.32,1,-5.5999999999999996,-11.101999999999997,2.7999999999999998,5.5999999999999996,-11.101999999999997,2.7999999999999998,BYPASS,BYPASS,RUNNING
516,10.32,1,-5.5999999999999996,-11.101999999999997,2.7999999999999998,5.5999999999999996,-11.101999999999997,2.7999999999999998,BYPASS,BYPASS,RUNNING
516,10.32,1,-5.5999999999999996,-11.101999999999997,2.7999999999999998,5.5999999999999996,-11.101999999999997,2.7999999999999998,BYPASS,BYPASS,RUNNING
516,10.32,1,-5.5999999999999996,-11.101999999999997,2.7999999999999998,5.5999999999999996,-11.101999999999997,2.7999999999999998,BYPASS,BYPASS,RUNNING
516,10.32,1,-5.5999999999999996,-11.101999999999997,2.7999999999999998,5.5999999999999996,-11.101999999999997,2.7999999999999998,BYPASS,BYPASS,RUNNING
516,10.32,1,-5.5999999999999996,-11.101999999999997,2.7999999999999998,5.5999999999999996,-11.101999999999997,2.7999999999999998,BYPASS,BYPASS,RUNNING
516,10.32,1,-5.5999999999999996,-11.101999999999997,2.7999999999999998,5.5999999999999996,-11.101999999999997,2.7999999999999998,BYPASS,BYPASS,RUNNING
516,10.32,1,-5.5999999999999996,-11.101999999999997,2.7999999999999998,5.5999999999999996,-11.101999999999997,2.7999999999999998,BYPASS,BYPASS,RUNNING
516,10.32,1,-5.5999999999999996,-11.101999999999997,2.7999999999999998,5.5999999999999996,-11.101999999999997,2.7999999999999998,BYPASS,BYPASS,RUNNING
516,10.32,1,-5.5999999999999996,-11.101999999999997,2.7999999999999998,5.5999999999999996,-11.101999999999997,2.7999999999999998,BYPASS,BYPASS,RUNNING
516,10.32,1,-5.5999999999999996,-11.101999999999997,2.7999999999999998,5.5999999999999996,-11.101999999999997,2.7999999999999998,BYPASS,BYPASS,RUNNING
516,10.32,1,-5.5999999999999996,-11.101999999999997,2.7999999999999998,5.5999999999999996,-11.101999999999997,2.7999999999999998,BYPASS,BYPASS,RUNNING
516,10.32,1,-5.5999999999999996,-11.101999999999997,2.7999999999999998,5.5999999999999996,-11.101999999999997,2.7999999999999998,BYPASS,BYPASS,RUNNING
516,10.32,1,-5.5999999999999996,-11.101999999999997,2.7999999999999998,5.5999999999999996,-11.101999999999997,2.7999999999999998,BYPASS,BYPASS,RUNNING
516,10.32,1,-5.5999999999999996,-11.101999999999997,2.7999999999999998,5.5999999999999996,-11.101999999999997,2.7999999999999998,BYPASS,BYPASS,RUNNING
516,10.32,1,-5.5999999999999996,-11.101999999999997,2.7999999999999998,5.5999999999999996,-11.101999999999997,2.7999999999999998,BYPASS,BYPASS,RUNNING
516,10.32,1,-5.5999999999999996,-11.101999999999997,2.7999999999999998,5.5999999999999996,-11.101999999999997,2.7999999999999998,BYPASS,BYPASS,RUNNING
516,10.32,1,-5.5999999999999996,-11.101999999999997,2.7999999999999998,5.5999999999999996,-11.101999999999997,2.7999999999999998,BYPASS,BYPASS,RUNNING
516,10.32,1,-5.5999999999999996,-11.101999999999997,2.7999999999999998,5.5999999999999996,-11.101999999999997,2.7999999999999998,BYPASS,BYPASS,RUNNING
516,10.32,1,-5.5999999999999996,-11.101999999999997,2.7999999999999998,5.5999999999999996,-11.101999999999997,2.7999999999999998,BYPASS,BYPASS,RUNNING
516,10.32,1,-5.5999999999999996,-11.101999999999997,2.7999999999999998,5.5999999999999996,-11.101999999999997,2.7999999999999998,BYPASS,BYPASS,RUNNING
516,10.32,1,-5.5999999999999996,-11.101999999999997,2.7999999999999998,5.5999999999999996,-11.101999999999997,2.7999999999999998,BYPASS,BYPASS,RUNNING
516,10.32,1,-5.5999999999999996,-11.101999999999997,2.7999999999999998,5.5999999999999996,-11.101999999999997,2.7999999999999998,BYPASS,BYPASS,RUNNING
516,10.32,1,-5.5999999999999996,-11.101999999999997,2.7999999999999998,5.5999999999999996,-11.101999999999997,2.7999999999999998,BYPASS,BYPASS,RUNNING
516,10.32,1,-5.5999999999999996,-11.101999999999997,2.7999999999999998,5.5999999999999996,-11.101999999999997,2.7999999999999998,BYPASS,BYPASS,RUNNING
516,10.32,1,-5.5999999999999996,-11.101999999999997,2.7999999999999998,5.5999999999999996,-11.101999999999997,2.7999999999999998,BYPASS,BYPASS,RUNNING
516,10.32,1,-5.5999999999999996,-11.101999999999997,2.7999999999999998,5.5999999999999996,-11.101999999999997,2.7999999999999998,BYPASS,BYPASS,RUNNING
516,10.32,1,-5.5999999999999996,-11.101999999999997,2.7999999999999998,5.5999999999999996,-11.101999999999997,2.7999999999999998,BYPASS,BYPASS,RUNNING
516,10.32,1,-5.5999999999999996,-11.101999999999997,2.7999999999999998,5.5999999999999996,-11.101999999999997,2.7999999999999998,BYPASS,BYPASS,RUNNING
516,10.32,1,-5.5999999999999996,-11.101999999999997,2.7999999999999998,5.5999999999999996,-11.101999999999997,2.7999999999999998,BYPASS,BYPASS,RUNNING
516,10.32,1,-5.5999999999999996,-11.101999999999997,2.7999999999999998,5.5999999999999996,-11.101999999999997,2.7999999999999998,BYPASS,BYPASS,RUNNING
516,10.32,1,-5.5999999999999996,-11.101999999999997,2.7999999999999998,5.5999999999999996,-11.101999999999997,2.7999999999999998,BYPASS,BYPASS,RUNNING
516,10.32,1,-5.5999999999999996,-11.101999999999997,2.7999999999999998,5.5999999999999996,-11.101999999999997,2.7999999999999998,BYPASS,BYPASS,RUNNING
516,10.32,1,-5.5999999999999996,-11.101999999999997,2.7999999999999998,5.5999999999999996,-11.101999999999997,2.7999999999999998,BYPASS,BYPASS,RUNNING
516,10.32,1,-5.5999999999999996,-11.101999999999997,2.7999999999999998,5.5999999999999996,-11.101999999999997,2.7999999999999998,BYPASS,BYPASS,RUNNING
516,10.32,1,-5.5999999999999996,-11.101999999999997,2.7999999999999998,5.5999999999999996,-11.101999999999997,2.7999999999999998,BYPASS,BYPASS,RUNNING
516,10.32,1,-5.5999999999999996,-11.101999999999997,2.7999999999999998,5.5999999999999996,-11.101999999999997,2.7999999999999998,BYPASS,BYPASS,RUNNING
516,10.32,1,-5.5999999999999996,-11.101999999999997,2.7999999999999998,5.5999999999999996,-11.101999999999997,2.7999999999999998,BYPASS,BYPASS,RUNNING
516,10.32,1,-5.5999999999999996,-11.101999999999997,2.7999999999999998,5.5999999999999996,-11.101999999999997,2.7999999999999998,BYPASS,BYPASS,RUNNING
516,10.32,1,-5.5999999999999996,-11.101999999999997,2.7999999999999998,5.5999999999999996,-11.101999999999997,2.7999999999999998,BYPASS,BYPASS,RUNNING
516,10.32,1,-5.5999999999999996,-11.101999999999997,2.7999999999999998,5.5999999999999996,-11.101999999999997,2.7999999999999998,BYPASS,BYPASS,RUNNING
516,10.32,1,-5.5999999999999996,-11.101999999999997,2.7999999999999998,5.5999999999999996,-11.101999999999997,2.7999999999999998,BYPASS,BYPASS,RUNNING
516,10.32,1,-5.5999999999999996,-11.101999999999997,2.7999999999999998,5.5999999999999996,-11.101999999999997,2.7999999999999998,BYPASS,BYPASS,RUNNING
516,10.32,1,-5.5999999999999996,-11.101999999999997,2.7999999999999998,5.5999999999999996,-11.101999999999997,2.7999999999999998,BYPASS,BYPASS,RUNNING
516,10.32,1,-5.5999999999999996,-11.101999999999997,2.7999999999999998,5.5999999999999996,-11.101999999999997,2.7999999999999998,BYPASS,BYPASS,RUNNING
516,10.32,1,-5.5999999999999996,-11.101999999999997,2.7999999999999998,5.5999999999999996,-11.101999999999997,2.7999999999999998,BYPASS,BYPASS,RUNNING
516,10.32,1,-5.5999999999999996,-11.101999999999997,2.7999999999999998,5.5999999999999996,-11.101999999999997,2.7999999999999998,BYPASS,BYPASS,RUNNING
516,10.32,1,-5.5999999999999996,-11.101999999999997,2.7999999999999998,5.5999999999999996,-11.101999999999997,2.7999999999999998,BYPASS,BYPASS,RUNNING
516,10.32,1,-5.5999999999999996,-11.101999999999997,2.7999999999999998,5.5999999999999996,-11.101999999999997,2.7999999999999998,BYPASS,BYPASS,RUNNING
516,10.32,1,-5.5999999999999996,-11.101999999999997,2.7999999999999998,5.5999999999999996,-11.101999999999997,2.7999999999999998,BYPASS,BYPASS,RUNNING
516,10.32,1,-5.5999999999999996,-11.101999999999997,2.7999999999999998,5.5999999999999996,-11.101999999999997,2.7999999999999998,BYPASS,BYPASS,RUNNING
516,10.32,1,-5.5999999999999996,-11.101999999999997,2.7999999999999998,5.5999999999999996,-11.101999999999997,2.7999999999999998,BYPASS,BYPASS,RUNNING
516,10.32,1,-5.5999999999999996,-11.101999999999997,2.7999999999999998,5.5999999999999996,-11.101999999999997,2.7999999999999998,BYPASS,BYPASS,RUNNING
516,10.32,1,-5.5999999999999996,-11.101999999999997,2.7999999999999998,5.5999999999999996,-11.101999999999997,2.7999999999999998,BYPASS,BYPASS,RUNNING
516,10.32,1,-5.5999999999999996,-11.101999999999997,2.7999999999999998,5.5999999999999996,-11.101999999999997,2.7999999999999998,BYPASS,BYPASS,RUNNING
516,10.32,1,-5.5999999999999996,-11.101999999999997,2.7999999999999998,5.5999999999999996,-11.101999999999997,2.7999999999999998,BYPASS,BYPASS,RUNNING
516,10.32,1,-5.5999999999999996,-11.101999999999997,2.7999999999999998,5.5999999999999996,-11.101999999999997,2.7999999999999998,BYPASS,BYPASS,RUNNING
516,10.32,1,-5.5999999999999996,-11.101999999999997,2.7999999999999998,5.5999999999999996,-11.101999999999997,2.7999999999999998,BYPASS,BYPASS,RUNNING
516,10.32,1,-5.5999999999999996,-11.101999999999997,2.7999999999999998,5.5999999999999996,-11.101999999999997,2.7999999999999998,BYPASS,BYPASS,RUNNING
516,10.32,1,-5.5999999999999996,-11.101999999999997,2.7999999999999998,5.5999999999999996,-11.101999999999997,2.7999999999999998,BYPASS,BYPASS,RUNNING
516,10.32,1,-5.5999999999999996,-11.101999999999997,2.7999999999999998,5.5999999999999996,-11.101999999999997,2.7999999999999998,BYPASS,BYPASS,RUNNING
516,10.32,1,-5.5999999999999996,-11.101999999999997,2.7999999999999998,5.5999999999999996,-11.101999999999997,2.7999999999999998,BYPASS,BYPASS,RUNNING
516,10.32,1,-5.5999999999999996,-11.101999999999997,2.7999999999999998,5.5999999999999996,-11.101999999999997,2.7999999999999998,BYPASS,BYPASS,RUNNING
516,10.32,1,-5.5999999999999996,-11.101999999999997,2.7999999999999998,5.5999999999999996,-11.101999999999997,2.7999999999999998,BYPASS,BYPASS,RUNNING
516,10.32,1,-5.5999999999999996,-11.101999999999997,2.7999999999999998,5.5999999999999996,-11.101999999999997,2.7999999999999998,BYPASS,BYPASS,RUNNING
516,10.32,1,-5.5999999999999996,-11.101999999999997,2.7999999999999998,5.5999999999999996,-11.101999999999997,2.7999999999999998,BYPASS,BYPASS,RUNNING
516,10.32,1,-5.5999999999999996,-11.101999999999997,2.7999999999999998,5.5999999999999996,-11.101999999999997,2.7999999999999998,BYPASS,BYPASS,RUNNING
516,10.32,1,-5.5999999999999996,-11.101999999999997,2.7999999999999998,5.5999999999999996,-11.101999999999997,2.7999999999999998,BYPASS,BYPASS,RUNNING
516,10.32,1,-5.5999999999999996,-11.101999999999997,2.7999999999999998,5.5999999999999996,-11.101999999999997,2.7999999999999998,BYPASS,BYPASS,RUNNING
516,10.32,1,-5.5999999999999996,-11.101999999999997,2.7999999999999998,5.5999999999999996,-11.101999999999997,2.7999999999999998,BYPASS,BYPASS,RUNNING
516,10.32,1,-5.5999999999999996,-11.101999999999997,2.7999999999999998,5.5999999999999996,-11.101999999999997,2.7999999999999998,BYPASS,BYPASS,RUNNING
516,10.32,1,-5.5999999999999996,-11.101999999999997,2.7999999999999998,5.5999999999999996,-11.101999999999997,2.7999999999999998,BYPASS,BYPASS,RUNNING
516,10.32,1,-5.5999999999999996,-11.101999999999997,2.7999999999999998,5.5999999999999996,-11.101999999999997,2.7999999999999998,BYPASS,BYPASS,RUNNING
516,10.32,1,-5.5999999999999996,-11.101999999999997,2.7999999999999998,5.5999999999999996,-11.101999999999997,2.7999999999999998,BYPASS,BYPASS,RUNNING
516,10.32,1,-5.5999999999999996,-11.101999999999997,2.7999999999999998,5.5999999999999996,-11.101999999999997,2.7999999999999998,BYPASS,BYPASS,RUNNING
516,10.32,1,-5.5999999999999996,-11.101999999999997,2.7999999999999998,5.5999999999999996,-11.101999999999997,2.7999999999999998,BYPASS,BYPASS,RUNNING
516,10.32,1,-5.5999999999999996,-11.101999999999997,2.7999999999999998,5.5999999999999996,-11.101999999999997,2.7999999999999998,BYPASS,BYPASS,RUNNING
516,10.32,1,-5.5999999999999996,-11.101999999999997,2.7999999999999998,5.5999999999999996,-11.101999999999997,2.7999999999999998,BYPASS,BYPASS,RUNNING
516,10.32,1,-5.5999999999999996,-11.101999999999997,2.7999999999999998,5.5999999999999996,-11.101999999999997,2.7999999999999998,BYPASS,BYPASS,RUNNING
516,10.32,1,-5.5999999999999996,-11.101999999999997,2.7999999999999998,5.5999999999999996,-11.101999999999997,2.7999999999999998,BYPASS,BYPASS,RUNNING
516,10.32,1,-5.5999999999999996,-11.101999999999997,2.7999999999999998,5.5999999999999996,-11.101999999999997,2.7999999999999998,BYPASS,BYPASS,RUNNING
516,10.32,1,-5.5999999999999996,-11.101999999999997,2.7999999999999998,5.5999999999999996,-11.101999999999997,2.7999999999999998,BYPASS,BYPASS,RUNNING
516,10.32,1,-5.5999999999999996,-11.101999999999997,2.7999999999999998,5.5999999999999996,-11.101999999999997,2.7999999999999998,BYPASS,BYPASS,RUNNING
516,10.32,1,-5.5999999999999996,-11.101999999999997,2.7999999999999998,5.5999999999999996,-11.101999999999997,2.7999999999999998,BYPASS,BYPASS,RUNNING
516,10.32,1,-5.5999999999999996,-11.101999999999997,2.7999999999999998,5.5999999999999996,-11.101999999999997,2.7999999999999998,BYPASS,BYPASS,RUNNING
516,10.32,1,-5.5999999999999996,-11.101999999999997,2.7999999999999998,5.5999999999999996,-11.101999999999997,2.7999999999999998,BYPASS,BYPASS,RUNNING
516,10.32,1,-5.5999999999999996,-11.101999999999997,2.7999999999999998,5.5999999999999996,-11.101999999999997,2.7999999999999998,BYPASS,BYPASS,RUNNING
516,10.32,1,-5.5999999999999996,-11.101999999999997,2.7999999999999998,5.5999999999999996,-11.101999999999997,2.7999999999999998,BYPASS,BYPASS,RUNNING
516,10.32,1,-5.5999999999999996,-11.101999999999997,2.7999999999999998,5.5999999999999996,-11.101999999999997,2.7999999999999998,BYPASS,BYPASS,RUNNING
516,10.32,1,-5.5999999999999996,-11.101999999999997,2.7999999999999998,5.5999999999999996,-11.101999999999997,2.7999999999999998,BYPASS,BYPASS,RUNNING
516,10.32,1,-5.5999999999999996,-11.101999999999997,2.7999999999999998,5.5999999999999996,-11.101999999999997,2.7999999999999998,BYPASS,BYPASS,RUNNING
516,10.32,1,-5.5999999999999996,-11.101999999999997,2.7999999999999998,5.5999999999999996,-11.101999999999997,2.7999999999999998,BYPASS,BYPASS,RUNNING
516,10.32,1,-5.5999999999999996,-11.101999999999997,2.7999999999999998,5.5999999999999996,-11.101999999999997,2.7999999999999998,BYPASS,BYPASS,RUNNING
516,10.32,1,-5.5999999999999996,-11.101999999999997,2.7999999999999998,5.5999999999999996,-11.101999999999997,2.7999999999999998,BYPASS,BYPASS,RUNNING
516,10.32,1,-5.5999999999999996,-11.101999999999997,2.7999999999999998,5.5999999999999996,-11.101999999999997,2.7999999999999998,BYPASS,BYPASS,RUNNING
516,10.32,1,-5.5999999999999996,-11.101999999999997,2.7999999999999998,5.5999999999999996,-11.101999999999997,2.7999999999999998,BYPASS,BYPASS,RUNNING
516,10.32,1,-5.5999999999999996,-11.101999999999997,2.7999999999999998,5.5999999999999996,-11.101999999999997,2.7999999999999998,BYPASS,BYPASS,RUNNING
516,10.32,1,-5.5999999999999996,-11.101999999999997,2.7999999999999998,5.5999999999999996,-11.101999999999997,2.7999999999999998,BYPASS,BYPASS,RUNNING
516,10.32,1,-5.5999999999999996,-11.101999999999997,2.7999999999999998,5.5999999999999996,-11.101999999999997,2.7999999999999998,BYPASS,BYPASS,RUNNING
516,10.32,1,-5.5999999999999996,-11.101999999999997,2.7999999999999998,5.5999999999999996,-11.101999999999997,2.7999999999999998,BYPASS,BYPASS,RUNNING
516,10.32,1,-5.5999999999999996,-11.101999999999997,2.7999999999999998,5.5999999999999996,-11.101999999999997,2.7999999999999998,BYPASS,BYPASS,RUNNING
516,10.32,1,-5.5999999999999996,-11.101999999999997,2.7999999999999998,5.5999999999999996,-11.101999999999997,2.7999999999999998,BYPASS,BYPASS,RUNNING
516,10.32,1,-5.5999999999999996,-11.101999999999997,2.7999999999999998,5.5999999999999996,-11.101999999999997,2.7999999999999998,BYPASS,BYPASS,RUNNING
516,10.32,1,-5.5999999999999996,-11.101999999999997,2.7999999999999998,5.5999999999999996,-11.101999999999997,2.7999999999999998,BYPASS,BYPASS,RUNNING
516,10.32,1,-5.5999999999999996,-11.101999999999997,2.7999999999999998,5.5999999999999996,-11.101999999999997,2.7999999999999998,BYPASS,BYPASS,RUNNING
516,10.32,1,-5.5999999999999996,-11.101999999999997,2.7999999999999998,5.5999999999999996,-11.101999999999997,2.7999999999999998,BYPASS,BYPASS,RUNNING
516,10.32,1,-5.5999999999999996,-11.101999999999997,2.7999999999999998,5.5999999999999996,-11.101999999999997,2.7999999999999998,BYPASS,BYPASS,RUNNING
516,10.32,1,-5.5999999999999996,-11.101999999999997,2.7999999999999998,5.5999999999999996,-11.101999999999997,2.7999999999999998,BYPASS,BYPASS,RUNNING
516,10.32,1,-5.5999999999999996,-11.101999999999997,2.7999999999999998,5.5999999999999996,-11.101999999999997,2.7999999999999998,BYPASS,BYPASS,RUNNING
516,10.32,1,-5.5999999999999996,-11.101999999999997,2.7999999999999998,5.5999999999999996,-11.101999999999997,2.7999999999999998,BYPASS,BYPASS,RUNNING
516,10.32,1,-5.5999999999999996,-11.101999999999997,2.7999999999999998,5.5999999999999996,-11.101999999999997,2.7999999999999998,BYPASS,BYPASS,RUNNING
516,10.32,1,-5.5999999999999996,-11.101999999999997,2.7999999999999998,5.5999999999999996,-11.101999999999997,2.7999999999999998,BYPASS,BYPASS,RUNNING
516,10.32,1,-5.5999999999999996,-11.101999999999997,2.7999999999999998,5.5999999999999996,-11.101999999999997,2.7999999999999998,BYPASS,BYPASS,RUNNING
516,10.32,1,-5.5999999999999996,-11.101999999999997,2.7999999999999998,5.5999999999999996,-11.101999999999997,2.7999999999999998,BYPASS,BYPASS,RUNNING
516,10.32,1,-5.5999999999999996,-11.101999999999997,2.7999999999999998,5.5999999999999996,-11.101999999999997,2.7999999999999998,BYPASS,BYPASS,RUNNING
516,10.32,1,-5.5999999999999996,-11.101999999999997,2.7999999999999998,5.5999999999999996,-11.101999999999997,2.7999999999999998,BYPASS,BYPASS,RUNNING
516,10.32,1,-5.5999999999999996,-11.101999999999997,2.7999999999999998,5.5999999999999996,-11.101999999999997,2.7999999999999998,BYPASS,BYPASS,RUNNING
516,10.32,1,-5.5999999999999996,-11.101999999999997,2.7999999999999998,5.5999999999999996,-11.101999999999997,2.7999999999999998,BYPASS,BYPASS,RUNNING
516,10.32,1,-5.5999999999999996,-11.101999999999997,2.7999999999999998,5.5999999999999996,-11.101999999999997,2.7999999999999998,BYPASS,BYPASS,RUNNING
516,10.32,1,-5.5999999999999996,-11.101999999999997,2.7999999999999998,5.5999999999999996,-11.101999999999997,2.7999999999999998,BYPASS,BYPASS,RUNNING
516,10.32,1,-5.5999999999999996,-11.101999999999997,2.7999999999999998,5.5999999999999996,-11.101999999999997,2.7999999999999998,BYPASS,BYPASS,RUNNING
516,10.32,1,-5.5999999999999996,-11.101999999999997,2.7999999999999998,5.5999999999999996,-11.101999999999997,2.7999999999999998,BYPASS,BYPASS,RUNNING
516,10.32,1,-5.5999999999999996,-11.101999999999997,2.7999999999999998,5.5999999999999996,-11.101999999999997,2.7999999999999998,BYPASS,BYPASS,RUNNING
516,10.32,1,-5.5999999999999996,-11.101999999999997,2.7999999999999998,5.5999999999999996,-11.101999999999997,2.7999999999999998,BYPASS,BYPASS,RUNNING
516,10.32,1,-5.5999999999999996,-11.101999999999997,2.7999999999999998,5.5999999999999996,-11.101999999999997,2.7999999999999998,BYPASS,BYPASS,RUNNING
516,10.32,1,-5.5999999999999996,-11.101999999999997,2.7999999999999998,5.5999999999999996,-11.101999999999997,2.7999999999999998,BYPASS,BYPASS,RUNNING
516,10.32,1,-5.5999999999999996,-11.101999999999997,2.7999999999999998,5.5999999999999996,-11.101999999999997,2.7999999999999998,BYPASS,BYPASS,RUNNING
516,10.32,1,-5.5999999999999996,-11.101999999999997,2.7999999999999998,5.5999999999999996,-11.101999999999997,2.7999999999999998,BYPASS,BYPASS,RUNNING
516,10.32,1,-5.5999999999999996,-11.101999999999997,2.7999999999999998,5.5999999999999996,-11.101999999999997,2.7999999999999998,BYPASS,BYPASS,RUNNING
516,10.32,1,-5.5999999999999996,-11.101999999999997,2.7999999999999998,5.5999999999999996,-11.101999999999997,2.7999999999999998,BYPASS,BYPASS,RUNNING
516,10.32,1,-5.5999999999999996,-11.101999999999997,2.7999999999999998,5.5999999999999996,-11.101999999999997,2.7999999999999998,BYPASS,BYPASS,RUNNING
516,10.32,1,-5.5999999999999996,-11.101999999999997,2.7999999999999998,5.5999999999999996,-11.101999999999997,2.7999999999999998,BYPASS,BYPASS,RUNNING
516,10.32,1,-5.5999999999999996,-11.101999999999997,2.7999999999999998,5.5999999999999996,-11.101999999999997,2.7999999999999998,BYPASS,BYPASS,RUNNING
516,10.32,1,-5.5999999999999996,-11.101999999999997,2.7999999999999998,5.5999999999999996,-11.101999999999997,2.7999999999999998,BYPASS,BYPASS,RUNNING
516,10.32,1,-5.5999999999999996,-11.101999999999997,2.7999999999999998,5.5999999999999996,-11.101999999999997,2.7999999999999998,BYPASS,BYPASS,RUNNING
516,10.32,1,-5.5999999999999996,-11.101999999999997,2.7999999999999998,5.5999999999999996,-11.101999999999997,2.7999999999999998,BYPASS,BYPASS,RUNNING
516,10.32,1,-5.5999999999999996,-11.101999999999997,2.7999999999999998,5.5999999999999996,-11.101999999999997,2.7999999999999998,BYPASS,BYPASS,RUNNING
516,10.32,1,-5.5999999999999996,-11.101999999999997,2.7999999999999998,5.5999999999999996,-11.101999999999997,2.7999999999999998,BYPASS,BYPASS,RUNNING
516,10.32,1,-5.5999999999999996,-11.101999999999997,2.7999999999999998,5.5999999999999996,-11.101999999999997,2.7999999999999998,BYPASS,BYPASS,RUNNING
516,10.32,1,-5.5999999999999996,-11.101999999999997,2.7999999999999998,5.5999999999999996,-11.101999999999997,2.7999999999999998,BYPASS,BYPASS,RUNNING
516,10.32,1,-5.5999999999999996,-11.101999999999997,2.7999999999999998,5.5999999999999996,-11.101999999999997,2.7999999999999998,BYPASS,BYPASS,RUNNING
516,10.32,1,-5.5999999999999996,-11.101999999999997,2.7999999999999998,5.5999999999999996,-11.101999999999997,2.7999999999999998,BYPASS,BYPASS,RUNNING
516,10.32,1,-5.5999999999999996,-11.101999999999997,2.7999999999999998,5.5999999999999996,-11.101999999999997,2.7999999999999998,BYPASS,BYPASS,RUNNING
516,10.32,1,-5.5999999999999996,-11.101999999999997,2.7999999999999998,5.5999999999999996,-11.101999999999997,2.7999999999999998,BYPASS,BYPASS,RUNNING
516,10.32,1,-5.5999999999999996,-11.101999999999997,2.7999999999999998,5.5999999999999996,-11.101999999999997,2.7999999999999998,BYPASS,BYPASS,RUNNING
516,10.32,1,-5.5999999999999996,-11.101999999999997,2.7999999999999998,5.5999999999999996,-11.101999999999997,2.7999999999999998,BYPASS,BYPASS,RUNNING
516,10.32,1,-5.5999999999999996,-11.101999999999997,2.7999999999999998,5.5999999999999996,-11.101999999999997,2.7999999999999998,BYPASS,BYPASS,RUNNING
516,10.32,1,-5.5999999999999996,-11.101999999999997,2.7999999999999998,5.5999999999999996,-11.101999999999997,2.7999999999999998,BYPASS,BYPASS,RUNNING
516,10.32,1,-5.5999999999999996,-11.101999999999997,2.7999999999999998,5.5999999999999996,-11.101999999999997,2.7999999999999998,BYPASS,BYPASS,RUNNING
516,10.32,1,-5.5999999999999996,-11.101999999999997,2.7999999999999998,5.5999999999999996,-11.101999999999997,2.7999999999999998,BYPASS,BYPASS,RUNNING
516,10.32,1,-5.5999999999999996,-11.101999999999997,2.7999999999999998,5.5999999999999996,-11.101999999999997,2.7999999999999998,BYPASS,BYPASS,RUNNING
516,10.32,1,-5.5999999999999996,-11.101999999999997,2.7999999999999998,5.5999999999999996,-11.101999999999997,2.7999999999999998,BYPASS,BYPASS,RUNNING
516,10.32,1,-5.5999999999999996,-11.101999999999997,2.7999999999999998,5.5999999999999996,-11.101999999999997,2.7999999999999998,BYPASS,BYPASS,RUNNING
516,10.32,1,-5.5999999999999996,-11.101999999999997,2.7999999999999998,5.5999999999999996,-11.101999999999997,2.7999999999999998,BYPASS,BYPASS,RUNNING
516,10.32,1,-5.5999999999999996,-11.101999999999997,2.7999999999999998,5.5999999999999996,-11.101999999999997,2.7999999999999998,BYPASS,BYPASS,RUNNING
516,10.32,1,-5.5999999999999996,-11.101999999999997,2.7999999999999998,5.5999999999999996,-11.101999999999997,2.7999999999999998,BYPASS,BYPASS,RUNNING
516,10.32,1,-5.5999999999999996,-11.101999999999997,2.7999999999999998,5.5999999999999996,-11.101999999999997,2.7999999999999998,BYPASS,BYPASS,RUNNING
516,10.32,1,-5.5999999999999996,-11.101999999999997,2.7999999999999998,5.5999999999999996,-11.101999999999997,2.7999999999999998,BYPASS,BYPASS,RUNNING
516,10.32,1,-5.5999999999999996,-11.101999999999997,2.7999999999999998,5.5999999999999996,-11.101999999999997,2.7999999999999998,BYPASS,BYPASS,RUNNING
516,10.32,1,-5.5999999999999996,-11.101999999999997,2.7999999999999998,5.5999999999999996,-11.101999999999997,2.7999999999999998,BYPASS,BYPASS,RUNNING
516,10.32,1,-5.5999999999999996,-11.101999999999997,2.7999999999999998,5.5999999999999996,-11.101999999999997,2.7999999999999998,BYPASS,BYPASS,RUNNING
516,10.32,1,-5.5999999999999996,-11.101999999999997,2.7999999999999998,5.5999999999999996,-11.101999999999997,2.7999999999999998,BYPASS,BYPASS,RUNNING
516,10.32,1,-5.5999999999999996,-11.101999999999997,2.7999999999999998,5.5999999999999996,-11.101999999999997,2.7999999999999998,BYPASS,BYPASS,RUNNING
516,10.32,1,-5.5999999999999996,-11.101999999999997,2.7999999999999998,5.5999999999999996,-11.101999999999997,2.7999999999999998,BYPASS,BYPASS,RUNNING
516,10.32,1,-5.5999999999999996,-11.101999999999997,2.7999999999999998,5.5999999999999996,-11.101999999999997,2.7999999999999998,BYPASS,BYPASS,RUNNING
516,10.32,1,-5.5999999999999996,-11.101999999999997,2.7999999999999998,5.5999999999999996,-11.101999999999997,2.7999999999999998,BYPASS,BYPASS,RUNNING
516,10.32,1,-5.5999999999999996,-11.101999999999997,2.7999999999999998,5.5999999999999996,-11.101999999999997,2.7999999999999998,BYPASS,BYPASS,RUNNING
516,10.32,1,-5.5999999999999996,-11.101999999999997,2.7999999999999998,5.5999999999999996,-11.101999999999997,2.7999999999999998,BYPASS,BYPASS,RUNNING
516,10.32,1,-5.5999999999999996,-11.101999999999997,2.7999999999999998,5.5999999999999996,-11.101999999999997,2.7999999999999998,BYPASS,BYPASS,RUNNING
516,10.32,1,-5.5999999999999996,-11.101999999999997,2.7999999999999998,5.5999999999999996,-11.101999999999997,2.7999999999999998,BYPASS,BYPASS,RUNNING
516,10.32,1,-5.5999999999999996,-11.101999999999997,2.7999999999999998,5.5999999999999996,-11.101999999999997,2.7999999999999998,BYPASS,BYPASS,RUNNING
516,10.32,1,-5.5999999999999996,-11.101999999999997,2.7999999999999998,5.5999999999999996,-11.101999999999997,2.7999999999999998,BYPASS,BYPASS,RUNNING
516,10.32,1,-5.5999999999999996,-11.101999999999997,2.7999999999999998,5.5999999999999996,-11.101999999999997,2.7999999999999998,BYPASS,BYPASS,RUNNING
516,10.32,1,-5.5999999999999996,-11.101999999999997,2.7999999999999998,5.5999999999999996,-11.101999999999997,2.7999999999999998,BYPASS,BYPASS,RUNNING
516,10.32,1,-5.5999999999999996,-11.101999999999997,2.7999999999999998,5.5999999999999996,-11.101999999999997,2.7999999999999998,BYPASS,BYPASS,RUNNING
516,10.32,1,-5.5999999999999996,-11.101999999999997,2.7999999999999998,5.5999999999999996,-11.101999999999997,2.7999999999999998,BYPASS,BYPASS,RUNNING
516,10.32,1,-5.5999999999999996,-11.101999999999997,2.7999999999999998,5.5999999999999996,-11.101999999999997,2.7999999999999998,BYPASS,BYPASS,RUNNING
516,10.32,1,-5.5999999999999996,-11.101999999999997,2.7999999999999998,5.5999999999999996,-11.101999999999997,2.7999999999999998,BYPASS,BYPASS,RUNNING
516,10.32,1,-5.5999999999999996,-11.101999999999997,2.7999999999999998,5.5999999999999996,-11.101999999999997,2.7999999999999998,BYPASS,BYPASS,RUNNING
516,10.32,1,-5.5999999999999996,-11.101999999999997,2.7999999999999998,5.5999999999999996,-11.101999999999997,2.7999999999999998,BYPASS,BYPASS,RUNNING
516,10.32,1,-5.5999999999999996,-11.101999999999997,2.7999999999999998,5.5999999999999996,-11.101999999999997,2.7999999999999998,BYPASS,BYPASS,RUNNING
516,10.32,1,-5.5999999999999996,-11.101999999999997,2.7999999999999998,5.5999999999999996,-11.101999999999997,2.7999999999999998,BYPASS,BYPASS,RUNNING
516,10.32,1,-5.5999999999999996,-11.101999999999997,2.7999999999999998,5.5999999999999996,-11.101999999999997,2.7999999999999998,BYPASS,BYPASS,RUNNING
516,10.32,1,-5.5999999999999996,-11.101999999999997,2.7999999999999998,5.5999999999999996,-11.101999999999997,2.7999999999999998,BYPASS,BYPASS,RUNNING
516,10.32,1,-5.5999999999999996,-11.101999999999997,2.7999999999999998,5.5999999999999996,-11.101999999999997,2.7999999999999998,BYPASS,BYPASS,RUNNING
516,10.32,1,-5.5999999999999996,-11.101999999999997,2.7999999999999998,5.5999999999999996,-11.101999999999997,2.7999999999999998,BYPASS,BYPASS,RUNNING
516,10.32,1,-5.5999999999999996,-11.101999999999997,2.7999999999999998,5.5999999999999996,-11.101999999999997,2.7999999999999998,BYPASS,BYPASS,RUNNING
516,10.32,1,-5.5999999999999996,-11.101999999999997,2.7999999999999998,5.5999999999999996,-11.101999999999997,2.7999999999999998,BYPASS,BYPASS,RUNNING
516,10.32,1,-5.5999999999999996,-11.101999999999997,2.7999999999999998,5.5999999999999996,-11.101999999999997,2.7999999999999998,BYPASS,BYPASS,RUNNING
516,10.32,1,-5.5999999999999996,-11.101999999999997,2.7999999999999998,5.5999999999999996,-11.101999999999997,2.7999999999999998,BYPASS,BYPASS,RUNNING
516,10.32,1,-5.5999999999999996,-11.101999999999997,2.7999999999999998,5.5999999999999996,-11.101999999999997,2.7999999999999998,BYPASS,BYPASS,RUNNING
516,10.32,1,-5.5999999999999996,-11.101999999999997,2.7999999999999998,5.5999999999999996,-11.101999999999997,2.7999999999999998,BYPASS,BYPASS,RUNNING
516,10.32,1,-5.5999999999999996,-11.101999999999997,2.7999999999999998,5.5999999999999996,-11.101999999999997,2.7999999999999998,BYPASS,BYPASS,RUNNING
516,10.32,1,-5.5999999999999996,-11.101999999999997,2.7999999999999998,5.5999999999999996,-11.101999999999997,2.7999999999999998,BYPASS,BYPASS,RUNNING
516,10.32,1,-5.5999999999999996,-11.101999999999997,2.7999999999999998,5.5999999999999996,-11.101999999999997,2.7999999999999998,BYPASS,BYPASS,RUNNING
516,10.32,1,-5.5999999999999996,-11.101999999999997,2.7999999999999998,5.5999999999999996,-11.101999999999997,2.7999999999999998,BYPASS,BYPASS,RUNNING
516,10.32,1,-5.5999999999999996,-11.101999999999997,2.7999999999999998,5.5999999999999996,-11.101999999999997,2.7999999999999998,BYPASS,BYPASS,RUNNING
516,10.32,1,-5.5999999999999996,-11.101999999999997,2.7999999999999998,5.5999999999999996,-11.101999999999997,2.7999999999999998,BYPASS,BYPASS,RUNNING
516,10.32,1,-5.5999999999999996,-11.101999999999997,2.7999999999999998,5.5999999999999996,-11.101999999999997,2.7999999999999998,BYPASS,BYPASS,RUNNING
516,10.32,1,-5.5999999999999996,-11.101999999999997,2.7999999999999998,5.5999999999999996,-11.101999999999997,2.7999999999999998,BYPASS,BYPASS,RUNNING
516,10.32,1,-5.5999999999999996,-11.101999999999997,2.7999999999999998,5.5999999999999996,-11.101999999999997,2.7999999999999998,BYPASS,BYPASS,RUNNING
516,10.32,1,-5.5999999999999996,-11.101999999999997,2.7999999999999998,5.5999999999999996,-11.101999999999997,2.7999999999999998,BYPASS,BYPASS,RUNNING
516,10.32,1,-5.5999999999999996,-11.101999999999997,2.7999999999999998,5.5999999999999996,-11.101999999999997,2.7999999999999998,BYPASS,BYPASS,RUNNING
516,10.32,1,-5.5999999999999996,-11.101999999999997,2.7999999999999998,5.5999999999999996,-11.101999999999997,2.7999999999999998,BYPASS,BYPASS,RUNNING
516,10.32,1,-5.5999999999999996,-11.101999999999997,2.7999999999999998,5.5999999999999996,-11.101999999999997,2.7999999999999998,BYPASS,BYPASS,RUNNING
516,10.32,1,-5.5999999999999996,-11.101999999999997,2.7999999999999998,5.5999999999999996,-11.101999999999997,2.7999999999999998,BYPASS,BYPASS,RUNNING
516,10.32,1,-5.5999999999999996,-11.101999999999997,2.7999999999999998,5.5999999999999996,-11.101999999999997,2.7999999999999998,BYPASS,BYPASS,RUNNING
516,10.32,1,-5.5999999999999996,-11.101999999999997,2.7999999999999998,5.5999999999999996,-11.101999999999997,2.7999999999999998,BYPASS,BYPASS,RUNNING
516,10.32,1,-5.5999999999999996,-11.101999999999997,2.7999999999999998,5.5999999999999996,-11.101999999999997,2.7999999999999998,BYPASS,BYPASS,RUNNING
516,10.32,1,-5.5999999999999996,-11.101999999999997,2.7999999999999998,5.5999999999999996,-11.101999999999997,2.7999999999999998,BYPASS,BYPASS,RUNNING
516,10.32,1,-5.5999999999999996,-11.101999999999997,2.7999999999999998,5.5999999999999996,-11.101999999999997,2.7999999999999998,BYPASS,BYPASS,RUNNING
516,10.32,1,-5.5999999999999996,-11.101999999999997,2.7999999999999998,5.5999999999999996,-11.101999999999997,2.7999999999999998,BYPASS,BYPASS,RUNNING
516,10.32,1,-5.5999999999999996,-11.101999999999997,2.7999999999999998,5.5999999999999996,-11.101999999999997,2.7999999999999998,BYPASS,BYPASS,RUNNING
516,10.32,1,-5.5999999999999996,-11.101999999999997,2.7999999999999998,5.5999999999999996,-11.101999999999997,2.7999999999999998,BYPASS,BYPASS,RUNNING
516,10.32,1,-5.5999999999999996,-11.101999999999997,2.7999999999999998,5.5999999999999996,-11.101999999999997,2.7999999999999998,BYPASS,BYPASS,RUNNING
516,10.32,1,-5.5999999999999996,-11.101999999999997,2.7999999999999998,5.5999999999999996,-11.101999999999997,2.7999999999999998,BYPASS,BYPASS,RUNNING
516,10.32,1,-5.5999999999999996,-11.101999999999997,2.7999999999999998,5.5999999999999996,-11.101999999999997,2.7999999999999998,BYPASS,BYPASS,RUNNING
516,10.32,1,-5.5999999999999996,-11.101999999999997,2.7999999999999998,5.5999999999999996,-11.101999999999997,2.7999999999999998,BYPASS,BYPASS,RUNNING
516,10.32,1,-5.5999999999999996,-11.101999999999997,2.7999999999999998,5.5999999999999996,-11.101999999999997,2.7999999999999998,BYPASS,BYPASS,RUNNING
516,10.32,1,-5.5999999999999996,-11.101999999999997,2.7999999999999998,5.5999999999999996,-11.101999999999997,2.7999999999999998,BYPASS,BYPASS,RUNNING
516,10.32,1,-5.5999999999999996,-11.101999999999997,2.7999999999999998,5.5999999999999996,-11.101999999999997,2.7999999999999998,BYPASS,BYPASS,RUNNING
516,10.32,1,-5.5999999999999996,-11.101999999999997,2.7999999999999998,5.5999999999999996,-11.101999999999997,2.7999999999999998,BYPASS,BYPASS,RUNNING
516,10.32,1,-5.5999999999999996,-11.101999999999997,2.7999999999999998,5.5999999999999996,-11.101999999999997,2.7999999999999998,BYPASS,BYPASS,RUNNING
516,10.32,1,-5.5999999999999996,-11.101999999999997,2.7999999999999998,5.5999999999999996,-11.101999999999997,2.7999999999999998,BYPASS,BYPASS,RUNNING
516,10.32,1,-5.5999999999999996,-11.101999999999997,2.7999999999999998,5.5999999999999996,-11.101999999999997,2.7999999999999998,BYPASS,BYPASS,RUNNING
516,10.32,1,-5.5999999999999996,-11.101999999999997,2.7999999999999998,5.5999999999999996,-11.101999999999997,2.7999999999999998,BYPASS,BYPASS,RUNNING
516,10.32,1,-5.5999999999999996,-11.101999999999997,2.7999999999999998,5.5999999999999996,-11.101999999999997,2.7999999999999998,BYPASS,BYPASS,RUNNING
516,10.32,1,-5.5999999999999996,-11.101999999999997,2.7999999999999998,5.5999999999999996,-11.101999999999997,2.7999999999999998,BYPASS,BYPASS,RUNNING
516,10.32,1,-5.5999999999999996,-11.101999999999997,2.7999999999999998,5.5999999999999996,-11.101999999999997,2.7999999999999998,BYPASS,BYPASS,RUNNING
516,10.32,1,-5.5999999999999996,-11.101999999999997,2.7999999999999998,5.5999999999999996,-11.101999999999997,2.7999999999999998,BYPASS,BYPASS,RUNNING
516,10.32,1,-5.5999999999999996,-11.101999999999997,2.7999999999999998,5.5999999999999996,-11.101999999999997,2.7999999999999998,BYPASS,BYPASS,RUNNING
516,10.32,1,-5.5999999999999996,-11.101999999999997,2.7999999999999998,5.5999999999999996,-11.101999999999997,2.7999999999999998,BYPASS,BYPASS,RUNNING
516,10.32,1,-5.5999999999999996,-11.101999999999997,2.7999999999999998,5.5999999999999996,-11.101999999999997,2.7999999999999998,BYPASS,BYPASS,RUNNING
516,10.32,1,-5.5999999999999996,-11.101999999999997,2.7999999999999998,5.5999999999999996,-11.101999999999997,2.7999999999999998,BYPASS,BYPASS,RUNNING
516,10.32,1,-5.5999999999999996,-11.101999999999997,2.7999999999999998,5.5999999999999996,-11.101999999999997,2.7999999999999998,BYPASS,BYPASS,RUNNING
516,10.32,1,-5.5999999999999996,-11.101999999999997,2.7999999999999998,5.5999999999999996,-11.101999999999997,2.7999999999999998,BYPASS,BYPASS,RUNNING
516,10.32,1,-5.5999999999999996,-11.101999999999997,2.7999999999999998,5.5999999999999996,-11.101999999999997,2.7999999999999998,BYPASS,BYPASS,RUNNING
516,10.32,1,-5.5999999999999996,-11.101999999999997,2.7999999999999998,5.5999999999999996,-11.101999999999997,2.7999999999999998,BYPASS,BYPASS,RUNNING
516,10.32,1,-5.5999999999999996,-11.101999999999997,2.7999999999999998,5.5999999999999996,-11.101999999999997,2.7999999999999998,BYPASS,BYPASS,RUNNING
516,10.32,1,-5.5999999999999996,-11.101999999999997,2.7999999999999998,5.5999999999999996,-11.101999999999997,2.7999999999999998,BYPASS,BYPASS,RUNNING
516,10.32,1,-5.5999999999999996,-11.101999999999997,2.7999999999999998,5.5999999999999996,-11.101999999999997,2.7999999999999998,BYPASS,BYPASS,RUNNING
516,10.32,1,-5.5999999999999996,-11.101999999999997,2.7999999999999998,5.5999999999999996,-11.101999999999997,2.7999999999999998,BYPASS,BYPASS,RUNNING
516,10.32,1,-5.5999999999999996,-11.101999999999997,2.7999999999999998,5.5999999999999996,-11.101999999999997,2.7999999999999998,BYPASS,BYPASS,RUNNING
516,10.32,1,-5.5999999999999996,-11.101999999999997,2.7999999999999998,5.5999999999999996,-11.101999999999997,2.7999999999999998,BYPASS,BYPASS,RUNNING
516,10.32,1,-5.5999999999999996,-11.101999999999997,2.7999999999999998,5.5999999999999996,-11.101999999999997,2.7999999999999998,BYPASS,BYPASS,RUNNING
516,10.32,1,-5.5999999999999996,-11.101999999999997,2.7999999999999998,5.5999999999999996,-11.101999999999997,2.7999999999999998,BYPASS,BYPASS,RUNNING
516,10.32,1,-5.5999999999999996,-11.101999999999997,2.7999999999999998,5.5999999999999996,-11.101999999999997,2.7999999999999998,BYPASS,BYPASS,RUNNING
516,10.32,1,-5.5999999999999996,-11.101999999999997,2.7999999999999998,5.5999999999999996,-11.101999999999997,2.7999999999999998,BYPASS,BYPASS,RUNNING
516,10.32,1,-5.5999999999999996,-11.101999999999997,2.7999999999999998,5.5999999999999996,-11.101999999999997,2.7999999999999998,BYPASS,BYPASS,RUNNING
516,10.32,1,-5.5999999999999996,-11.101999999999997,2.7999999999999998,5.5999999999999996,-11.101999999999997,2.7999999999999998,BYPASS,BYPASS,RUNNING
516,10.32,1,-5.5999999999999996,-11.101999999999997,2.7999999999999998,5.5999999999999996,-11.101999999999997,2.7999999999999998,BYPASS,BYPASS,RUNNING
516,10.32,1,-5.5999999999999996,-11.101999999999997,2.7999999999999998,5.5999999999999996,-11.101999999999997,2.7999999999999998,BYPASS,BYPASS,RUNNING
516,10.32,1,-5.5999999999999996,-11.101999999999997,2.7999999999999998,5.5999999999999996,-11.101999999999997,2.7999999999999998,BYPASS,BYPASS,RUNNING
516,10.32,1,-5.5999999999999996,-11.101999999999997,2.7999999999999998,5.5999999999999996,-11.101999999999997,2.7999999999999998,BYPASS,BYPASS,RUNNING
516,10.32,1,-5.5999999999999996,-11.101999999999997,2.7999999999999998,5.5999999999999996,-11.101999999999997,2.7999999999999998,BYPASS,BYPASS,RUNNING
516,10.32,1,-5.5999999999999996,-11.101999999999997,2.7999999999999998,5.5999999999999996,-11.101999999999997,2.7999999999999998,BYPASS,BYPASS,RUNNING
516,10.32,1,-5.5999999999999996,-11.101999999999997,2.7999999999999998,5.5999999999999996,-11.101999999999997,2.7999999999999998,BYPASS,BYPASS,RUNNING
516,10.32,1,-5.5999999999999996,-11.101999999999997,2.7999999999999998,5.5999999999999996,-11.101999999999997,2.7999999999999998,BYPASS,BYPASS,RUNNING
516,10.32,1,-5.5999999999999996,-11.101999999999997,2.7999999999999998,5.5999999999999996,-11.101999999999997,2.7999999999999998,BYPASS,BYPASS,RUNNING
516,10.32,1,-5.5999999999999996,-11.101999999999997,2.7999999999999998,5.5999999999999996,-11.101999999999997,2.7999999999999998,BYPASS,BYPASS,RUNNING
516,10.32,1,-5.5999999999999996,-11.101999999999997,2.7999999999999998,5.5999999999999996,-11.101999999999997,2.7999999999999998,BYPASS,BYPASS,RUNNING
516,10.32,1,-5.5999999999999996,-11.101999999999997,2.7999999999999998,5.5999999999999996,-11.101999999999997,2.7999999999999998,BYPASS,BYPASS,RUNNING
516,10.32,1,-5.5999999999999996,-11.101999999999997,2.7999999999999998,5.5999999999999996,-11.101999999999997,2.7999999999999998,BYPASS,BYPASS,RUNNING
516,10.32,1,-5.5999999999999996,-11.101999999999997,2.7999999999999998,5.5999999999999996,-11.101999999999997,2.7999999999999998,BYPASS,BYPASS,RUNNING
516,10.32,1,-5.5999999999999996,-11.101999999999997,2.7999999999999998,5.5999999999999996,-11.101999999999997,2.7999999999999998,BYPASS,BYPASS,RUNNING
516,10.32,1,-5.5999999999999996,-11.101999999999997,2.7999999999999998,5.5999999999999996,-11.101999999999997,2.7999999999999998,BYPASS,BYPASS,RUNNING
516,10.32,1,-5.5999999999999996,-11.101999999999997,2.7999999999999998,5.5999999999999996,-11.101999999999997,2.7999999999999998,BYPASS,BYPASS,RUNNING
516,10.32,1,-5.5999999999999996,-11.101999999999997,2.7999999999999998,5.5999999999999996,-11.101999999999997,2.7999999999999998,BYPASS,BYPASS,RUNNING
516,10.32,1,-5.5999999999999996,-11.101999999999997,2.7999999999999998,5.5999999999999996,-11.101999999999997,2.7999999999999998,BYPASS,BYPASS,RUNNING
516,10.32,1,-5.5999999999999996,-11.101999999999997,2.7999999999999998,5.5999999999999996,-11.101999999999997,2.7999999999999998,BYPASS,BYPASS,RUNNING
516,10.32,1,-5.5999999999999996,-11.101999999999997,2.7999999999999998,5.5999999999999996,-11.101999999999997,2.7999999999999998,BYPASS,BYPASS,RUNNING
516,10.32,1,-5.5999999999999996,-11.101999999999997,2.7999999999999998,5.5999999999999996,-11.101999999999997,2.7999999999999998,BYPASS,BYPASS,RUNNING
516,10.32,1,-5.5999999999999996,-11.101999999999997,2.7999999999999998,5.5999999999999996,-11.101999999999997,2.7999999999999998,BYPASS,BYPASS,RUNNING
516,10.32,1,-5.5999999999999996,-11.101999999999997,2.7999999999999998,5.5999999999999996,-11.101999999999997,2.7999999999999998,BYPASS,BYPASS,RUNNING
516,10.32,1,-5.5999999999999996,-11.101999999999997,2.7999999999999998,5.5999999999999996,-11.101999999999997,2.7999999999999998,BYPASS,BYPASS,RUNNING
516,10.32,1,-5.5999999999999996,-11.101999999999997,2.7999999999999998,5.5999999999999996,-11.101999999999997,2.7999999999999998,BYPASS,BYPASS,RUNNING
516,10.32,1,-5.5999999999999996,-11.101999999999997,2.7999999999999998,5.5999999999999996,-11.101999999999997,2.7999999999999998,BYPASS,BYPASS,RUNNING
516,10.32,1,-5.5999999999999996,-11.101999999999997,2.7999999999999998,5.5999999999999996,-11.101999999999997,2.7999999999999998,BYPASS,BYPASS,RUNNING
516,10.32,1,-5.5999999999999996,-11.101999999999997,2.7999999999999998,5.5999999999999996,-11.101999999999997,2.7999999999999998,BYPASS,BYPASS,RUNNING
516,10.32,1,-5.5999999999999996,-11.101999999999997,2.7999999999999998,5.5999999999999996,-11.101999999999997,2.7999999999999998,BYPASS,BYPASS,RUNNING
516,10.32,1,-5.5999999999999996,-11.101999999999997,2.7999999999999998,5.5999999999999996,-11.101999999999997,2.7999999999999998,BYPASS,BYPASS,RUNNING
516,10.32,1,-5.5999999999999996,-11.101999999999997,2.7999999999999998,5.5999999999999996,-11.101999999999997,2.7999999999999998,BYPASS,BYPASS,RUNNING
516,10.32,1,-5.5999999999999996,-11.101999999999997,2.7999999999999998,5.5999999999999996,-11.101999999999997,2.7999999999999998,BYPASS,BYPASS,RUNNING
516,10.32,1,-5.5999999999999996,-11.101999999999997,2.7999999999999998,5.5999999999999996,-11.101999999999997,2.7999999999999998,BYPASS,BYPASS,RUNNING
516,10.32,1,-5.5999999999999996,-11.101999999999997,2.7999999999999998,5.5999999999999996,-11.101999999999997,2.7999999999999998,BYPASS,BYPASS,RUNNING
516,10.32,1,-5.5999999999999996,-11.101999999999997,2.7999999999999998,5.5999999999999996,-11.101999999999997,2.7999999999999998,BYPASS,BYPASS,RUNNING
516,10.32,1,-5.5999999999999996,-11.101999999999997,2.7999999999999998,5.5999999999999996,-11.101999999999997,2.7999999999999998,BYPASS,BYPASS,RUNNING
516,10.32,1,-5.5999999999999996,-11.101999999999997,2.7999999999999998,5.5999999999999996,-11.101999999999997,2.7999999999999998,BYPASS,BYPASS,RUNNING
516,10.32,1,-5.5999999999999996,-11.101999999999997,2.7999999999999998,5.5999999999999996,-11.101999999999997,2.7999999999999998,BYPASS,BYPASS,RUNNING
516,10.32,1,-5.5999999999999996,-11.101999999999997,2.7999999999999998,5.5999999999999996,-11.101999999999997,2.7999999999999998,BYPASS,BYPASS,RUNNING
516,10.32,1,-5.5999999999999996,-11.101999999999997,2.7999999999999998,5.5999999999999996,-11.101999999999997,2.7999999999999998,BYPASS,BYPASS,RUNNING
516,10.32,1,-5.5999999999999996,-11.101999999999997,2.7999999999999998,5.5999999999999996,-11.101999999999997,2.7999999999999998,BYPASS,BYPASS,RUNNING
516,10.32,1,-5.5999999999999996,-11.101999999999997,2.7999999999999998,5.5999999999999996,-11.101999999999997,2.7999999999999998,BYPASS,BYPASS,RUNNING
516,10.32,1,-5.5999999999999996,-11.101999999999997,2.7999999999999998,5.5999999999999996,-11.101999999999997,2.7999999999999998,BYPASS,BYPASS,RUNNING
516,10.32,1,-5.5999999999999996,-11.101999999999997,2.7999999999999998,5.5999999999999996,-11.101999999999997,2.7999999999999998,BYPASS,BYPASS,RUNNING
516,10.32,1,-5.5999999999999996,-11.101999999999997,2.7999999999999998,5.5999999999999996,-11.101999999999997,2.7999999999999998,BYPASS,BYPASS,RUNNING
516,10.32,1,-5.5999999999999996,-11.101999999999997,2.7999999999999998,5.5999999999999996,-11.101999999999997,2.7999999999999998,BYPASS,BYPASS,RUNNING
516,10.32,1,-5.5999999999999996,-11.101999999999997,2.7999999999999998,5.5999999999999996,-11.101999999999997,2.7999999999999998,BYPASS,BYPASS,RUNNING
516,10.32,1,-5.5999999999999996,-11.101999999999997,2.7999999999999998,5.5999999999999996,-11.101999999999997,2.7999999999999998,BYPASS,BYPASS,RUNNING
516,10.32,1,-5.5999999999999996,-11.101999999999997,2.7999999999999998,5.5999999999999996,-11.101999999999997,2.7999999999999998,BYPASS,BYPASS,RUNNING
516,10.32,1,-5.5999999999999996,-11.101999999999997,2.7999999999999998,5.5999999999999996,-11.101999999999997,2.7999999999999998,BYPASS,BYPASS,RUNNING
516,10.32,1,-5.5999999999999996,-11.101999999999997,2.7999999999999998,5.5999999999999996,-11.101999999999997,2.7999999999999998,BYPASS,BYPASS,RUNNING
516,10.32,1,-5.5999999999999996,-11.101999999999997,2.7999999999999998,5.5999999999999996,-11.101999999999997,2.7999999999999998,BYPASS,BYPASS,RUNNING
516,10.32,1,-5.5999999999999996,-11.101999999999997,2.7999999999999998,5.5999999999999996,-11.101999999999997,2.7999999999999998,BYPASS,BYPASS,RUNNING
516,10.32,1,-5.5999999999999996,-11.101999999999997,2.7999999999999998,5.5999999999999996,-11.101999999999997,2.7999999999999998,BYPASS,BYPASS,RUNNING
516,10.32,1,-5.5999999999999996,-11.101999999999997,2.7999999999999998,5.5999999999999996,-11.101999999999997,2.7999999999999998,BYPASS,BYPASS,RUNNING
516,10.32,1,-5.5999999999999996,-11.101999999999997,2.7999999999999998,5.5999999999999996,-11.101999999999997,2.7999999999999998,BYPASS,BYPASS,RUNNING
516,10.32,1,-5.5999999999999996,-11.101999999999997,2.7999999999999998,5.5999999999999996,-11.101999999999997,2.7999999999999998,BYPASS,BYPASS,RUNNING
516,10.32,1,-5.5999999999999996,-11.101999999999997,2.7999999999999998,5.5999999999999996,-11.101999999999997,2.7999999999999998,BYPASS,BYPASS,RUNNING
516,10.32,1,-5.5999999999999996,-11.101999999999997,2.7999999999999998,5.5999999999999996,-11.101999999999997,2.7999999999999998,BYPASS,BYPASS,RUNNING
516,10.32,1,-5.5999999999999996,-11.101999999999997,2.7999999999999998,5.5999999999999996,-11.101999999999997,2.7999999999999998,BYPASS,BYPASS,RUNNING
516,10.32,1,-5.5999999999999996,-11.101999999999997,2.7999999999999998,5.5999999999999996,-11.101999999999997,2.7999999999999998,BYPASS,BYPASS,RUNNING
516,10.32,1,-5.5999999999999996,-11.101999999999997,2.7999999999999998,5.5999999999999996,-11.101999999999997,2.7999999999999998,BYPASS,BYPASS,RUNNING
516,10.32,1,-5.5999999999999996,-11.101999999999997,2.7999999999999998,5.5999999999999996,-11.101999999999997,2.7999999999999998,BYPASS,BYPASS,RUNNING
516,10.32,1,-5.5999999999999996,-11.101999999999997,2.7999999999999998,5.5999999999999996,-11.101999999999997,2.7999999999999998,BYPASS,BYPASS,RUNNING
516,10.32,1,-5.5999999999999996,-11.101999999999997,2.7999999999999998,5.5999999999999996,-11.101999999999997,2.7999999999999998,BYPASS,BYPASS,RUNNING
516,10.32,1,-5.5999999999999996,-11.101999999999997,2.7999999999999998,5.5999999999999996,-11.101999999999997,2.7999999999999998,BYPASS,BYPASS,RUNNING
516,10.32,1,-5.5999999999999996,-11.101999999999997,2.7999999999999998,5.5999999999999996,-11.101999999999997,2.7999999999999998,BYPASS,BYPASS,RUNNING
516,10.32,1,-5.5999999999999996,-11.101999999999997,2.7999999999999998,5.5999999999999996,-11.101999999999997,2.7999999999999998,BYPASS,BYPASS,RUNNING
516,10.32,1,-5.5999999999999996,-11.101999999999997,2.7999999999999998,5.5999999999999996,-11.101999999999997,2.7999999999999998,BYPASS,BYPASS,RUNNING
516,10.32,1,-5.5999999999999996,-11.101999999999997,2.7999999999999998,5.5999999999999996,-11.101999999999997,2.7999999999999998,BYPASS,BYPASS,RUNNING
516,10.32,1,-5.5999999999999996,-11.101999999999997,2.7999999999999998,5.5999999999999996,-11.101999999999997,2.7999999999999998,BYPASS,BYPASS,RUNNING
516,10.32,1,-5.5999999999999996,-11.101999999999997,2.7999999999999998,5.5999999999999996,-11.101999999999997,2.7999999999999998,BYPASS,BYPASS,RUNNING
516,10.32,1,-5.5999999999999996,-11.101999999999997,2.7999999999999998,5.5999999999999996,-11.101999999999997,2.7999999999999998,BYPASS,BYPASS,RUNNING
516,10.32,1,-5.5999999999999996,-11.101999999999997,2.7999999999999998,5.5999999999999996,-11.101999999999997,2.7999999999999998,BYPASS,BYPASS,RUNNING
516,10.32,1,-5.5999999999999996,-11.101999999999997,2.7999999999999998,5.5999999999999996,-11.101999999999997,2.7999999999999998,BYPASS,BYPASS,RUNNING
516,10.32,1,-5.5999999999999996,-11.101999999999997,2.7999999999999998,5.5999999999999996,-11.101999999999997,2.7999999999999998,BYPASS,BYPASS,RUNNING
516,10.32,1,-5.5999999999999996,-11.101999999999997,2.7999999999999998,5.5999999999999996,-11.101999999999997,2.7999999999999998,BYPASS,BYPASS,RUNNING
516,10.32,1,-5.5999999999999996,-11.101999999999997,2.7999999999999998,5.5999999999999996,-11.101999999999997,2.7999999999999998,BYPASS,BYPASS,RUNNING
516,10.32,1,-5.5999999999999996,-11.101999999999997,2.7999999999999998,5.5999999999999996,-11.101999999999997,2.7999999999999998,BYPASS,BYPASS,RUNNING
516,10.32,1,-5.5999999999999996,-11.101999999999997,2.7999999999999998,5.5999999999999996,-11.101999999999997,2.7999999999999998,BYPASS,BYPASS,RUNNING
516,10.32,1,-5.5999999999999996,-11.101999999999997,2.7999999999999998,5.5999999999999996,-11.101999999999997,2.7999999999999998,BYPASS,BYPASS,RUNNING
516,10.32,1,-5.5999999999999996,-11.101999999999997,2.7999999999999998,5.5999999999999996,-11.101999999999997,2.7999999999999998,BYPASS,BYPASS,RUNNING
516,10.32,1,-5.5999999999999996,-11.101999999999997,2.7999999999999998,5.5999999999999996,-11.101999999999997,2.7999999999999998,BYPASS,BYPASS,RUNNING
516,10.32,1,-5.5999999999999996,-11.101999999999997,2.7999999999999998,5.5999999999999996,-11.101999999999997,2.7999999999999998,BYPASS,BYPASS,RUNNING
516,10.32,1,-5.5999999999999996,-11.101999999999997,2.7999999999999998,5.5999999999999996,-11.101999999999997,2.7999999999999998,BYPASS,BYPASS,RUNNING
516,10.32,1,-5.5999999999999996,-11.101999999999997,2.7999999999999998,5.5999999999999996,-11.101999999999997,2.7999999999999998,BYPASS,BYPASS,RUNNING
516,10.32,1,-5.5999999999999996,-11.101999999999997,2.7999999999999998,5.5999999999999996,-11.101999999999997,2.7999999999999998,BYPASS,BYPASS,RUNNING
516,10.32,1,-5.5999999999999996,-11.101999999999997,2.7999999999999998,5.5999999999999996,-11.101999999999997,2.7999999999999998,BYPASS,BYPASS,RUNNING
516,10.32,1,-5.5999999999999996,-11.101999999999997,2.7999999999999998,5.5999999999999996,-11.101999999999997,2.7999999999999998,BYPASS,BYPASS,RUNNING
516,10.32,1,-5.5999999999999996,-11.101999999999997,2.7999999999999998,5.5999999999999996,-11.101999999999997,2.7999999999999998,BYPASS,BYPASS,RUNNING
516,10.32,1,-5.5999999999999996,-11.101999999999997,2.7999999999999998,5.5999999999999996,-11.101999999999997,2.7999999999999998,BYPASS,BYPASS,RUNNING
516,10.32,1,-5.5999999999999996,-11.101999999999997,2.7999999999999998,5.5999999999999996,-11.101999999999997,2.7999999999999998,BYPASS,BYPASS,RUNNING
516,10.32,1,-5.5999999999999996,-11.101999999999997,2.7999999999999998,5.5999999999999996,-11.101999999999997,2.7999999999999998,BYPASS,BYPASS,RUNNING
516,10.32,1,-5.5999999999999996,-11.101999999999997,2.7999999999999998,5.5999999999999996,-11.101999999999997,2.7999999999999998,BYPASS,BYPASS,RUNNING
516,10.32,1,-5.5999999999999996,-11.101999999999997,2.7999999999999998,5.5999999999999996,-11.101999999999997,2.7999999999999998,BYPASS,BYPASS,RUNNING
516,10.32,1,-5.5999999999999996,-11.101999999999997,2.7999999999999998,5.5999999999999996,-11.101999999999997,2.7999999999999998,BYPASS,BYPASS,RUNNING
516,10.32,1,-5.5999999999999996,-11.101999999999997,2.7999999999999998,5.5999999999999996,-11.101999999999997,2.7999999999999998,BYPASS,BYPASS,RUNNING
516,10.32,1,-5.5999999999999996,-11.101999999999997,2.7999999999999998,5.5999999999999996,-11.101999999999997,2.7999999999999998,BYPASS,BYPASS,RUNNING
516,10.32,1,-5.5999999999999996,-11.101999999999997,2.7999999999999998,5.5999999999999996,-11.101999999999997,2.7999999999999998,BYPASS,BYPASS,RUNNING
516,10.32,1,-5.5999999999999996,-11.101999999999997,2.7999999999999998,5.5999999999999996,-11.101999999999997,2.7999999999999998,BYPASS,BYPASS,RUNNING
516,10.32,1,-5.5999999999999996,-11.101999999999997,2.7999999999999998,5.5999999999999996,-11.101999999999997,2.7999999999999998,BYPASS,BYPASS,RUNNING
516,10.32,1,-5.5999999999999996,-11.101999999999997,2.7999999999999998,5.5999999999999996,-11.101999999999997,2.7999999999999998,BYPASS,BYPASS,RUNNING
516,10.32,1,-5.5999999999999996,-11.101999999999997,2.7999999999999998,5.5999999999999996,-11.101999999999997,2.7999999999999998,BYPASS,BYPASS,RUNNING
516,10.32,1,-5.5999999999999996,-11.101999999999997,2.7999999999999998,5.5999999999999996,-11.101999999999997,2.7999999999999998,BYPASS,BYPASS,RUNNING
516,10.32,1,-5.5999999999999996,-11.101999999999997,2.7999999999999998,5.5999999999999996,-11.101999999999997,2.7999999999999998,BYPASS,BYPASS,RUNNING
516,10.32,1,-5.5999999999999996,-11.101999999999997,2.7999999999999998,5.5999999999999996,-11.101999999999997,2.7999999999999998,BYPASS,BYPASS,RUNNING
516,10.32,1,-5.5999999999999996,-11.101999999999997,2.7999999999999998,5.5999999999999996,-11.101999999999997,2.7999999999999998,BYPASS,BYPASS,RUNNING
516,10.32,1,-5.5999999999999996,-11.101999999999997,2.7999999999999998,5.5999999999999996,-11.101999999999997,2.7999999999999998,BYPASS,BYPASS,RUNNING
516,10.32,1,-5.5999999999999996,-11.101999999999997,2.7999999999999998,5.5999999999999996,-11.101999999999997,2.7999999999999998,BYPASS,BYPASS,RUNNING
516,10.32,1,-5.5999999999999996,-11.101999999999997,2.7999999999999998,5.5999999999999996,-11.101999999999997,2.7999999999999998,BYPASS,BYPASS,RUNNING
516,10.32,1,-5.5999999999999996,-11.101999999999997,2.7999999999999998,5.5999999999999996,-11.101999999999997,2.7999999999999998,BYPASS,BYPASS,RUNNING
516,10.32,1,-5.5999999999999996,-11.101999999999997,2.7999999999999998,5.5999999999999996,-11.101999999999997,2.7999999999999998,BYPASS,BYPASS,RUNNING
516,10.32,1,-5.5999999999999996,-11.101999999999997,2.7999999999999998,5.5999999999999996,-11.101999999999997,2.7999999999999998,BYPASS,BYPASS,RUNNING
516,10.32,1,-5.5999999999999996,-11.101999999999997,2.7999999999999998,5.5999999999999996,-11.101999999999997,2.7999999999999998,BYPASS,BYPASS,RUNNING
516,10.32,1,-5.5999999999999996,-11.101999999999997,2.7999999999999998,5.5999999999999996,-11.101999999999997,2.7999999999999998,BYPASS,BYPASS,RUNNING
516,10.32,1,-5.5999999999999996,-11.101999999999997,2.7999999999999998,5.5999999999999996,-11.101999999999997,2.7999999999999998,BYPASS,BYPASS,RUNNING
516,10.32,1,-5.5999999999999996,-11.101999999999997,2.7999999999999998,5.5999999999999996,-11.101999999999997,2.7999999999999998,BYPASS,BYPASS,RUNNING
516,10.32,1,-5.5999999999999996,-11.101999999999997,2.7999999999999998,5.5999999999999996,-11.101999999999997,2.7999999999999998,BYPASS,BYPASS,RUNNING
516,10.32,1,-5.5999999999999996,-11.101999999999997,2.7999999999999998,5.5999999999999996,-11.101999999999997,2.7999999999999998,BYPASS,BYPASS,RUNNING
516,10.32,1,-5.5999999999999996,-11.101999999999997,2.7999999999999998,5.5999999999999996,-11.101999999999997,2.7999999999999998,BYPASS,BYPASS,RUNNING
516,10.32,1,-5.5999999999999996,-11.101999999999997,2.7999999999999998,5.5999999999999996,-11.101999999999997,2.7999999999999998,BYPASS,BYPASS,RUNNING
516,10.32,1,-5.5999999999999996,-11.101999999999997,2.7999999999999998,5.5999999999999996,-11.101999999999997,2.7999999999999998,BYPASS,BYPASS,RUNNING
516,10.32,1,-5.5999999999999996,-11.101999999999997,2.7999999999999998,5.5999999999999996,-11.101999999999997,2.7999999999999998,BYPASS,BYPASS,RUNNING
516,10.32,1,-5.5999999999999996,-11.101999999999997,2.7999999999999998,5.5999999999999996,-11.101999999999997,2.7999999999999998,BYPASS,BYPASS,RUNNING
516,10.32,1,-5.5999999999999996,-11.101999999999997,2.7999999999999998,5.5999999999999996,-11.101999999999997,2.7999999999999998,BYPASS,BYPASS,RUNNING
516,10.32,1,-5.5999999999999996,-11.101999999999997,2.7999999999999998,5.5999999999999996,-11.101999999999997,2.7999999999999998,BYPASS,BYPASS,RUNNING
516,10.32,1,-5.5999999999999996,-11.101999999999997,2.7999999999999998,5.5999999999999996,-11.101999999999997,2.7999999999999998,BYPASS,BYPASS,RUNNING
516,10.32,1,-5.5999999999999996,-11.101999999999997,2.7999999999999998,5.5999999999999996,-11.101999999999997,2.7999999999999998,BYPASS,BYPASS,RUNNING
516,10.32,1,-5.5999999999999996,-11.101999999999997,2.7999999999999998,5.5999999999999996,-11.101999999999997,2.7999999999999998,BYPASS,BYPASS,RUNNING
516,10.32,1,-5.5999999999999996,-11.101999999999997,2.7999999999999998,5.5999999999999996,-11.101999999999997,2.7999999999999998,BYPASS,BYPASS,RUNNING
516,10.32,1,-5.5999999999999996,-11.101999999999997,2.7999999999999998,5.5999999999999996,-11.101999999999997,2.7999999999999998,BYPASS,BYPASS,RUNNING
516,10.32,1,-5.5999999999999996,-11.101999999999997,2.7999999999999998,5.5999999999999996,-11.101999999999997,2.7999999999999998,BYPASS,BYPASS,RUNNING
516,10.32,1,-5.5999999999999996,-11.101999999999997,2.7999999999999998,5.5999999999999996,-11.101999999999997,2.7999999999999998,BYPASS,BYPASS,RUNNING
516,10.32,1,-5.5999999999999996,-11.101999999999997,2.7999999999999998,5.5999999999999996,-11.101999999999997,2.7999999999999998,BYPASS,BYPASS,RUNNING
516,10.32,1,-5.5999999999999996,-11.101999999999997,2.7999999999999998,5.5999999999999996,-11.101999999999997,2.7999999999999998,BYPASS,BYPASS,RUNNING
516,10.32,1,-5.5999999999999996,-11.101999999999997,2.7999999999999998,5.5999999999999996,-11.101999999999997,2.7999999999999998,BYPASS,BYPASS,RUNNING
516,10.32,1,-5.5999999999999996,-11.101999999999997,2.7999999999999998,5.5999999999999996,-11.101999999999997,2.7999999999999998,BYPASS,BYPASS,RUNNING
516,10.32,1,-5.5999999999999996,-11.101999999999997,2.7999999999999998,5.5999999999999996,-11.101999999999997,2.7999999999999998,BYPASS,BYPASS,RUNNING
516,10.32,1,-5.5999999999999996,-11.101999999999997,2.7999999999999998,5.5999999999999996,-11.101999999999997,2.7999999999999998,BYPASS,BYPASS,RUNNING
516,10.32,1,-5.5999999999999996,-11.101999999999997,2.7999999999999998,5.5999999999999996,-11.101999999999997,2.7999999999999998,BYPASS,BYPASS,RUNNING
516,10.32,1,-5.5999999999999996,-11.101999999999997,2.7999999999999998,5.5999999999999996,-11.101999999999997,2.7999999999999998,BYPASS,BYPASS,RUNNING
516,10.32,1,-5.5999999999999996,-11.101999999999997,2.7999999999999998,5.5999999999999996,-11.101999999999997,2.7999999999999998,BYPASS,BYPASS,RUNNING
516,10.32,1,-5.5999999999999996,-11.101999999999997,2.7999999999999998,5.5999999999999996,-11.101999999999997,2.7999999999999998,BYPASS,BYPASS,RUNNING
516,10.32,1,-5.5999999999999996,-11.101999999999997,2.7999999999999998,5.5999999999999996,-11.101999999999997,2.7999999999999998,BYPASS,BYPASS,RUNNING
516,10.32,1,-5.5999999999999996,-11.101999999999997,2.7999999999999998,5.5999999999999996,-11.101999999999997,2.7999999999999998,BYPASS,BYPASS,RUNNING
516,10.32,1,-5.5999999999999996,-11.101999999999997,2.7999999999999998,5.5999999999999996,-11.101999999999997,2.7999999999999998,BYPASS,BYPASS,RUNNING
516,10.32,1,-5.5999999999999996,-11.101999999999997,2.7999999999999998,5.5999999999999996,-11.101999999999997,2.7999999999999998,BYPASS,BYPASS,RUNNING
516,10.32,1,-5.5999999999999996,-11.101999999999997,2.7999999999999998,5.5999999999999996,-11.101999999999997,2.7999999999999998,BYPASS,BYPASS,RUNNING
516,10.32,1,-5.5999999999999996,-11.101999999999997,2.7999999999999998,5.5999999999999996,-11.101999999999997,2.7999999999999998,BYPASS,BYPASS,RUNNING
516,10.32,1,-5.5999999999999996,-11.101999999999997,2.7999999999999998,5.5999999999999996,-11.101999999999997,2.7999999999999998,BYPASS,BYPASS,RUNNING
516,10.32,1,-5.5999999999999996,-11.101999999999997,2.7999999999999998,5.5999999999999996,-11.101999999999997,2.7999999999999998,BYPASS,BYPASS,RUNNING
516,10.32,1,-5.5999999999999996,-11.101999999999997,2.7999999999999998,5.5999999999999996,-11.101999999999997,2.7999999999999998,BYPASS,BYPASS,RUNNING
516,10.32,1,-5.5999999999999996,-11.101999999999997,2.7999999999999998,5.5999999999999996,-11.101999999999997,2.7999999999999998,BYPASS,BYPASS,RUNNING
516,10.32,1,-5.5999999999999996,-11.101999999999997,2.7999999999999998,5.5999999999999996,-11.101999999999997,2.7999999999999998,BYPASS,BYPASS,RUNNING
516,10.32,1,-5.5999999999999996,-11.101999999999997,2.7999999999999998,5.5999999999999996,-11.101999999999997,2.7999999999999998,BYPASS,BYPASS,RUNNING
516,10.32,1,-5.5999999999999996,-11.101999999999997,2.7999999999999998,5.5999999999999996,-11.101999999999997,2.7999999999999998,BYPASS,BYPASS,RUNNING
516,10.32,1,-5.5999999999999996,-11.101999999999997,2.7999999999999998,5.5999999999999996,-11.101999999999997,2.7999999999999998,BYPASS,BYPASS,RUNNING
516,10.32,1,-5.5999999999999996,-11.101999999999997,2.7999999999999998,5.5999999999999996,-11.101999999999997,2.7999999999999998,BYPASS,BYPASS,RUNNING
516,10.32,1,-5.5999999999999996,-11.101999999999997,2.7999999999999998,5.5999999999999996,-11.101999999999997,2.7999999999999998,BYPASS,BYPASS,RUNNING
516,10.32,1,-5.5999999999999996,-11.101999999999997,2.7999999999999998,5.5999999999999996,-11.101999999999997,2.7999999999999998,BYPASS,BYPASS,RUNNING
516,10.32,1,-5.5999999999999996,-11.101999999999997,2.7999999999999998,5.5999999999999996,-11.101999999999997,2.7999999999999998,BYPASS,BYPASS,RUNNING
516,10.32,1,-5.5999999999999996,-11.101999999999997,2.7999999999999998,5.5999999999999996,-11.101999999999997,2.7999999999999998,BYPASS,BYPASS,RUNNING
516,10.32,1,-5.5999999999999996,-11.101999999999997,2.7999999999999998,5.5999999999999996,-11.101999999999997,2.7999999999999998,BYPASS,BYPASS,RUNNING
516,10.32,1,-5.5999999999999996,-11.101999999999997,2.7999999999999998,5.5999999999999996,-11.101999999999997,2.7999999999999998,BYPASS,BYPASS,RUNNING
516,10.32,1,-5.5999999999999996,-11.101999999999997,2.7999999999999998,5.5999999999999996,-11.101999999999997,2.7999999999999998,BYPASS,BYPASS,RUNNING
516,10.32,1,-5.5999999999999996,-11.101999999999997,2.7999999999999998,5.5999999999999996,-11.101999999999997,2.7999999999999998,BYPASS,BYPASS,RUNNING
516,10.32,1,-5.5999999999999996,-11.101999999999997,2.7999999999999998,5.5999999999999996,-11.101999999999997,2.7999999999999998,BYPASS,BYPASS,RUNNING
516,10.32,1,-5.5999999999999996,-11.101999999999997,2.7999999999999998,5.5999999999999996,-11.101999999999997,2.7999999999999998,BYPASS,BYPASS,RUNNING
516,10.32,1,-5.5999999999999996,-11.101999999999997,2.7999999999999998,5.5999999999999996,-11.101999999999997,2.7999999999999998,BYPASS,BYPASS,RUNNING
516,10.32,1,-5.5999999999999996,-11.101999999999997,2.7999999999999998,5.5999999999999996,-11.101999999999997,2.7999999999999998,BYPASS,BYPASS,RUNNING
516,10.32,1,-5.5999999999999996,-11.101999999999997,2.7999999999999998,5.5999999999999996,-11.101999999999997,2.7999999999999998,BYPASS,BYPASS,RUNNING
516,10.32,1,-5.5999999999999996,-11.101999999999997,2.7999999999999998,5.5999999999999996,-11.101999999999997,2.7999999999999998,BYPASS,BYPASS,RUNNING
516,10.32,1,-5.5999999999999996,-11.101999999999997,2.7999999999999998,5.5999999999999996,-11.101999999999997,2.7999999999999998,BYPASS,BYPASS,RUNNING
516,10.32,1,-5.5999999999999996,-11.101999999999997,2.7999999999999998,5.5999999999999996,-11.101999999999997,2.7999999999999998,BYPASS,BYPASS,RUNNING
516,10.32,1,-5.5999999999999996,-11.101999999999997,2.7999999999999998,5.5999999999999996,-11.101999999999997,2.7999999999999998,BYPASS,BYPASS,RUNNING
516,10.32,1,-5.5999999999999996,-11.101999999999997,2.7999999999999998,5.5999999999999996,-11.101999999999997,2.7999999999999998,BYPASS,BYPASS,RUNNING
516,10.32,1,-5.5999999999999996,-11.101999999999997,2.7999999999999998,5.5999999999999996,-11.101999999999997,2.7999999999999998,BYPASS,BYPASS,RUNNING
516,10.32,1,-5.5999999999999996,-11.101999999999997,2.7999999999999998,5.5999999999999996,-11.101999999999997,2.7999999999999998,BYPASS,BYPASS,RUNNING
516,10.32,1,-5.5999999999999996,-11.101999999999997,2.7999999999999998,5.5999999999999996,-11.101999999999997,2.7999999999999998,BYPASS,BYPASS,RUNNING
516,10.32,1,-5.5999999999999996,-11.101999999999997,2.7999999999999998,5.5999999999999996,-11.101999999999997,2.7999999999999998,BYPASS,BYPASS,RUNNING
516,10.32,1,-5.5999999999999996,-11.101999999999997,2.7999999999999998,5.5999999999999996,-11.101999999999997,2.7999999999999998,BYPASS,BYPASS,RUNNING
516,10.32,1,-5.5999999999999996,-11.101999999999997,2.7999999999999998,5.5999999999999996,-11.101999999999997,2.7999999999999998,BYPASS,BYPASS,RUNNING
516,10.32,1,-5.5999999999999996,-11.101999999999997,2.7999999999999998,5.5999999999999996,-11.101999999999997,2.7999999999999998,BYPASS,BYPASS,RUNNING
516,10.32,1,-5.5999999999999996,-11.101999999999997,2.7999999999999998,5.5999999999999996,-11.101999999999997,2.7999999999999998,BYPASS,BYPASS,RUNNING
516,10.32,1,-5.5999999999999996,-11.101999999999997,2.7999999999999998,5.5999999999999996,-11.101999999999997,2.7999999999999998,BYPASS,BYPASS,RUNNING
516,10.32,1,-5.5999999999999996,-11.101999999999997,2.7999999999999998,5.5999999999999996,-11.101999999999997,2.7999999999999998,BYPASS,BYPASS,RUNNING
516,10.32,1,-5.5999999999999996,-11.101999999999997,2.7999999999999998,5.5999999999999996,-11.101999999999997,2.7999999999999998,BYPASS,BYPASS,RUNNING
516,10.32,1,-5.5999999999999996,-11.101999999999997,2.7999999999999998,5.5999999999999996,-11.101999999999997,2.7999999999999998,BYPASS,BYPASS,RUNNING
516,10.32,1,-5.5999999999999996,-11.101999999999997,2.7999999999999998,5.5999999999999996,-11.101999999999997,2.7999999999999998,BYPASS,BYPASS,RUNNING
516,10.32,1,-5.5999999999999996,-11.101999999999997,2.7999999999999998,5.5999999999999996,-11.101999999999997,2.7999999999999998,BYPASS,BYPASS,RUNNING
516,10.32,1,-5.5999999999999996,-11.101999999999997,2.7999999999999998,5.5999999999999996,-11.101999999999997,2.7999999999999998,BYPASS,BYPASS,RUNNING
516,10.32,1,-5.5999999999999996,-11.101999999999997,2.7999999999999998,5.5999999999999996,-11.101999999999997,2.7999999999999998,BYPASS,BYPASS,RUNNING
516,10.32,1,-5.5999999999999996,-11.101999999999997,2.7999999999999998,5.5999999999999996,-11.101999999999997,2.7999999999999998,BYPASS,BYPASS,RUNNING
516,10.32,1,-5.5999999999999996,-11.101999999999997,2.7999999999999998,5.5999999999999996,-11.101999999999997,2.7999999999999998,BYPASS,BYPASS,RUNNING
516,10.32,1,-5.5999999999999996,-11.101999999999997,2.7999999999999998,5.5999999999999996,-11.101999999999997,2.7999999999999998,BYPASS,BYPASS,RUNNING
516,10.32,1,-5.5999999999999996,-11.101999999999997,2.7999999999999998,5.5999999999999996,-11.101999999999997,2.7999999999999998,BYPASS,BYPASS,RUNNING
516,10.32,1,-5.5999999999999996,-11.101999999999997,2.7999999999999998,5.5999999999999996,-11.101999999999997,2.7999999999999998,BYPASS,BYPASS,RUNNING
516,10.32,1,-5.5999999999999996,-11.101999999999997,2.7999999999999998,5.5999999999999996,-11.101999999999997,2.7999999999999998,BYPASS,BYPASS,RUNNING
516,10.32,1,-5.5999999999999996,-11.101999999999997,2.7999999999999998,5.5999999999999996,-11.101999999999997,2.7999999999999998,BYPASS,BYPASS,RUNNING
516,10.32,1,-5.5999999999999996,-11.101999999999997,2.7999999999999998,5.5999999999999996,-11.101999999999997,2.7999999999999998,BYPASS,BYPASS,RUNNING
516,10.32,1,-5.5999999999999996,-11.101999999999997,2.7999999999999998,5.5999999999999996,-11.101999999999997,2.7999999999999998,BYPASS,BYPASS,RUNNING
516,10.32,1,-5.5999999999999996,-11.101999999999997,2.7999999999999998,5.5999999999999996,-11.101999999999997,2.7999999999999998,BYPASS,BYPASS,RUNNING
516,10.32,1,-5.5999999999999996,-11.101999999999997,2.7999999999999998,5.5999999999999996,-11.101999999999997,2.7999999999999998,BYPASS,BYPASS,RUNNING
516,10.32,1,-5.5999999999999996,-11.101999999999997,2.7999999999999998,5.5999999999999996,-11.101999999999997,2.7999999999999998,BYPASS,BYPASS,RUNNING
516,10.32,1,-5.5999999999999996,-11.101999999999997,2.7999999999999998,5.5999999999999996,-11.101999999999997,2.7999999999999998,BYPASS,BYPASS,RUNNING
516,10.32,1,-5.5999999999999996,-11.101999999999997,2.7999999999999998,5.5999999999999996,-11.101999999999997,2.7999999999999998,BYPASS,BYPASS,RUNNING
516,10.32,1,-5.5999999999999996,-11.101999999999997,2.7999999999999998,5.5999999999999996,-11.101999999999997,2.7999999999999998,BYPASS,BYPASS,RUNNING
516,10.32,1,-5.5999999999999996,-11.101999999999997,2.7999999999999998,5.5999999999999996,-11.101999999999997,2.7999999999999998,BYPASS,BYPASS,RUNNING
516,10.32,1,-5.5999999999999996,-11.101999999999997,2.7999999999999998,5.5999999999999996,-11.101999999999997,2.7999999999999998,BYPASS,BYPASS,RUNNING
516,10.32,1,-5.5999999999999996,-11.101999999999997,2.7999999999999998,5.5999999999999996,-11.101999999999997,2.7999999999999998,BYPASS,BYPASS,RUNNING
516,10.32,1,-5.5999999999999996,-11.101999999999997,2.7999999999999998,5.5999999999999996,-11.101999999999997,2.7999999999999998,BYPASS,BYPASS,RUNNING
516,10.32,1,-5.5999999999999996,-11.101999999999997,2.7999999999999998,5.5999999999999996,-11.101999999999997,2.7999999999999998,BYPASS,BYPASS,RUNNING
516,10.32,1,-5.5999999999999996,-11.101999999999997,2.7999999999999998,5.5999999999999996,-11.101999999999997,2.7999999999999998,BYPASS,BYPASS,RUNNING
516,10.32,1,-5.5999999999999996,-11.101999999999997,2.7999999999999998,5.5999999999999996,-11.101999999999997,2.7999999999999998,BYPASS,BYPASS,RUNNING
516,10.32,1,-5.5999999999999996,-11.101999999999997,2.7999999999999998,5.5999999999999996,-11.101999999999997,2.7999999999999998,BYPASS,BYPASS,RUNNING
516,10.32,1,-5.5999999999999996,-11.101999999999997,2.7999999999999998,5.5999999999999996,-11.101999999999997,2.7999999999999998,BYPASS,BYPASS,RUNNING
516,10.32,1,-5.5999999999999996,-11.101999999999997,2.7999999999999998,5.5999999999999996,-11.101999999999997,2.7999999999999998,BYPASS,BYPASS,RUNNING
516,10.32,1,-5.5999999999999996,-11.101999999999997,2.7999999999999998,5.5999999999999996,-11.101999999999997,2.7999999999999998,BYPASS,BYPASS,RUNNING
516,10.32,1,-5.5999999999999996,-11.101999999999997,2.7999999999999998,5.5999999999999996,-11.101999999999997,2.7999999999999998,BYPASS,BYPASS,RUNNING
516,10.32,1,-5.5999999999999996,-11.101999999999997,2.7999999999999998,5.5999999999999996,-11.101999999999997,2.7999999999999998,BYPASS,BYPASS,RUNNING
516,10.32,1,-5.5999999999999996,-11.101999999999997,2.7999999999999998,5.5999999999999996,-11.101999999999997,2.7999999999999998,BYPASS,BYPASS,RUNNING
516,10.32,1,-5.5999999999999996,-11.101999999999997,2.7999999999999998,5.5999999999999996,-11.101999999999997,2.7999999999999998,BYPASS,BYPASS,RUNNING
516,10.32,1,-5.5999999999999996,-11.101999999999997,2.7999999999999998,5.5999999999999996,-11.101999999999997,2.7999999999999998,BYPASS,BYPASS,RUNNING
516,10.32,1,-5.5999999999999996,-11.101999999999997,2.7999999999999998,5.5999999999999996,-11.101999999999997,2.7999999999999998,BYPASS,BYPASS,RUNNING
516,10.32,1,-5.5999999999999996,-11.101999999999997,2.7999999999999998,5.5999999999999996,-11.101999999999997,2.7999999999999998,BYPASS,BYPASS,RUNNING
516,10.32,1,-5.5999999999999996,-11.101999999999997,2.7999999999999998,5.5999999999999996,-11.101999999999997,2.7999999999999998,BYPASS,BYPASS,RUNNING
516,10.32,1,-5.5999999999999996,-11.101999999999997,2.7999999999999998,5.5999999999999996,-11.101999999999997,2.7999999999999998,BYPASS,BYPASS,RUNNING
516,10.32,1,-5.5999999999999996,-11.101999999999997,2.7999999999999998,5.5999999999999996,-11.101999999999997,2.7999999999999998,BYPASS,BYPASS,RUNNING
516,10.32,1,-5.5999999999999996,-11.101999999999997,2.7999999999999998,5.5999999999999996,-11.101999999999997,2.7999999999999998,BYPASS,BYPASS,RUNNING
516,10.32,1,-5.5999999999999996,-11.101999999999997,2.7999999999999998,5.5999999999999996,-11.101999999999997,2.7999999999999998,BYPASS,BYPASS,RUNNING
516,10.32,1,-5.5999999999999996,-11.101999999999997,2.7999999999999998,5.5999999999999996,-11.101999999999997,2.7999999999999998,BYPASS,BYPASS,RUNNING
516,10.32,1,-5.5999999999999996,-11.101999999999997,2.7999999999999998,5.5999999999999996,-11.101999999999997,2.7999999999999998,BYPASS,BYPASS,RUNNING
516,10.32,1,-5.5999999999999996,-11.101999999999997,2.7999999999999998,5.5999999999999996,-11.101999999999997,2.7999999999999998,BYPASS,BYPASS,RUNNING
516,10.32,1,-5.5999999999999996,-11.101999999999997,2.7999999999999998,5.5999999999999996,-11.101999999999997,2.7999999999999998,BYPASS,BYPASS,RUNNING
516,10.32,1,-5.5999999999999996,-11.101999999999997,2.7999999999999998,5.5999999999999996,-11.101999999999997,2.7999999999999998,BYPASS,BYPASS,RUNNING
516,10.32,1,-5.5999999999999996,-11.101999999999997,2.7999999999999998,5.5999999999999996,-11.101999999999997,2.7999999999999998,BYPASS,BYPASS,RUNNING
516,10.32,1,-5.5999999999999996,-11.101999999999997,2.7999999999999998,5.5999999999999996,-11.101999999999997,2.7999999999999998,BYPASS,BYPASS,RUNNING
516,10.32,1,-5.5999999999999996,-11.101999999999997,2.7999999999999998,5.5999999999999996,-11.101999999999997,2.7999999999999998,BYPASS,BYPASS,RUNNING
516,10.32,1,-5.5999999999999996,-11.101999999999997,2.7999999999999998,5.5999999999999996,-11.101999999999997,2.7999999999999998,BYPASS,BYPASS,RUNNING
516,10.32,1,-5.5999999999999996,-11.101999999999997,2.7999999999999998,5.5999999999999996,-11.101999999999997,2.7999999999999998,BYPASS,BYPASS,RUNNING
516,10.32,1,-5.5999999999999996,-11.101999999999997,2.7999999999999998,5.5999999999999996,-11.101999999999997,2.7999999999999998,BYPASS,BYPASS,RUNNING
516,10.32,1,-5.5999999999999996,-11.101999999999997,2.7999999999999998,5.5999999999999996,-11.101999999999997,2.7999999999999998,BYPASS,BYPASS,RUNNING
516,10.32,1,-5.5999999999999996,-11.101999999999997,2.7999999999999998,5.5999999999999996,-11.101999999999997,2.7999999999999998,BYPASS,BYPASS,RUNNING
516,10.32,1,-5.5999999999999996,-11.101999999999997,2.7999999999999998,5.5999999999999996,-11.101999999999997,2.7999999999999998,BYPASS,BYPASS,RUNNING
516,10.32,1,-5.5999999999999996,-11.101999999999997,2.7999999999999998,5.5999999999999996,-11.101999999999997,2.7999999999999998,BYPASS,BYPASS,RUNNING
516,10.32,1,-5.5999999999999996,-11.101999999999997,2.7999999999999998,5.5999999999999996,-11.101999999999997,2.7999999999999998,BYPASS,BYPASS,RUNNING
516,10.32,1,-5.5999999999999996,-11.101999999999997,2.7999999999999998,5.5999999999999996,-11.101999999999997,2.7999999999999998,BYPASS,BYPASS,RUNNING
516,10.32,1,-5.5999999999999996,-11.101999999999997,2.7999999999999998,5.5999999999999996,-11.101999999999997,2.7999999999999998,BYPASS,BYPASS,RUNNING
516,10.32,1,-5.5999999999999996,-11.101999999999997,2.7999999999999998,5.5999999999999996,-11.101999999999997,2.7999999999999998,BYPASS,BYPASS,RUNNING
516,10.32,1,-5.5999999999999996,-11.101999999999997,2.7999999999999998,5.5999999999999996,-11.101999999999997,2.7999999999999998,BYPASS,BYPASS,RUNNING
516,10.32,1,-5.5999999999999996,-11.101999999999997,2.7999999999999998,5.5999999999999996,-11.101999999999997,2.7999999999999998,BYPASS,BYPASS,RUNNING
516,10.32,1,-5.5999999999999996,-11.101999999999997,2.7999999999999998,5.5999999999999996,-11.101999999999997,2.7999999999999998,BYPASS,BYPASS,RUNNING
516,10.32,1,-5.5999999999999996,-11.101999999999997,2.7999999999999998,5.5999999999999996,-11.101999999999997,2.7999999999999998,BYPASS,BYPASS,RUNNING
516,10.32,1,-5.5999999999999996,-11.101999999999997,2.7999999999999998,5.5999999999999996,-11.101999999999997,2.7999999999999998,BYPASS,BYPASS,RUNNING
516,10.32,1,-5.5999999999999996,-11.101999999999997,2.7999999999999998,5.5999999999999996,-11.101999999999997,2.7999999999999998,BYPASS,BYPASS,RUNNING
516,10.32,1,-5.5999999999999996,-11.101999999999997,2.7999999999999998,5.5999999999999996,-11.101999999999997,2.7999999999999998,BYPASS,BYPASS,RUNNING
516,10.32,1,-5.5999999999999996,-11.101999999999997,2.7999999999999998,5.5999999999999996,-11.101999999999997,2.7999999999999998,BYPASS,BYPASS,RUNNING
516,10.32,1,-5.5999999999999996,-11.101999999999997,2.7999999999999998,5.5999999999999996,-11.101999999999997,2.7999999999999998,BYPASS,BYPASS,RUNNING
516,10.32,1,-5.5999999999999996,-11.101999999999997,2.7999999999999998,5.5999999999999996,-11.101999999999997,2.7999999999999998,BYPASS,BYPASS,RUNNING
516,10.32,1,-5.5999999999999996,-11.101999999999997,2.7999999999999998,5.5999999999999996,-11.101999999999997,2.7999999999999998,BYPASS,BYPASS,RUNNING
516,10.32,1,-5.5999999999999996,-11.101999999999997,2.7999999999999998,5.5999999999999996,-11.101999999999997,2.7999999999999998,BYPASS,BYPASS,RUNNING
516,10.32,1,-5.5999999999999996,-11.101999999999997,2.7999999999999998,5.5999999999999996,-11.101999999999997,2.7999999999999998,BYPASS,BYPASS,RUNNING
516,10.32,1,-5.5999999999999996,-11.101999999999997,2.7999999999999998,5.5999999999999996,-11.101999999999997,2.7999999999999998,BYPASS,BYPASS,RUNNING
516,10.32,1,-5.5999999999999996,-11.101999999999997,2.7999999999999998,5.5999999999999996,-11.101999999999997,2.7999999999999998,BYPASS,BYPASS,RUNNING
516,10.32,1,-5.5999999999999996,-11.101999999999997,2.7999999999999998,5.5999999999999996,-11.101999999999997,2.7999999999999998,BYPASS,BYPASS,RUNNING
516,10.32,1,-5.5999999999999996,-11.101999999999997,2.7999999999999998,5.5999999999999996,-11.101999999999997,2.7999999999999998,BYPASS,BYPASS,RUNNING
516,10.32,1,-5.5999999999999996,-11.101999999999997,2.7999999999999998,5.5999999999999996,-11.101999999999997,2.7999999999999998,BYPASS,BYPASS,RUNNING
516,10.32,1,-5.5999999999999996,-11.101999999999997,2.7999999999999998,5.5999999999999996,-11.101999999999997,2.7999999999999998,BYPASS,BYPASS,RUNNING
516,10.32,1,-5.5999999999999996,-11.101999999999997,2.7999999999999998,5.5999999999999996,-11.101999999999997,2.7999999999999998,BYPASS,BYPASS,RUNNING
516,10.32,1,-5.5999999999999996,-11.101999999999997,2.7999999999999998,5.5999999999999996,-11.101999999999997,2.7999999999999998,BYPASS,BYPASS,RUNNING
516,10.32,1,-5.5999999999999996,-11.101999999999997,2.7999999999999998,5.5999999999999996,-11.101999999999997,2.7999999999999998,BYPASS,BYPASS,RUNNING
516,10.32,1,-5.5999999999999996,-11.101999999999997,2.7999999999999998,5.5999999999999996,-11.101999999999997,2.7999999999999998,BYPASS,BYPASS,RUNNING
516,10.32,1,-5.5999999999999996,-11.101999999999997,2.7999999999999998,5.5999999999999996,-11.101999999999997,2.7999999999999998,BYPASS,BYPASS,RUNNING
516,10.32,1,-5.5999999999999996,-11.101999999999997,2.7999999999999998,5.5999999999999996,-11.101999999999997,2.7999999999999998,BYPASS,BYPASS,RUNNING
516,10.32,1,-5.5999999999999996,-11.101999999999997,2.7999999999999998,5.5999999999999996,-11.101999999999997,2.7999999999999998,BYPASS,BYPASS,RUNNING
516,10.32,1,-5.5999999999999996,-11.101999999999997,2.7999999999999998,5.5999999999999996,-11.101999999999997,2.7999999999999998,BYPASS,BYPASS,RUNNING
516,10.32,1,-5.5999999999999996,-11.101999999999997,2.7999999999999998,5.5999999999999996,-11.101999999999997,2.7999999999999998,BYPASS,BYPASS,RUNNING
516,10.32,1,-5.5999999999999996,-11.101999999999997,2.7999999999999998,5.5999999999999996,-11.101999999999997,2.7999999999999998,BYPASS,BYPASS,RUNNING
516,10.32,1,-5.5999999999999996,-11.101999999999997,2.7999999999999998,5.5999999999999996,-11.101999999999997,2.7999999999999998,BYPASS,BYPASS,RUNNING
516,10.32,1,-5.5999999999999996,-11.101999999999997,2.7999999999999998,5.5999999999999996,-11.101999999999997,2.7999999999999998,BYPASS,BYPASS,RUNNING
516,10.32,1,-5.5999999999999996,-11.101999999999997,2.7999999999999998,5.5999999999999996,-11.101999999999997,2.7999999999999998,BYPASS,BYPASS,RUNNING
516,10.32,1,-5.5999999999999996,-11.101999999999997,2.7999999999999998,5.5999999999999996,-11.101999999999997,2.7999999999999998,BYPASS,BYPASS,RUNNING
516,10.32,1,-5.5999999999999996,-11.101999999999997,2.7999999999999998,5.5999999999999996,-11.101999999999997,2.7999999999999998,BYPASS,BYPASS,RUNNING
516,10.32,1,-5.5999999999999996,-11.101999999999997,2.7999999999999998,5.5999999999999996,-11.101999999999997,2.7999999999999998,BYPASS,BYPASS,RUNNING
516,10.32,1,-5.5999999999999996,-11.101999999999997,2.7999999999999998,5.5999999999999996,-11.101999999999997,2.7999999999999998,BYPASS,BYPASS,RUNNING
516,10.32,1,-5.5999999999999996,-11.101999999999997,2.7999999999999998,5.5999999999999996,-11.101999999999997,2.7999999999999998,BYPASS,BYPASS,RUNNING
516,10.32,1,-5.5999999999999996,-11.101999999999997,2.7999999999999998,5.5999999999999996,-11.101999999999997,2.7999999999999998,BYPASS,BYPASS,RUNNING
516,10.32,1,-5.5999999999999996,-11.101999999999997,2.7999999999999998,5.5999999999999996,-11.101999999999997,2.7999999999999998,BYPASS,BYPASS,RUNNING
516,10.32,1,-5.5999999999999996,-11.101999999999997,2.7999999999999998,5.5999999999999996,-11.101999999999997,2.7999999999999998,BYPASS,BYPASS,RUNNING
516,10.32,1,-5.5999999999999996,-11.101999999999997,2.7999999999999998,5.5999999999999996,-11.101999999999997,2.7999999999999998,BYPASS,BYPASS,RUNNING
516,10.32,1,-5.5999999999999996,-11.101999999999997,2.7999999999999998,5.5999999999999996,-11.101999999999997,2.7999999999999998,BYPASS,BYPASS,RUNNING
516,10.32,1,-5.5999999999999996,-11.101999999999997,2.7999999999999998,5.5999999999999996,-11.101999999999997,2.7999999999999998,BYPASS,BYPASS,RUNNING
516,10.32,1,-5.5999999999999996,-11.101999999999997,2.7999999999999998,5.5999999999999996,-11.101999999999997,2.7999999999999998,BYPASS,BYPASS,RUNNING
516,10.32,1,-5.5999999999999996,-11.101999999999997,2.7999999999999998,5.5999999999999996,-11.101999999999997,2.7999999999999998,BYPASS,BYPASS,RUNNING
516,10.32,1,-5.5999999999999996,-11.101999999999997,2.7999999999999998,5.5999999999999996,-11.101999999999997,2.7999999999999998,BYPASS,BYPASS,RUNNING
516,10.32,1,-5.5999999999999996,-11.101999999999997,2.7999999999999998,5.5999999999999996,-11.101999999999997,2.7999999999999998,BYPASS,BYPASS,RUNNING
516,10.32,1,-5.5999999999999996,-11.101999999999997,2.7999999999999998,5.5999999999999996,-11.101999999999997,2.7999999999999998,BYPASS,BYPASS,RUNNING
516,10.32,1,-5.5999999999999996,-11.101999999999997,2.7999999999999998,5.5999999999999996,-11.101999999999997,2.7999999999999998,BYPASS,BYPASS,RUNNING
516,10.32,1,-5.5999999999999996,-11.101999999999997,2.7999999999999998,5.5999999999999996,-11.101999999999997,2.7999999999999998,BYPASS,BYPASS,RUNNING
516,10.32,1,-5.5999999999999996,-11.101999999999997,2.7999999999999998,5.5999999999999996,-11.101999999999997,2.7999999999999998,BYPASS,BYPASS,RUNNING
516,10.32,1,-5.5999999999999996,-11.101999999999997,2.7999999999999998,5.5999999999999996,-11.101999999999997,2.7999999999999998,BYPASS,BYPASS,RUNNING
516,10.32,1,-5.5999999999999996,-11.101999999999997,2.7999999999999998,5.5999999999999996,-11.101999999999997,2.7999999999999998,BYPASS,BYPASS,RUNNING
516,10.32,1,-5.5999999999999996,-11.101999999999997,2.7999999999999998,5.5999999999999996,-11.101999999999997,2.7999999999999998,BYPASS,BYPASS,RUNNING
516,10.32,1,-5.5999999999999996,-11.101999999999997,2.7999999999999998,5.5999999999999996,-11.101999999999997,2.7999999999999998,BYPASS,BYPASS,RUNNING
516,10.32,1,-5.5999999999999996,-11.101999999999997,2.7999999999999998,5.5999999999999996,-11.101999999999997,2.7999999999999998,BYPASS,BYPASS,RUNNING
516,10.32,1,-5.5999999999999996,-11.101999999999997,2.7999999999999998,5.5999999999999996,-11.101999999999997,2.7999999999999998,BYPASS,BYPASS,RUNNING
516,10.32,1,-5.5999999999999996,-11.101999999999997,2.7999999999999998,5.5999999999999996,-11.101999999999997,2.7999999999999998,BYPASS,BYPASS,RUNNING
516,10.32,1,-5.5999999999999996,-11.101999999999997,2.7999999999999998,5.5999999999999996,-11.101999999999997,2.7999999999999998,BYPASS,BYPASS,RUNNING
516,10.32,1,-5.5999999999999996,-11.101999999999997,2.7999999999999998,5.5999999999999996,-11.101999999999997,2.7999999999999998,BYPASS,BYPASS,RUNNING
516,10.32,1,-5.5999999999999996,-11.101999999999997,2.7999999999999998,5.5999999999999996,-11.101999999999997,2.7999999999999998,BYPASS,BYPASS,RUNNING
516,10.32,1,-5.5999999999999996,-11.101999999999997,2.7999999999999998,5.5999999999999996,-11.101999999999997,2.7999999999999998,BYPASS,BYPASS,RUNNING
516,10.32,1,-5.5999999999999996,-11.101999999999997,2.7999999999999998,5.5999999999999996,-11.101999999999997,2.7999999999999998,BYPASS,BYPASS,RUNNING
516,10.32,1,-5.5999999999999996,-11.101999999999997,2.7999999999999998,5.5999999999999996,-11.101999999999997,2.7999999999999998,BYPASS,BYPASS,RUNNING
516,10.32,1,-5.5999999999999996,-11.101999999999997,2.7999999999999998,5.5999999999999996,-11.101999999999997,2.7999999999999998,BYPASS,BYPASS,RUNNING
516,10.32,1,-5.5999999999999996,-11.101999999999997,2.7999999999999998,5.5999999999999996,-11.101999999999997,2.7999999999999998,BYPASS,BYPASS,RUNNING
516,10.32,1,-5.5999999999999996,-11.101999999999997,2.7999999999999998,5.5999999999999996,-11.101999999999997,2.7999999999999998,BYPASS,BYPASS,RUNNING
516,10.32,1,-5.5999999999999996,-11.101999999999997,2.7999999999999998,5.5999999999999996,-11.101999999999997,2.7999999999999998,BYPASS,BYPASS,RUNNING
516,10.32,1,-5.5999999999999996,-11.101999999999997,2.7999999999999998,5.5999999999999996,-11.101999999999997,2.7999999999999998,BYPASS,BYPASS,RUNNING
516,10.32,1,-5.5999999999999996,-11.101999999999997,2.7999999999999998,5.5999999999999996,-11.101999999999997,2.7999999999999998,BYPASS,BYPASS,RUNNING
516,10.32,1,-5.5999999999999996,-11.101999999999997,2.7999999999999998,5.5999999999999996,-11.101999999999997,2.7999999999999998,BYPASS,BYPASS,RUNNING
516,10.32,1,-5.5999999999999996,-11.101999999999997,2.7999999999999998,5.5999999999999996,-11.101999999999997,2.7999999999999998,BYPASS,BYPASS,RUNNING
516,10.32,1,-5.5999999999999996,-11.101999999999997,2.7999999999999998,5.5999999999999996,-11.101999999999997,2.7999999999999998,BYPASS,BYPASS,RUNNING
516,10.32,1,-5.5999999999999996,-11.101999999999997,2.7999999999999998,5.5999999999999996,-11.101999999999997,2.7999999999999998,BYPASS,BYPASS,RUNNING
516,10.32,1,-5.5999999999999996,-11.101999999999997,2.7999999999999998,5.5999999999999996,-11.101999999999997,2.7999999999999998,BYPASS,BYPASS,RUNNING
516,10.32,1,-5.5999999999999996,-11.101999999999997,2.7999999999999998,5.5999999999999996,-11.101999999999997,2.7999999999999998,BYPASS,BYPASS,RUNNING
516,10.32,1,-5.5999999999999996,-11.101999999999997,2.7999999999999998,5.5999999999999996,-11.101999999999997,2.7999999999999998,BYPASS,BYPASS,RUNNING
516,10.32,1,-5.5999999999999996,-11.101999999999997,2.7999999999999998,5.5999999999999996,-11.101999999999997,2.7999999999999998,BYPASS,BYPASS,RUNNING
516,10.32,1,-5.5999999999999996,-11.101999999999997,2.7999999999999998,5.5999999999999996,-11.101999999999997,2.7999999999999998,BYPASS,BYPASS,RUNNING
516,10.32,1,-5.5999999999999996,-11.101999999999997,2.7999999999999998,5.5999999999999996,-11.101999999999997,2.7999999999999998,BYPASS,BYPASS,RUNNING
516,10.32,1,-5.5999999999999996,-11.101999999999997,2.7999999999999998,5.5999999999999996,-11.101999999999997,2.7999999999999998,BYPASS,BYPASS,RUNNING
516,10.32,1,-5.5999999999999996,-11.101999999999997,2.7999999999999998,5.5999999999999996,-11.101999999999997,2.7999999999999998,BYPASS,BYPASS,RUNNING
516,10.32,1,-5.5999999999999996,-11.101999999999997,2.7999999999999998,5.5999999999999996,-11.101999999999997,2.7999999999999998,BYPASS,BYPASS,RUNNING
516,10.32,1,-5.5999999999999996,-11.101999999999997,2.7999999999999998,5.5999999999999996,-11.101999999999997,2.7999999999999998,BYPASS,BYPASS,RUNNING
516,10.32,1,-5.5999999999999996,-11.101999999999997,2.7999999999999998,5.5999999999999996,-11.101999999999997,2.7999999999999998,BYPASS,BYPASS,RUNNING
516,10.32,1,-5.5999999999999996,-11.101999999999997,2.7999999999999998,5.5999999999999996,-11.101999999999997,2.7999999999999998,BYPASS,BYPASS,RUNNING
516,10.32,1,-5.5999999999999996,-11.101999999999997,2.7999999999999998,5.5999999999999996,-11.101999999999997,2.7999999999999998,BYPASS,BYPASS,RUNNING
516,10.32,1,-5.5999999999999996,-11.101999999999997,2.7999999999999998,5.5999999999999996,-11.101999999999997,2.7999999999999998,BYPASS,BYPASS,RUNNING
516,10.32,1,-5.5999999999999996,-11.101999999999997,2.7999999999999998,5.5999999999999996,-11.101999999999997,2.7999999999999998,BYPASS,BYPASS,RUNNING
516,10.32,1,-5.5999999999999996,-11.101999999999997,2.7999999999999998,5.5999999999999996,-11.101999999999997,2.7999999999999998,BYPASS,BYPASS,RUNNING
516,10.32,1,-5.5999999999999996,-11.101999999999997,2.7999999999999998,5.5999999999999996,-11.101999999999997,2.7999999999999998,BYPASS,BYPASS,RUNNING
516,10.32,1,-5.5999999999999996,-11.101999999999997,2.7999999999999998,5.5999999999999996,-11.101999999999997,2.7999999999999998,BYPASS,BYPASS,RUNNING
516,10.32,1,-5.5999999999999996,-11.101999999999997,2.7999999999999998,5.5999999999999996,-11.101999999999997,2.7999999999999998,BYPASS,BYPASS,RUNNING
516,10.32,1,-5.5999999999999996,-11.101999999999997,2.7999999999999998,5.5999999999999996,-11.101999999999997,2.7999999999999998,BYPASS,BYPASS,RUNNING
516,10.32,1,-5.5999999999999996,-11.101999999999997,2.7999999999999998,5.5999999999999996,-11.101999999999997,2.7999999999999998,BYPASS,BYPASS,RUNNING
516,10.32,1,-5.5999999999999996,-11.101999999999997,2.7999999999999998,5.5999999999999996,-11.101999999999997,2.7999999999999998,BYPASS,BYPASS,RUNNING
516,10.32,1,-5.5999999999999996,-11.101999999999997,2.7999999999999998,5.5999999999999996,-11.101999999999997,2.7999999999999998,BYPASS,BYPASS,RUNNING
516,10.32,1,-5.5999999999999996,-11.101999999999997,2.7999999999999998,5.5999999999999996,-11.101999999999997,2.7999999999999998,BYPASS,BYPASS,RUNNING
516,10.32,1,-5.5999999999999996,-11.101999999999997,2.7999999999999998,5.5999999999999996,-11.101999999999997,2.7999999999999998,BYPASS,BYPASS,RUNNING
516,10.32,1,-5.5999999999999996,-11.101999999999997,2.7999999999999998,5.5999999999999996,-11.101999999999997,2.7999999999999998,BYPASS,BYPASS,RUNNING
516,10.32,1,-5.5999999999999996,-11.101999999999997,2.7999999999999998,5.5999999999999996,-11.101999999999997,2.7999999999999998,BYPASS,BYPASS,RUNNING
516,10.32,1,-5.5999999999999996,-11.101999999999997,2.7999999999999998,5.5999999999999996,-11.101999999999997,2.7999999999999998,BYPASS,BYPASS,RUNNING
516,10.32,1,-5.5999999999999996,-11.101999999999997,2.7999999999999998,5.5999999999999996,-11.101999999999997,2.7999999999999998,BYPASS,BYPASS,RUNNING
516,10.32,1,-5.5999999999999996,-11.101999999999997,2.7999999999999998,5.5999999999999996,-11.101999999999997,2.7999999999999998,BYPASS,BYPASS,RUNNING
516,10.32,1,-5.5999999999999996,-11.101999999999997,2.7999999999999998,5.5999999999999996,-11.101999999999997,2.7999999999999998,BYPASS,BYPASS,RUNNING
516,10.32,1,-5.5999999999999996,-11.101999999999997,2.7999999999999998,5.5999999999999996,-11.101999999999997,2.7999999999999998,BYPASS,BYPASS,RUNNING
516,10.32,1,-5.5999999999999996,-11.101999999999997,2.7999999999999998,5.5999999999999996,-11.101999999999997,2.7999999999999998,BYPASS,BYPASS,RUNNING
516,10.32,1,-5.5999999999999996,-11.101999999999997,2.7999999999999998,5.5999999999999996,-11.101999999999997,2.7999999999999998,BYPASS,BYPASS,RUNNING
516,10.32,1,-5.5999999999999996,-11.101999999999997,2.7999999999999998,5.5999999999999996,-11.101999999999997,2.7999999999999998,BYPASS,BYPASS,RUNNING
516,10.32,1,-5.5999999999999996,-11.101999999999997,2.7999999999999998,5.5999999999999996,-11.101999999999997,2.7999999999999998,BYPASS,BYPASS,RUNNING
516,10.32,1,-5.5999999999999996,-11.101999999999997,2.7999999999999998,5.5999999999999996,-11.101999999999997,2.7999999999999998,BYPASS,BYPASS,RUNNING
516,10.32,1,-5.5999999999999996,-11.101999999999997,2.7999999999999998,5.5999999999999996,-11.101999999999997,2.7999999999999998,BYPASS,BYPASS,RUNNING
516,10.32,1,-5.5999999999999996,-11.101999999999997,2.7999999999999998,5.5999999999999996,-11.101999999999997,2.7999999999999998,BYPASS,BYPASS,RUNNING
516,10.32,1,-5.5999999999999996,-11.101999999999997,2.7999999999999998,5.5999999999999996,-11.101999999999997,2.7999999999999998,BYPASS,BYPASS,RUNNING
516,10.32,1,-5.5999999999999996,-11.101999999999997,2.7999999999999998,5.5999999999999996,-11.101999999999997,2.7999999999999998,BYPASS,BYPASS,RUNNING
516,10.32,1,-5.5999999999999996,-11.101999999999997,2.7999999999999998,5.5999999999999996,-11.101999999999997,2.7999999999999998,BYPASS,BYPASS,RUNNING
516,10.32,1,-5.5999999999999996,-11.101999999999997,2.7999999999999998,5.5999999999999996,-11.101999999999997,2.7999999999999998,BYPASS,BYPASS,RUNNING
516,10.32,1,-5.5999999999999996,-11.101999999999997,2.7999999999999998,5.5999999999999996,-11.101999999999997,2.7999999999999998,BYPASS,BYPASS,RUNNING
516,10.32,1,-5.5999999999999996,-11.101999999999997,2.7999999999999998,5.5999999999999996,-11.101999999999997,2.7999999999999998,BYPASS,BYPASS,RUNNING
516,10.32,1,-5.5999999999999996,-11.101999999999997,2.7999999999999998,5.5999999999999996,-11.101999999999997,2.7999999999999998,BYPASS,BYPASS,RUNNING
516,10.32,1,-5.5999999999999996,-11.101999999999997,2.7999999999999998,5.5999999999999996,-11.101999999999997,2.7999999999999998,BYPASS,BYPASS,RUNNING
516,10.32,1,-5.5999999999999996,-11.101999999999997,2.7999999999999998,5.5999999999999996,-11.101999999999997,2.7999999999999998,BYPASS,BYPASS,RUNNING
516,10.32,1,-5.5999999999999996,-11.101999999999997,2.7999999999999998,5.5999999999999996,-11.101999999999997,2.7999999999999998,BYPASS,BYPASS,RUNNING
516,10.32,1,-5.5999999999999996,-11.101999999999997,2.7999999999999998,5.5999999999999996,-11.101999999999997,2.7999999999999998,BYPASS,BYPASS,RUNNING
516,10.32,1,-5.5999999999999996,-11.101999999999997,2.7999999999999998,5.5999999999999996,-11.101999999999997,2.7999999999999998,BYPASS,BYPASS,RUNNING
516,10.32,1,-5.5999999999999996,-11.101999999999997,2.7999999999999998,5.5999999999999996,-11.101999999999997,2.7999999999999998,BYPASS,BYPASS,RUNNING
516,10.32,1,-5.5999999999999996,-11.101999999999997,2.7999999999999998,5.5999999999999996,-11.101999999999997,2.7999999999999998,BYPASS,BYPASS,RUNNING
516,10.32,1,-5.5999999999999996,-11.101999999999997,2.7999999999999998,5.5999999999999996,-11.101999999999997,2.7999999999999998,BYPASS,BYPASS,RUNNING
516,10.32,1,-5.5999999999999996,-11.101999999999997,2.7999999999999998,5.5999999999999996,-11.101999999999997,2.7999999999999998,BYPASS,BYPASS,RUNNING
516,10.32,1,-5.5999999999999996,-11.101999999999997,2.7999999999999998,5.5999999999999996,-11.101999999999997,2.7999999999999998,BYPASS,BYPASS,RUNNING
516,10.32,1,-5.5999999999999996,-11.101999999999997,2.7999999999999998,5.5999999999999996,-11.101999999999997,2.7999999999999998,BYPASS,BYPASS,RUNNING
516,10.32,1,-5.5999999999999996,-11.101999999999997,2.7999999999999998,5.5999999999999996,-11.101999999999997,2.7999999999999998,BYPASS,BYPASS,RUNNING
516,10.32,1,-5.5999999999999996,-11.101999999999997,2.7999999999999998,5.5999999999999996,-11.101999999999997,2.7999999999999998,BYPASS,BYPASS,RUNNING
516,10.32,1,-5.5999999999999996,-11.101999999999997,2.7999999999999998,5.5999999999999996,-11.101999999999997,2.7999999999999998,BYPASS,BYPASS,RUNNING
516,10.32,1,-5.5999999999999996,-11.101999999999997,2.7999999999999998,5.5999999999999996,-11.101999999999997,2.7999999999999998,BYPASS,BYPASS,RUNNING
516,10.32,1,-5.5999999999999996,-11.101999999999997,2.7999999999999998,5.5999999999999996,-11.101999999999997,2.7999999999999998,BYPASS,BYPASS,RUNNING
516,10.32,1,-5.5999999999999996,-11.101999999999997,2.7999999999999998,5.5999999999999996,-11.101999999999997,2.7999999999999998,BYPASS,BYPASS,RUNNING
516,10.32,1,-5.5999999999999996,-11.101999999999997,2.7999999999999998,5.5999999999999996,-11.101999999999997,2.7999999999999998,BYPASS,BYPASS,RUNNING
516,10.32,1,-5.5999999999999996,-11.101999999999997,2.7999999999999998,5.5999999999999996,-11.101999999999997,2.7999999999999998,BYPASS,BYPASS,RUNNING
516,10.32,1,-5.5999999999999996,-11.101999999999997,2.7999999999999998,5.5999999999999996,-11.101999999999997,2.7999999999999998,BYPASS,BYPASS,RUNNING
516,10.32,1,-5.5999999999999996,-11.101999999999997,2.7999999999999998,5.5999999999999996,-11.101999999999997,2.7999999999999998,BYPASS,BYPASS,RUNNING
516,10.32,1,-5.5999999999999996,-11.101999999999997,2.7999999999999998,5.5999999999999996,-11.101999999999997,2.7999999999999998,BYPASS,BYPASS,RUNNING
516,10.32,1,-5.5999999999999996,-11.101999999999997,2.7999999999999998,5.5999999999999996,-11.101999999999997,2.7999999999999998,BYPASS,BYPASS,RUNNING
516,10.32,1,-5.5999999999999996,-11.101999999999997,2.7999999999999998,5.5999999999999996,-11.101999999999997,2.7999999999999998,BYPASS,BYPASS,RUNNING
516,10.32,1,-5.5999999999999996,-11.101999999999997,2.7999999999999998,5.5999999999999996,-11.101999999999997,2.7999999999999998,BYPASS,BYPASS,RUNNING
516,10.32,1,-5.5999999999999996,-11.101999999999997,2.7999999999999998,5.5999999999999996,-11.101999999999997,2.7999999999999998,BYPASS,BYPASS,RUNNING
516,10.32,1,-5.5999999999999996,-11.101999999999997,2.7999999999999998,5.5999999999999996,-11.101999999999997,2.7999999999999998,BYPASS,BYPASS,RUNNING
516,10.32,1,-5.5999999999999996,-11.101999999999997,2.7999999999999998,5.5999999999999996,-11.101999999999997,2.7999999999999998,BYPASS,BYPASS,RUNNING
516,10.32,1,-5.5999999999999996,-11.101999999999997,2.7999999999999998,5.5999999999999996,-11.101999999999997,2.7999999999999998,BYPASS,BYPASS,RUNNING
516,10.32,1,-5.5999999999999996,-11.101999999999997,2.7999999999999998,5.5999999999999996,-11.101999999999997,2.7999999999999998,BYPASS,BYPASS,RUNNING
516,10.32,1,-5.5999999999999996,-11.101999999999997,2.7999999999999998,5.5999999999999996,-11.101999999999997,2.7999999999999998,BYPASS,BYPASS,RUNNING
516,10.32,1,-5.5999999999999996,-11.101999999999997,2.7999999999999998,5.5999999999999996,-11.101999999999997,2.7999999999999998,BYPASS,BYPASS,RUNNING
516,10.32,1,-5.5999999999999996,-11.101999999999997,2.7999999999999998,5.5999999999999996,-11.101999999999997,2.7999999999999998,BYPASS,BYPASS,RUNNING
516,10.32,1,-5.5999999999999996,-11.101999999999997,2.7999999999999998,5.5999999999999996,-11.101999999999997,2.7999999999999998,BYPASS,BYPASS,RUNNING
516,10.32,1,-5.5999999999999996,-11.101999999999997,2.7999999999999998,5.5999999999999996,-11.101999999999997,2.7999999999999998,BYPASS,BYPASS,RUNNING
516,10.32,1,-5.5999999999999996,-11.101999999999997,2.7999999999999998,5.5999999999999996,-11.101999999999997,2.7999999999999998,BYPASS,BYPASS,RUNNING
516,10.32,1,-5.5999999999999996,-11.101999999999997,2.7999999999999998,5.5999999999999996,-11.101999999999997,2.7999999999999998,BYPASS,BYPASS,RUNNING
516,10.32,1,-5.5999999999999996,-11.101999999999997,2.7999999999999998,5.5999999999999996,-11.101999999999997,2.7999999999999998,BYPASS,BYPASS,RUNNING
516,10.32,1,-5.5999999999999996,-11.101999999999997,2.7999999999999998,5.5999999999999996,-11.101999999999997,2.7999999999999998,BYPASS,BYPASS,RUNNING
516,10.32,1,-5.5999999999999996,-11.101999999999997,2.7999999999999998,5.5999999999999996,-11.101999999999997,2.7999999999999998,BYPASS,BYPASS,RUNNING
516,10.32,1,-5.5999999999999996,-11.101999999999997,2.7999999999999998,5.5999999999999996,-11.101999999999997,2.7999999999999998,BYPASS,BYPASS,RUNNING
516,10.32,1,-5.5999999999999996,-11.101999999999997,2.7999999999999998,5.5999999999999996,-11.101999999999997,2.7999999999999998,BYPASS,BYPASS,RUNNING
516,10.32,1,-5.5999999999999996,-11.101999999999997,2.7999999999999998,5.5999999999999996,-11.101999999999997,2.7999999999999998,BYPASS,BYPASS,RUNNING
516,10.32,1,-5.5999999999999996,-11.101999999999997,2.7999999999999998,5.5999999999999996,-11.101999999999997,2.7999999999999998,BYPASS,BYPASS,RUNNING
516,10.32,1,-5.5999999999999996,-11.101999999999997,2.7999999999999998,5.5999999999999996,-11.101999999999997,2.7999999999999998,BYPASS,BYPASS,RUNNING
516,10.32,1,-5.5999999999999996,-11.101999999999997,2.7999999999999998,5.5999999999999996,-11.101999999999997,2.7999999999999998,BYPASS,BYPASS,RUNNING
516,10.32,1,-5.5999999999999996,-11.101999999999997,2.7999999999999998,5.5999999999999996,-11.101999999999997,2.7999999999999998,BYPASS,BYPASS,RUNNING
516,10.32,1,-5.5999999999999996,-11.101999999999997,2.7999999999999998,5.5999999999999996,-11.101999999999997,2.7999999999999998,BYPASS,BYPASS,RUNNING
516,10.32,1,-5.5999999999999996,-11.101999999999997,2.7999999999999998,5.5999999999999996,-11.101999999999997,2.7999999999999998,BYPASS,BYPASS,RUNNING
516,10.32,1,-5.5999999999999996,-11.101999999999997,2.7999999999999998,5.5999999999999996,-11.101999999999997,2.7999999999999998,BYPASS,BYPASS,RUNNING
516,10.32,1,-5.5999999999999996,-11.101999999999997,2.7999999999999998,5.5999999999999996,-11.101999999999997,2.7999999999999998,BYPASS,BYPASS,RUNNING
516,10.32,1,-5.5999999999999996,-11.101999999999997,2.7999999999999998,5.5999999999999996,-11.101999999999997,2.7999999999999998,BYPASS,BYPASS,RUNNING
516,10.32,1,-5.5999999999999996,-11.101999999999997,2.7999999999999998,5.5999999999999996,-11.101999999999997,2.7999999999999998,BYPASS,BYPASS,RUNNING
516,10.32,1,-5.5999999999999996,-11.101999999999997,2.7999999999999998,5.5999999999999996,-11.101999999999997,2.7999999999999998,BYPASS,BYPASS,RUNNING
516,10.32,1,-5.5999999999999996,-11.101999999999997,2.7999999999999998,5.5999999999999996,-11.101999999999997,2.7999999999999998,BYPASS,BYPASS,RUNNING
516,10.32,1,-5.5999999999999996,-11.101999999999997,2.7999999999999998,5.5999999999999996,-11.101999999999997,2.7999999999999998,BYPASS,BYPASS,RUNNING
516,10.32,1,-5.5999999999999996,-11.101999999999997,2.7999999999999998,5.5999999999999996,-11.101999999999997,2.7999999999999998,BYPASS,BYPASS,RUNNING
516,10.32,1,-5.5999999999999996,-11.101999999999997,2.7999999999999998,5.5999999999999996,-11.101999999999997,2.7999999999999998,BYPASS,BYPASS,RUNNING
516,10.32,1,-5.5999999999999996,-11.101999999999997,2.7999999999999998,5.5999999999999996,-11.101999999999997,2.7999999999999998,BYPASS,BYPASS,RUNNING
516,10.32,1,-5.5999999999999996,-11.101999999999997,2.7999999999999998,5.5999999999999996,-11.101999999999997,2.7999999999999998,BYPASS,BYPASS,RUNNING
516,10.32,1,-5.5999999999999996,-11.101999999999997,2.7999999999999998,5.5999999999999996,-11.101999999999997,2.7999999999999998,BYPASS,BYPASS,RUNNING
516,10.32,1,-5.5999999999999996,-11.101999999999997,2.7999999999999998,5.5999999999999996,-11.101999999999997,2.7999999999999998,BYPASS,BYPASS,RUNNING
516,10.32,1,-5.5999999999999996,-11.101999999999997,2.7999999999999998,5.5999999999999996,-11.101999999999997,2.7999999999999998,BYPASS,BYPASS,RUNNING
516,10.32,1,-5.5999999999999996,-11.101999999999997,2.7999999999999998,5.5999999999999996,-11.101999999999997,2.7999999999999998,BYPASS,BYPASS,RUNNING
516,10.32,1,-5.5999999999999996,-11.101999999999997,2.7999999999999998,5.5999999999999996,-11.101999999999997,2.7999999999999998,BYPASS,BYPASS,RUNNING
516,10.32,1,-5.5999999999999996,-11.101999999999997,2.7999999999999998,5.5999999999999996,-11.101999999999997,2.7999999999999998,BYPASS,BYPASS,RUNNING
516,10.32,1,-5.5999999999999996,-11.101999999999997,2.7999999999999998,5.5999999999999996,-11.101999999999997,2.7999999999999998,BYPASS,BYPASS,RUNNING
516,10.32,1,-5.5999999999999996,-11.101999999999997,2.7999999999999998,5.5999999999999996,-11.101999999999997,2.7999999999999998,BYPASS,BYPASS,RUNNING
516,10.32,1,-5.5999999999999996,-11.101999999999997,2.7999999999999998,5.5999999999999996,-11.101999999999997,2.7999999999999998,BYPASS,BYPASS,RUNNING
516,10.32,1,-5.5999999999999996,-11.101999999999997,2.7999999999999998,5.5999999999999996,-11.101999999999997,2.7999999999999998,BYPASS,BYPASS,RUNNING
516,10.32,1,-5.5999999999999996,-11.101999999999997,2.7999999999999998,5.5999999999999996,-11.101999999999997,2.7999999999999998,BYPASS,BYPASS,RUNNING
516,10.32,1,-5.5999999999999996,-11.101999999999997,2.7999999999999998,5.5999999999999996,-11.101999999999997,2.7999999999999998,BYPASS,BYPASS,RUNNING
516,10.32,1,-5.5999999999999996,-11.101999999999997,2.7999999999999998,5.5999999999999996,-11.101999999999997,2.7999999999999998,BYPASS,BYPASS,RUNNING
516,10.32,1,-5.5999999999999996,-11.101999999999997,2.7999999999999998,5.5999999999999996,-11.101999999999997,2.7999999999999998,BYPASS,BYPASS,RUNNING
516,10.32,1,-5.5999999999999996,-11.101999999999997,2.7999999999999998,5.5999999999999996,-11.101999999999997,2.7999999999999998,BYPASS,BYPASS,RUNNING
516,10.32,1,-5.5999999999999996,-11.101999999999997,2.7999999999999998,5.5999999999999996,-11.101999999999997,2.7999999999999998,BYPASS,BYPASS,RUNNING
516,10.32,1,-5.5999999999999996,-11.101999999999997,2.7999999999999998,5.5999999999999996,-11.101999999999997,2.7999999999999998,BYPASS,BYPASS,RUNNING
516,10.32,1,-5.5999999999999996,-11.101999999999997,2.7999999999999998,5.5999999999999996,-11.101999999999997,2.7999999999999998,BYPASS,BYPASS,RUNNING
516,10.32,1,-5.5999999999999996,-11.101999999999997,2.7999999999999998,5.5999999999999996,-11.101999999999997,2.7999999999999998,BYPASS,BYPASS,RUNNING
516,10.32,1,-5.5999999999999996,-11.101999999999997,2.7999999999999998,5.5999999999999996,-11.101999999999997,2.7999999999999998,BYPASS,BYPASS,RUNNING
516,10.32,1,-5.5999999999999996,-11.101999999999997,2.7999999999999998,5.5999999999999996,-11.101999999999997,2.7999999999999998,BYPASS,BYPASS,RUNNING
516,10.32,1,-5.5999999999999996,-11.101999999999997,2.7999999999999998,5.5999999999999996,-11.101999999999997,2.7999999999999998,BYPASS,BYPASS,RUNNING
516,10.32,1,-5.5999999999999996,-11.101999999999997,2.7999999999999998,5.5999999999999996,-11.101999999999997,2.7999999999999998,BYPASS,BYPASS,RUNNING
516,10.32,1,-5.5999999999999996,-11.101999999999997,2.7999999999999998,5.5999999999999996,-11.101999999999997,2.7999999999999998,BYPASS,BYPASS,RUNNING
516,10.32,1,-5.5999999999999996,-11.101999999999997,2.7999999999999998,5.5999999999999996,-11.101999999999997,2.7999999999999998,BYPASS,BYPASS,RUNNING
516,10.32,1,-5.5999999999999996,-11.101999999999997,2.7999999999999998,5.5999999999999996,-11.101999999999997,2.7999999999999998,BYPASS,BYPASS,RUNNING
516,10.32,1,-5.5999999999999996,-11.101999999999997,2.7999999999999998,5.5999999999999996,-11.101999999999997,2.7999999999999998,BYPASS,BYPASS,RUNNING
516,10.32,1,-5.5999999999999996,-11.101999999999997,2.7999999999999998,5.5999999999999996,-11.101999999999997,2.7999999999999998,BYPASS,BYPASS,RUNNING
516,10.32,1,-5.5999999999999996,-11.101999999999997,2.7999999999999998,5.5999999999999996,-11.101999999999997,2.7999999999999998,BYPASS,BYPASS,RUNNING
516,10.32,1,-5.5999999999999996,-11.101999999999997,2.7999999999999998,5.5999999999999996,-11.101999999999997,2.7999999999999998,BYPASS,BYPASS,RUNNING
516,10.32,1,-5.5999999999999996,-11.101999999999997,2.7999999999999998,5.5999999999999996,-11.101999999999997,2.7999999999999998,BYPASS,BYPASS,RUNNING
516,10.32,1,-5.5999999999999996,-11.101999999999997,2.7999999999999998,5.5999999999999996,-11.101999999999997,2.7999999999999998,BYPASS,BYPASS,RUNNING
516,10.32,1,-5.5999999999999996,-11.101999999999997,2.7999999999999998,5.5999999999999996,-11.101999999999997,2.7999999999999998,BYPASS,BYPASS,RUNNING
516,10.32,1,-5.5999999999999996,-11.101999999999997,2.7999999999999998,5.5999999999999996,-11.101999999999997,2.7999999999999998,BYPASS,BYPASS,RUNNING
516,10.32,1,-5.5999999999999996,-11.101999999999997,2.7999999999999998,5.5999999999999996,-11.101999999999997,2.7999999999999998,BYPASS,BYPASS,RUNNING
516,10.32,1,-5.5999999999999996,-11.101999999999997,2.7999999999999998,5.5999999999999996,-11.101999999999997,2.7999999999999998,BYPASS,BYPASS,RUNNING
516,10.32,1,-5.5999999999999996,-11.101999999999997,2.7999999999999998,5.5999999999999996,-11.101999999999997,2.7999999999999998,BYPASS,BYPASS,RUNNING
516,10.32,1,-5.5999999999999996,-11.101999999999997,2.7999999999999998,5.5999999999999996,-11.101999999999997,2.7999999999999998,BYPASS,BYPASS,RUNNING
516,10.32,1,-5.5999999999999996,-11.101999999999997,2.7999999999999998,5.5999999999999996,-11.101999999999997,2.7999999999999998,BYPASS,BYPASS,RUNNING
516,10.32,1,-5.5999999999999996,-11.101999999999997,2.7999999999999998,5.5999999999999996,-11.101999999999997,2.7999999999999998,BYPASS,BYPASS,RUNNING
516,10.32,1,-5.5999999999999996,-11.101999999999997,2.7999999999999998,5.5999999999999996,-11.101999999999997,2.7999999999999998,BYPASS,BYPASS,RUNNING
516,10.32,1,-5.5999999999999996,-11.101999999999997,2.7999999999999998,5.5999999999999996,-11.101999999999997,2.7999999999999998,BYPASS,BYPASS,RUNNING
516,10.32,1,-5.5999999999999996,-11.101999999999997,2.7999999999999998,5.5999999999999996,-11.101999999999997,2.7999999999999998,BYPASS,BYPASS,RUNNING
516,10.32,1,-5.5999999999999996,-11.101999999999997,2.7999999999999998,5.5999999999999996,-11.101999999999997,2.7999999999999998,BYPASS,BYPASS,RUNNING
516,10.32,1,-5.5999999999999996,-11.101999999999997,2.7999999999999998,5.5999999999999996,-11.101999999999997,2.7999999999999998,BYPASS,BYPASS,RUNNING
516,10.32,1,-5.5999999999999996,-11.101999999999997,2.7999999999999998,5.5999999999999996,-11.101999999999997,2.7999999999999998,BYPASS,BYPASS,RUNNING
516,10.32,1,-5.5999999999999996,-11.101999999999997,2.7999999999999998,5.5999999999999996,-11.101999999999997,2.7999999999999998,BYPASS,BYPASS,RUNNING
516,10.32,1,-5.5999999999999996,-11.101999999999997,2.7999999999999998,5.5999999999999996,-11.101999999999997,2.7999999999999998,BYPASS,BYPASS,RUNNING
516,10.32,1,-5.5999999999999996,-11.101999999999997,2.7999999999999998,5.5999999999999996,-11.101999999999997,2.7999999999999998,BYPASS,BYPASS,RUNNING
516,10.32,1,-5.5999999999999996,-11.101999999999997,2.7999999999999998,5.5999999999999996,-11.101999999999997,2.7999999999999998,BYPASS,BYPASS,RUNNING
516,10.32,1,-5.5999999999999996,-11.101999999999997,2.7999999999999998,5.5999999999999996,-11.101999999999997,2.7999999999999998,BYPASS,BYPASS,RUNNING
516,10.32,1,-5.5999999999999996,-11.101999999999997,2.7999999999999998,5.5999999999999996,-11.101999999999997,2.7999999999999998,BYPASS,BYPASS,RUNNING
516,10.32,1,-5.5999999999999996,-11.101999999999997,2.7999999999999998,5.5999999999999996,-11.101999999999997,2.7999999999999998,BYPASS,BYPASS,RUNNING
516,10.32,1,-5.5999999999999996,-11.101999999999997,2.7999999999999998,5.5999999999999996,-11.101999999999997,2.7999999999999998,BYPASS,BYPASS,RUNNING
516,10.32,1,-5.5999999999999996,-11.101999999999997,2.7999999999999998,5.5999999999999996,-11.101999999999997,2.7999999999999998,BYPASS,BYPASS,RUNNING
516,10.32,1,-5.5999999999999996,-11.101999999999997,2.7999999999999998,5.5999999999999996,-11.101999999999997,2.7999999999999998,BYPASS,BYPASS,RUNNING
516,10.32,1,-5.5999999999999996,-11.101999999999997,2.7999999999999998,5.5999999999999996,-11.101999999999997,2.7999999999999998,BYPASS,BYPASS,RUNNING
516,10.32,1,-5.5999999999999996,-11.101999999999997,2.7999999999999998,5.5999999999999996,-11.101999999999997,2.7999999999999998,BYPASS,BYPASS,RUNNING
516,10.32,1,-5.5999999999999996,-11.101999999999997,2.7999999999999998,5.5999999999999996,-11.101999999999997,2.7999999999999998,BYPASS,BYPASS,RUNNING
516,10.32,1,-5.5999999999999996,-11.101999999999997,2.7999999999999998,5.5999999999999996,-11.101999999999997,2.7999999999999998,BYPASS,BYPASS,RUNNING
516,10.32,1,-5.5999999999999996,-11.101999999999997,2.7999999999999998,5.5999999999999996,-11.101999999999997,2.7999999999999998,BYPASS,BYPASS,RUNNING
516,10.32,1,-5.5999999999999996,-11.101999999999997,2.7999999999999998,5.5999999999999996,-11.101999999999997,2.7999999999999998,BYPASS,BYPASS,RUNNING
516,10.32,1,-5.5999999999999996,-11.101999999999997,2.7999999999999998,5.5999999999999996,-11.101999999999997,2.7999999999999998,BYPASS,BYPASS,RUNNING
516,10.32,1,-5.5999999999999996,-11.101999999999997,2.7999999999999998,5.5999999999999996,-11.101999999999997,2.7999999999999998,BYPASS,BYPASS,RUNNING
516,10.32,1,-5.5999999999999996,-11.101999999999997,2.7999999999999998,5.5999999999999996,-11.101999999999997,2.7999999999999998,BYPASS,BYPASS,RUNNING
516,10.32,1,-5.5999999999999996,-11.101999999999997,2.7999999999999998,5.5999999999999996,-11.101999999999997,2.7999999999999998,BYPASS,BYPASS,RUNNING
516,10.32,1,-5.5999999999999996,-11.101999999999997,2.7999999999999998,5.5999999999999996,-11.101999999999997,2.7999999999999998,BYPASS,BYPASS,RUNNING
516,10.32,1,-5.5999999999999996,-11.101999999999997,2.7999999999999998,5.5999999999999996,-11.101999999999997,2.7999999999999998,BYPASS,BYPASS,RUNNING
516,10.32,1,-5.5999999999999996,-11.101999999999997,2.7999999999999998,5.5999999999999996,-11.101999999999997,2.7999999999999998,BYPASS,BYPASS,RUNNING
516,10.32,1,-5.5999999999999996,-11.101999999999997,2.7999999999999998,5.5999999999999996,-11.101999999999997,2.7999999999999998,BYPASS,BYPASS,RUNNING
516,10.32,1,-5.5999999999999996,-11.101999999999997,2.7999999999999998,5.5999999999999996,-11.101999999999997,2.7999999999999998,BYPASS,BYPASS,RUNNING
516,10.32,1,-5.5999999999999996,-11.101999999999997,2.7999999999999998,5.5999999999999996,-11.101999999999997,2.7999999999999998,BYPASS,BYPASS,RUNNING
516,10.32,1,-5.5999999999999996,-11.101999999999997,2.7999999999999998,5.5999999999999996,-11.101999999999997,2.7999999999999998,BYPASS,BYPASS,RUNNING
516,10.32,1,-5.5999999999999996,-11.101999999999997,2.7999999999999998,5.5999999999999996,-11.101999999999997,2.7999999999999998,BYPASS,BYPASS,RUNNING
516,10.32,1,-5.5999999999999996,-11.101999999999997,2.7999999999999998,5.5999999999999996,-11.101999999999997,2.7999999999999998,BYPASS,BYPASS,RUNNING
516,10.32,1,-5.5999999999999996,-11.101999999999997,2.7999999999999998,5.5999999999999996,-11.101999999999997,2.7999999999999998,BYPASS,BYPASS,RUNNING
516,10.32,1,-5.5999999999999996,-11.101999999999997,2.7999999999999998,5.5999999999999996,-11.101999999999997,2.7999999999999998,BYPASS,BYPASS,RUNNING
516,10.32,1,-5.5999999999999996,-11.101999999999997,2.7999999999999998,5.5999999999999996,-11.101999999999997,2.7999999999999998,BYPASS,BYPASS,RUNNING
516,10.32,1,-5.5999999999999996,-11.101999999999997,2.7999999999999998,5.5999999999999996,-11.101999999999997,2.7999999999999998,BYPASS,BYPASS,RUNNING
516,10.32,1,-5.5999999999999996,-11.101999999999997,2.7999999999999998,5.5999999999999996,-11.101999999999997,2.7999999999999998,BYPASS,BYPASS,RUNNING
516,10.32,1,-5.5999999999999996,-11.101999999999997,2.7999999999999998,5.5999999999999996,-11.101999999999997,2.7999999999999998,BYPASS,BYPASS,RUNNING
516,10.32,1,-5.5999999999999996,-11.101999999999997,2.7999999999999998,5.5999999999999996,-11.101999999999997,2.7999999999999998,BYPASS,BYPASS,RUNNING
516,10.32,1,-5.5999999999999996,-11.101999999999997,2.7999999999999998,5.5999999999999996,-11.101999999999997,2.7999999999999998,BYPASS,BYPASS,RUNNING
516,10.32,1,-5.5999999999999996,-11.101999999999997,2.7999999999999998,5.5999999999999996,-11.101999999999997,2.7999999999999998,BYPASS,BYPASS,RUNNING
516,10.32,1,-5.5999999999999996,-11.101999999999997,2.7999999999999998,5.5999999999999996,-11.101999999999997,2.7999999999999998,BYPASS,BYPASS,RUNNING
516,10.32,1,-5.5999999999999996,-11.101999999999997,2.7999999999999998,5.5999999999999996,-11.101999999999997,2.7999999999999998,BYPASS,BYPASS,RUNNING
516,10.32,1,-5.5999999999999996,-11.101999999999997,2.7999999999999998,5.5999999999999996,-11.101999999999997,2.7999999999999998,BYPASS,BYPASS,RUNNING
516,10.32,1,-5.5999999999999996,-11.101999999999997,2.7999999999999998,5.5999999999999996,-11.101999999999997,2.7999999999999998,BYPASS,BYPASS,RUNNING
516,10.32,1,-5.5999999999999996,-11.101999999999997,2.7999999999999998,5.5999999999999996,-11.101999999999997,2.7999999999999998,BYPASS,BYPASS,RUNNING
516,10.32,1,-5.5999999999999996,-11.101999999999997,2.7999999999999998,5.5999999999999996,-11.101999999999997,2.7999999999999998,BYPASS,BYPASS,RUNNING
516,10.32,1,-5.5999999999999996,-11.101999999999997,2.7999999999999998,5.5999999999999996,-11.101999999999997,2.7999999999999998,BYPASS,BYPASS,RUNNING
516,10.32,1,-5.5999999999999996,-11.101999999999997,2.7999999999999998,5.5999999999999996,-11.101999999999997,2.7999999999999998,BYPASS,BYPASS,RUNNING
516,10.32,1,-5.5999999999999996,-11.101999999999997,2.7999999999999998,5.5999999999999996,-11.101999999999997,2.7999999999999998,BYPASS,BYPASS,RUNNING
516,10.32,1,-5.5999999999999996,-11.101999999999997,2.7999999999999998,5.5999999999999996,-11.101999999999997,2.7999999999999998,BYPASS,BYPASS,RUNNING
516,10.32,1,-5.5999999999999996,-11.101999999999997,2.7999999999999998,5.5999999999999996,-11.101999999999997,2.7999999999999998,BYPASS,BYPASS,RUNNING
516,10.32,1,-5.5999999999999996,-11.101999999999997,2.7999999999999998,5.5999999999999996,-11.101999999999997,2.7999999999999998,BYPASS,BYPASS,RUNNING
516,10.32,1,-5.5999999999999996,-11.101999999999997,2.7999999999999998,5.5999999999999996,-11.101999999999997,2.7999999999999998,BYPASS,BYPASS,RUNNING
516,10.32,1,-5.5999999999999996,-11.101999999999997,2.7999999999999998,5.5999999999999996,-11.101999999999997,2.7999999999999998,BYPASS,BYPASS,RUNNING
516,10.32,1,-5.5999999999999996,-11.101999999999997,2.7999999999999998,5.5999999999999996,-11.101999999999997,2.7999999999999998,BYPASS,BYPASS,RUNNING
516,10.32,1,-5.5999999999999996,-11.101999999999997,2.7999999999999998,5.5999999999999996,-11.101999999999997,2.7999999999999998,BYPASS,BYPASS,RUNNING
516,10.32,1,-5.5999999999999996,-11.101999999999997,2.7999999999999998,5.5999999999999996,-11.101999999999997,2.7999999999999998,BYPASS,BYPASS,RUNNING
516,10.32,1,-5.5999999999999996,-11.101999999999997,2.7999999999999998,5.5999999999999996,-11.101999999999997,2.7999999999999998,BYPASS,BYPASS,RUNNING
516,10.32,1,-5.5999999999999996,-11.101999999999997,2.7999999999999998,5.5999999999999996,-11.101999999999997,2.7999999999999998,BYPASS,BYPASS,RUNNING
516,10.32,1,-5.5999999999999996,-11.101999999999997,2.7999999999999998,5.5999999999999996,-11.101999999999997,2.7999999999999998,BYPASS,BYPASS,RUNNING
516,10.32,1,-5.5999999999999996,-11.101999999999997,2.7999999999999998,5.5999999999999996,-11.101999999999997,2.7999999999999998,BYPASS,BYPASS,RUNNING
516,10.32,1,-5.5999999999999996,-11.101999999999997,2.7999999999999998,5.5999999999999996,-11.101999999999997,2.7999999999999998,BYPASS,BYPASS,RUNNING
516,10.32,1,-5.5999999999999996,-11.101999999999997,2.7999999999999998,5.5999999999999996,-11.101999999999997,2.7999999999999998,BYPASS,BYPASS,RUNNING
516,10.32,1,-5.5999999999999996,-11.101999999999997,2.7999999999999998,5.5999999999999996,-11.101999999999997,2.7999999999999998,BYPASS,BYPASS,RUNNING
516,10.32,1,-5.5999999999999996,-11.101999999999997,2.7999999999999998,5.5999999999999996,-11.101999999999997,2.7999999999999998,BYPASS,BYPASS,RUNNING
516,10.32,1,-5.5999999999999996,-11.101999999999997,2.7999999999999998,5.5999999999999996,-11.101999999999997,2.7999999999999998,BYPASS,BYPASS,RUNNING
516,10.32,1,-5.5999999999999996,-11.101999999999997,2.7999999999999998,5.5999999999999996,-11.101999999999997,2.7999999999999998,BYPASS,BYPASS,RUNNING
516,10.32,1,-5.5999999999999996,-11.101999999999997,2.7999999999999998,5.5999999999999996,-11.101999999999997,2.7999999999999998,BYPASS,BYPASS,RUNNING
516,10.32,1,-5.5999999999999996,-11.101999999999997,2.7999999999999998,5.5999999999999996,-11.101999999999997,2.7999999999999998,BYPASS,BYPASS,RUNNING
516,10.32,1,-5.5999999999999996,-11.101999999999997,2.7999999999999998,5.5999999999999996,-11.101999999999997,2.7999999999999998,BYPASS,BYPASS,RUNNING
516,10.32,1,-5.5999999999999996,-11.101999999999997,2.7999999999999998,5.5999999999999996,-11.101999999999997,2.7999999999999998,BYPASS,BYPASS,RUNNING
516,10.32,1,-5.5999999999999996,-11.101999999999997,2.7999999999999998,5.5999999999999996,-11.101999999999997,2.7999999999999998,BYPASS,BYPASS,RUNNING
516,10.32,1,-5.5999999999999996,-11.101999999999997,2.7999999999999998,5.5999999999999996,-11.101999999999997,2.7999999999999998,BYPASS,BYPASS,RUNNING
516,10.32,1,-5.5999999999999996,-11.101999999999997,2.7999999999999998,5.5999999999999996,-11.101999999999997,2.7999999999999998,BYPASS,BYPASS,RUNNING
516,10.32,1,-5.5999999999999996,-11.101999999999997,2.7999999999999998,5.5999999999999996,-11.101999999999997,2.7999999999999998,BYPASS,BYPASS,RUNNING
516,10.32,1,-5.5999999999999996,-11.101999999999997,2.7999999999999998,5.5999999999999996,-11.101999999999997,2.7999999999999998,BYPASS,BYPASS,RUNNING
516,10.32,1,-5.5999999999999996,-11.101999999999997,2.7999999999999998,5.5999999999999996,-11.101999999999997,2.7999999999999998,BYPASS,BYPASS,RUNNING
516,10.32,1,-5.5999999999999996,-11.101999999999997,2.7999999999999998,5.5999999999999996,-11.101999999999997,2.7999999999999998,BYPASS,BYPASS,RUNNING
516,10.32,1,-5.5999999999999996,-11.101999999999997,2.7999999999999998,5.5999999999999996,-11.101999999999997,2.7999999999999998,BYPASS,BYPASS,RUNNING
516,10.32,1,-5.5999999999999996,-11.101999999999997,2.7999999999999998,5.5999999999999996,-11.101999999999997,2.7999999999999998,BYPASS,BYPASS,RUNNING
516,10.32,1,-5.5999999999999996,-11.101999999999997,2.7999999999999998,5.5999999999999996,-11.101999999999997,2.7999999999999998,BYPASS,BYPASS,RUNNING
516,10.32,1,-5.5999999999999996,-11.101999999999997,2.7999999999999998,5.5999999999999996,-11.101999999999997,2.7999999999999998,BYPASS,BYPASS,RUNNING
516,10.32,1,-5.5999999999999996,-11.101999999999997,2.7999999999999998,5.5999999999999996,-11.101999999999997,2.7999999999999998,BYPASS,BYPASS,RUNNING
516,10.32,1,-5.5999999999999996,-11.101999999999997,2.7999999999999998,5.5999999999999996,-11.101999999999997,2.7999999999999998,BYPASS,BYPASS,RUNNING
516,10.32,1,-5.5999999999999996,-11.101999999999997,2.7999999999999998,5.5999999999999996,-11.101999999999997,2.7999999999999998,BYPASS,BYPASS,RUNNING
516,10.32,1,-5.5999999999999996,-11.101999999999997,2.7999999999999998,5.5999999999999996,-11.101999999999997,2.7999999999999998,BYPASS,BYPASS,RUNNING
516,10.32,1,-5.5999999999999996,-11.101999999999997,2.7999999999999998,5.5999999999999996,-11.101999999999997,2.7999999999999998,BYPASS,BYPASS,RUNNING
516,10.32,1,-5.5999999999999996,-11.101999999999997,2.7999999999999998,5.5999999999999996,-11.101999999999997,2.7999999999999998,BYPASS,BYPASS,RUNNING
516,10.32,1,-5.5999999999999996,-11.101999999999997,2.7999999999999998,5.5999999999999996,-11.101999999999997,2.7999999999999998,BYPASS,BYPASS,RUNNING
516,10.32,1,-5.5999999999999996,-11.101999999999997,2.7999999999999998,5.5999999999999996,-11.101999999999997,2.7999999999999998,BYPASS,BYPASS,RUNNING
516,10.32,1,-5.5999999999999996,-11.101999999999997,2.7999999999999998,5.5999999999999996,-11.101999999999997,2.7999999999999998,BYPASS,BYPASS,RUNNING
516,10.32,1,-5.5999999999999996,-11.101999999999997,2.7999999999999998,5.5999999999999996,-11.101999999999997,2.7999999999999998,BYPASS,BYPASS,RUNNING
516,10.32,1,-5.5999999999999996,-11.101999999999997,2.7999999999999998,5.5999999999999996,-11.101999999999997,2.7999999999999998,BYPASS,BYPASS,RUNNING
516,10.32,1,-5.5999999999999996,-11.101999999999997,2.7999999999999998,5.5999999999999996,-11.101999999999997,2.7999999999999998,BYPASS,BYPASS,RUNNING
516,10.32,1,-5.5999999999999996,-11.101999999999997,2.7999999999999998,5.5999999999999996,-11.101999999999997,2.7999999999999998,BYPASS,BYPASS,RUNNING
516,10.32,1,-5.5999999999999996,-11.101999999999997,2.7999999999999998,5.5999999999999996,-11.101999999999997,2.7999999999999998,BYPASS,BYPASS,RUNNING
516,10.32,1,-5.5999999999999996,-11.101999999999997,2.7999999999999998,5.5999999999999996,-11.101999999999997,2.7999999999999998,BYPASS,BYPASS,RUNNING
516,10.32,1,-5.5999999999999996,-11.101999999999997,2.7999999999999998,5.5999999999999996,-11.101999999999997,2.7999999999999998,BYPASS,BYPASS,RUNNING
516,10.32,1,-5.5999999999999996,-11.101999999999997,2.7999999999999998,5.5999999999999996,-11.101999999999997,2.7999999999999998,BYPASS,BYPASS,RUNNING
516,10.32,1,-5.5999999999999996,-11.101999999999997,2.7999999999999998,5.5999999999999996,-11.101999999999997,2.7999999999999998,BYPASS,BYPASS,RUNNING
516,10.32,1,-5.5999999999999996,-11.101999999999997,2.7999999999999998,5.5999999999999996,-11.101999999999997,2.7999999999999998,BYPASS,BYPASS,RUNNING
516,10.32,1,-5.5999999999999996,-11.101999999999997,2.7999999999999998,5.5999999999999996,-11.101999999999997,2.7999999999999998,BYPASS,BYPASS,RUNNING
516,10.32,1,-5.5999999999999996,-11.101999999999997,2.7999999999999998,5.5999999999999996,-11.101999999999997,2.7999999999999998,BYPASS,BYPASS,RUNNING
516,10.32,1,-5.5999999999999996,-11.101999999999997,2.7999999999999998,5.5999999999999996,-11.101999999999997,2.7999999999999998,BYPASS,BYPASS,RUNNING
516,10.32,1,-5.5999999999999996,-11.101999999999997,2.7999999999999998,5.5999999999999996,-11.101999999999997,2.7999999999999998,BYPASS,BYPASS,RUNNING
516,10.32,1,-5.5999999999999996,-11.101999999999997,2.7999999999999998,5.5999999999999996,-11.101999999999997,2.7999999999999998,BYPASS,BYPASS,RUNNING
516,10.32,1,-5.5999999999999996,-11.101999999999997,2.7999999999999998,5.5999999999999996,-11.101999999999997,2.7999999999999998,BYPASS,BYPASS,RUNNING
516,10.32,1,-5.5999999999999996,-11.101999999999997,2.7999999999999998,5.5999999999999996,-11.101999999999997,2.7999999999999998,BYPASS,BYPASS,RUNNING
516,10.32,1,-5.5999999999999996,-11.101999999999997,2.7999999999999998,5.5999999999999996,-11.101999999999997,2.7999999999999998,BYPASS,BYPASS,RUNNING
516,10.32,1,-5.5999999999999996,-11.101999999999997,2.7999999999999998,5.5999999999999996,-11.101999999999997,2.7999999999999998,BYPASS,BYPASS,RUNNING
516,10.32,1,-5.5999999999999996,-11.101999999999997,2.7999999999999998,5.5999999999999996,-11.101999999999997,2.7999999999999998,BYPASS,BYPASS,RUNNING
516,10.32,1,-5.5999999999999996,-11.101999999999997,2.7999999999999998,5.5999999999999996,-11.101999999999997,2.7999999999999998,BYPASS,BYPASS,RUNNING
516,10.32,1,-5.5999999999999996,-11.101999999999997,2.7999999999999998,5.5999999999999996,-11.101999999999997,2.7999999999999998,BYPASS,BYPASS,RUNNING
516,10.32,1,-5.5999999999999996,-11.101999999999997,2.7999999999999998,5.5999999999999996,-11.101999999999997,2.7999999999999998,BYPASS,BYPASS,RUNNING
516,10.32,1,-5.5999999999999996,-11.101999999999997,2.7999999999999998,5.5999999999999996,-11.101999999999997,2.7999999999999998,BYPASS,BYPASS,RUNNING
516,10.32,1,-5.5999999999999996,-11.101999999999997,2.7999999999999998,5.5999999999999996,-11.101999999999997,2.7999999999999998,BYPASS,BYPASS,RUNNING
516,10.32,1,-5.5999999999999996,-11.101999999999997,2.7999999999999998,5.5999999999999996,-11.101999999999997,2.7999999999999998,BYPASS,BYPASS,RUNNING
516,10.32,1,-5.5999999999999996,-11.101999999999997,2.7999999999999998,5.5999999999999996,-11.101999999999997,2.7999999999999998,BYPASS,BYPASS,RUNNING
516,10.32,1,-5.5999999999999996,-11.101999999999997,2.7999999999999998,5.5999999999999996,-11.101999999999997,2.7999999999999998,BYPASS,BYPASS,RUNNING
516,10.32,1,-5.5999999999999996,-11.101999999999997,2.7999999999999998,5.5999999999999996,-11.101999999999997,2.7999999999999998,BYPASS,BYPASS,RUNNING
516,10.32,1,-5.5999999999999996,-11.101999999999997,2.7999999999999998,5.5999999999999996,-11.101999999999997,2.7999999999999998,BYPASS,BYPASS,RUNNING
516,10.32,1,-5.5999999999999996,-11.101999999999997,2.7999999999999998,5.5999999999999996,-11.101999999999997,2.7999999999999998,BYPASS,BYPASS,RUNNING
516,10.32,1,-5.5999999999999996,-11.101999999999997,2.7999999999999998,5.5999999999999996,-11.101999999999997,2.7999999999999998,BYPASS,BYPASS,RUNNING
516,10.32,1,-5.5999999999999996,-11.101999999999997,2.7999999999999998,5.5999999999999996,-11.101999999999997,2.7999999999999998,BYPASS,BYPASS,RUNNING
516,10.32,1,-5.5999999999999996,-11.101999999999997,2.7999999999999998,5.5999999999999996,-11.101999999999997,2.7999999999999998,BYPASS,BYPASS,RUNNING
516,10.32,1,-5.5999999999999996,-11.101999999999997,2.7999999999999998,5.5999999999999996,-11.101999999999997,2.7999999999999998,BYPASS,BYPASS,RUNNING
516,10.32,1,-5.5999999999999996,-11.101999999999997,2.7999999999999998,5.5999999999999996,-11.101999999999997,2.7999999999999998,BYPASS,BYPASS,RUNNING
516,10.32,1,-5.5999999999999996,-11.101999999999997,2.7999999999999998,5.5999999999999996,-11.101999999999997,2.7999999999999998,BYPASS,BYPASS,RUNNING
516,10.32,1,-5.5999999999999996,-11.101999999999997,2.7999999999999998,5.5999999999999996,-11.101999999999997,2.7999999999999998,BYPASS,BYPASS,RUNNING
516,10.32,1,-5.5999999999999996,-11.101999999999997,2.7999999999999998,5.5999999999999996,-11.101999999999997,2.7999999999999998,BYPASS,BYPASS,RUNNING
516,10.32,1,-5.5999999999999996,-11.101999999999997,2.7999999999999998,5.5999999999999996,-11.101999999999997,2.7999999999999998,BYPASS,BYPASS,RUNNING
516,10.32,1,-5.5999999999999996,-11.101999999999997,2.7999999999999998,5.5999999999999996,-11.101999999999997,2.7999999999999998,BYPASS,BYPASS,RUNNING
516,10.32,1,-5.5999999999999996,-11.101999999999997,2.7999999999999998,5.5999999999999996,-11.101999999999997,2.7999999999999998,BYPASS,BYPASS,RUNNING
516,10.32,1,-5.5999999999999996,-11.101999999999997,2.7999999999999998,5.5999999999999996,-11.101999999999997,2.7999999999999998,BYPASS,BYPASS,RUNNING
516,10.32,1,-5.5999999999999996,-11.101999999999997,2.7999999999999998,5.5999999999999996,-11.101999999999997,2.7999999999999998,BYPASS,BYPASS,RUNNING
516,10.32,1,-5.5999999999999996,-11.101999999999997,2.7999999999999998,5.5999999999999996,-11.101999999999997,2.7999999999999998,BYPASS,BYPASS,RUNNING
516,10.32,1,-5.5999999999999996,-11.101999999999997,2.7999999999999998,5.5999999999999996,-11.101999999999997,2.7999999999999998,BYPASS,BYPASS,RUNNING
516,10.32,1,-5.5999999999999996,-11.101999999999997,2.7999999999999998,5.5999999999999996,-11.101999999999997,2.7999999999999998,BYPASS,BYPASS,RUNNING
516,10.32,1,-5.5999999999999996,-11.101999999999997,2.7999999999999998,5.5999999999999996,-11.101999999999997,2.7999999999999998,BYPASS,BYPASS,RUNNING
516,10.32,1,-5.5999999999999996,-11.101999999999997,2.7999999999999998,5.5999999999999996,-11.101999999999997,2.7999999999999998,BYPASS,BYPASS,RUNNING
516,10.32,1,-5.5999999999999996,-11.101999999999997,2.7999999999999998,5.5999999999999996,-11.101999999999997,2.7999999999999998,BYPASS,BYPASS,RUNNING
516,10.32,1,-5.5999999999999996,-11.101999999999997,2.7999999999999998,5.5999999999999996,-11.101999999999997,2.7999999999999998,BYPASS,BYPASS,RUNNING
516,10.32,1,-5.5999999999999996,-11.101999999999997,2.7999999999999998,5.5999999999999996,-11.101999999999997,2.7999999999999998,BYPASS,BYPASS,RUNNING
516,10.32,1,-5.5999999999999996,-11.101999999999997,2.7999999999999998,5.5999999999999996,-11.101999999999997,2.7999999999999998,BYPASS,BYPASS,RUNNING
516,10.32,1,-5.5999999999999996,-11.101999999999997,2.7999999999999998,5.5999999999999996,-11.101999999999997,2.7999999999999998,BYPASS,BYPASS,RUNNING
516,10.32,1,-5.5999999999999996,-11.101999999999997,2.7999999999999998,5.5999999999999996,-11.101999999999997,2.7999999999999998,BYPASS,BYPASS,RUNNING
516,10.32,1,-5.5999999999999996,-11.101999999999997,2.7999999999999998,5.5999999999999996,-11.101999999999997,2.7999999999999998,BYPASS,BYPASS,RUNNING
516,10.32,1,-5.5999999999999996,-11.101999999999997,2.7999999999999998,5.5999999999999996,-11.101999999999997,2.7999999999999998,BYPASS,BYPASS,RUNNING
516,10.32,1,-5.5999999999999996,-11.101999999999997,2.7999999999999998,5.5999999999999996,-11.101999999999997,2.7999999999999998,BYPASS,BYPASS,RUNNING
516,10.32,1,-5.5999999999999996,-11.101999999999997,2.7999999999999998,5.5999999999999996,-11.101999999999997,2.7999999999999998,BYPASS,BYPASS,RUNNING
516,10.32,1,-5.5999999999999996,-11.101999999999997,2.7999999999999998,5.5999999999999996,-11.101999999999997,2.7999999999999998,BYPASS,BYPASS,RUNNING
516,10.32,1,-5.5999999999999996,-11.101999999999997,2.7999999999999998,5.5999999999999996,-11.101999999999997,2.7999999999999998,BYPASS,BYPASS,RUNNING
516,10.32,1,-5.5999999999999996,-11.101999999999997,2.7999999999999998,5.5999999999999996,-11.101999999999997,2.7999999999999998,BYPASS,BYPASS,RUNNING
516,10.32,1,-5.5999999999999996,-11.101999999999997,2.7999999999999998,5.5999999999999996,-11.101999999999997,2.7999999999999998,BYPASS,BYPASS,RUNNING
516,10.32,1,-5.5999999999999996,-11.101999999999997,2.7999999999999998,5.5999999999999996,-11.101999999999997,2.7999999999999998,BYPASS,BYPASS,RUNNING
516,10.32,1,-5.5999999999999996,-11.101999999999997,2.7999999999999998,5.5999999999999996,-11.101999999999997,2.7999999999999998,BYPASS,BYPASS,RUNNING
516,10.32,1,-5.5999999999999996,-11.101999999999997,2.7999999999999998,5.5999999999999996,-11.101999999999997,2.7999999999999998,BYPASS,BYPASS,RUNNING
516,10.32,1,-5.5999999999999996,-11.101999999999997,2.7999999999999998,5.5999999999999996,-11.101999999999997,2.7999999999999998,BYPASS,BYPASS,RUNNING
516,10.32,1,-5.5999999999999996,-11.101999999999997,2.7999999999999998,5.5999999999999996,-11.101999999999997,2.7999999999999998,BYPASS,BYPASS,RUNNING
516,10.32,1,-5.5999999999999996,-11.101999999999997,2.7999999999999998,5.5999999999999996,-11.101999999999997,2.7999999999999998,BYPASS,BYPASS,RUNNING
516,10.32,1,-5.5999999999999996,-11.101999999999997,2.7999999999999998,5.5999999999999996,-11.101999999999997,2.7999999999999998,BYPASS,BYPASS,RUNNING
516,10.32,1,-5.5999999999999996,-11.101999999999997,2.7999999999999998,5.5999999999999996,-11.101999999999997,2.7999999999999998,BYPASS,BYPASS,RUNNING
516,10.32,1,-5.5999999999999996,-11.101999999999997,2.7999999999999998,5.5999999999999996,-11.101999999999997,2.7999999999999998,BYPASS,BYPASS,RUNNING
516,10.32,1,-5.5999999999999996,-11.101999999999997,2.7999999999999998,5.5999999999999996,-11.101999999999997,2.7999999999999998,BYPASS,BYPASS,RUNNING
516,10.32,1,-5.5999999999999996,-11.101999999999997,2.7999999999999998,5.5999999999999996,-11.101999999999997,2.7999999999999998,BYPASS,BYPASS,RUNNING
516,10.32,1,-5.5999999999999996,-11.101999999999997,2.7999999999999998,5.5999999999999996,-11.101999999999997,2.7999999999999998,BYPASS,BYPASS,RUNNING
516,10.32,1,-5.5999999999999996,-11.101999999999997,2.7999999999999998,5.5999999999999996,-11.101999999999997,2.7999999999999998,BYPASS,BYPASS,RUNNING
516,10.32,1,-5.5999999999999996,-11.101999999999997,2.7999999999999998,5.5999999999999996,-11.101999999999997,2.7999999999999998,BYPASS,BYPASS,RUNNING
516,10.32,1,-5.5999999999999996,-11.101999999999997,2.7999999999999998,5.5999999999999996,-11.101999999999997,2.7999999999999998,BYPASS,BYPASS,RUNNING
516,10.32,1,-5.5999999999999996,-11.101999999999997,2.7999999999999998,5.5999999999999996,-11.101999999999997,2.7999999999999998,BYPASS,BYPASS,RUNNING
516,10.32,1,-5.5999999999999996,-11.101999999999997,2.7999999999999998,5.5999999999999996,-11.101999999999997,2.7999999999999998,BYPASS,BYPASS,RUNNING
516,10.32,1,-5.5999999999999996,-11.101999999999997,2.7999999999999998,5.5999999999999996,-11.101999999999997,2.7999999999999998,BYPASS,BYPASS,RUNNING
516,10.32,1,-5.5999999999999996,-11.101999999999997,2.7999999999999998,5.5999999999999996,-11.101999999999997,2.7999999999999998,BYPASS,BYPASS,RUNNING
516,10.32,1,-5.5999999999999996,-11.101999999999997,2.7999999999999998,5.5999999999999996,-11.101999999999997,2.7999999999999998,BYPASS,BYPASS,RUNNING
516,10.32,1,-5.5999999999999996,-11.101999999999997,2.7999999999999998,5.5999999999999996,-11.101999999999997,2.7999999999999998,BYPASS,BYPASS,RUNNING
516,10.32,1,-5.5999999999999996,-11.101999999999997,2.7999999999999998,5.5999999999999996,-11.101999999999997,2.7999999999999998,BYPASS,BYPASS,RUNNING
516,10.32,1,-5.5999999999999996,-11.101999999999997,2.7999999999999998,5.5999999999999996,-11.101999999999997,2.7999999999999998,BYPASS,BYPASS,RUNNING
516,10.32,1,-5.5999999999999996,-11.101999999999997,2.7999999999999998,5.5999999999999996,-11.101999999999997,2.7999999999999998,BYPASS,BYPASS,RUNNING
516,10.32,1,-5.5999999999999996,-11.101999999999997,2.7999999999999998,5.5999999999999996,-11.101999999999997,2.7999999999999998,BYPASS,BYPASS,RUNNING
516,10.32,1,-5.5999999999999996,-11.101999999999997,2.7999999999999998,5.5999999999999996,-11.101999999999997,2.7999999999999998,BYPASS,BYPASS,RUNNING
516,10.32,1,-5.5999999999999996,-11.101999999999997,2.7999999999999998,5.5999999999999996,-11.101999999999997,2.7999999999999998,BYPASS,BYPASS,RUNNING
516,10.32,1,-5.5999999999999996,-11.101999999999997,2.7999999999999998,5.5999999999999996,-11.101999999999997,2.7999999999999998,BYPASS,BYPASS,RUNNING
516,10.32,1,-5.5999999999999996,-11.101999999999997,2.7999999999999998,5.5999999999999996,-11.101999999999997,2.7999999999999998,BYPASS,BYPASS,RUNNING
516,10.32,1,-5.5999999999999996,-11.101999999999997,2.7999999999999998,5.5999999999999996,-11.101999999999997,2.7999999999999998,BYPASS,BYPASS,RUNNING
516,10.32,1,-5.5999999999999996,-11.101999999999997,2.7999999999999998,5.5999999999999996,-11.101999999999997,2.7999999999999998,BYPASS,BYPASS,RUNNING
516,10.32,1,-5.5999999999999996,-11.101999999999997,2.7999999999999998,5.5999999999999996,-11.101999999999997,2.7999999999999998,BYPASS,BYPASS,RUNNING
516,10.32,1,-5.5999999999999996,-11.101999999999997,2.7999999999999998,5.5999999999999996,-11.101999999999997,2.7999999999999998,BYPASS,BYPASS,RUNNING
516,10.32,1,-5.5999999999999996,-11.101999999999997,2.7999999999999998,5.5999999999999996,-11.101999999999997,2.7999999999999998,BYPASS,BYPASS,RUNNING
516,10.32,1,-5.5999999999999996,-11.101999999999997,2.7999999999999998,5.5999999999999996,-11.101999999999997,2.7999999999999998,BYPASS,BYPASS,RUNNING
516,10.32,1,-5.5999999999999996,-11.101999999999997,2.7999999999999998,5.5999999999999996,-11.101999999999997,2.7999999999999998,BYPASS,BYPASS,RUNNING
516,10.32,1,-5.5999999999999996,-11.101999999999997,2.7999999999999998,5.5999999999999996,-11.101999999999997,2.7999999999999998,BYPASS,BYPASS,RUNNING
516,10.32,1,-5.5999999999999996,-11.101999999999997,2.7999999999999998,5.5999999999999996,-11.101999999999997,2.7999999999999998,BYPASS,BYPASS,RUNNING
516,10.32,1,-5.5999999999999996,-11.101999999999997,2.7999999999999998,5.5999999999999996,-11.101999999999997,2.7999999999999998,BYPASS,BYPASS,RUNNING
516,10.32,1,-5.5999999999999996,-11.101999999999997,2.7999999999999998,5.5999999999999996,-11.101999999999997,2.7999999999999998,BYPASS,BYPASS,RUNNING
516,10.32,1,-5.5999999999999996,-11.101999999999997,2.7999999999999998,5.5999999999999996,-11.101999999999997,2.7999999999999998,BYPASS,BYPASS,RUNNING
516,10.32,1,-5.5999999999999996,-11.101999999999997,2.7999999999999998,5.5999999999999996,-11.101999999999997,2.7999999999999998,BYPASS,BYPASS,RUNNING
516,10.32,1,-5.5999999999999996,-11.101999999999997,2.7999999999999998,5.5999999999999996,-11.101999999999997,2.7999999999999998,BYPASS,BYPASS,RUNNING
516,10.32,1,-5.5999999999999996,-11.101999999999997,2.7999999999999998,5.5999999999999996,-11.101999999999997,2.7999999999999998,BYPASS,BYPASS,RUNNING
516,10.32,1,-5.5999999999999996,-11.101999999999997,2.7999999999999998,5.5999999999999996,-11.101999999999997,2.7999999999999998,BYPASS,BYPASS,RUNNING
516,10.32,1,-5.5999999999999996,-11.101999999999997,2.7999999999999998,5.5999999999999996,-11.101999999999997,2.7999999999999998,BYPASS,BYPASS,RUNNING
516,10.32,1,-5.5999999999999996,-11.101999999999997,2.7999999999999998,5.5999999999999996,-11.101999999999997,2.7999999999999998,BYPASS,BYPASS,RUNNING
516,10.32,1,-5.5999999999999996,-11.101999999999997,2.7999999999999998,5.5999999999999996,-11.101999999999997,2.7999999999999998,BYPASS,BYPASS,RUNNING
516,10.32,1,-5.5999999999999996,-11.101999999999997,2.7999999999999998,5.5999999999999996,-11.101999999999997,2.7999999999999998,BYPASS,BYPASS,RUNNING
516,10.32,1,-5.5999999999999996,-11.101999999999997,2.7999999999999998,5.5999999999999996,-11.101999999999997,2.7999999999999998,BYPASS,BYPASS,RUNNING
516,10.32,1,-5.5999999999999996,-11.101999999999997,2.7999999999999998,5.5999999999999996,-11.101999999999997,2.7999999999999998,BYPASS,BYPASS,RUNNING
516,10.32,1,-5.5999999999999996,-11.101999999999997,2.7999999999999998,5.5999999999999996,-11.101999999999997,2.7999999999999998,BYPASS,BYPASS,RUNNING
516,10.32,1,-5.5999999999999996,-11.101999999999997,2.7999999999999998,5.5999999999999996,-11.101999999999997,2.7999999999999998,BYPASS,BYPASS,RUNNING
516,10.32,1,-5.5999999999999996,-11.101999999999997,2.7999999999999998,5.5999999999999996,-11.101999999999997,2.7999999999999998,BYPASS,BYPASS,RUNNING
516,10.32,1,-5.5999999999999996,-11.101999999999997,2.7999999999999998,5.5999999999999996,-11.101999999999997,2.7999999999999998,BYPASS,BYPASS,RUNNING
516,10.32,1,-5.5999999999999996,-11.101999999999997,2.7999999999999998,5.5999999999999996,-11.101999999999997,2.7999999999999998,BYPASS,BYPASS,RUNNING
516,10.32,1,-5.5999999999999996,-11.101999999999997,2.7999999999999998,5.5999999999999996,-11.101999999999997,2.7999999999999998,BYPASS,BYPASS,RUNNING
516,10.32,1,-5.5999999999999996,-11.101999999999997,2.7999999999999998,5.5999999999999996,-11.101999999999997,2.7999999999999998,BYPASS,BYPASS,RUNNING
516,10.32,1,-5.5999999999999996,-11.101999999999997,2.7999999999999998,5.5999999999999996,-11.101999999999997,2.7999999999999998,BYPASS,BYPASS,RUNNING
516,10.32,1,-5.5999999999999996,-11.101999999999997,2.7999999999999998,5.5999999999999996,-11.101999999999997,2.7999999999999998,BYPASS,BYPASS,RUNNING
516,10.32,1,-5.5999999999999996,-11.101999999999997,2.7999999999999998,5.5999999999999996,-11.101999999999997,2.7999999999999998,BYPASS,BYPASS,RUNNING
516,10.32,1,-5.5999999999999996,-11.101999999999997,2.7999999999999998,5.5999999999999996,-11.101999999999997,2.7999999999999998,BYPASS,BYPASS,RUNNING
516,10.32,1,-5.5999999999999996,-11.101999999999997,2.7999999999999998,5.5999999999999996,-11.101999999999997,2.7999999999999998,BYPASS,BYPASS,RUNNING
516,10.32,1,-5.5999999999999996,-11.101999999999997,2.7999999999999998,5.5999999999999996,-11.101999999999997,2.7999999999999998,BYPASS,BYPASS,RUNNING
516,10.32,1,-5.5999999999999996,-11.101999999999997,2.7999999999999998,5.5999999999999996,-11.101999999999997,2.7999999999999998,BYPASS,BYPASS,RUNNING
516,10.32,1,-5.5999999999999996,-11.101999999999997,2.7999999999999998,5.5999999999999996,-11.101999999999997,2.7999999999999998,BYPASS,BYPASS,RUNNING
516,10.32,1,-5.5999999999999996,-11.101999999999997,2.7999999999999998,5.5999999999999996,-11.101999999999997,2.7999999999999998,BYPASS,BYPASS,RUNNING
516,10.32,1,-5.5999999999999996,-11.101999999999997,2.7999999999999998,5.5999999999999996,-11.101999999999997,2.7999999999999998,BYPASS,BYPASS,RUNNING
516,10.32,1,-5.5999999999999996,-11.101999999999997,2.7999999999999998,5.5999999999999996,-11.101999999999997,2.7999999999999998,BYPASS,BYPASS,RUNNING
516,10.32,1,-5.5999999999999996,-11.101999999999997,2.7999999999999998,5.5999999999999996,-11.101999999999997,2.7999999999999998,BYPASS,BYPASS,RUNNING
516,10.32,1,-5.5999999999999996,-11.101999999999997,2.7999999999999998,5.5999999999999996,-11.101999999999997,2.7999999999999998,BYPASS,BYPASS,RUNNING
516,10.32,1,-5.5999999999999996,-11.101999999999997,2.7999999999999998,5.5999999999999996,-11.101999999999997,2.7999999999999998,BYPASS,BYPASS,RUNNING
516,10.32,1,-5.5999999999999996,-11.101999999999997,2.7999999999999998,5.5999999999999996,-11.101999999999997,2.7999999999999998,BYPASS,BYPASS,RUNNING
516,10.32,1,-5.5999999999999996,-11.101999999999997,2.7999999999999998,5.5999999999999996,-11.101999999999997,2.7999999999999998,BYPASS,BYPASS,RUNNING
516,10.32,1,-5.5999999999999996,-11.101999999999997,2.7999999999999998,5.5999999999999996,-11.101999999999997,2.7999999999999998,BYPASS,BYPASS,RUNNING
516,10.32,1,-5.5999999999999996,-11.101999999999997,2.7999999999999998,5.5999999999999996,-11.101999999999997,2.7999999999999998,BYPASS,BYPASS,RUNNING
516,10.32,1,-5.5999999999999996,-11.101999999999997,2.7999999999999998,5.5999999999999996,-11.101999999999997,2.7999999999999998,BYPASS,BYPASS,RUNNING
516,10.32,1,-5.5999999999999996,-11.101999999999997,2.7999999999999998,5.5999999999999996,-11.101999999999997,2.7999999999999998,BYPASS,BYPASS,RUNNING
516,10.32,1,-5.5999999999999996,-11.101999999999997,2.7999999999999998,5.5999999999999996,-11.101999999999997,2.7999999999999998,BYPASS,BYPASS,RUNNING
516,10.32,1,-5.5999999999999996,-11.101999999999997,2.7999999999999998,5.5999999999999996,-11.101999999999997,2.7999999999999998,BYPASS,BYPASS,RUNNING
516,10.32,1,-5.5999999999999996,-11.101999999999997,2.7999999999999998,5.5999999999999996,-11.101999999999997,2.7999999999999998,BYPASS,BYPASS,RUNNING
516,10.32,1,-5.5999999999999996,-11.101999999999997,2.7999999999999998,5.5999999999999996,-11.101999999999997,2.7999999999999998,BYPASS,BYPASS,RUNNING
516,10.32,1,-5.5999999999999996,-11.101999999999997,2.7999999999999998,5.5999999999999996,-11.101999999999997,2.7999999999999998,BYPASS,BYPASS,RUNNING
516,10.32,1,-5.5999999999999996,-11.101999999999997,2.7999999999999998,5.5999999999999996,-11.101999999999997,2.7999999999999998,BYPASS,BYPASS,RUNNING
516,10.32,1,-5.5999999999999996,-11.101999999999997,2.7999999999999998,5.5999999999999996,-11.101999999999997,2.7999999999999998,BYPASS,BYPASS,RUNNING
516,10.32,1,-5.5999999999999996,-11.101999999999997,2.7999999999999998,5.5999999999999996,-11.101999999999997,2.7999999999999998,BYPASS,BYPASS,RUNNING
516,10.32,1,-5.5999999999999996,-11.101999999999997,2.7999999999999998,5.5999999999999996,-11.101999999999997,2.7999999999999998,BYPASS,BYPASS,RUNNING
516,10.32,1,-5.5999999999999996,-11.101999999999997,2.7999999999999998,5.5999999999999996,-11.101999999999997,2.7999999999999998,BYPASS,BYPASS,RUNNING
516,10.32,1,-5.5999999999999996,-11.101999999999997,2.7999999999999998,5.5999999999999996,-11.101999999999997,2.7999999999999998,BYPASS,BYPASS,RUNNING
516,10.32,1,-5.5999999999999996,-11.101999999999997,2.7999999999999998,5.5999999999999996,-11.101999999999997,2.7999999999999998,BYPASS,BYPASS,RUNNING
516,10.32,1,-5.5999999999999996,-11.101999999999997,2.7999999999999998,5.5999999999999996,-11.101999999999997,2.7999999999999998,BYPASS,BYPASS,RUNNING
516,10.32,1,-5.5999999999999996,-11.101999999999997,2.7999999999999998,5.5999999999999996,-11.101999999999997,2.7999999999999998,BYPASS,BYPASS,RUNNING
516,10.32,1,-5.5999999999999996,-11.101999999999997,2.7999999999999998,5.5999999999999996,-11.101999999999997,2.7999999999999998,BYPASS,BYPASS,RUNNING
516,10.32,1,-5.5999999999999996,-11.101999999999997,2.7999999999999998,5.5999999999999996,-11.101999999999997,2.7999999999999998,BYPASS,BYPASS,RUNNING
516,10.32,1,-5.5999999999999996,-11.101999999999997,2.7999999999999998,5.5999999999999996,-11.101999999999997,2.7999999999999998,BYPASS,BYPASS,RUNNING
516,10.32,1,-5.5999999999999996,-11.101999999999997,2.7999999999999998,5.5999999999999996,-11.101999999999997,2.7999999999999998,BYPASS,BYPASS,RUNNING
516,10.32,1,-5.5999999999999996,-11.101999999999997,2.7999999999999998,5.5999999999999996,-11.101999999999997,2.7999999999999998,BYPASS,BYPASS,RUNNING
516,10.32,1,-5.5999999999999996,-11.101999999999997,2.7999999999999998,5.5999999999999996,-11.101999999999997,2.7999999999999998,BYPASS,BYPASS,RUNNING
516,10.32,1,-5.5999999999999996,-11.101999999999997,2.7999999999999998,5.5999999999999996,-11.101999999999997,2.7999999999999998,BYPASS,BYPASS,RUNNING
516,10.32,1,-5.5999999999999996,-11.101999999999997,2.7999999999999998,5.5999999999999996,-11.101999999999997,2.7999999999999998,BYPASS,BYPASS,RUNNING
516,10.32,1,-5.5999999999999996,-11.101999999999997,2.7999999999999998,5.5999999999999996,-11.101999999999997,2.7999999999999998,BYPASS,BYPASS,RUNNING
516,10.32,1,-5.5999999999999996,-11.101999999999997,2.7999999999999998,5.5999999999999996,-11.101999999999997,2.7999999999999998,BYPASS,BYPASS,RUNNING
516,10.32,1,-5.5999999999999996,-11.101999999999997,2.7999999999999998,5.5999999999999996,-11.101999999999997,2.7999999999999998,BYPASS,BYPASS,RUNNING
516,10.32,1,-5.5999999999999996,-11.101999999999997,2.7999999999999998,5.5999999999999996,-11.101999999999997,2.7999999999999998,BYPASS,BYPASS,RUNNING
516,10.32,1,-5.5999999999999996,-11.101999999999997,2.7999999999999998,5.5999999999999996,-11.101999999999997,2.7999999999999998,BYPASS,BYPASS,RUNNING
516,10.32,1,-5.5999999999999996,-11.101999999999997,2.7999999999999998,5.5999999999999996,-11.101999999999997,2.7999999999999998,BYPASS,BYPASS,RUNNING
516,10.32,1,-5.5999999999999996,-11.101999999999997,2.7999999999999998,5.5999999999999996,-11.101999999999997,2.7999999999999998,BYPASS,BYPASS,RUNNING
516,10.32,1,-5.5999999999999996,-11.101999999999997,2.7999999999999998,5.5999999999999996,-11.101999999999997,2.7999999999999998,BYPASS,BYPASS,RUNNING
516,10.32,1,-5.5999999999999996,-11.101999999999997,2.7999999999999998,5.5999999999999996,-11.101999999999997,2.7999999999999998,BYPASS,BYPASS,RUNNING
516,10.32,1,-5.5999999999999996,-11.101999999999997,2.7999999999999998,5.5999999999999996,-11.101999999999997,2.7999999999999998,BYPASS,BYPASS,RUNNING
516,10.32,1,-5.5999999999999996,-11.101999999999997,2.7999999999999998,5.5999999999999996,-11.101999999999997,2.7999999999999998,BYPASS,BYPASS,RUNNING
516,10.32,1,-5.5999999999999996,-11.101999999999997,2.7999999999999998,5.5999999999999996,-11.101999999999997,2.7999999999999998,BYPASS,BYPASS,RUNNING
516,10.32,1,-5.5999999999999996,-11.101999999999997,2.7999999999999998,5.5999999999999996,-11.101999999999997,2.7999999999999998,BYPASS,BYPASS,RUNNING
516,10.32,1,-5.5999999999999996,-11.101999999999997,2.7999999999999998,5.5999999999999996,-11.101999999999997,2.7999999999999998,BYPASS,BYPASS,RUNNING
516,10.32,1,-5.5999999999999996,-11.101999999999997,2.7999999999999998,5.5999999999999996,-11.101999999999997,2.7999999999999998,BYPASS,BYPASS,RUNNING
516,10.32,1,-5.5999999999999996,-11.101999999999997,2.7999999999999998,5.5999999999999996,-11.101999999999997,2.7999999999999998,BYPASS,BYPASS,RUNNING
516,10.32,1,-5.5999999999999996,-11.101999999999997,2.7999999999999998,5.5999999999999996,-11.101999999999997,2.7999999999999998,BYPASS,BYPASS,RUNNING
516,10.32,1,-5.5999999999999996,-11.101999999999997,2.7999999999999998,5.5999999999999996,-11.101999999999997,2.7999999999999998,BYPASS,BYPASS,RUNNING
516,10.32,1,-5.5999999999999996,-11.101999999999997,2.7999999999999998,5.5999999999999996,-11.101999999999997,2.7999999999999998,BYPASS,BYPASS,RUNNING
516,10.32,1,-5.5999999999999996,-11.101999999999997,2.7999999999999998,5.5999999999999996,-11.101999999999997,2.7999999999999998,BYPASS,BYPASS,RUNNING
516,10.32,1,-5.5999999999999996,-11.101999999999997,2.7999999999999998,5.5999999999999996,-11.101999999999997,2.7999999999999998,BYPASS,BYPASS,RUNNING
516,10.32,1,-5.5999999999999996,-11.101999999999997,2.7999999999999998,5.5999999999999996,-11.101999999999997,2.7999999999999998,BYPASS,BYPASS,RUNNING
516,10.32,1,-5.5999999999999996,-11.101999999999997,2.7999999999999998,5.5999999999999996,-11.101999999999997,2.7999999999999998,BYPASS,BYPASS,RUNNING
516,10.32,1,-5.5999999999999996,-11.101999999999997,2.7999999999999998,5.5999999999999996,-11.101999999999997,2.7999999999999998,BYPASS,BYPASS,RUNNING
516,10.32,1,-5.5999999999999996,-11.101999999999997,2.7999999999999998,5.5999999999999996,-11.101999999999997,2.7999999999999998,BYPASS,BYPASS,RUNNING
516,10.32,1,-5.5999999999999996,-11.101999999999997,2.7999999999999998,5.5999999999999996,-11.101999999999997,2.7999999999999998,BYPASS,BYPASS,RUNNING
516,10.32,1,-5.5999999999999996,-11.101999999999997,2.7999999999999998,5.5999999999999996,-11.101999999999997,2.7999999999999998,BYPASS,BYPASS,RUNNING
516,10.32,1,-5.5999999999999996,-11.101999999999997,2.7999999999999998,5.5999999999999996,-11.101999999999997,2.7999999999999998,BYPASS,BYPASS,RUNNING
516,10.32,1,-5.5999999999999996,-11.101999999999997,2.7999999999999998,5.5999999999999996,-11.101999999999997,2.7999999999999998,BYPASS,BYPASS,RUNNING
516,10.32,1,-5.5999999999999996,-11.101999999999997,2.7999999999999998,5.5999999999999996,-11.101999999999997,2.7999999999999998,BYPASS,BYPASS,RUNNING
516,10.32,1,-5.5999999999999996,-11.101999999999997,2.7999999999999998,5.5999999999999996,-11.101999999999997,2.7999999999999998,BYPASS,BYPASS,RUNNING
516,10.32,1,-5.5999999999999996,-11.101999999999997,2.7999999999999998,5.5999999999999996,-11.101999999999997,2.7999999999999998,BYPASS,BYPASS,RUNNING
516,10.32,1,-5.5999999999999996,-11.101999999999997,2.7999999999999998,5.5999999999999996,-11.101999999999997,2.7999999999999998,BYPASS,BYPASS,RUNNING
516,10.32,1,-5.5999999999999996,-11.101999999999997,2.7999999999999998,5.5999999999999996,-11.101999999999997,2.7999999999999998,BYPASS,BYPASS,RUNNING
516,10.32,1,-5.5999999999999996,-11.101999999999997,2.7999999999999998,5.5999999999999996,-11.101999999999997,2.7999999999999998,BYPASS,BYPASS,RUNNING
516,10.32,1,-5.5999999999999996,-11.101999999999997,2.7999999999999998,5.5999999999999996,-11.101999999999997,2.7999999999999998,BYPASS,BYPASS,RUNNING
516,10.32,1,-5.5999999999999996,-11.101999999999997,2.7999999999999998,5.5999999999999996,-11.101999999999997,2.7999999999999998,BYPASS,BYPASS,RUNNING
516,10.32,1,-5.5999999999999996,-11.101999999999997,2.7999999999999998,5.5999999999999996,-11.101999999999997,2.7999999999999998,BYPASS,BYPASS,RUNNING
516,10.32,1,-5.5999999999999996,-11.101999999999997,2.7999999999999998,5.5999999999999996,-11.101999999999997,2.7999999999999998,BYPASS,BYPASS,RUNNING
516,10.32,1,-5.5999999999999996,-11.101999999999997,2.7999999999999998,5.5999999999999996,-11.101999999999997,2.7999999999999998,BYPASS,BYPASS,RUNNING
516,10.32,1,-5.5999999999999996,-11.101999999999997,2.7999999999999998,5.5999999999999996,-11.101999999999997,2.7999999999999998,BYPASS,BYPASS,RUNNING
516,10.32,1,-5.5999999999999996,-11.101999999999997,2.7999999999999998,5.5999999999999996,-11.101999999999997,2.7999999999999998,BYPASS,BYPASS,RUNNING
516,10.32,1,-5.5999999999999996,-11.101999999999997,2.7999999999999998,5.5999999999999996,-11.101999999999997,2.7999999999999998,BYPASS,BYPASS,RUNNING
516,10.32,1,-5.5999999999999996,-11.101999999999997,2.7999999999999998,5.5999999999999996,-11.101999999999997,2.7999999999999998,BYPASS,BYPASS,RUNNING
516,10.32,1,-5.5999999999999996,-11.101999999999997,2.7999999999999998,5.5999999999999996,-11.101999999999997,2.7999999999999998,BYPASS,BYPASS,RUNNING
516,10.32,1,-5.5999999999999996,-11.101999999999997,2.7999999999999998,5.5999999999999996,-11.101999999999997,2.7999999999999998,BYPASS,BYPASS,RUNNING
516,10.32,1,-5.5999999999999996,-11.101999999999997,2.7999999999999998,5.5999999999999996,-11.101999999999997,2.7999999999999998,BYPASS,BYPASS,RUNNING
516,10.32,1,-5.5999999999999996,-11.101999999999997,2.7999999999999998,5.5999999999999996,-11.101999999999997,2.7999999999999998,BYPASS,BYPASS,RUNNING
516,10.32,1,-5.5999999999999996,-11.101999999999997,2.7999999999999998,5.5999999999999996,-11.101999999999997,2.7999999999999998,BYPASS,BYPASS,RUNNING
516,10.32,1,-5.5999999999999996,-11.101999999999997,2.7999999999999998,5.5999999999999996,-11.101999999999997,2.7999999999999998,BYPASS,BYPASS,RUNNING
516,10.32,1,-5.5999999999999996,-11.101999999999997,2.7999999999999998,5.5999999999999996,-11.101999999999997,2.7999999999999998,BYPASS,BYPASS,RUNNING
516,10.32,1,-5.5999999999999996,-11.101999999999997,2.7999999999999998,5.5999999999999996,-11.101999999999997,2.7999999999999998,BYPASS,BYPASS,RUNNING
516,10.32,1,-5.5999999999999996,-11.101999999999997,2.7999999999999998,5.5999999999999996,-11.101999999999997,2.7999999999999998,BYPASS,BYPASS,RUNNING
516,10.32,1,-5.5999999999999996,-11.101999999999997,2.7999999999999998,5.5999999999999996,-11.101999999999997,2.7999999999999998,BYPASS,BYPASS,RUNNING
516,10.32,1,-5.5999999999999996,-11.101999999999997,2.7999999999999998,5.5999999999999996,-11.101999999999997,2.7999999999999998,BYPASS,BYPASS,RUNNING
516,10.32,1,-5.5999999999999996,-11.101999999999997,2.7999999999999998,5.5999999999999996,-11.101999999999997,2.7999999999999998,BYPASS,BYPASS,RUNNING
516,10.32,1,-5.5999999999999996,-11.101999999999997,2.7999999999999998,5.5999999999999996,-11.101999999999997,2.7999999999999998,BYPASS,BYPASS,RUNNING
516,10.32,1,-5.5999999999999996,-11.101999999999997,2.7999999999999998,5.5999999999999996,-11.101999999999997,2.7999999999999998,BYPASS,BYPASS,RUNNING
516,10.32,1,-5.5999999999999996,-11.101999999999997,2.7999999999999998,5.5999999999999996,-11.101999999999997,2.7999999999999998,BYPASS,BYPASS,RUNNING
516,10.32,1,-5.5999999999999996,-11.101999999999997,2.7999999999999998,5.5999999999999996,-11.101999999999997,2.7999999999999998,BYPASS,BYPASS,RUNNING
516,10.32,1,-5.5999999999999996,-11.101999999999997,2.7999999999999998,5.5999999999999996,-11.101999999999997,2.7999999999999998,BYPASS,BYPASS,RUNNING
516,10.32,1,-5.5999999999999996,-11.101999999999997,2.7999999999999998,5.5999999999999996,-11.101999999999997,2.7999999999999998,BYPASS,BYPASS,RUNNING
516,10.32,1,-5.5999999999999996,-11.101999999999997,2.7999999999999998,5.5999999999999996,-11.101999999999997,2.7999999999999998,BYPASS,BYPASS,RUNNING
516,10.32,1,-5.5999999999999996,-11.101999999999997,2.7999999999999998,5.5999999999999996,-11.101999999999997,2.7999999999999998,BYPASS,BYPASS,RUNNING
516,10.32,1,-5.5999999999999996,-11.101999999999997,2.7999999999999998,5.5999999999999996,-11.101999999999997,2.7999999999999998,BYPASS,BYPASS,RUNNING
516,10.32,1,-5.5999999999999996,-11.101999999999997,2.7999999999999998,5.5999999999999996,-11.101999999999997,2.7999999999999998,BYPASS,BYPASS,RUNNING
516,10.32,1,-5.5999999999999996,-11.101999999999997,2.7999999999999998,5.5999999999999996,-11.101999999999997,2.7999999999999998,BYPASS,BYPASS,RUNNING
516,10.32,1,-5.5999999999999996,-11.101999999999997,2.7999999999999998,5.5999999999999996,-11.101999999999997,2.7999999999999998,BYPASS,BYPASS,RUNNING
516,10.32,1,-5.5999999999999996,-11.101999999999997,2.7999999999999998,5.5999999999999996,-11.101999999999997,2.7999999999999998,BYPASS,BYPASS,RUNNING
516,10.32,1,-5.5999999999999996,-11.101999999999997,2.7999999999999998,5.5999999999999996,-11.101999999999997,2.7999999999999998,BYPASS,BYPASS,RUNNING
516,10.32,1,-5.5999999999999996,-11.101999999999997,2.7999999999999998,5.5999999999999996,-11.101999999999997,2.7999999999999998,BYPASS,BYPASS,RUNNING
516,10.32,1,-5.5999999999999996,-11.101999999999997,2.7999999999999998,5.5999999999999996,-11.101999999999997,2.7999999999999998,BYPASS,BYPASS,RUNNING
516,10.32,1,-5.5999999999999996,-11.101999999999997,2.7999999999999998,5.5999999999999996,-11.101999999999997,2.7999999999999998,BYPASS,BYPASS,RUNNING
516,10.32,1,-5.5999999999999996,-11.101999999999997,2.7999999999999998,5.5999999999999996,-11.101999999999997,2.7999999999999998,BYPASS,BYPASS,RUNNING
516,10.32,1,-5.5999999999999996,-11.101999999999997,2.7999999999999998,5.5999999999999996,-11.101999999999997,2.7999999999999998,BYPASS,BYPASS,RUNNING
516,10.32,1,-5.5999999999999996,-11.101999999999997,2.7999999999999998,5.5999999999999996,-11.101999999999997,2.7999999999999998,BYPASS,BYPASS,RUNNING
516,10.32,1,-5.5999999999999996,-11.101999999999997,2.7999999999999998,5.5999999999999996,-11.101999999999997,2.7999999999999998,BYPASS,BYPASS,RUNNING
516,10.32,1,-5.5999999999999996,-11.101999999999997,2.7999999999999998,5.5999999999999996,-11.101999999999997,2.7999999999999998,BYPASS,BYPASS,RUNNING
516,10.32,1,-5.5999999999999996,-11.101999999999997,2.7999999999999998,5.5999999999999996,-11.101999999999997,2.7999999999999998,BYPASS,BYPASS,RUNNING
516,10.32,1,-5.5999999999999996,-11.101999999999997,2.7999999999999998,5.5999999999999996,-11.101999999999997,2.7999999999999998,BYPASS,BYPASS,RUNNING
516,10.32,1,-5.5999999999999996,-11.101999999999997,2.7999999999999998,5.5999999999999996,-11.101999999999997,2.7999999999999998,BYPASS,BYPASS,RUNNING
516,10.32,1,-5.5999999999999996,-11.101999999999997,2.7999999999999998,5.5999999999999996,-11.101999999999997,2.7999999999999998,BYPASS,BYPASS,RUNNING
516,10.32,1,-5.5999999999999996,-11.101999999999997,2.7999999999999998,5.5999999999999996,-11.101999999999997,2.7999999999999998,BYPASS,BYPASS,RUNNING
516,10.32,1,-5.5999999999999996,-11.101999999999997,2.7999999999999998,5.5999999999999996,-11.101999999999997,2.7999999999999998,BYPASS,BYPASS,RUNNING
516,10.32,1,-5.5999999999999996,-11.101999999999997,2.7999999999999998,5.5999999999999996,-11.101999999999997,2.7999999999999998,BYPASS,BYPASS,RUNNING
516,10.32,1,-5.5999999999999996,-11.101999999999997,2.7999999999999998,5.5999999999999996,-11.101999999999997,2.7999999999999998,BYPASS,BYPASS,RUNNING
516,10.32,1,-5.5999999999999996,-11.101999999999997,2.7999999999999998,5.5999999999999996,-11.101999999999997,2.7999999999999998,BYPASS,BYPASS,RUNNING
516,10.32,1,-5.5999999999999996,-11.101999999999997,2.7999999999999998,5.5999999999999996,-11.101999999999997,2.7999999999999998,BYPASS,BYPASS,RUNNING
516,10.32,1,-5.5999999999999996,-11.101999999999997,2.7999999999999998,5.5999999999999996,-11.101999999999997,2.7999999999999998,BYPASS,BYPASS,RUNNING
516,10.32,1,-5.5999999999999996,-11.101999999999997,2.7999999999999998,5.5999999999999996,-11.101999999999997,2.7999999999999998,BYPASS,BYPASS,RUNNING
516,10.32,1,-5.5999999999999996,-11.101999999999997,2.7999999999999998,5.5999999999999996,-11.101999999999997,2.7999999999999998,BYPASS,BYPASS,RUNNING
516,10.32,1,-5.5999999999999996,-11.101999999999997,2.7999999999999998,5.5999999999999996,-11.101999999999997,2.7999999999999998,BYPASS,BYPASS,RUNNING
516,10.32,1,-5.5999999999999996,-11.101999999999997,2.7999999999999998,5.5999999999999996,-11.101999999999997,2.7999999999999998,BYPASS,BYPASS,RUNNING
516,10.32,1,-5.5999999999999996,-11.101999999999997,2.7999999999999998,5.5999999999999996,-11.101999999999997,2.7999999999999998,BYPASS,BYPASS,RUNNING
516,10.32,1,-5.5999999999999996,-11.101999999999997,2.7999999999999998,5.5999999999999996,-11.101999999999997,2.7999999999999998,BYPASS,BYPASS,RUNNING
516,10.32,1,-5.5999999999999996,-11.101999999999997,2.7999999999999998,5.5999999999999996,-11.101999999999997,2.7999999999999998,BYPASS,BYPASS,RUNNING
516,10.32,1,-5.5999999999999996,-11.101999999999997,2.7999999999999998,5.5999999999999996,-11.101999999999997,2.7999999999999998,BYPASS,BYPASS,RUNNING
516,10.32,1,-5.5999999999999996,-11.101999999999997,2.7999999999999998,5.5999999999999996,-11.101999999999997,2.7999999999999998,BYPASS,BYPASS,RUNNING
516,10.32,1,-5.5999999999999996,-11.101999999999997,2.7999999999999998,5.5999999999999996,-11.101999999999997,2.7999999999999998,BYPASS,BYPASS,RUNNING
516,10.32,1,-5.5999999999999996,-11.101999999999997,2.7999999999999998,5.5999999999999996,-11.101999999999997,2.7999999999999998,BYPASS,BYPASS,RUNNING
516,10.32,1,-5.5999999999999996,-11.101999999999997,2.7999999999999998,5.5999999999999996,-11.101999999999997,2.7999999999999998,BYPASS,BYPASS,RUNNING
516,10.32,1,-5.5999999999999996,-11.101999999999997,2.7999999999999998,5.5999999999999996,-11.101999999999997,2.7999999999999998,BYPASS,BYPASS,RUNNING
516,10.32,1,-5.5999999999999996,-11.101999999999997,2.7999999999999998,5.5999999999999996,-11.101999999999997,2.7999999999999998,BYPASS,BYPASS,RUNNING
516,10.32,1,-5.5999999999999996,-11.101999999999997,2.7999999999999998,5.5999999999999996,-11.101999999999997,2.7999999999999998,BYPASS,BYPASS,RUNNING
516,10.32,1,-5.5999999999999996,-11.101999999999997,2.7999999999999998,5.5999999999999996,-11.101999999999997,2.7999999999999998,BYPASS,BYPASS,RUNNING
516,10.32,1,-5.5999999999999996,-11.101999999999997,2.7999999999999998,5.5999999999999996,-11.101999999999997,2.7999999999999998,BYPASS,BYPASS,RUNNING
516,10.32,1,-5.5999999999999996,-11.101999999999997,2.7999999999999998,5.5999999999999996,-11.101999999999997,2.7999999999999998,BYPASS,BYPASS,RUNNING
516,10.32,1,-5.5999999999999996,-11.101999999999997,2.7999999999999998,5.5999999999999996,-11.101999999999997,2.7999999999999998,BYPASS,BYPASS,RUNNING
516,10.32,1,-5.5999999999999996,-11.101999999999997,2.7999999999999998,5.5999999999999996,-11.101999999999997,2.7999999999999998,BYPASS,BYPASS,RUNNING
516,10.32,1,-5.5999999999999996,-11.101999999999997,2.7999999999999998,5.5999999999999996,-11.101999999999997,2.7999999999999998,BYPASS,BYPASS,RUNNING
516,10.32,1,-5.5999999999999996,-11.101999999999997,2.7999999999999998,5.5999999999999996,-11.101999999999997,2.7999999999999998,BYPASS,BYPASS,RUNNING
516,10.32,1,-5.5999999999999996,-11.101999999999997,2.7999999999999998,5.5999999999999996,-11.101999999999997,2.7999999999999998,BYPASS,BYPASS,RUNNING
516,10.32,1,-5.5999999999999996,-11.101999999999997,2.7999999999999998,5.5999999999999996,-11.101999999999997,2.7999999999999998,BYPASS,BYPASS,RUNNING
516,10.32,1,-5.5999999999999996,-11.101999999999997,2.7999999999999998,5.5999999999999996,-11.101999999999997,2.7999999999999998,BYPASS,BYPASS,RUNNING
516,10.32,1,-5.5999999999999996,-11.101999999999997,2.7999999999999998,5.5999999999999996,-11.101999999999997,2.7999999999999998,BYPASS,BYPASS,RUNNING
516,10.32,1,-5.5999999999999996,-11.101999999999997,2.7999999999999998,5.5999999999999996,-11.101999999999997,2.7999999999999998,BYPASS,BYPASS,RUNNING
516,10.32,1,-5.5999999999999996,-11.101999999999997,2.7999999999999998,5.5999999999999996,-11.101999999999997,2.7999999999999998,BYPASS,BYPASS,RUNNING
516,10.32,1,-5.5999999999999996,-11.101999999999997,2.7999999999999998,5.5999999999999996,-11.101999999999997,2.7999999999999998,BYPASS,BYPASS,RUNNING
516,10.32,1,-5.5999999999999996,-11.101999999999997,2.7999999999999998,5.5999999999999996,-11.101999999999997,2.7999999999999998,BYPASS,BYPASS,RUNNING
516,10.32,1,-5.5999999999999996,-11.101999999999997,2.7999999999999998,5.5999999999999996,-11.101999999999997,2.7999999999999998,BYPASS,BYPASS,RUNNING
516,10.32,1,-5.5999999999999996,-11.101999999999997,2.7999999999999998,5.5999999999999996,-11.101999999999997,2.7999999999999998,BYPASS,BYPASS,RUNNING
516,10.32,1,-5.5999999999999996,-11.101999999999997,2.7999999999999998,5.5999999999999996,-11.101999999999997,2.7999999999999998,BYPASS,BYPASS,RUNNING
516,10.32,1,-5.5999999999999996,-11.101999999999997,2.7999999999999998,5.5999999999999996,-11.101999999999997,2.7999999999999998,BYPASS,BYPASS,RUNNING
516,10.32,1,-5.5999999999999996,-11.101999999999997,2.7999999999999998,5.5999999999999996,-11.101999999999997,2.7999999999999998,BYPASS,BYPASS,RUNNING
516,10.32,1,-5.5999999999999996,-11.101999999999997,2.7999999999999998,5.5999999999999996,-11.101999999999997,2.7999999999999998,BYPASS,BYPASS,RUNNING
516,10.32,1,-5.5999999999999996,-11.101999999999997,2.7999999999999998,5.5999999999999996,-11.101999999999997,2.7999999999999998,BYPASS,BYPASS,RUNNING
516,10.32,1,-5.5999999999999996,-11.101999999999997,2.7999999999999998,5.5999999999999996,-11.101999999999997,2.7999999999999998,BYPASS,BYPASS,RUNNING
516,10.32,1,-5.5999999999999996,-11.101999999999997,2.7999999999999998,5.5999999999999996,-11.101999999999997,2.7999999999999998,BYPASS,BYPASS,RUNNING
516,10.32,1,-5.5999999999999996,-11.101999999999997,2.7999999999999998,5.5999999999999996,-11.101999999999997,2.7999999999999998,BYPASS,BYPASS,RUNNING
516,10.32,1,-5.5999999999999996,-11.101999999999997,2.7999999999999998,5.5999999999999996,-11.101999999999997,2.7999999999999998,BYPASS,BYPASS,RUNNING
516,10.32,1,-5.5999999999999996,-11.101999999999997,2.7999999999999998,5.5999999999999996,-11.101999999999997,2.7999999999999998,BYPASS,BYPASS,RUNNING
516,10.32,1,-5.5999999999999996,-11.101999999999997,2.7999999999999998,5.5999999999999996,-11.101999999999997,2.7999999999999998,BYPASS,BYPASS,RUNNING
516,10.32,1,-5.5999999999999996,-11.101999999999997,2.7999999999999998,5.5999999999999996,-11.101999999999997,2.7999999999999998,BYPASS,BYPASS,RUNNING
516,10.32,1,-5.5999999999999996,-11.101999999999997,2.7999999999999998,5.5999999999999996,-11.101999999999997,2.7999999999999998,BYPASS,BYPASS,RUNNING
516,10.32,1,-5.5999999999999996,-11.101999999999997,2.7999999999999998,5.5999999999999996,-11.101999999999997,2.7999999999999998,BYPASS,BYPASS,RUNNING
516,10.32,1,-5.5999999999999996,-11.101999999999997,2.7999999999999998,5.5999999999999996,-11.101999999999997,2.7999999999999998,BYPASS,BYPASS,RUNNING
516,10.32,1,-5.5999999999999996,-11.101999999999997,2.7999999999999998,5.5999999999999996,-11.101999999999997,2.7999999999999998,BYPASS,BYPASS,RUNNING
516,10.32,1,-5.5999999999999996,-11.101999999999997,2.7999999999999998,5.5999999999999996,-11.101999999999997,2.7999999999999998,BYPASS,BYPASS,RUNNING
516,10.32,1,-5.5999999999999996,-11.101999999999997,2.7999999999999998,5.5999999999999996,-11.101999999999997,2.7999999999999998,BYPASS,BYPASS,RUNNING
516,10.32,1,-5.5999999999999996,-11.101999999999997,2.7999999999999998,5.5999999999999996,-11.101999999999997,2.7999999999999998,BYPASS,BYPASS,RUNNING
516,10.32,1,-5.5999999999999996,-11.101999999999997,2.7999999999999998,5.5999999999999996,-11.101999999999997,2.7999999999999998,BYPASS,BYPASS,RUNNING
516,10.32,1,-5.5999999999999996,-11.101999999999997,2.7999999999999998,5.5999999999999996,-11.101999999999997,2.7999999999999998,BYPASS,BYPASS,RUNNING
516,10.32,1,-5.5999999999999996,-11.101999999999997,2.7999999999999998,5.5999999999999996,-11.101999999999997,2.7999999999999998,BYPASS,BYPASS,RUNNING
516,10.32,1,-5.5999999999999996,-11.101999999999997,2.7999999999999998,5.5999999999999996,-11.101999999999997,2.7999999999999998,BYPASS,BYPASS,RUNNING
516,10.32,1,-5.5999999999999996,-11.101999999999997,2.7999999999999998,5.5999999999999996,-11.101999999999997,2.7999999999999998,BYPASS,BYPASS,RUNNING
516,10.32,1,-5.5999999999999996,-11.101999999999997,2.7999999999999998,5.5999999999999996,-11.101999999999997,2.7999999999999998,BYPASS,BYPASS,RUNNING
516,10.32,1,-5.5999999999999996,-11.101999999999997,2.7999999999999998,5.5999999999999996,-11.101999999999997,2.7999999999999998,BYPASS,BYPASS,RUNNING
516,10.32,1,-5.5999999999999996,-11.101999999999997,2.7999999999999998,5.5999999999999996,-11.101999999999997,2.7999999999999998,BYPASS,BYPASS,RUNNING
516,10.32,1,-5.5999999999999996,-11.101999999999997,2.7999999999999998,5.5999999999999996,-11.101999999999997,2.7999999999999998,BYPASS,BYPASS,RUNNING
516,10.32,1,-5.5999999999999996,-11.101999999999997,2.7999999999999998,5.5999999999999996,-11.101999999999997,2.7999999999999998,BYPASS,BYPASS,RUNNING
516,10.32,1,-5.5999999999999996,-11.101999999999997,2.7999999999999998,5.5999999999999996,-11.101999999999997,2.7999999999999998,BYPASS,BYPASS,RUNNING
516,10.32,1,-5.5999999999999996,-11.101999999999997,2.7999999999999998,5.5999999999999996,-11.101999999999997,2.7999999999999998,BYPASS,BYPASS,RUNNING
516,10.32,1,-5.5999999999999996,-11.101999999999997,2.7999999999999998,5.5999999999999996,-11.101999999999997,2.7999999999999998,BYPASS,BYPASS,RUNNING
516,10.32,1,-5.5999999999999996,-11.101999999999997,2.7999999999999998,5.5999999999999996,-11.101999999999997,2.7999999999999998,BYPASS,BYPASS,RUNNING
516,10.32,1,-5.5999999999999996,-11.101999999999997,2.7999999999999998,5.5999999999999996,-11.101999999999997,2.7999999999999998,BYPASS,BYPASS,RUNNING
516,10.32,1,-5.5999999999999996,-11.101999999999997,2.7999999999999998,5.5999999999999996,-11.101999999999997,2.7999999999999998,BYPASS,BYPASS,RUNNING
516,10.32,1,-5.5999999999999996,-11.101999999999997,2.7999999999999998,5.5999999999999996,-11.101999999999997,2.7999999999999998,BYPASS,BYPASS,RUNNING
516,10.32,1,-5.5999999999999996,-11.101999999999997,2.7999999999999998,5.5999999999999996,-11.101999999999997,2.7999999999999998,BYPASS,BYPASS,RUNNING
516,10.32,1,-5.5999999999999996,-11.101999999999997,2.7999999999999998,5.5999999999999996,-11.101999999999997,2.7999999999999998,BYPASS,BYPASS,RUNNING
516,10.32,1,-5.5999999999999996,-11.101999999999997,2.7999999999999998,5.5999999999999996,-11.101999999999997,2.7999999999999998,BYPASS,BYPASS,RUNNING
516,10.32,1,-5.5999999999999996,-11.101999999999997,2.7999999999999998,5.5999999999999996,-11.101999999999997,2.7999999999999998,BYPASS,BYPASS,RUNNING
516,10.32,1,-5.5999999999999996,-11.101999999999997,2.7999999999999998,5.5999999999999996,-11.101999999999997,2.7999999999999998,BYPASS,BYPASS,RUNNING
516,10.32,1,-5.5999999999999996,-11.101999999999997,2.7999999999999998,5.5999999999999996,-11.101999999999997,2.7999999999999998,BYPASS,BYPASS,RUNNING
516,10.32,1,-5.5999999999999996,-11.101999999999997,2.7999999999999998,5.5999999999999996,-11.101999999999997,2.7999999999999998,BYPASS,BYPASS,RUNNING
516,10.32,1,-5.5999999999999996,-11.101999999999997,2.7999999999999998,5.5999999999999996,-11.101999999999997,2.7999999999999998,BYPASS,BYPASS,RUNNING
516,10.32,1,-5.5999999999999996,-11.101999999999997,2.7999999999999998,5.5999999999999996,-11.101999999999997,2.7999999999999998,BYPASS,BYPASS,RUNNING
516,10.32,1,-5.5999999999999996,-11.101999999999997,2.7999999999999998,5.5999999999999996,-11.101999999999997,2.7999999999999998,BYPASS,BYPASS,RUNNING
516,10.32,1,-5.5999999999999996,-11.101999999999997,2.7999999999999998,5.5999999999999996,-11.101999999999997,2.7999999999999998,BYPASS,BYPASS,RUNNING
516,10.32,1,-5.5999999999999996,-11.101999999999997,2.7999999999999998,5.5999999999999996,-11.101999999999997,2.7999999999999998,BYPASS,BYPASS,RUNNING
516,10.32,1,-5.5999999999999996,-11.101999999999997,2.7999999999999998,5.5999999999999996,-11.101999999999997,2.7999999999999998,BYPASS,BYPASS,RUNNING
516,10.32,1,-5.5999999999999996,-11.101999999999997,2.7999999999999998,5.5999999999999996,-11.101999999999997,2.7999999999999998,BYPASS,BYPASS,RUNNING
516,10.32,1,-5.5999999999999996,-11.101999999999997,2.7999999999999998,5.5999999999999996,-11.101999999999997,2.7999999999999998,BYPASS,BYPASS,RUNNING
516,10.32,1,-5.5999999999999996,-11.101999999999997,2.7999999999999998,5.5999999999999996,-11.101999999999997,2.7999999999999998,BYPASS,BYPASS,RUNNING
516,10.32,1,-5.5999999999999996,-11.101999999999997,2.7999999999999998,5.5999999999999996,-11.101999999999997,2.7999999999999998,BYPASS,BYPASS,RUNNING
516,10.32,1,-5.5999999999999996,-11.101999999999997,2.7999999999999998,5.5999999999999996,-11.101999999999997,2.7999999999999998,BYPASS,BYPASS,RUNNING
516,10.32,1,-5.5999999999999996,-11.101999999999997,2.7999999999999998,5.5999999999999996,-11.101999999999997,2.7999999999999998,BYPASS,BYPASS,RUNNING
516,10.32,1,-5.5999999999999996,-11.101999999999997,2.7999999999999998,5.5999999999999996,-11.101999999999997,2.7999999999999998,BYPASS,BYPASS,RUNNING
516,10.32,1,-5.5999999999999996,-11.101999999999997,2.7999999999999998,5.5999999999999996,-11.101999999999997,2.7999999999999998,BYPASS,BYPASS,RUNNING
516,10.32,1,-5.5999999999999996,-11.101999999999997,2.7999999999999998,5.5999999999999996,-11.101999999999997,2.7999999999999998,BYPASS,BYPASS,RUNNING
516,10.32,1,-5.5999999999999996,-11.101999999999997,2.7999999999999998,5.5999999999999996,-11.101999999999997,2.7999999999999998,BYPASS,BYPASS,RUNNING
516,10.32,1,-5.5999999999999996,-11.101999999999997,2.7999999999999998,5.5999999999999996,-11.101999999999997,2.7999999999999998,BYPASS,BYPASS,RUNNING
516,10.32,1,-5.5999999999999996,-11.101999999999997,2.7999999999999998,5.5999999999999996,-11.101999999999997,2.7999999999999998,BYPASS,BYPASS,RUNNING
516,10.32,1,-5.5999999999999996,-11.101999999999997,2.7999999999999998,5.5999999999999996,-11.101999999999997,2.7999999999999998,BYPASS,BYPASS,RUNNING
516,10.32,1,-5.5999999999999996,-11.101999999999997,2.7999999999999998,5.5999999999999996,-11.101999999999997,2.7999999999999998,BYPASS,BYPASS,RUNNING
516,10.32,1,-5.5999999999999996,-11.101999999999997,2.7999999999999998,5.5999999999999996,-11.101999999999997,2.7999999999999998,BYPASS,BYPASS,RUNNING
516,10.32,1,-5.5999999999999996,-11.101999999999997,2.7999999999999998,5.5999999999999996,-11.101999999999997,2.7999999999999998,BYPASS,BYPASS,RUNNING
516,10.32,1,-5.5999999999999996,-11.101999999999997,2.7999999999999998,5.5999999999999996,-11.101999999999997,2.7999999999999998,BYPASS,BYPASS,RUNNING
516,10.32,1,-5.5999999999999996,-11.101999999999997,2.7999999999999998,5.5999999999999996,-11.101999999999997,2.7999999999999998,BYPASS,BYPASS,RUNNING
516,10.32,1,-5.5999999999999996,-11.101999999999997,2.7999999999999998,5.5999999999999996,-11.101999999999997,2.7999999999999998,BYPASS,BYPASS,RUNNING
516,10.32,1,-5.5999999999999996,-11.101999999999997,2.7999999999999998,5.5999999999999996,-11.101999999999997,2.7999999999999998,BYPASS,BYPASS,RUNNING
516,10.32,1,-5.5999999999999996,-11.101999999999997,2.7999999999999998,5.5999999999999996,-11.101999999999997,2.7999999999999998,BYPASS,BYPASS,RUNNING
516,10.32,1,-5.5999999999999996,-11.101999999999997,2.7999999999999998,5.5999999999999996,-11.101999999999997,2.7999999999999998,BYPASS,BYPASS,RUNNING
516,10.32,1,-5.5999999999999996,-11.101999999999997,2.7999999999999998,5.5999999999999996,-11.101999999999997,2.7999999999999998,BYPASS,BYPASS,RUNNING
516,10.32,1,-5.5999999999999996,-11.101999999999997,2.7999999999999998,5.5999999999999996,-11.101999999999997,2.7999999999999998,BYPASS,BYPASS,RUNNING
516,10.32,1,-5.5999999999999996,-11.101999999999997,2.7999999999999998,5.5999999999999996,-11.101999999999997,2.7999999999999998,BYPASS,BYPASS,RUNNING
516,10.32,1,-5.5999999999999996,-11.101999999999997,2.7999999999999998,5.5999999999999996,-11.101999999999997,2.7999999999999998,BYPASS,BYPASS,RUNNING
516,10.32,1,-5.5999999999999996,-11.101999999999997,2.7999999999999998,5.5999999999999996,-11.101999999999997,2.7999999999999998,BYPASS,BYPASS,RUNNING
516,10.32,1,-5.5999999999999996,-11.101999999999997,2.7999999999999998,5.5999999999999996,-11.101999999999997,2.7999999999999998,BYPASS,BYPASS,RUNNING
516,10.32,1,-5.5999999999999996,-11.101999999999997,2.7999999999999998,5.5999999999999996,-11.101999999999997,2.7999999999999998,BYPASS,BYPASS,RUNNING
516,10.32,1,-5.5999999999999996,-11.101999999999997,2.7999999999999998,5.5999999999999996,-11.101999999999997,2.7999999999999998,BYPASS,BYPASS,RUNNING
516,10.32,1,-5.5999999999999996,-11.101999999999997,2.7999999999999998,5.5999999999999996,-11.101999999999997,2.7999999999999998,BYPASS,BYPASS,RUNNING
516,10.32,1,-5.5999999999999996,-11.101999999999997,2.7999999999999998,5.5999999999999996,-11.101999999999997,2.7999999999999998,BYPASS,BYPASS,RUNNING
516,10.32,1,-5.5999999999999996,-11.101999999999997,2.7999999999999998,5.5999999999999996,-11.101999999999997,2.7999999999999998,BYPASS,BYPASS,RUNNING
516,10.32,1,-5.5999999999999996,-11.101999999999997,2.7999999999999998,5.5999999999999996,-11.101999999999997,2.7999999999999998,BYPASS,BYPASS,RUNNING
516,10.32,1,-5.5999999999999996,-11.101999999999997,2.7999999999999998,5.5999999999999996,-11.101999999999997,2.7999999999999998,BYPASS,BYPASS,RUNNING
516,10.32,1,-5.5999999999999996,-11.101999999999997,2.7999999999999998,5.5999999999999996,-11.101999999999997,2.7999999999999998,BYPASS,BYPASS,RUNNING
516,10.32,1,-5.5999999999999996,-11.101999999999997,2.7999999999999998,5.5999999999999996,-11.101999999999997,2.7999999999999998,BYPASS,BYPASS,RUNNING
516,10.32,1,-5.5999999999999996,-11.101999999999997,2.7999999999999998,5.5999999999999996,-11.101999999999997,2.7999999999999998,BYPASS,BYPASS,RUNNING
516,10.32,1,-5.5999999999999996,-11.101999999999997,2.7999999999999998,5.5999999999999996,-11.101999999999997,2.7999999999999998,BYPASS,BYPASS,RUNNING
516,10.32,1,-5.5999999999999996,-11.101999999999997,2.7999999999999998,5.5999999999999996,-11.101999999999997,2.7999999999999998,BYPASS,BYPASS,RUNNING
516,10.32,1,-5.5999999999999996,-11.101999999999997,2.7999999999999998,5.5999999999999996,-11.101999999999997,2.7999999999999998,BYPASS,BYPASS,RUNNING
516,10.32,1,-5.5999999999999996,-11.101999999999997,2.7999999999999998,5.5999999999999996,-11.101999999999997,2.7999999999999998,BYPASS,BYPASS,RUNNING
516,10.32,1,-5.5999999999999996,-11.101999999999997,2.7999999999999998,5.5999999999999996,-11.101999999999997,2.7999999999999998,BYPASS,BYPASS,RUNNING
516,10.32,1,-5.5999999999999996,-11.101999999999997,2.7999999999999998,5.5999999999999996,-11.101999999999997,2.7999999999999998,BYPASS,BYPASS,RUNNING
516,10.32,1,-5.5999999999999996,-11.101999999999997,2.7999999999999998,5.5999999999999996,-11.101999999999997,2.7999999999999998,BYPASS,BYPASS,RUNNING
516,10.32,1,-5.5999999999999996,-11.101999999999997,2.7999999999999998,5.5999999999999996,-11.101999999999997,2.7999999999999998,BYPASS,BYPASS,RUNNING
516,10.32,1,-5.5999999999999996,-11.101999999999997,2.7999999999999998,5.5999999999999996,-11.101999999999997,2.7999999999999998,BYPASS,BYPASS,RUNNING
516,10.32,1,-5.5999999999999996,-11.101999999999997,2.7999999999999998,5.5999999999999996,-11.101999999999997,2.7999999999999998,BYPASS,BYPASS,RUNNING
516,10.32,1,-5.5999999999999996,-11.101999999999997,2.7999999999999998,5.5999999999999996,-11.101999999999997,2.7999999999999998,BYPASS,BYPASS,RUNNING
516,10.32,1,-5.5999999999999996,-11.101999999999997,2.7999999999999998,5.5999999999999996,-11.101999999999997,2.7999999999999998,BYPASS,BYPASS,RUNNING
516,10.32,1,-5.5999999999999996,-11.101999999999997,2.7999999999999998,5.5999999999999996,-11.101999999999997,2.7999999999999998,BYPASS,BYPASS,RUNNING
516,10.32,1,-5.5999999999999996,-11.101999999999997,2.7999999999999998,5.5999999999999996,-11.101999999999997,2.7999999999999998,BYPASS,BYPASS,RUNNING
516,10.32,1,-5.5999999999999996,-11.101999999999997,2.7999999999999998,5.5999999999999996,-11.101999999999997,2.7999999999999998,BYPASS,BYPASS,RUNNING
516,10.32,1,-5.5999999999999996,-11.101999999999997,2.7999999999999998,5.5999999999999996,-11.101999999999997,2.7999999999999998,BYPASS,BYPASS,RUNNING
516,10.32,1,-5.5999999999999996,-11.101999999999997,2.7999999999999998,5.5999999999999996,-11.101999999999997,2.7999999999999998,BYPASS,BYPASS,RUNNING
516,10.32,1,-5.5999999999999996,-11.101999999999997,2.7999999999999998,5.5999999999999996,-11.101999999999997,2.7999999999999998,BYPASS,BYPASS,RUNNING
516,10.32,1,-5.5999999999999996,-11.101999999999997,2.7999999999999998,5.5999999999999996,-11.101999999999997,2.7999999999999998,BYPASS,BYPASS,RUNNING
516,10.32,1,-5.5999999999999996,-11.101999999999997,2.7999999999999998,5.5999999999999996,-11.101999999999997,2.7999999999999998,BYPASS,BYPASS,RUNNING
516,10.32,1,-5.5999999999999996,-11.101999999999997,2.7999999999999998,5.5999999999999996,-11.101999999999997,2.7999999999999998,BYPASS,BYPASS,RUNNING
516,10.32,1,-5.5999999999999996,-11.101999999999997,2.7999999999999998,5.5999999999999996,-11.101999999999997,2.7999999999999998,BYPASS,BYPASS,RUNNING
516,10.32,1,-5.5999999999999996,-11.101999999999997,2.7999999999999998,5.5999999999999996,-11.101999999999997,2.7999999999999998,BYPASS,BYPASS,RUNNING
516,10.32,1,-5.5999999999999996,-11.101999999999997,2.7999999999999998,5.5999999999999996,-11.101999999999997,2.7999999999999998,BYPASS,BYPASS,RUNNING
516,10.32,1,-5.5999999999999996,-11.101999999999997,2.7999999999999998,5.5999999999999996,-11.101999999999997,2.7999999999999998,BYPASS,BYPASS,RUNNING
516,10.32,1,-5.5999999999999996,-11.101999999999997,2.7999999999999998,5.5999999999999996,-11.101999999999997,2.7999999999999998,BYPASS,BYPASS,RUNNING
516,10.32,1,-5.5999999999999996,-11.101999999999997,2.7999999999999998,5.5999999999999996,-11.101999999999997,2.7999999999999998,BYPASS,BYPASS,RUNNING
516,10.32,1,-5.5999999999999996,-11.101999999999997,2.7999999999999998,5.5999999999999996,-11.101999999999997,2.7999999999999998,BYPASS,BYPASS,RUNNING
516,10.32,1,-5.5999999999999996,-11.101999999999997,2.7999999999999998,5.5999999999999996,-11.101999999999997,2.7999999999999998,BYPASS,BYPASS,RUNNING
516,10.32,1,-5.5999999999999996,-11.101999999999997,2.7999999999999998,5.5999999999999996,-11.101999999999997,2.7999999999999998,BYPASS,BYPASS,RUNNING
516,10.32,1,-5.5999999999999996,-11.101999999999997,2.7999999999999998,5.5999999999999996,-11.101999999999997,2.7999999999999998,BYPASS,BYPASS,RUNNING
516,10.32,1,-5.5999999999999996,-11.101999999999997,2.7999999999999998,5.5999999999999996,-11.101999999999997,2.7999999999999998,BYPASS,BYPASS,RUNNING
516,10.32,1,-5.5999999999999996,-11.101999999999997,2.7999999999999998,5.5999999999999996,-11.101999999999997,2.7999999999999998,BYPASS,BYPASS,RUNNING
516,10.32,1,-5.5999999999999996,-11.101999999999997,2.7999999999999998,5.5999999999999996,-11.101999999999997,2.7999999999999998,BYPASS,BYPASS,RUNNING
516,10.32,1,-5.5999999999999996,-11.101999999999997,2.7999999999999998,5.5999999999999996,-11.101999999999997,2.7999999999999998,BYPASS,BYPASS,RUNNING
516,10.32,1,-5.5999999999999996,-11.101999999999997,2.7999999999999998,5.5999999999999996,-11.101999999999997,2.7999999999999998,BYPASS,BYPASS,RUNNING
516,10.32,1,-5.5999999999999996,-11.101999999999997,2.7999999999999998,5.5999999999999996,-11.101999999999997,2.7999999999999998,BYPASS,BYPASS,RUNNING
516,10.32,1,-5.5999999999999996,-11.101999999999997,2.7999999999999998,5.5999999999999996,-11.101999999999997,2.7999999999999998,BYPASS,BYPASS,RUNNING
516,10.32,1,-5.5999999999999996,-11.101999999999997,2.7999999999999998,5.5999999999999996,-11.101999999999997,2.7999999999999998,BYPASS,BYPASS,RUNNING
516,10.32,1,-5.5999999999999996,-11.101999999999997,2.7999999999999998,5.5999999999999996,-11.101999999999997,2.7999999999999998,BYPASS,BYPASS,RUNNING
516,10.32,1,-5.5999999999999996,-11.101999999999997,2.7999999999999998,5.5999999999999996,-11.101999999999997,2.7999999999999998,BYPASS,BYPASS,RUNNING
516,10.32,1,-5.5999999999999996,-11.101999999999997,2.7999999999999998,5.5999999999999996,-11.101999999999997,2.7999999999999998,BYPASS,BYPASS,RUNNING
516,10.32,1,-5.5999999999999996,-11.101999999999997,2.7999999999999998,5.5999999999999996,-11.101999999999997,2.7999999999999998,BYPASS,BYPASS,RUNNING
516,10.32,1,-5.5999999999999996,-11.101999999999997,2.7999999999999998,5.5999999999999996,-11.101999999999997,2.7999999999999998,BYPASS,BYPASS,RUNNING
516,10.32,1,-5.5999999999999996,-11.101999999999997,2.7999999999999998,5.5999999999999996,-11.101999999999997,2.7999999999999998,BYPASS,BYPASS,RUNNING
516,10.32,1,-5.5999999999999996,-11.101999999999997,2.7999999999999998,5.5999999999999996,-11.101999999999997,2.7999999999999998,BYPASS,BYPASS,RUNNING
516,10.32,1,-5.5999999999999996,-11.101999999999997,2.7999999999999998,5.5999999999999996,-11.101999999999997,2.7999999999999998,BYPASS,BYPASS,RUNNING
516,10.32,1,-5.5999999999999996,-11.101999999999997,2.7999999999999998,5.5999999999999996,-11.101999999999997,2.7999999999999998,BYPASS,BYPASS,RUNNING
516,10.32,1,-5.5999999999999996,-11.101999999999997,2.7999999999999998,5.5999999999999996,-11.101999999999997,2.7999999999999998,BYPASS,BYPASS,RUNNING
516,10.32,1,-5.5999999999999996,-11.101999999999997,2.7999999999999998,5.5999999999999996,-11.101999999999997,2.7999999999999998,BYPASS,BYPASS,RUNNING
516,10.32,1,-5.5999999999999996,-11.101999999999997,2.7999999999999998,5.5999999999999996,-11.101999999999997,2.7999999999999998,BYPASS,BYPASS,RUNNING
516,10.32,1,-5.5999999999999996,-11.101999999999997,2.7999999999999998,5.5999999999999996,-11.101999999999997,2.7999999999999998,BYPASS,BYPASS,RUNNING
516,10.32,1,-5.5999999999999996,-11.101999999999997,2.7999999999999998,5.5999999999999996,-11.101999999999997,2.7999999999999998,BYPASS,BYPASS,RUNNING
516,10.32,1,-5.5999999999999996,-11.101999999999997,2.7999999999999998,5.5999999999999996,-11.101999999999997,2.7999999999999998,BYPASS,BYPASS,RUNNING
516,10.32,1,-5.5999999999999996,-11.101999999999997,2.7999999999999998,5.5999999999999996,-11.101999999999997,2.7999999999999998,BYPASS,BYPASS,RUNNING
516,10.32,1,-5.5999999999999996,-11.101999999999997,2.7999999999999998,5.5999999999999996,-11.101999999999997,2.7999999999999998,BYPASS,BYPASS,RUNNING
516,10.32,1,-5.5999999999999996,-11.101999999999997,2.7999999999999998,5.5999999999999996,-11.101999999999997,2.7999999999999998,BYPASS,BYPASS,RUNNING
516,10.32,1,-5.5999999999999996,-11.101999999999997,2.7999999999999998,5.5999999999999996,-11.101999999999997,2.7999999999999998,BYPASS,BYPASS,RUNNING
516,10.32,1,-5.5999999999999996,-11.101999999999997,2.7999999999999998,5.5999999999999996,-11.101999999999997,2.7999999999999998,BYPASS,BYPASS,RUNNING
516,10.32,1,-5.5999999999999996,-11.101999999999997,2.7999999999999998,5.5999999999999996,-11.101999999999997,2.7999999999999998,BYPASS,BYPASS,RUNNING
516,10.32,1,-5.5999999999999996,-11.101999999999997,2.7999999999999998,5.5999999999999996,-11.101999999999997,2.7999999999999998,BYPASS,BYPASS,RUNNING
516,10.32,1,-5.5999999999999996,-11.101999999999997,2.7999999999999998,5.5999999999999996,-11.101999999999997,2.7999999999999998,BYPASS,BYPASS,RUNNING
516,10.32,1,-5.5999999999999996,-11.101999999999997,2.7999999999999998,5.5999999999999996,-11.101999999999997,2.7999999999999998,BYPASS,BYPASS,RUNNING
516,10.32,1,-5.5999999999999996,-11.101999999999997,2.7999999999999998,5.5999999999999996,-11.101999999999997,2.7999999999999998,BYPASS,BYPASS,RUNNING
516,10.32,1,-5.5999999999999996,-11.101999999999997,2.7999999999999998,5.5999999999999996,-11.101999999999997,2.7999999999999998,BYPASS,BYPASS,RUNNING
516,10.32,1,-5.5999999999999996,-11.101999999999997,2.7999999999999998,5.5999999999999996,-11.101999999999997,2.7999999999999998,BYPASS,BYPASS,RUNNING
516,10.32,1,-5.5999999999999996,-11.101999999999997,2.7999999999999998,5.5999999999999996,-11.101999999999997,2.7999999999999998,BYPASS,BYPASS,RUNNING
516,10.32,1,-5.5999999999999996,-11.101999999999997,2.7999999999999998,5.5999999999999996,-11.101999999999997,2.7999999999999998,BYPASS,BYPASS,RUNNING
516,10.32,1,-5.5999999999999996,-11.101999999999997,2.7999999999999998,5.5999999999999996,-11.101999999999997,2.7999999999999998,BYPASS,BYPASS,RUNNING
516,10.32,1,-5.5999999999999996,-11.101999999999997,2.7999999999999998,5.5999999999999996,-11.101999999999997,2.7999999999999998,BYPASS,BYPASS,RUNNING
516,10.32,1,-5.5999999999999996,-11.101999999999997,2.7999999999999998,5.5999999999999996,-11.101999999999997,2.7999999999999998,BYPASS,BYPASS,RUNNING
516,10.32,1,-5.5999999999999996,-11.101999999999997,2.7999999999999998,5.5999999999999996,-11.101999999999997,2.7999999999999998,BYPASS,BYPASS,RUNNING
516,10.32,1,-5.5999999999999996,-11.101999999999997,2.7999999999999998,5.5999999999999996,-11.101999999999997,2.7999999999999998,BYPASS,BYPASS,RUNNING
516,10.32,1,-5.5999999999999996,-11.101999999999997,2.7999999999999998,5.5999999999999996,-11.101999999999997,2.7999999999999998,BYPASS,BYPASS,RUNNING
516,10.32,1,-5.5999999999999996,-11.101999999999997,2.7999999999999998,5.5999999999999996,-11.101999999999997,2.7999999999999998,BYPASS,BYPASS,RUNNING
516,10.32,1,-5.5999999999999996,-11.101999999999997,2.7999999999999998,5.5999999999999996,-11.101999999999997,2.7999999999999998,BYPASS,BYPASS,RUNNING
516,10.32,1,-5.5999999999999996,-11.101999999999997,2.7999999999999998,5.5999999999999996,-11.101999999999997,2.7999999999999998,BYPASS,BYPASS,RUNNING
516,10.32,1,-5.5999999999999996,-11.101999999999997,2.7999999999999998,5.5999999999999996,-11.101999999999997,2.7999999999999998,BYPASS,BYPASS,RUNNING
516,10.32,1,-5.5999999999999996,-11.101999999999997,2.7999999999999998,5.5999999999999996,-11.101999999999997,2.7999999999999998,BYPASS,BYPASS,RUNNING
516,10.32,1,-5.5999999999999996,-11.101999999999997,2.7999999999999998,5.5999999999999996,-11.101999999999997,2.7999999999999998,BYPASS,BYPASS,RUNNING
516,10.32,1,-5.5999999999999996,-11.101999999999997,2.7999999999999998,5.5999999999999996,-11.101999999999997,2.7999999999999998,BYPASS,BYPASS,RUNNING
516,10.32,1,-5.5999999999999996,-11.101999999999997,2.7999999999999998,5.5999999999999996,-11.101999999999997,2.7999999999999998,BYPASS,BYPASS,RUNNING
516,10.32,1,-5.5999999999999996,-11.101999999999997,2.7999999999999998,5.5999999999999996,-11.101999999999997,2.7999999999999998,BYPASS,BYPASS,RUNNING
516,10.32,1,-5.5999999999999996,-11.101999999999997,2.7999999999999998,5.5999999999999996,-11.101999999999997,2.7999999999999998,BYPASS,BYPASS,RUNNING
516,10.32,1,-5.5999999999999996,-11.101999999999997,2.7999999999999998,5.5999999999999996,-11.101999999999997,2.7999999999999998,BYPASS,BYPASS,RUNNING
516,10.32,1,-5.5999999999999996,-11.101999999999997,2.7999999999999998,5.5999999999999996,-11.101999999999997,2.7999999999999998,BYPASS,BYPASS,RUNNING
516,10.32,1,-5.5999999999999996,-11.101999999999997,2.7999999999999998,5.5999999999999996,-11.101999999999997,2.7999999999999998,BYPASS,BYPASS,RUNNING
516,10.32,1,-5.5999999999999996,-11.101999999999997,2.7999999999999998,5.5999999999999996,-11.101999999999997,2.7999999999999998,BYPASS,BYPASS,RUNNING
516,10.32,1,-5.5999999999999996,-11.101999999999997,2.7999999999999998,5.5999999999999996,-11.101999999999997,2.7999999999999998,BYPASS,BYPASS,RUNNING
516,10.32,1,-5.5999999999999996,-11.101999999999997,2.7999999999999998,5.5999999999999996,-11.101999999999997,2.7999999999999998,BYPASS,BYPASS,RUNNING
516,10.32,1,-5.5999999999999996,-11.101999999999997,2.7999999999999998,5.5999999999999996,-11.101999999999997,2.7999999999999998,BYPASS,BYPASS,RUNNING
516,10.32,1,-5.5999999999999996,-11.101999999999997,2.7999999999999998,5.5999999999999996,-11.101999999999997,2.7999999999999998,BYPASS,BYPASS,RUNNING
516,10.32,1,-5.5999999999999996,-11.101999999999997,2.7999999999999998,5.5999999999999996,-11.101999999999997,2.7999999999999998,BYPASS,BYPASS,RUNNING
516,10.32,1,-5.5999999999999996,-11.101999999999997,2.7999999999999998,5.5999999999999996,-11.101999999999997,2.7999999999999998,BYPASS,BYPASS,RUNNING
516,10.32,1,-5.5999999999999996,-11.101999999999997,2.7999999999999998,5.5999999999999996,-11.101999999999997,2.7999999999999998,BYPASS,BYPASS,RUNNING
516,10.32,1,-5.5999999999999996,-11.101999999999997,2.7999999999999998,5.5999999999999996,-11.101999999999997,2.7999999999999998,BYPASS,BYPASS,RUNNING
516,10.32,1,-5.5999999999999996,-11.101999999999997,2.7999999999999998,5.5999999999999996,-11.101999999999997,2.7999999999999998,BYPASS,BYPASS,RUNNING
516,10.32,1,-5.5999999999999996,-11.101999999999997,2.7999999999999998,5.5999999999999996,-11.101999999999997,2.7999999999999998,BYPASS,BYPASS,RUNNING
516,10.32,1,-5.5999999999999996,-11.101999999999997,2.7999999999999998,5.5999999999999996,-11.101999999999997,2.7999999999999998,BYPASS,BYPASS,RUNNING
516,10.32,1,-5.5999999999999996,-11.101999999999997,2.7999999999999998,5.5999999999999996,-11.101999999999997,2.7999999999999998,BYPASS,BYPASS,RUNNING
516,10.32,1,-5.5999999999999996,-11.101999999999997,2.7999999999999998,5.5999999999999996,-11.101999999999997,2.7999999999999998,BYPASS,BYPASS,RUNNING
516,10.32,1,-5.5999999999999996,-11.101999999999997,2.7999999999999998,5.5999999999999996,-11.101999999999997,2.7999999999999998,BYPASS,BYPASS,RUNNING
516,10.32,1,-5.5999999999999996,-11.101999999999997,2.7999999999999998,5.5999999999999996,-11.101999999999997,2.7999999999999998,BYPASS,BYPASS,RUNNING
516,10.32,1,-5.5999999999999996,-11.101999999999997,2.7999999999999998,5.5999999999999996,-11.101999999999997,2.7999999999999998,BYPASS,BYPASS,RUNNING
516,10.32,1,-5.5999999999999996,-11.101999999999997,2.7999999999999998,5.5999999999999996,-11.101999999999997,2.7999999999999998,BYPASS,BYPASS,RUNNING
516,10.32,1,-5.5999999999999996,-11.101999999999997,2.7999999999999998,5.5999999999999996,-11.101999999999997,2.7999999999999998,BYPASS,BYPASS,RUNNING
516,10.32,1,-5.5999999999999996,-11.101999999999997,2.7999999999999998,5.5999999999999996,-11.101999999999997,2.7999999999999998,BYPASS,BYPASS,RUNNING
516,10.32,1,-5.5999999999999996,-11.101999999999997,2.7999999999999998,5.5999999999999996,-11.101999999999997,2.7999999999999998,BYPASS,BYPASS,RUNNING
516,10.32,1,-5.5999999999999996,-11.101999999999997,2.7999999999999998,5.5999999999999996,-11.101999999999997,2.7999999999999998,BYPASS,BYPASS,RUNNING
516,10.32,1,-5.5999999999999996,-11.101999999999997,2.7999999999999998,5.5999999999999996,-11.101999999999997,2.7999999999999998,BYPASS,BYPASS,RUNNING
516,10.32,1,-5.5999999999999996,-11.101999999999997,2.7999999999999998,5.5999999999999996,-11.101999999999997,2.7999999999999998,BYPASS,BYPASS,RUNNING
516,10.32,1,-5.5999999999999996,-11.101999999999997,2.7999999999999998,5.5999999999999996,-11.101999999999997,2.7999999999999998,BYPASS,BYPASS,RUNNING
516,10.32,1,-5.5999999999999996,-11.101999999999997,2.7999999999999998,5.5999999999999996,-11.101999999999997,2.7999999999999998,BYPASS,BYPASS,RUNNING
516,10.32,1,-5.5999999999999996,-11.101999999999997,2.7999999999999998,5.5999999999999996,-11.101999999999997,2.7999999999999998,BYPASS,BYPASS,RUNNING
516,10.32,1,-5.5999999999999996,-11.101999999999997,2.7999999999999998,5.5999999999999996,-11.101999999999997,2.7999999999999998,BYPASS,BYPASS,RUNNING
516,10.32,1,-5.5999999999999996,-11.101999999999997,2.7999999999999998,5.5999999999999996,-11.101999999999997,2.7999999999999998,BYPASS,BYPASS,RUNNING
516,10.32,1,-5.5999999999999996,-11.101999999999997,2.7999999999999998,5.5999999999999996,-11.101999999999997,2.7999999999999998,BYPASS,BYPASS,RUNNING
516,10.32,1,-5.5999999999999996,-11.101999999999997,2.7999999999999998,5.5999999999999996,-11.101999999999997,2.7999999999999998,BYPASS,BYPASS,RUNNING
516,10.32,1,-5.5999999999999996,-11.101999999999997,2.7999999999999998,5.5999999999999996,-11.101999999999997,2.7999999999999998,BYPASS,BYPASS,RUNNING
516,10.32,1,-5.5999999999999996,-11.101999999999997,2.7999999999999998,5.5999999999999996,-11.101999999999997,2.7999999999999998,BYPASS,BYPASS,RUNNING
516,10.32,1,-5.5999999999999996,-11.101999999999997,2.7999999999999998,5.5999999999999996,-11.101999999999997,2.7999999999999998,BYPASS,BYPASS,RUNNING
516,10.32,1,-5.5999999999999996,-11.101999999999997,2.7999999999999998,5.5999999999999996,-11.101999999999997,2.7999999999999998,BYPASS,BYPASS,RUNNING
516,10.32,1,-5.5999999999999996,-11.101999999999997,2.7999999999999998,5.5999999999999996,-11.101999999999997,2.7999999999999998,BYPASS,BYPASS,RUNNING
516,10.32,1,-5.5999999999999996,-11.101999999999997,2.7999999999999998,5.5999999999999996,-11.101999999999997,2.7999999999999998,BYPASS,BYPASS,RUNNING
516,10.32,1,-5.5999999999999996,-11.101999999999997,2.7999999999999998,5.5999999999999996,-11.101999999999997,2.7999999999999998,BYPASS,BYPASS,RUNNING
516,10.32,1,-5.5999999999999996,-11.101999999999997,2.7999999999999998,5.5999999999999996,-11.101999999999997,2.7999999999999998,BYPASS,BYPASS,RUNNING
516,10.32,1,-5.5999999999999996,-11.101999999999997,2.7999999999999998,5.5999999999999996,-11.101999999999997,2.7999999999999998,BYPASS,BYPASS,RUNNING
516,10.32,1,-5.5999999999999996,-11.101999999999997,2.7999999999999998,5.5999999999999996,-11.101999999999997,2.7999999999999998,BYPASS,BYPASS,RUNNING
516,10.32,1,-5.5999999999999996,-11.101999999999997,2.7999999999999998,5.5999999999999996,-11.101999999999997,2.7999999999999998,BYPASS,BYPASS,RUNNING
516,10.32,1,-5.5999999999999996,-11.101999999999997,2.7999999999999998,5.5999999999999996,-11.101999999999997,2.7999999999999998,BYPASS,BYPASS,RUNNING
516,10.32,1,-5.5999999999999996,-11.101999999999997,2.7999999999999998,5.5999999999999996,-11.101999999999997,2.7999999999999998,BYPASS,BYPASS,RUNNING
516,10.32,1,-5.5999999999999996,-11.101999999999997,2.7999999999999998,5.5999999999999996,-11.101999999999997,2.7999999999999998,BYPASS,BYPASS,RUNNING
516,10.32,1,-5.5999999999999996,-11.101999999999997,2.7999999999999998,5.5999999999999996,-11.101999999999997,2.7999999999999998,BYPASS,BYPASS,RUNNING
516,10.32,1,-5.5999999999999996,-11.101999999999997,2.7999999999999998,5.5999999999999996,-11.101999999999997,2.7999999999999998,BYPASS,BYPASS,RUNNING
516,10.32,1,-5.5999999999999996,-11.101999999999997,2.7999999999999998,5.5999999999999996,-11.101999999999997,2.7999999999999998,BYPASS,BYPASS,RUNNING
516,10.32,1,-5.5999999999999996,-11.101999999999997,2.7999999999999998,5.5999999999999996,-11.101999999999997,2.7999999999999998,BYPASS,BYPASS,RUNNING
516,10.32,1,-5.5999999999999996,-11.101999999999997,2.7999999999999998,5.5999999999999996,-11.101999999999997,2.7999999999999998,BYPASS,BYPASS,RUNNING
516,10.32,1,-5.5999999999999996,-11.101999999999997,2.7999999999999998,5.5999999999999996,-11.101999999999997,2.7999999999999998,BYPASS,BYPASS,RUNNING
516,10.32,1,-5.5999999999999996,-11.101999999999997,2.7999999999999998,5.5999999999999996,-11.101999999999997,2.7999999999999998,BYPASS,BYPASS,RUNNING
516,10.32,1,-5.5999999999999996,-11.101999999999997,2.7999999999999998,5.5999999999999996,-11.101999999999997,2.7999999999999998,BYPASS,BYPASS,RUNNING
516,10.32,1,-5.5999999999999996,-11.101999999999997,2.7999999999999998,5.5999999999999996,-11.101999999999997,2.7999999999999998,BYPASS,BYPASS,RUNNING
516,10.32,1,-5.5999999999999996,-11.101999999999997,2.7999999999999998,5.5999999999999996,-11.101999999999997,2.7999999999999998,BYPASS,BYPASS,RUNNING
516,10.32,1,-5.5999999999999996,-11.101999999999997,2.7999999999999998,5.5999999999999996,-11.101999999999997,2.7999999999999998,BYPASS,BYPASS,RUNNING
516,10.32,1,-5.5999999999999996,-11.101999999999997,2.7999999999999998,5.5999999999999996,-11.101999999999997,2.7999999999999998,BYPASS,BYPASS,RUNNING
516,10.32,1,-5.5999999999999996,-11.101999999999997,2.7999999999999998,5.5999999999999996,-11.101999999999997,2.7999999999999998,BYPASS,BYPASS,RUNNING
516,10.32,1,-5.5999999999999996,-11.101999999999997,2.7999999999999998,5.5999999999999996,-11.101999999999997,2.7999999999999998,BYPASS,BYPASS,RUNNING
516,10.32,1,-5.5999999999999996,-11.101999999999997,2.7999999999999998,5.5999999999999996,-11.101999999999997,2.7999999999999998,BYPASS,BYPASS,RUNNING
516,10.32,1,-5.5999999999999996,-11.101999999999997,2.7999999999999998,5.5999999999999996,-11.101999999999997,2.7999999999999998,BYPASS,BYPASS,RUNNING
516,10.32,1,-5.5999999999999996,-11.101999999999997,2.7999999999999998,5.5999999999999996,-11.101999999999997,2.7999999999999998,BYPASS,BYPASS,RUNNING
516,10.32,1,-5.5999999999999996,-11.101999999999997,2.7999999999999998,5.5999999999999996,-11.101999999999997,2.7999999999999998,BYPASS,BYPASS,RUNNING
516,10.32,1,-5.5999999999999996,-11.101999999999997,2.7999999999999998,5.5999999999999996,-11.101999999999997,2.7999999999999998,BYPASS,BYPASS,RUNNING
516,10.32,1,-5.5999999999999996,-11.101999999999997,2.7999999999999998,5.5999999999999996,-11.101999999999997,2.7999999999999998,BYPASS,BYPASS,RUNNING
516,10.32,1,-5.5999999999999996,-11.101999999999997,2.7999999999999998,5.5999999999999996,-11.101999999999997,2.7999999999999998,BYPASS,BYPASS,RUNNING
516,10.32,1,-5.5999999999999996,-11.101999999999997,2.7999999999999998,5.5999999999999996,-11.101999999999997,2.7999999999999998,BYPASS,BYPASS,RUNNING
516,10.32,1,-5.5999999999999996,-11.101999999999997,2.7999999999999998,5.5999999999999996,-11.101999999999997,2.7999999999999998,BYPASS,BYPASS,RUNNING
516,10.32,1,-5.5999999999999996,-11.101999999999997,2.7999999999999998,5.5999999999999996,-11.101999999999997,2.7999999999999998,BYPASS,BYPASS,RUNNING
516,10.32,1,-5.5999999999999996,-11.101999999999997,2.7999999999999998,5.5999999999999996,-11.101999999999997,2.7999999999999998,BYPASS,BYPASS,RUNNING
516,10.32,1,-5.5999999999999996,-11.101999999999997,2.7999999999999998,5.5999999999999996,-11.101999999999997,2.7999999999999998,BYPASS,BYPASS,RUNNING
516,10.32,1,-5.5999999999999996,-11.101999999999997,2.7999999999999998,5.5999999999999996,-11.101999999999997,2.7999999999999998,BYPASS,BYPASS,RUNNING
516,10.32,1,-5.5999999999999996,-11.101999999999997,2.7999999999999998,5.5999999999999996,-11.101999999999997,2.7999999999999998,BYPASS,BYPASS,RUNNING
516,10.32,1,-5.5999999999999996,-11.101999999999997,2.7999999999999998,5.5999999999999996,-11.101999999999997,2.7999999999999998,BYPASS,BYPASS,RUNNING
516,10.32,1,-5.5999999999999996,-11.101999999999997,2.7999999999999998,5.5999999999999996,-11.101999999999997,2.7999999999999998,BYPASS,BYPASS,RUNNING
516,10.32,1,-5.5999999999999996,-11.101999999999997,2.7999999999999998,5.5999999999999996,-11.101999999999997,2.7999999999999998,BYPASS,BYPASS,RUNNING
516,10.32,1,-5.5999999999999996,-11.101999999999997,2.7999999999999998,5.5999999999999996,-11.101999999999997,2.7999999999999998,BYPASS,BYPASS,RUNNING
516,10.32,1,-5.5999999999999996,-11.101999999999997,2.7999999999999998,5.5999999999999996,-11.101999999999997,2.7999999999999998,BYPASS,BYPASS,RUNNING
516,10.32,1,-5.5999999999999996,-11.101999999999997,2.7999999999999998,5.5999999999999996,-11.101999999999997,2.7999999999999998,BYPASS,BYPASS,RUNNING
516,10.32,1,-5.5999999999999996,-11.101999999999997,2.7999999999999998,5.5999999999999996,-11.101999999999997,2.7999999999999998,BYPASS,BYPASS,RUNNING
516,10.32,1,-5.5999999999999996,-11.101999999999997,2.7999999999999998,5.5999999999999996,-11.101999999999997,2.7999999999999998,BYPASS,BYPASS,RUNNING
516,10.32,1,-5.5999999999999996,-11.101999999999997,2.7999999999999998,5.5999999999999996,-11.101999999999997,2.7999999999999998,BYPASS,BYPASS,RUNNING
516,10.32,1,-5.5999999999999996,-11.101999999999997,2.7999999999999998,5.5999999999999996,-11.101999999999997,2.7999999999999998,BYPASS,BYPASS,RUNNING
516,10.32,1,-5.5999999999999996,-11.101999999999997,2.7999999999999998,5.5999999999999996,-11.101999999999997,2.7999999999999998,BYPASS,BYPASS,RUNNING
516,10.32,1,-5.5999999999999996,-11.101999999999997,2.7999999999999998,5.5999999999999996,-11.101999999999997,2.7999999999999998,BYPASS,BYPASS,RUNNING
516,10.32,1,-5.5999999999999996,-11.101999999999997,2.7999999999999998,5.5999999999999996,-11.101999999999997,2.7999999999999998,BYPASS,BYPASS,RUNNING
516,10.32,1,-5.5999999999999996,-11.101999999999997,2.7999999999999998,5.5999999999999996,-11.101999999999997,2.7999999999999998,BYPASS,BYPASS,RUNNING
516,10.32,1,-5.5999999999999996,-11.101999999999997,2.7999999999999998,5.5999999999999996,-11.101999999999997,2.7999999999999998,BYPASS,BYPASS,RUNNING
516,10.32,1,-5.5999999999999996,-11.101999999999997,2.7999999999999998,5.5999999999999996,-11.101999999999997,2.7999999999999998,BYPASS,BYPASS,RUNNING
516,10.32,1,-5.5999999999999996,-11.101999999999997,2.7999999999999998,5.5999999999999996,-11.101999999999997,2.7999999999999998,BYPASS,BYPASS,RUNNING
516,10.32,1,-5.5999999999999996,-11.101999999999997,2.7999999999999998,5.5999999999999996,-11.101999999999997,2.7999999999999998,BYPASS,BYPASS,RUNNING
516,10.32,1,-5.5999999999999996,-11.101999999999997,2.7999999999999998,5.5999999999999996,-11.101999999999997,2.7999999999999998,BYPASS,BYPASS,RUNNING
516,10.32,1,-5.5999999999999996,-11.101999999999997,2.7999999999999998,5.5999999999999996,-11.101999999999997,2.7999999999999998,BYPASS,BYPASS,RUNNING
516,10.32,1,-5.5999999999999996,-11.101999999999997,2.7999999999999998,5.5999999999999996,-11.101999999999997,2.7999999999999998,BYPASS,BYPASS,RUNNING
516,10.32,1,-5.5999999999999996,-11.101999999999997,2.7999999999999998,5.5999999999999996,-11.101999999999997,2.7999999999999998,BYPASS,BYPASS,RUNNING
516,10.32,1,-5.5999999999999996,-11.101999999999997,2.7999999999999998,5.5999999999999996,-11.101999999999997,2.7999999999999998,BYPASS,BYPASS,RUNNING
516,10.32,1,-5.5999999999999996,-11.101999999999997,2.7999999999999998,5.5999999999999996,-11.101999999999997,2.7999999999999998,BYPASS,BYPASS,RUNNING
516,10.32,1,-5.5999999999999996,-11.101999999999997,2.7999999999999998,5.5999999999999996,-11.101999999999997,2.7999999999999998,BYPASS,BYPASS,RUNNING
516,10.32,1,-5.5999999999999996,-11.101999999999997,2.7999999999999998,5.5999999999999996,-11.101999999999997,2.7999999999999998,BYPASS,BYPASS,RUNNING
516,10.32,1,-5.5999999999999996,-11.101999999999997,2.7999999999999998,5.5999999999999996,-11.101999999999997,2.7999999999999998,BYPASS,BYPASS,RUNNING
516,10.32,1,-5.5999999999999996,-11.101999999999997,2.7999999999999998,5.5999999999999996,-11.101999999999997,2.7999999999999998,BYPASS,BYPASS,RUNNING
516,10.32,1,-5.5999999999999996,-11.101999999999997,2.7999999999999998,5.5999999999999996,-11.101999999999997,2.7999999999999998,BYPASS,BYPASS,RUNNING
516,10.32,1,-5.5999999999999996,-11.101999999999997,2.7999999999999998,5.5999999999999996,-11.101999999999997,2.7999999999999998,BYPASS,BYPASS,RUNNING
516,10.32,1,-5.5999999999999996,-11.101999999999997,2.7999999999999998,5.5999999999999996,-11.101999999999997,2.7999999999999998,BYPASS,BYPASS,RUNNING
516,10.32,1,-5.5999999999999996,-11.101999999999997,2.7999999999999998,5.5999999999999996,-11.101999999999997,2.7999999999999998,BYPASS,BYPASS,RUNNING
516,10.32,1,-5.5999999999999996,-11.101999999999997,2.7999999999999998,5.5999999999999996,-11.101999999999997,2.7999999999999998,BYPASS,BYPASS,RUNNING
516,10.32,1,-5.5999999999999996,-11.101999999999997,2.7999999999999998,5.5999999999999996,-11.101999999999997,2.7999999999999998,BYPASS,BYPASS,RUNNING
516,10.32,1,-5.5999999999999996,-11.101999999999997,2.7999999999999998,5.5999999999999996,-11.101999999999997,2.7999999999999998,BYPASS,BYPASS,RUNNING
516,10.32,1,-5.5999999999999996,-11.101999999999997,2.7999999999999998,5.5999999999999996,-11.101999999999997,2.7999999999999998,BYPASS,BYPASS,RUNNING
516,10.32,1,-5.5999999999999996,-11.101999999999997,2.7999999999999998,5.5999999999999996,-11.101999999999997,2.7999999999999998,BYPASS,BYPASS,RUNNING
516,10.32,1,-5.5999999999999996,-11.101999999999997,2.7999999999999998,5.5999999999999996,-11.101999999999997,2.7999999999999998,BYPASS,BYPASS,RUNNING
516,10.32,1,-5.5999999999999996,-11.101999999999997,2.7999999999999998,5.5999999999999996,-11.101999999999997,2.7999999999999998,BYPASS,BYPASS,RUNNING
516,10.32,1,-5.5999999999999996,-11.101999999999997,2.7999999999999998,5.5999999999999996,-11.101999999999997,2.7999999999999998,BYPASS,BYPASS,RUNNING
516,10.32,1,-5.5999999999999996,-11.101999999999997,2.7999999999999998,5.5999999999999996,-11.101999999999997,2.7999999999999998,BYPASS,BYPASS,RUNNING
516,10.32,1,-5.5999999999999996,-11.101999999999997,2.7999999999999998,5.5999999999999996,-11.101999999999997,2.7999999999999998,BYPASS,BYPASS,RUNNING
516,10.32,1,-5.5999999999999996,-11.101999999999997,2.7999999999999998,5.5999999999999996,-11.101999999999997,2.7999999999999998,BYPASS,BYPASS,RUNNING
516,10.32,1,-5.5999999999999996,-11.101999999999997,2.7999999999999998,5.5999999999999996,-11.101999999999997,2.7999999999999998,BYPASS,BYPASS,RUNNING
516,10.32,1,-5.5999999999999996,-11.101999999999997,2.7999999999999998,5.5999999999999996,-11.101999999999997,2.7999999999999998,BYPASS,BYPASS,RUNNING
516,10.32,1,-5.5999999999999996,-11.101999999999997,2.7999999999999998,5.5999999999999996,-11.101999999999997,2.7999999999999998,BYPASS,BYPASS,RUNNING
516,10.32,1,-5.5999999999999996,-11.101999999999997,2.7999999999999998,5.5999999999999996,-11.101999999999997,2.7999999999999998,BYPASS,BYPASS,RUNNING
516,10.32,1,-5.5999999999999996,-11.101999999999997,2.7999999999999998,5.5999999999999996,-11.101999999999997,2.7999999999999998,BYPASS,BYPASS,RUNNING
516,10.32,1,-5.5999999999999996,-11.101999999999997,2.7999999999999998,5.5999999999999996,-11.101999999999997,2.7999999999999998,BYPASS,BYPASS,RUNNING
516,10.32,1,-5.5999999999999996,-11.101999999999997,2.7999999999999998,5.5999999999999996,-11.101999999999997,2.7999999999999998,BYPASS,BYPASS,RUNNING
516,10.32,1,-5.5999999999999996,-11.101999999999997,2.7999999999999998,5.5999999999999996,-11.101999999999997,2.7999999999999998,BYPASS,BYPASS,RUNNING
516,10.32,1,-5.5999999999999996,-11.101999999999997,2.7999999999999998,5.5999999999999996,-11.101999999999997,2.7999999999999998,BYPASS,BYPASS,RUNNING
516,10.32,1,-5.5999999999999996,-11.101999999999997,2.7999999999999998,5.5999999999999996,-11.101999999999997,2.7999999999999998,BYPASS,BYPASS,RUNNING
516,10.32,1,-5.5999999999999996,-11.101999999999997,2.7999999999999998,5.5999999999999996,-11.101999999999997,2.7999999999999998,BYPASS,BYPASS,RUNNING
516,10.32,1,-5.5999999999999996,-11.101999999999997,2.7999999999999998,5.5999999999999996,-11.101999999999997,2.7999999999999998,BYPASS,BYPASS,RUNNING
516,10.32,1,-5.5999999999999996,-11.101999999999997,2.7999999999999998,5.5999999999999996,-11.101999999999997,2.7999999999999998,BYPASS,BYPASS,RUNNING
516,10.32,1,-5.5999999999999996,-11.101999999999997,2.7999999999999998,5.5999999999999996,-11.101999999999997,2.7999999999999998,BYPASS,BYPASS,RUNNING
516,10.32,1,-5.5999999999999996,-11.101999999999997,2.7999999999999998,5.5999999999999996,-11.101999999999997,2.7999999999999998,BYPASS,BYPASS,RUNNING
516,10.32,1,-5.5999999999999996,-11.101999999999997,2.7999999999999998,5.5999999999999996,-11.101999999999997,2.7999999999999998,BYPASS,BYPASS,RUNNING
516,10.32,1,-5.5999999999999996,-11.101999999999997,2.7999999999999998,5.5999999999999996,-11.101999999999997,2.7999999999999998,BYPASS,BYPASS,RUNNING
516,10.32,1,-5.5999999999999996,-11.101999999999997,2.7999999999999998,5.5999999999999996,-11.101999999999997,2.7999999999999998,BYPASS,BYPASS,RUNNING
516,10.32,1,-5.5999999999999996,-11.101999999999997,2.7999999999999998,5.5999999999999996,-11.101999999999997,2.7999999999999998,BYPASS,BYPASS,RUNNING
516,10.32,1,-5.5999999999999996,-11.101999999999997,2.7999999999999998,5.5999999999999996,-11.101999999999997,2.7999999999999998,BYPASS,BYPASS,RUNNING
516,10.32,1,-5.5999999999999996,-11.101999999999997,2.7999999999999998,5.5999999999999996,-11.101999999999997,2.7999999999999998,BYPASS,BYPASS,RUNNING
516,10.32,1,-5.5999999999999996,-11.101999999999997,2.7999999999999998,5.5999999999999996,-11.101999999999997,2.7999999999999998,BYPASS,BYPASS,RUNNING
516,10.32,1,-5.5999999999999996,-11.101999999999997,2.7999999999999998,5.5999999999999996,-11.101999999999997,2.7999999999999998,BYPASS,BYPASS,RUNNING
516,10.32,1,-5.5999999999999996,-11.101999999999997,2.7999999999999998,5.5999999999999996,-11.101999999999997,2.7999999999999998,BYPASS,BYPASS,RUNNING
516,10.32,1,-5.5999999999999996,-11.101999999999997,2.7999999999999998,5.5999999999999996,-11.101999999999997,2.7999999999999998,BYPASS,BYPASS,RUNNING
516,10.32,1,-5.5999999999999996,-11.101999999999997,2.7999999999999998,5.5999999999999996,-11.101999999999997,2.7999999999999998,BYPASS,BYPASS,RUNNING
516,10.32,1,-5.5999999999999996,-11.101999999999997,2.7999999999999998,5.5999999999999996,-11.101999999999997,2.7999999999999998,BYPASS,BYPASS,RUNNING
516,10.32,1,-5.5999999999999996,-11.101999999999997,2.7999999999999998,5.5999999999999996,-11.101999999999997,2.7999999999999998,BYPASS,BYPASS,RUNNING
516,10.32,1,-5.5999999999999996,-11.101999999999997,2.7999999999999998,5.5999999999999996,-11.101999999999997,2.7999999999999998,BYPASS,BYPASS,RUNNING
516,10.32,1,-5.5999999999999996,-11.101999999999997,2.7999999999999998,5.5999999999999996,-11.101999999999997,2.7999999999999998,BYPASS,BYPASS,RUNNING
516,10.32,1,-5.5999999999999996,-11.101999999999997,2.7999999999999998,5.5999999999999996,-11.101999999999997,2.7999999999999998,BYPASS,BYPASS,RUNNING
516,10.32,1,-5.5999999999999996,-11.101999999999997,2.7999999999999998,5.5999999999999996,-11.101999999999997,2.7999999999999998,BYPASS,BYPASS,RUNNING
516,10.32,1,-5.5999999999999996,-11.101999999999997,2.7999999999999998,5.5999999999999996,-11.101999999999997,2.7999999999999998,BYPASS,BYPASS,RUNNING
516,10.32,1,-5.5999999999999996,-11.101999999999997,2.7999999999999998,5.5999999999999996,-11.101999999999997,2.7999999999999998,BYPASS,BYPASS,RUNNING
516,10.32,1,-5.5999999999999996,-11.101999999999997,2.7999999999999998,5.5999999999999996,-11.101999999999997,2.7999999999999998,BYPASS,BYPASS,RUNNING
516,10.32,1,-5.5999999999999996,-11.101999999999997,2.7999999999999998,5.5999999999999996,-11.101999999999997,2.7999999999999998,BYPASS,BYPASS,RUNNING
516,10.32,1,-5.5999999999999996,-11.101999999999997,2.7999999999999998,5.5999999999999996,-11.101999999999997,2.7999999999999998,BYPASS,BYPASS,RUNNING
516,10.32,1,-5.5999999999999996,-11.101999999999997,2.7999999999999998,5.5999999999999996,-11.101999999999997,2.7999999999999998,BYPASS,BYPASS,RUNNING
516,10.32,1,-5.5999999999999996,-11.101999999999997,2.7999999999999998,5.5999999999999996,-11.101999999999997,2.7999999999999998,BYPASS,BYPASS,RUNNING
516,10.32,1,-5.5999999999999996,-11.101999999999997,2.7999999999999998,5.5999999999999996,-11.101999999999997,2.7999999999999998,BYPASS,BYPASS,RUNNING
516,10.32,1,-5.5999999999999996,-11.101999999999997,2.7999999999999998,5.5999999999999996,-11.101999999999997,2.7999999999999998,BYPASS,BYPASS,RUNNING
516,10.32,1,-5.5999999999999996,-11.101999999999997,2.7999999999999998,5.5999999999999996,-11.101999999999997,2.7999999999999998,BYPASS,BYPASS,RUNNING
516,10.32,1,-5.5999999999999996,-11.101999999999997,2.7999999999999998,5.5999999999999996,-11.101999999999997,2.7999999999999998,BYPASS,BYPASS,RUNNING
516,10.32,1,-5.5999999999999996,-11.101999999999997,2.7999999999999998,5.5999999999999996,-11.101999999999997,2.7999999999999998,BYPASS,BYPASS,RUNNING
516,10.32,1,-5.5999999999999996,-11.101999999999997,2.7999999999999998,5.5999999999999996,-11.101999999999997,2.7999999999999998,BYPASS,BYPASS,RUNNING
516,10.32,1,-5.5999999999999996,-11.101999999999997,2.7999999999999998,5.5999999999999996,-11.101999999999997,2.7999999999999998,BYPASS,BYPASS,RUNNING
516,10.32,1,-5.5999999999999996,-11.101999999999997,2.7999999999999998,5.5999999999999996,-11.101999999999997,2.7999999999999998,BYPASS,BYPASS,RUNNING
516,10.32,1,-5.5999999999999996,-11.101999999999997,2.7999999999999998,5.5999999999999996,-11.101999999999997,2.7999999999999998,BYPASS,BYPASS,RUNNING
516,10.32,1,-5.5999999999999996,-11.101999999999997,2.7999999999999998,5.5999999999999996,-11.101999999999997,2.7999999999999998,BYPASS,BYPASS,RUNNING
516,10.32,1,-5.5999999999999996,-11.101999999999997,2.7999999999999998,5.5999999999999996,-11.101999999999997,2.7999999999999998,BYPASS,BYPASS,RUNNING
516,10.32,1,-5.5999999999999996,-11.101999999999997,2.7999999999999998,5.5999999999999996,-11.101999999999997,2.7999999999999998,BYPASS,BYPASS,RUNNING
516,10.32,1,-5.5999999999999996,-11.101999999999997,2.7999999999999998,5.5999999999999996,-11.101999999999997,2.7999999999999998,BYPASS,BYPASS,RUNNING
516,10.32,1,-5.5999999999999996,-11.101999999999997,2.7999999999999998,5.5999999999999996,-11.101999999999997,2.7999999999999998,BYPASS,BYPASS,RUNNING
516,10.32,1,-5.5999999999999996,-11.101999999999997,2.7999999999999998,5.5999999999999996,-11.101999999999997,2.7999999999999998,BYPASS,BYPASS,RUNNING
516,10.32,1,-5.5999999999999996,-11.101999999999997,2.7999999999999998,5.5999999999999996,-11.101999999999997,2.7999999999999998,BYPASS,BYPASS,RUNNING
516,10.32,1,-5.5999999999999996,-11.101999999999997,2.7999999999999998,5.5999999999999996,-11.101999999999997,2.7999999999999998,BYPASS,BYPASS,RUNNING
516,10.32,1,-5.5999999999999996,-11.101999999999997,2.7999999999999998,5.5999999999999996,-11.101999999999997,2.7999999999999998,BYPASS,BYPASS,RUNNING
516,10.32,1,-5.5999999999999996,-11.101999999999997,2.7999999999999998,5.5999999999999996,-11.101999999999997,2.7999999999999998,BYPASS,BYPASS,RUNNING
516,10.32,1,-5.5999999999999996,-11.101999999999997,2.7999999999999998,5.5999999999999996,-11.101999999999997,2.7999999999999998,BYPASS,BYPASS,RUNNING
516,10.32,1,-5.5999999999999996,-11.101999999999997,2.7999999999999998,5.5999999999999996,-11.101999999999997,2.7999999999999998,BYPASS,BYPASS,RUNNING
516,10.32,1,-5.5999999999999996,-11.101999999999997,2.7999999999999998,5.5999999999999996,-11.101999999999997,2.7999999999999998,BYPASS,BYPASS,RUNNING
516,10.32,1,-5.5999999999999996,-11.101999999999997,2.7999999999999998,5.5999999999999996,-11.101999999999997,2.7999999999999998,BYPASS,BYPASS,RUNNING
516,10.32,1,-5.5999999999999996,-11.101999999999997,2.7999999999999998,5.5999999999999996,-11.101999999999997,2.7999999999999998,BYPASS,BYPASS,RUNNING
516,10.32,1,-5.5999999999999996,-11.101999999999997,2.7999999999999998,5.5999999999999996,-11.101999999999997,2.7999999999999998,BYPASS,BYPASS,RUNNING
516,10.32,1,-5.5999999999999996,-11.101999999999997,2.7999999999999998,5.5999999999999996,-11.101999999999997,2.7999999999999998,BYPASS,BYPASS,RUNNING
516,10.32,1,-5.5999999999999996,-11.101999999999997,2.7999999999999998,5.5999999999999996,-11.101999999999997,2.7999999999999998,BYPASS,BYPASS,RUNNING
516,10.32,1,-5.5999999999999996,-11.101999999999997,2.7999999999999998,5.5999999999999996,-11.101999999999997,2.7999999999999998,BYPASS,BYPASS,RUNNING
516,10.32,1,-5.5999999999999996,-11.101999999999997,2.7999999999999998,5.5999999999999996,-11.101999999999997,2.7999999999999998,BYPASS,BYPASS,RUNNING
516,10.32,1,-5.5999999999999996,-11.101999999999997,2.7999999999999998,5.5999999999999996,-11.101999999999997,2.7999999999999998,BYPASS,BYPASS,RUNNING
516,10.32,1,-5.5999999999999996,-11.101999999999997,2.7999999999999998,5.5999999999999996,-11.101999999999997,2.7999999999999998,BYPASS,BYPASS,RUNNING
516,10.32,1,-5.5999999999999996,-11.101999999999997,2.7999999999999998,5.5999999999999996,-11.101999999999997,2.7999999999999998,BYPASS,BYPASS,RUNNING
516,10.32,1,-5.5999999999999996,-11.101999999999997,2.7999999999999998,5.5999999999999996,-11.101999999999997,2.7999999999999998,BYPASS,BYPASS,RUNNING
516,10.32,1,-5.5999999999999996,-11.101999999999997,2.7999999999999998,5.5999999999999996,-11.101999999999997,2.7999999999999998,BYPASS,BYPASS,RUNNING
516,10.32,1,-5.5999999999999996,-11.101999999999997,2.7999999999999998,5.5999999999999996,-11.101999999999997,2.7999999999999998,BYPASS,BYPASS,RUNNING
516,10.32,1,-5.5999999999999996,-11.101999999999997,2.7999999999999998,5.5999999999999996,-11.101999999999997,2.7999999999999998,BYPASS,BYPASS,RUNNING
516,10.32,1,-5.5999999999999996,-11.101999999999997,2.7999999999999998,5.5999999999999996,-11.101999999999997,2.7999999999999998,BYPASS,BYPASS,RUNNING
516,10.32,1,-5.5999999999999996,-11.101999999999997,2.7999999999999998,5.5999999999999996,-11.101999999999997,2.7999999999999998,BYPASS,BYPASS,RUNNING
516,10.32,1,-5.5999999999999996,-11.101999999999997,2.7999999999999998,5.5999999999999996,-11.101999999999997,2.7999999999999998,BYPASS,BYPASS,RUNNING
516,10.32,1,-5.5999999999999996,-11.101999999999997,2.7999999999999998,5.5999999999999996,-11.101999999999997,2.7999999999999998,BYPASS,BYPASS,RUNNING
516,10.32,1,-5.5999999999999996,-11.101999999999997,2.7999999999999998,5.5999999999999996,-11.101999999999997,2.7999999999999998,BYPASS,BYPASS,RUNNING
516,10.32,1,-5.5999999999999996,-11.101999999999997,2.7999999999999998,5.5999999999999996,-11.101999999999997,2.7999999999999998,BYPASS,BYPASS,RUNNING
516,10.32,1,-5.5999999999999996,-11.101999999999997,2.7999999999999998,5.5999999999999996,-11.101999999999997,2.7999999999999998,BYPASS,BYPASS,RUNNING
516,10.32,1,-5.5999999999999996,-11.101999999999997,2.7999999999999998,5.5999999999999996,-11.101999999999997,2.7999999999999998,BYPASS,BYPASS,RUNNING
516,10.32,1,-5.5999999999999996,-11.101999999999997,2.7999999999999998,5.5999999999999996,-11.101999999999997,2.7999999999999998,BYPASS,BYPASS,RUNNING
516,10.32,1,-5.5999999999999996,-11.101999999999997,2.7999999999999998,5.5999999999999996,-11.101999999999997,2.7999999999999998,BYPASS,BYPASS,RUNNING
516,10.32,1,-5.5999999999999996,-11.101999999999997,2.7999999999999998,5.5999999999999996,-11.101999999999997,2.7999999999999998,BYPASS,BYPASS,RUNNING
516,10.32,1,-5.5999999999999996,-11.101999999999997,2.7999999999999998,5.5999999999999996,-11.101999999999997,2.7999999999999998,BYPASS,BYPASS,RUNNING
516,10.32,1,-5.5999999999999996,-11.101999999999997,2.7999999999999998,5.5999999999999996,-11.101999999999997,2.7999999999999998,BYPASS,BYPASS,RUNNING
516,10.32,1,-5.5999999999999996,-11.101999999999997,2.7999999999999998,5.5999999999999996,-11.101999999999997,2.7999999999999998,BYPASS,BYPASS,RUNNING
516,10.32,1,-5.5999999999999996,-11.101999999999997,2.7999999999999998,5.5999999999999996,-11.101999999999997,2.7999999999999998,BYPASS,BYPASS,RUNNING
516,10.32,1,-5.5999999999999996,-11.101999999999997,2.7999999999999998,5.5999999999999996,-11.101999999999997,2.7999999999999998,BYPASS,BYPASS,RUNNING
516,10.32,1,-5.5999999999999996,-11.101999999999997,2.7999999999999998,5.5999999999999996,-11.101999999999997,2.7999999999999998,BYPASS,BYPASS,RUNNING
516,10.32,1,-5.5999999999999996,-11.101999999999997,2.7999999999999998,5.5999999999999996,-11.101999999999997,2.7999999999999998,BYPASS,BYPASS,RUNNING
516,10.32,1,-5.5999999999999996,-11.101999999999997,2.7999999999999998,5.5999999999999996,-11.101999999999997,2.7999999999999998,BYPASS,BYPASS,RUNNING
516,10.32,1,-5.5999999999999996,-11.101999999999997,2.7999999999999998,5.5999999999999996,-11.101999999999997,2.7999999999999998,BYPASS,BYPASS,RUNNING
516,10.32,1,-5.5999999999999996,-11.101999999999997,2.7999999999999998,5.5999999999999996,-11.101999999999997,2.7999999999999998,BYPASS,BYPASS,RUNNING
516,10.32,1,-5.5999999999999996,-11.101999999999997,2.7999999999999998,5.5999999999999996,-11.101999999999997,2.7999999999999998,BYPASS,BYPASS,RUNNING
516,10.32,1,-5.5999999999999996,-11.101999999999997,2.7999999999999998,5.5999999999999996,-11.101999999999997,2.7999999999999998,BYPASS,BYPASS,RUNNING
516,10.32,1,-5.5999999999999996,-11.101999999999997,2.7999999999999998,5.5999999999999996,-11.101999999999997,2.7999999999999998,BYPASS,BYPASS,RUNNING
516,10.32,1,-5.5999999999999996,-11.101999999999997,2.7999999999999998,5.5999999999999996,-11.101999999999997,2.7999999999999998,BYPASS,BYPASS,RUNNING
516,10.32,1,-5.5999999999999996,-11.101999999999997,2.7999999999999998,5.5999999999999996,-11.101999999999997,2.7999999999999998,BYPASS,BYPASS,RUNNING
516,10.32,1,-5.5999999999999996,-11.101999999999997,2.7999999999999998,5.5999999999999996,-11.101999999999997,2.7999999999999998,BYPASS,BYPASS,RUNNING
516,10.32,1,-5.5999999999999996,-11.101999999999997,2.7999999999999998,5.5999999999999996,-11.101999999999997,2.7999999999999998,BYPASS,BYPASS,RUNNING
516,10.32,1,-5.5999999999999996,-11.101999999999997,2.7999999999999998,5.5999999999999996,-11.101999999999997,2.7999999999999998,BYPASS,BYPASS,RUNNING
516,10.32,1,-5.5999999999999996,-11.101999999999997,2.7999999999999998,5.5999999999999996,-11.101999999999997,2.7999999999999998,BYPASS,BYPASS,RUNNING
516,10.32,1,-5.5999999999999996,-11.101999999999997,2.7999999999999998,5.5999999999999996,-11.101999999999997,2.7999999999999998,BYPASS,BYPASS,RUNNING
516,10.32,1,-5.5999999999999996,-11.101999999999997,2.7999999999999998,5.5999999999999996,-11.101999999999997,2.7999999999999998,BYPASS,BYPASS,RUNNING
516,10.32,1,-5.5999999999999996,-11.101999999999997,2.7999999999999998,5.5999999999999996,-11.101999999999997,2.7999999999999998,BYPASS,BYPASS,RUNNING
516,10.32,1,-5.5999999999999996,-11.101999999999997,2.7999999999999998,5.5999999999999996,-11.101999999999997,2.7999999999999998,BYPASS,BYPASS,RUNNING
516,10.32,1,-5.5999999999999996,-11.101999999999997,2.7999999999999998,5.5999999999999996,-11.101999999999997,2.7999999999999998,BYPASS,BYPASS,RUNNING
516,10.32,1,-5.5999999999999996,-11.101999999999997,2.7999999999999998,5.5999999999999996,-11.101999999999997,2.7999999999999998,BYPASS,BYPASS,RUNNING
516,10.32,1,-5.5999999999999996,-11.101999999999997,2.7999999999999998,5.5999999999999996,-11.101999999999997,2.7999999999999998,BYPASS,BYPASS,RUNNING
516,10.32,1,-5.5999999999999996,-11.101999999999997,2.7999999999999998,5.5999999999999996,-11.101999999999997,2.7999999999999998,BYPASS,BYPASS,RUNNING
516,10.32,1,-5.5999999999999996,-11.101999999999997,2.7999999999999998,5.5999999999999996,-11.101999999999997,2.7999999999999998,BYPASS,BYPASS,RUNNING
516,10.32,1,-5.5999999999999996,-11.101999999999997,2.7999999999999998,5.5999999999999996,-11.101999999999997,2.7999999999999998,BYPASS,BYPASS,RUNNING
516,10.32,1,-5.5999999999999996,-11.101999999999997,2.7999999999999998,5.5999999999999996,-11.101999999999997,2.7999999999999998,BYPASS,BYPASS,RUNNING
516,10.32,1,-5.5999999999999996,-11.101999999999997,2.7999999999999998,5.5999999999999996,-11.101999999999997,2.7999999999999998,BYPASS,BYPASS,RUNNING
516,10.32,1,-5.5999999999999996,-11.101999999999997,2.7999999999999998,5.5999999999999996,-11.101999999999997,2.7999999999999998,BYPASS,BYPASS,RUNNING
516,10.32,1,-5.5999999999999996,-11.101999999999997,2.7999999999999998,5.5999999999999996,-11.101999999999997,2.7999999999999998,BYPASS,BYPASS,RUNNING
516,10.32,1,-5.5999999999999996,-11.101999999999997,2.7999999999999998,5.5999999999999996,-11.101999999999997,2.7999999999999998,BYPASS,BYPASS,RUNNING
516,10.32,1,-5.5999999999999996,-11.101999999999997,2.7999999999999998,5.5999999999999996,-11.101999999999997,2.7999999999999998,BYPASS,BYPASS,RUNNING
516,10.32,1,-5.5999999999999996,-11.101999999999997,2.7999999999999998,5.5999999999999996,-11.101999999999997,2.7999999999999998,BYPASS,BYPASS,RUNNING
516,10.32,1,-5.5999999999999996,-11.101999999999997,2.7999999999999998,5.5999999999999996,-11.101999999999997,2.7999999999999998,BYPASS,BYPASS,RUNNING
516,10.32,1,-5.5999999999999996,-11.101999999999997,2.7999999999999998,5.5999999999999996,-11.101999999999997,2.7999999999999998,BYPASS,BYPASS,RUNNING
516,10.32,1,-5.5999999999999996,-11.101999999999997,2.7999999999999998,5.5999999999999996,-11.101999999999997,2.7999999999999998,BYPASS,BYPASS,RUNNING
516,10.32,1,-5.5999999999999996,-11.101999999999997,2.7999999999999998,5.5999999999999996,-11.101999999999997,2.7999999999999998,BYPASS,BYPASS,RUNNING
516,10.32,1,-5.5999999999999996,-11.101999999999997,2.7999999999999998,5.5999999999999996,-11.101999999999997,2.7999999999999998,BYPASS,BYPASS,RUNNING
516,10.32,1,-5.5999999999999996,-11.101999999999997,2.7999999999999998,5.5999999999999996,-11.101999999999997,2.7999999999999998,BYPASS,BYPASS,RUNNING
516,10.32,1,-5.5999999999999996,-11.101999999999997,2.7999999999999998,5.5999999999999996,-11.101999999999997,2.7999999999999998,BYPASS,BYPASS,RUNNING
516,10.32,1,-5.5999999999999996,-11.101999999999997,2.7999999999999998,5.5999999999999996,-11.101999999999997,2.7999999999999998,BYPASS,BYPASS,RUNNING
516,10.32,1,-5.5999999999999996,-11.101999999999997,2.7999999999999998,5.5999999999999996,-11.101999999999997,2.7999999999999998,BYPASS,BYPASS,RUNNING
516,10.32,1,-5.5999999999999996,-11.101999999999997,2.7999999999999998,5.5999999999999996,-11.101999999999997,2.7999999999999998,BYPASS,BYPASS,RUNNING
516,10.32,1,-5.5999999999999996,-11.101999999999997,2.7999999999999998,5.5999999999999996,-11.101999999999997,2.7999999999999998,BYPASS,BYPASS,RUNNING
516,10.32,1,-5.5999999999999996,-11.101999999999997,2.7999999999999998,5.5999999999999996,-11.101999999999997,2.7999999999999998,BYPASS,BYPASS,RUNNING
516,10.32,1,-5.5999999999999996,-11.101999999999997,2.7999999999999998,5.5999999999999996,-11.101999999999997,2.7999999999999998,BYPASS,BYPASS,RUNNING
516,10.32,1,-5.5999999999999996,-11.101999999999997,2.7999999999999998,5.5999999999999996,-11.101999999999997,2.7999999999999998,BYPASS,BYPASS,RUNNING
516,10.32,1,-5.5999999999999996,-11.101999999999997,2.7999999999999998,5.5999999999999996,-11.101999999999997,2.7999999999999998,BYPASS,BYPASS,RUNNING
516,10.32,1,-5.5999999999999996,-11.101999999999997,2.7999999999999998,5.5999999999999996,-11.101999999999997,2.7999999999999998,BYPASS,BYPASS,RUNNING
516,10.32,1,-5.5999999999999996,-11.101999999999997,2.7999999999999998,5.5999999999999996,-11.101999999999997,2.7999999999999998,BYPASS,BYPASS,RUNNING
516,10.32,1,-5.5999999999999996,-11.101999999999997,2.7999999999999998,5.5999999999999996,-11.101999999999997,2.7999999999999998,BYPASS,BYPASS,RUNNING
516,10.32,1,-5.5999999999999996,-11.101999999999997,2.7999999999999998,5.5999999999999996,-11.101999999999997,2.7999999999999998,BYPASS,BYPASS,RUNNING
516,10.32,1,-5.5999999999999996,-11.101999999999997,2.7999999999999998,5.5999999999999996,-11.101999999999997,2.7999999999999998,BYPASS,BYPASS,RUNNING
516,10.32,1,-5.5999999999999996,-11.101999999999997,2.7999999999999998,5.5999999999999996,-11.101999999999997,2.7999999999999998,BYPASS,BYPASS,RUNNING
516,10.32,1,-5.5999999999999996,-11.101999999999997,2.7999999999999998,5.5999999999999996,-11.101999999999997,2.7999999999999998,BYPASS,BYPASS,RUNNING
516,10.32,1,-5.5999999999999996,-11.101999999999997,2.7999999999999998,5.5999999999999996,-11.101999999999997,2.7999999999999998,BYPASS,BYPASS,RUNNING
516,10.32,1,-5.5999999999999996,-11.101999999999997,2.7999999999999998,5.5999999999999996,-11.101999999999997,2.7999999999999998,BYPASS,BYPASS,RUNNING
516,10.32,1,-5.5999999999999996,-11.101999999999997,2.7999999999999998,5.5999999999999996,-11.101999999999997,2.7999999999999998,BYPASS,BYPASS,RUNNING
516,10.32,1,-5.5999999999999996,-11.101999999999997,2.7999999999999998,5.5999999999999996,-11.101999999999997,2.7999999999999998,BYPASS,BYPASS,RUNNING
516,10.32,1,-5.5999999999999996,-11.101999999999997,2.7999999999999998,5.5999999999999996,-11.101999999999997,2.7999999999999998,BYPASS,BYPASS,RUNNING
516,10.32,1,-5.5999999999999996,-11.101999999999997,2.7999999999999998,5.5999999999999996,-11.101999999999997,2.7999999999999998,BYPASS,BYPASS,RUNNING
516,10.32,1,-5.5999999999999996,-11.101999999999997,2.7999999999999998,5.5999999999999996,-11.101999999999997,2.7999999999999998,BYPASS,BYPASS,RUNNING
516,10.32,1,-5.5999999999999996,-11.101999999999997,2.7999999999999998,5.5999999999999996,-11.101999999999997,2.7999999999999998,BYPASS,BYPASS,RUNNING
516,10.32,1,-5.5999999999999996,-11.101999999999997,2.7999999999999998,5.5999999999999996,-11.101999999999997,2.7999999999999998,BYPASS,BYPASS,RUNNING
516,10.32,1,-5.5999999999999996,-11.101999999999997,2.7999999999999998,5.5999999999999996,-11.101999999999997,2.7999999999999998,BYPASS,BYPASS,RUNNING
516,10.32,1,-5.5999999999999996,-11.101999999999997,2.7999999999999998,5.5999999999999996,-11.101999999999997,2.7999999999999998,BYPASS,BYPASS,RUNNING
516,10.32,1,-5.5999999999999996,-11.101999999999997,2.7999999999999998,5.5999999999999996,-11.101999999999997,2.7999999999999998,BYPASS,BYPASS,RUNNING
516,10.32,1,-5.5999999999999996,-11.101999999999997,2.7999999999999998,5.5999999999999996,-11.101999999999997,2.7999999999999998,BYPASS,BYPASS,RUNNING
516,10.32,1,-5.5999999999999996,-11.101999999999997,2.7999999999999998,5.5999999999999996,-11.101999999999997,2.7999999999999998,BYPASS,BYPASS,RUNNING
516,10.32,1,-5.5999999999999996,-11.101999999999997,2.7999999999999998,5.5999999999999996,-11.101999999999997,2.7999999999999998,BYPASS,BYPASS,RUNNING
516,10.32,1,-5.5999999999999996,-11.101999999999997,2.7999999999999998,5.5999999999999996,-11.101999999999997,2.7999999999999998,BYPASS,BYPASS,RUNNING
516,10.32,1,-5.5999999999999996,-11.101999999999997,2.7999999999999998,5.5999999999999996,-11.101999999999997,2.7999999999999998,BYPASS,BYPASS,RUNNING
516,10.32,1,-5.5999999999999996,-11.101999999999997,2.7999999999999998,5.5999999999999996,-11.101999999999997,2.7999999999999998,BYPASS,BYPASS,RUNNING
516,10.32,1,-5.5999999999999996,-11.101999999999997,2.7999999999999998,5.5999999999999996,-11.101999999999997,2.7999999999999998,BYPASS,BYPASS,RUNNING
516,10.32,1,-5.5999999999999996,-11.101999999999997,2.7999999999999998,5.5999999999999996,-11.101999999999997,2.7999999999999998,BYPASS,BYPASS,RUNNING
516,10.32,1,-5.5999999999999996,-11.101999999999997,2.7999999999999998,5.5999999999999996,-11.101999999999997,2.7999999999999998,BYPASS,BYPASS,RUNNING
516,10.32,1,-5.5999999999999996,-11.101999999999997,2.7999999999999998,5.5999999999999996,-11.101999999999997,2.7999999999999998,BYPASS,BYPASS,RUNNING
516,10.32,1,-5.5999999999999996,-11.101999999999997,2.7999999999999998,5.5999999999999996,-11.101999999999997,2.7999999999999998,BYPASS,BYPASS,RUNNING
516,10.32,1,-5.5999999999999996,-11.101999999999997,2.7999999999999998,5.5999999999999996,-11.101999999999997,2.7999999999999998,BYPASS,BYPASS,RUNNING
516,10.32,1,-5.5999999999999996,-11.101999999999997,2.7999999999999998,5.5999999999999996,-11.101999999999997,2.7999999999999998,BYPASS,BYPASS,RUNNING
516,10.32,1,-5.5999999999999996,-11.101999999999997,2.7999999999999998,5.5999999999999996,-11.101999999999997,2.7999999999999998,BYPASS,BYPASS,RUNNING
516,10.32,1,-5.5999999999999996,-11.101999999999997,2.7999999999999998,5.5999999999999996,-11.101999999999997,2.7999999999999998,BYPASS,BYPASS,RUNNING
516,10.32,1,-5.5999999999999996,-11.101999999999997,2.7999999999999998,5.5999999999999996,-11.101999999999997,2.7999999999999998,BYPASS,BYPASS,RUNNING
516,10.32,1,-5.5999999999999996,-11.101999999999997,2.7999999999999998,5.5999999999999996,-11.101999999999997,2.7999999999999998,BYPASS,BYPASS,RUNNING
516,10.32,1,-5.5999999999999996,-11.101999999999997,2.7999999999999998,5.5999999999999996,-11.101999999999997,2.7999999999999998,BYPASS,BYPASS,RUNNING
516,10.32,1,-5.5999999999999996,-11.101999999999997,2.7999999999999998,5.5999999999999996,-11.101999999999997,2.7999999999999998,BYPASS,BYPASS,RUNNING
516,10.32,1,-5.5999999999999996,-11.101999999999997,2.7999999999999998,5.5999999999999996,-11.101999999999997,2.7999999999999998,BYPASS,BYPASS,RUNNING
516,10.32,1,-5.5999999999999996,-11.101999999999997,2.7999999999999998,5.5999999999999996,-11.101999999999997,2.7999999999999998,BYPASS,BYPASS,RUNNING
516,10.32,1,-5.5999999999999996,-11.101999999999997,2.7999999999999998,5.5999999999999996,-11.101999999999997,2.7999999999999998,BYPASS,BYPASS,RUNNING
516,10.32,1,-5.5999999999999996,-11.101999999999997,2.7999999999999998,5.5999999999999996,-11.101999999999997,2.7999999999999998,BYPASS,BYPASS,RUNNING
516,10.32,1,-5.5999999999999996,-11.101999999999997,2.7999999999999998,5.5999999999999996,-11.101999999999997,2.7999999999999998,BYPASS,BYPASS,RUNNING
516,10.32,1,-5.5999999999999996,-11.101999999999997,2.7999999999999998,5.5999999999999996,-11.101999999999997,2.7999999999999998,BYPASS,BYPASS,RUNNING
516,10.32,1,-5.5999999999999996,-11.101999999999997,2.7999999999999998,5.5999999999999996,-11.101999999999997,2.7999999999999998,BYPASS,BYPASS,RUNNING
516,10.32,1,-5.5999999999999996,-11.101999999999997,2.7999999999999998,5.5999999999999996,-11.101999999999997,2.7999999999999998,BYPASS,BYPASS,RUNNING
516,10.32,1,-5.5999999999999996,-11.101999999999997,2.7999999999999998,5.5999999999999996,-11.101999999999997,2.7999999999999998,BYPASS,BYPASS,RUNNING
516,10.32,1,-5.5999999999999996,-11.101999999999997,2.7999999999999998,5.5999999999999996,-11.101999999999997,2.7999999999999998,BYPASS,BYPASS,RUNNING
516,10.32,1,-5.5999999999999996,-11.101999999999997,2.7999999999999998,5.5999999999999996,-11.101999999999997,2.7999999999999998,BYPASS,BYPASS,RUNNING
516,10.32,1,-5.5999999999999996,-11.101999999999997,2.7999999999999998,5.5999999999999996,-11.101999999999997,2.7999999999999998,BYPASS,BYPASS,RUNNING
516,10.32,1,-5.5999999999999996,-11.101999999999997,2.7999999999999998,5.5999999999999996,-11.101999999999997,2.7999999999999998,BYPASS,BYPASS,RUNNING
516,10.32,1,-5.5999999999999996,-11.101999999999997,2.7999999999999998,5.5999999999999996,-11.101999999999997,2.7999999999999998,BYPASS,BYPASS,RUNNING
516,10.32,1,-5.5999999999999996,-11.101999999999997,2.7999999999999998,5.5999999999999996,-11.101999999999997,2.7999999999999998,BYPASS,BYPASS,RUNNING
516,10.32,1,-5.5999999999999996,-11.101999999999997,2.7999999999999998,5.5999999999999996,-11.101999999999997,2.7999999999999998,BYPASS,BYPASS,RUNNING
516,10.32,1,-5.5999999999999996,-11.101999999999997,2.7999999999999998,5.5999999999999996,-11.101999999999997,2.7999999999999998,BYPASS,BYPASS,RUNNING
516,10.32,1,-5.5999999999999996,-11.101999999999997,2.7999999999999998,5.5999999999999996,-11.101999999999997,2.7999999999999998,BYPASS,BYPASS,RUNNING
516,10.32,1,-5.5999999999999996,-11.101999999999997,2.7999999999999998,5.5999999999999996,-11.101999999999997,2.7999999999999998,BYPASS,BYPASS,RUNNING
516,10.32,1,-5.5999999999999996,-11.101999999999997,2.7999999999999998,5.5999999999999996,-11.101999999999997,2.7999999999999998,BYPASS,BYPASS,RUNNING
516,10.32,1,-5.5999999999999996,-11.101999999999997,2.7999999999999998,5.5999999999999996,-11.101999999999997,2.7999999999999998,BYPASS,BYPASS,RUNNING
516,10.32,1,-5.5999999999999996,-11.101999999999997,2.7999999999999998,5.5999999999999996,-11.101999999999997,2.7999999999999998,BYPASS,BYPASS,RUNNING
516,10.32,1,-5.5999999999999996,-11.101999999999997,2.7999999999999998,5.5999999999999996,-11.101999999999997,2.7999999999999998,BYPASS,BYPASS,RUNNING
516,10.32,1,-5.5999999999999996,-11.101999999999997,2.7999999999999998,5.5999999999999996,-11.101999999999997,2.7999999999999998,BYPASS,BYPASS,RUNNING
516,10.32,1,-5.5999999999999996,-11.101999999999997,2.7999999999999998,5.5999999999999996,-11.101999999999997,2.7999999999999998,BYPASS,BYPASS,RUNNING
516,10.32,1,-5.5999999999999996,-11.101999999999997,2.7999999999999998,5.5999999999999996,-11.101999999999997,2.7999999999999998,BYPASS,BYPASS,RUNNING
516,10.32,1,-5.5999999999999996,-11.101999999999997,2.7999999999999998,5.5999999999999996,-11.101999999999997,2.7999999999999998,BYPASS,BYPASS,RUNNING
516,10.32,1,-5.5999999999999996,-11.101999999999997,2.7999999999999998,5.5999999999999996,-11.101999999999997,2.7999999999999998,BYPASS,BYPASS,RUNNING
516,10.32,1,-5.5999999999999996,-11.101999999999997,2.7999999999999998,5.5999999999999996,-11.101999999999997,2.7999999999999998,BYPASS,BYPASS,RUNNING
516,10.32,1,-5.5999999999999996,-11.101999999999997,2.7999999999999998,5.5999999999999996,-11.101999999999997,2.7999999999999998,BYPASS,BYPASS,RUNNING
516,10.32,1,-5.5999999999999996,-11.101999999999997,2.7999999999999998,5.5999999999999996,-11.101999999999997,2.7999999999999998,BYPASS,BYPASS,RUNNING
516,10.32,1,-5.5999999999999996,-11.101999999999997,2.7999999999999998,5.5999999999999996,-11.101999999999997,2.7999999999999998,BYPASS,BYPASS,RUNNING
516,10.32,1,-5.5999999999999996,-11.101999999999997,2.7999999999999998,5.5999999999999996,-11.101999999999997,2.7999999999999998,BYPASS,BYPASS,RUNNING
516,10.32,1,-5.5999999999999996,-11.101999999999997,2.7999999999999998,5.5999999999999996,-11.101999999999997,2.7999999999999998,BYPASS,BYPASS,RUNNING
516,10.32,1,-5.5999999999999996,-11.101999999999997,2.7999999999999998,5.5999999999999996,-11.101999999999997,2.7999999999999998,BYPASS,BYPASS,RUNNING
516,10.32,1,-5.5999999999999996,-11.101999999999997,2.7999999999999998,5.5999999999999996,-11.101999999999997,2.7999999999999998,BYPASS,BYPASS,RUNNING
516,10.32,1,-5.5999999999999996,-11.101999999999997,2.7999999999999998,5.5999999999999996,-11.101999999999997,2.7999999999999998,BYPASS,BYPASS,RUNNING
516,10.32,1,-5.5999999999999996,-11.101999999999997,2.7999999999999998,5.5999999999999996,-11.101999999999997,2.7999999999999998,BYPASS,BYPASS,RUNNING
516,10.32,1,-5.5999999999999996,-11.101999999999997,2.7999999999999998,5.5999999999999996,-11.101999999999997,2.7999999999999998,BYPASS,BYPASS,RUNNING
516,10.32,1,-5.5999999999999996,-11.101999999999997,2.7999999999999998,5.5999999999999996,-11.101999999999997,2.7999999999999998,BYPASS,BYPASS,RUNNING
516,10.32,1,-5.5999999999999996,-11.101999999999997,2.7999999999999998,5.5999999999999996,-11.101999999999997,2.7999999999999998,BYPASS,BYPASS,RUNNING
516,10.32,1,-5.5999999999999996,-11.101999999999997,2.7999999999999998,5.5999999999999996,-11.101999999999997,2.7999999999999998,BYPASS,BYPASS,RUNNING
516,10.32,1,-5.5999999999999996,-11.101999999999997,2.7999999999999998,5.5999999999999996,-11.101999999999997,2.7999999999999998,BYPASS,BYPASS,RUNNING
516,10.32,1,-5.5999999999999996,-11.101999999999997,2.7999999999999998,5.5999999999999996,-11.101999999999997,2.7999999999999998,BYPASS,BYPASS,RUNNING
516,10.32,1,-5.5999999999999996,-11.101999999999997,2.7999999999999998,5.5999999999999996,-11.101999999999997,2.7999999999999998,BYPASS,BYPASS,RUNNING
516,10.32,1,-5.5999999999999996,-11.101999999999997,2.7999999999999998,5.5999999999999996,-11.101999999999997,2.7999999999999998,BYPASS,BYPASS,RUNNING
516,10.32,1,-5.5999999999999996,-11.101999999999997,2.7999999999999998,5.5999999999999996,-11.101999999999997,2.7999999999999998,BYPASS,BYPASS,RUNNING
516,10.32,1,-5.5999999999999996,-11.101999999999997,2.7999999999999998,5.5999999999999996,-11.101999999999997,2.7999999999999998,BYPASS,BYPASS,RUNNING
516,10.32,1,-5.5999999999999996,-11.101999999999997,2.7999999999999998,5.5999999999999996,-11.101999999999997,2.7999999999999998,BYPASS,BYPASS,RUNNING
516,10.32,1,-5.5999999999999996,-11.101999999999997,2.7999999999999998,5.5999999999999996,-11.101999999999997,2.7999999999999998,BYPASS,BYPASS,RUNNING
516,10.32,1,-5.5999999999999996,-11.101999999999997,2.7999999999999998,5.5999999999999996,-11.101999999999997,2.7999999999999998,BYPASS,BYPASS,RUNNING
516,10.32,1,-5.5999999999999996,-11.101999999999997,2.7999999999999998,5.5999999999999996,-11.101999999999997,2.7999999999999998,BYPASS,BYPASS,RUNNING
516,10.32,1,-5.5999999999999996,-11.101999999999997,2.7999999999999998,5.5999999999999996,-11.101999999999997,2.7999999999999998,BYPASS,BYPASS,RUNNING
516,10.32,1,-5.5999999999999996,-11.101999999999997,2.7999999999999998,5.5999999999999996,-11.101999999999997,2.7999999999999998,BYPASS,BYPASS,RUNNING
516,10.32,1,-5.5999999999999996,-11.101999999999997,2.7999999999999998,5.5999999999999996,-11.101999999999997,2.7999999999999998,BYPASS,BYPASS,RUNNING
516,10.32,1,-5.5999999999999996,-11.101999999999997,2.7999999999999998,5.5999999999999996,-11.101999999999997,2.7999999999999998,BYPASS,BYPASS,RUNNING
516,10.32,1,-5.5999999999999996,-11.101999999999997,2.7999999999999998,5.5999999999999996,-11.101999999999997,2.7999999999999998,BYPASS,BYPASS,RUNNING
516,10.32,1,-5.5999999999999996,-11.101999999999997,2.7999999999999998,5.5999999999999996,-11.101999999999997,2.7999999999999998,BYPASS,BYPASS,RUNNING
516,10.32,1,-5.5999999999999996,-11.101999999999997,2.7999999999999998,5.5999999999999996,-11.101999999999997,2.7999999999999998,BYPASS,BYPASS,RUNNING
516,10.32,1,-5.5999999999999996,-11.101999999999997,2.7999999999999998,5.5999999999999996,-11.101999999999997,2.7999999999999998,BYPASS,BYPASS,RUNNING
516,10.32,1,-5.5999999999999996,-11.101999999999997,2.7999999999999998,5.5999999999999996,-11.101999999999997,2.7999999999999998,BYPASS,BYPASS,RUNNING
516,10.32,1,-5.5999999999999996,-11.101999999999997,2.7999999999999998,5.5999999999999996,-11.101999999999997,2.7999999999999998,BYPASS,BYPASS,RUNNING
516,10.32,1,-5.5999999999999996,-11.101999999999997,2.7999999999999998,5.5999999999999996,-11.101999999999997,2.7999999999999998,BYPASS,BYPASS,RUNNING
516,10.32,1,-5.5999999999999996,-11.101999999999997,2.7999999999999998,5.5999999999999996,-11.101999999999997,2.7999999999999998,BYPASS,BYPASS,RUNNING
516,10.32,1,-5.5999999999999996,-11.101999999999997,2.7999999999999998,5.5999999999999996,-11.101999999999997,2.7999999999999998,BYPASS,BYPASS,RUNNING
516,10.32,1,-5.5999999999999996,-11.101999999999997,2.7999999999999998,5.5999999999999996,-11.101999999999997,2.7999999999999998,BYPASS,BYPASS,RUNNING
516,10.32,1,-5.5999999999999996,-11.101999999999997,2.7999999999999998,5.5999999999999996,-11.101999999999997,2.7999999999999998,BYPASS,BYPASS,RUNNING
516,10.32,1,-5.5999999999999996,-11.101999999999997,2.7999999999999998,5.5999999999999996,-11.101999999999997,2.7999999999999998,BYPASS,BYPASS,RUNNING
516,10.32,1,-5.5999999999999996,-11.101999999999997,2.7999999999999998,5.5999999999999996,-11.101999999999997,2.7999999999999998,BYPASS,BYPASS,RUNNING
516,10.32,1,-5.5999999999999996,-11.101999999999997,2.7999999999999998,5.5999999999999996,-11.101999999999997,2.7999999999999998,BYPASS,BYPASS,RUNNING
516,10.32,1,-5.5999999999999996,-11.101999999999997,2.7999999999999998,5.5999999999999996,-11.101999999999997,2.7999999999999998,BYPASS,BYPASS,RUNNING
516,10.32,1,-5.5999999999999996,-11.101999999999997,2.7999999999999998,5.5999999999999996,-11.101999999999997,2.7999999999999998,BYPASS,BYPASS,RUNNING
516,10.32,1,-5.5999999999999996,-11.101999999999997,2.7999999999999998,5.5999999999999996,-11.101999999999997,2.7999999999999998,BYPASS,BYPASS,RUNNING
516,10.32,1,-5.5999999999999996,-11.101999999999997,2.7999999999999998,5.5999999999999996,-11.101999999999997,2.7999999999999998,BYPASS,BYPASS,RUNNING
516,10.32,1,-5.5999999999999996,-11.101999999999997,2.7999999999999998,5.5999999999999996,-11.101999999999997,2.7999999999999998,BYPASS,BYPASS,RUNNING
516,10.32,1,-5.5999999999999996,-11.101999999999997,2.7999999999999998,5.5999999999999996,-11.101999999999997,2.7999999999999998,BYPASS,BYPASS,RUNNING
516,10.32,1,-5.5999999999999996,-11.101999999999997,2.7999999999999998,5.5999999999999996,-11.101999999999997,2.7999999999999998,BYPASS,BYPASS,RUNNING
516,10.32,1,-5.5999999999999996,-11.101999999999997,2.7999999999999998,5.5999999999999996,-11.101999999999997,2.7999999999999998,BYPASS,BYPASS,RUNNING
516,10.32,1,-5.5999999999999996,-11.101999999999997,2.7999999999999998,5.5999999999999996,-11.101999999999997,2.7999999999999998,BYPASS,BYPASS,RUNNING
516,10.32,1,-5.5999999999999996,-11.101999999999997,2.7999999999999998,5.5999999999999996,-11.101999999999997,2.7999999999999998,BYPASS,BYPASS,RUNNING
516,10.32,1,-5.5999999999999996,-11.101999999999997,2.7999999999999998,5.5999999999999996,-11.101999999999997,2.7999999999999998,BYPASS,BYPASS,RUNNING
516,10.32,1,-5.5999999999999996,-11.101999999999997,2.7999999999999998,5.5999999999999996,-11.101999999999997,2.7999999999999998,BYPASS,BYPASS,RUNNING
516,10.32,1,-5.5999999999999996,-11.101999999999997,2.7999999999999998,5.5999999999999996,-11.101999999999997,2.7999999999999998,BYPASS,BYPASS,RUNNING
516,10.32,1,-5.5999999999999996,-11.101999999999997,2.7999999999999998,5.5999999999999996,-11.101999999999997,2.7999999999999998,BYPASS,BYPASS,RUNNING
516,10.32,1,-5.5999999999999996,-11.101999999999997,2.7999999999999998,5.5999999999999996,-11.101999999999997,2.7999999999999998,BYPASS,BYPASS,RUNNING
516,10.32,1,-5.5999999999999996,-11.101999999999997,2.7999999999999998,5.5999999999999996,-11.101999999999997,2.7999999999999998,BYPASS,BYPASS,RUNNING
516,10.32,1,-5.5999999999999996,-11.101999999999997,2.7999999999999998,5.5999999999999996,-11.101999999999997,2.7999999999999998,BYPASS,BYPASS,RUNNING
516,10.32,1,-5.5999999999999996,-11.101999999999997,2.7999999999999998,5.5999999999999996,-11.101999999999997,2.7999999999999998,BYPASS,BYPASS,RUNNING
516,10.32,1,-5.5999999999999996,-11.101999999999997,2.7999999999999998,5.5999999999999996,-11.101999999999997,2.7999999999999998,BYPASS,BYPASS,RUNNING
516,10.32,1,-5.5999999999999996,-11.101999999999997,2.7999999999999998,5.5999999999999996,-11.101999999999997,2.7999999999999998,BYPASS,BYPASS,RUNNING
516,10.32,1,-5.5999999999999996,-11.101999999999997,2.7999999999999998,5.5999999999999996,-11.101999999999997,2.7999999999999998,BYPASS,BYPASS,RUNNING
516,10.32,1,-5.5999999999999996,-11.101999999999997,2.7999999999999998,5.5999999999999996,-11.101999999999997,2.7999999999999998,BYPASS,BYPASS,RUNNING
516,10.32,1,-5.5999999999999996,-11.101999999999997,2.7999999999999998,5.5999999999999996,-11.101999999999997,2.7999999999999998,BYPASS,BYPASS,RUNNING
516,10.32,1,-5.5999999999999996,-11.101999999999997,2.7999999999999998,5.5999999999999996,-11.101999999999997,2.7999999999999998,BYPASS,BYPASS,RUNNING
516,10.32,1,-5.5999999999999996,-11.101999999999997,2.7999999999999998,5.5999999999999996,-11.101999999999997,2.7999999999999998,BYPASS,BYPASS,RUNNING
516,10.32,1,-5.5999999999999996,-11.101999999999997,2.7999999999999998,5.5999999999999996,-11.101999999999997,2.7999999999999998,BYPASS,BYPASS,RUNNING
516,10.32,1,-5.5999999999999996,-11.101999999999997,2.7999999999999998,5.5999999999999996,-11.101999999999997,2.7999999999999998,BYPASS,BYPASS,RUNNING
516,10.32,1,-5.5999999999999996,-11.101999999999997,2.7999999999999998,5.5999999999999996,-11.101999999999997,2.7999999999999998,BYPASS,BYPASS,RUNNING
516,10.32,1,-5.5999999999999996,-11.101999999999997,2.7999999999999998,5.5999999999999996,-11.101999999999997,2.7999999999999998,BYPASS,BYPASS,RUNNING
516,10.32,1,-5.5999999999999996,-11.101999999999997,2.7999999999999998,5.5999999999999996,-11.101999999999997,2.7999999999999998,BYPASS,BYPASS,RUNNING
516,10.32,1,-5.5999999999999996,-11.101999999999997,2.7999999999999998,5.5999999999999996,-11.101999999999997,2.7999999999999998,BYPASS,BYPASS,RUNNING
516,10.32,1,-5.5999999999999996,-11.101999999999997,2.7999999999999998,5.5999999999999996,-11.101999999999997,2.7999999999999998,BYPASS,BYPASS,RUNNING
516,10.32,1,-5.5999999999999996,-11.101999999999997,2.7999999999999998,5.5999999999999996,-11.101999999999997,2.7999999999999998,BYPASS,BYPASS,RUNNING
516,10.32,1,-5.5999999999999996,-11.101999999999997,2.7999999999999998,5.5999999999999996,-11.101999999999997,2.7999999999999998,BYPASS,BYPASS,RUNNING
516,10.32,1,-5.5999999999999996,-11.101999999999997,2.7999999999999998,5.5999999999999996,-11.101999999999997,2.7999999999999998,BYPASS,BYPASS,RUNNING
516,10.32,1,-5.5999999999999996,-11.101999999999997,2.7999999999999998,5.5999999999999996,-11.101999999999997,2.7999999999999998,BYPASS,BYPASS,RUNNING
516,10.32,1,-5.5999999999999996,-11.101999999999997,2.7999999999999998,5.5999999999999996,-11.101999999999997,2.7999999999999998,BYPASS,BYPASS,RUNNING
516,10.32,1,-5.5999999999999996,-11.101999999999997,2.7999999999999998,5.5999999999999996,-11.101999999999997,2.7999999999999998,BYPASS,BYPASS,RUNNING
516,10.32,1,-5.5999999999999996,-11.101999999999997,2.7999999999999998,5.5999999999999996,-11.101999999999997,2.7999999999999998,BYPASS,BYPASS,RUNNING
516,10.32,1,-5.5999999999999996,-11.101999999999997,2.7999999999999998,5.5999999999999996,-11.101999999999997,2.7999999999999998,BYPASS,BYPASS,RUNNING
516,10.32,1,-5.5999999999999996,-11.101999999999997,2.7999999999999998,5.5999999999999996,-11.101999999999997,2.7999999999999998,BYPASS,BYPASS,RUNNING
516,10.32,1,-5.5999999999999996,-11.101999999999997,2.7999999999999998,5.5999999999999996,-11.101999999999997,2.7999999999999998,BYPASS,BYPASS,RUNNING
516,10.32,1,-5.5999999999999996,-11.101999999999997,2.7999999999999998,5.5999999999999996,-11.101999999999997,2.7999999999999998,BYPASS,BYPASS,RUNNING
516,10.32,1,-5.5999999999999996,-11.101999999999997,2.7999999999999998,5.5999999999999996,-11.101999999999997,2.7999999999999998,BYPASS,BYPASS,RUNNING
516,10.32,1,-5.5999999999999996,-11.101999999999997,2.7999999999999998,5.5999999999999996,-11.101999999999997,2.7999999999999998,BYPASS,BYPASS,RUNNING
516,10.32,1,-5.5999999999999996,-11.101999999999997,2.7999999999999998,5.5999999999999996,-11.101999999999997,2.7999999999999998,BYPASS,BYPASS,RUNNING
516,10.32,1,-5.5999999999999996,-11.101999999999997,2.7999999999999998,5.5999999999999996,-11.101999999999997,2.7999999999999998,BYPASS,BYPASS,RUNNING
516,10.32,1,-5.5999999999999996,-11.101999999999997,2.7999999999999998,5.5999999999999996,-11.101999999999997,2.7999999999999998,BYPASS,BYPASS,RUNNING
516,10.32,1,-5.5999999999999996,-11.101999999999997,2.7999999999999998,5.5999999999999996,-11.101999999999997,2.7999999999999998,BYPASS,BYPASS,RUNNING
516,10.32,1,-5.5999999999999996,-11.101999999999997,2.7999999999999998,5.5999999999999996,-11.101999999999997,2.7999999999999998,BYPASS,BYPASS,RUNNING
516,10.32,1,-5.5999999999999996,-11.101999999999997,2.7999999999999998,5.5999999999999996,-11.101999999999997,2.7999999999999998,BYPASS,BYPASS,RUNNING
516,10.32,1,-5.5999999999999996,-11.101999999999997,2.7999999999999998,5.5999999999999996,-11.101999999999997,2.7999999999999998,BYPASS,BYPASS,RUNNING
516,10.32,1,-5.5999999999999996,-11.101999999999997,2.7999999999999998,5.5999999999999996,-11.101999999999997,2.7999999999999998,BYPASS,BYPASS,RUNNING
516,10.32,1,-5.5999999999999996,-11.101999999999997,2.7999999999999998,5.5999999999999996,-11.101999999999997,2.7999999999999998,BYPASS,BYPASS,RUNNING
516,10.32,1,-5.5999999999999996,-11.101999999999997,2.7999999999999998,5.5999999999999996,-11.101999999999997,2.7999999999999998,BYPASS,BYPASS,RUNNING
516,10.32,1,-5.5999999999999996,-11.101999999999997,2.7999999999999998,5.5999999999999996,-11.101999999999997,2.7999999999999998,BYPASS,BYPASS,RUNNING
516,10.32,1,-5.5999999999999996,-11.101999999999997,2.7999999999999998,5.5999999999999996,-11.101999999999997,2.7999999999999998,BYPASS,BYPASS,RUNNING
516,10.32,1,-5.5999999999999996,-11.101999999999997,2.7999999999999998,5.5999999999999996,-11.101999999999997,2.7999999999999998,BYPASS,BYPASS,RUNNING
516,10.32,1,-5.5999999999999996,-11.101999999999997,2.7999999999999998,5.5999999999999996,-11.101999999999997,2.7999999999999998,BYPASS,BYPASS,RUNNING
516,10.32,1,-5.5999999999999996,-11.101999999999997,2.7999999999999998,5.5999999999999996,-11.101999999999997,2.7999999999999998,BYPASS,BYPASS,RUNNING
516,10.32,1,-5.5999999999999996,-11.101999999999997,2.7999999999999998,5.5999999999999996,-11.101999999999997,2.7999999999999998,BYPASS,BYPASS,RUNNING
516,10.32,1,-5.5999999999999996,-11.101999999999997,2.7999999999999998,5.5999999999999996,-11.101999999999997,2.7999999999999998,BYPASS,BYPASS,RUNNING
516,10.32,1,-5.5999999999999996,-11.101999999999997,2.7999999999999998,5.5999999999999996,-11.101999999999997,2.7999999999999998,BYPASS,BYPASS,RUNNING
516,10.32,1,-5.5999999999999996,-11.101999999999997,2.7999999999999998,5.5999999999999996,-11.101999999999997,2.7999999999999998,BYPASS,BYPASS,RUNNING
516,10.32,1,-5.5999999999999996,-11.101999999999997,2.7999999999999998,5.5999999999999996,-11.101999999999997,2.7999999999999998,BYPASS,BYPASS,RUNNING
516,10.32,1,-5.5999999999999996,-11.101999999999997,2.7999999999999998,5.5999999999999996,-11.101999999999997,2.7999999999999998,BYPASS,BYPASS,RUNNING
516,10.32,1,-5.5999999999999996,-11.101999999999997,2.7999999999999998,5.5999999999999996,-11.101999999999997,2.7999999999999998,BYPASS,BYPASS,RUNNING
516,10.32,1,-5.5999999999999996,-11.101999999999997,2.7999999999999998,5.5999999999999996,-11.101999999999997,2.7999999999999998,BYPASS,BYPASS,RUNNING
516,10.32,1,-5.5999999999999996,-11.101999999999997,2.7999999999999998,5.5999999999999996,-11.101999999999997,2.7999999999999998,BYPASS,BYPASS,RUNNING
516,10.32,1,-5.5999999999999996,-11.101999999999997,2.7999999999999998,5.5999999999999996,-11.101999999999997,2.7999999999999998,BYPASS,BYPASS,RUNNING
516,10.32,1,-5.5999999999999996,-11.101999999999997,2.7999999999999998,5.5999999999999996,-11.101999999999997,2.7999999999999998,BYPASS,BYPASS,RUNNING
516,10.32,1,-5.5999999999999996,-11.101999999999997,2.7999999999999998,5.5999999999999996,-11.101999999999997,2.7999999999999998,BYPASS,BYPASS,RUNNING
516,10.32,1,-5.5999999999999996,-11.101999999999997,2.7999999999999998,5.5999999999999996,-11.101999999999997,2.7999999999999998,BYPASS,BYPASS,RUNNING
516,10.32,1,-5.5999999999999996,-11.101999999999997,2.7999999999999998,5.5999999999999996,-11.101999999999997,2.7999999999999998,BYPASS,BYPASS,RUNNING
516,10.32,1,-5.5999999999999996,-11.101999999999997,2.7999999999999998,5.5999999999999996,-11.101999999999997,2.7999999999999998,BYPASS,BYPASS,RUNNING
516,10.32,1,-5.5999999999999996,-11.101999999999997,2.7999999999999998,5.5999999999999996,-11.101999999999997,2.7999999999999998,BYPASS,BYPASS,RUNNING
516,10.32,1,-5.5999999999999996,-11.101999999999997,2.7999999999999998,5.5999999999999996,-11.101999999999997,2.7999999999999998,BYPASS,BYPASS,RUNNING
516,10.32,1,-5.5999999999999996,-11.101999999999997,2.7999999999999998,5.5999999999999996,-11.101999999999997,2.7999999999999998,BYPASS,BYPASS,RUNNING
516,10.32,1,-5.5999999999999996,-11.101999999999997,2.7999999999999998,5.5999999999999996,-11.101999999999997,2.7999999999999998,BYPASS,BYPASS,RUNNING
516,10.32,1,-5.5999999999999996,-11.101999999999997,2.7999999999999998,5.5999999999999996,-11.101999999999997,2.7999999999999998,BYPASS,BYPASS,RUNNING
516,10.32,1,-5.5999999999999996,-11.101999999999997,2.7999999999999998,5.5999999999999996,-11.101999999999997,2.7999999999999998,BYPASS,BYPASS,RUNNING
516,10.32,1,-5.5999999999999996,-11.101999999999997,2.7999999999999998,5.5999999999999996,-11.101999999999997,2.7999999999999998,BYPASS,BYPASS,RUNNING
516,10.32,1,-5.5999999999999996,-11.101999999999997,2.7999999999999998,5.5999999999999996,-11.101999999999997,2.7999999999999998,BYPASS,BYPASS,RUNNING
516,10.32,1,-5.5999999999999996,-11.101999999999997,2.7999999999999998,5.5999999999999996,-11.101999999999997,2.7999999999999998,BYPASS,BYPASS,RUNNING
516,10.32,1,-5.5999999999999996,-11.101999999999997,2.7999999999999998,5.5999999999999996,-11.101999999999997,2.7999999999999998,BYPASS,BYPASS,RUNNING
516,10.32,1,-5.5999999999999996,-11.101999999999997,2.7999999999999998,5.5999999999999996,-11.101999999999997,2.7999999999999998,BYPASS,BYPASS,RUNNING
516,10.32,1,-5.5999999999999996,-11.101999999999997,2.7999999999999998,5.5999999999999996,-11.101999999999997,2.7999999999999998,BYPASS,BYPASS,RUNNING
516,10.32,1,-5.5999999999999996,-11.101999999999997,2.7999999999999998,5.5999999999999996,-11.101999999999997,2.7999999999999998,BYPASS,BYPASS,RUNNING
516,10.32,1,-5.5999999999999996,-11.101999999999997,2.7999999999999998,5.5999999999999996,-11.101999999999997,2.7999999999999998,BYPASS,BYPASS,RUNNING
516,10.32,1,-5.5999999999999996,-11.101999999999997,2.7999999999999998,5.5999999999999996,-11.101999999999997,2.7999999999999998,BYPASS,BYPASS,RUNNING
516,10.32,1,-5.5999999999999996,-11.101999999999997,2.7999999999999998,5.5999999999999996,-11.101999999999997,2.7999999999999998,BYPASS,BYPASS,RUNNING
516,10.32,1,-5.5999999999999996,-11.101999999999997,2.7999999999999998,5.5999999999999996,-11.101999999999997,2.7999999999999998,BYPASS,BYPASS,RUNNING
516,10.32,1,-5.5999999999999996,-11.101999999999997,2.7999999999999998,5.5999999999999996,-11.101999999999997,2.7999999999999998,BYPASS,BYPASS,RUNNING
516,10.32,1,-5.5999999999999996,-11.101999999999997,2.7999999999999998,5.5999999999999996,-11.101999999999997,2.7999999999999998,BYPASS,BYPASS,RUNNING
516,10.32,1,-5.5999999999999996,-11.101999999999997,2.7999999999999998,5.5999999999999996,-11.101999999999997,2.7999999999999998,BYPASS,BYPASS,RUNNING
516,10.32,1,-5.5999999999999996,-11.101999999999997,2.7999999999999998,5.5999999999999996,-11.101999999999997,2.7999999999999998,BYPASS,BYPASS,RUNNING
516,10.32,1,-5.5999999999999996,-11.101999999999997,2.7999999999999998,5.5999999999999996,-11.101999999999997,2.7999999999999998,BYPASS,BYPASS,RUNNING
516,10.32,1,-5.5999999999999996,-11.101999999999997,2.7999999999999998,5.5999999999999996,-11.101999999999997,2.7999999999999998,BYPASS,BYPASS,RUNNING
516,10.32,1,-5.5999999999999996,-11.101999999999997,2.7999999999999998,5.5999999999999996,-11.101999999999997,2.7999999999999998,BYPASS,BYPASS,RUNNING
516,10.32,1,-5.5999999999999996,-11.101999999999997,2.7999999999999998,5.5999999999999996,-11.101999999999997,2.7999999999999998,BYPASS,BYPASS,RUNNING
516,10.32,1,-5.5999999999999996,-11.101999999999997,2.7999999999999998,5.5999999999999996,-11.101999999999997,2.7999999999999998,BYPASS,BYPASS,RUNNING
516,10.32,1,-5.5999999999999996,-11.101999999999997,2.7999999999999998,5.5999999999999996,-11.101999999999997,2.7999999999999998,BYPASS,BYPASS,RUNNING
516,10.32,1,-5.5999999999999996,-11.101999999999997,2.7999999999999998,5.5999999999999996,-11.101999999999997,2.7999999999999998,BYPASS,BYPASS,RUNNING
516,10.32,1,-5.5999999999999996,-11.101999999999997,2.7999999999999998,5.5999999999999996,-11.101999999999997,2.7999999999999998,BYPASS,BYPASS,RUNNING
516,10.32,1,-5.5999999999999996,-11.101999999999997,2.7999999999999998,5.5999999999999996,-11.101999999999997,2.7999999999999998,BYPASS,BYPASS,RUNNING
516,10.32,1,-5.5999999999999996,-11.101999999999997,2.7999999999999998,5.5999999999999996,-11.101999999999997,2.7999999999999998,BYPASS,BYPASS,RUNNING
516,10.32,1,-5.5999999999999996,-11.101999999999997,2.7999999999999998,5.5999999999999996,-11.101999999999997,2.7999999999999998,BYPASS,BYPASS,RUNNING
516,10.32,1,-5.5999999999999996,-11.101999999999997,2.7999999999999998,5.5999999999999996,-11.101999999999997,2.7999999999999998,BYPASS,BYPASS,RUNNING
516,10.32,1,-5.5999999999999996,-11.101999999999997,2.7999999999999998,5.5999999999999996,-11.101999999999997,2.7999999999999998,BYPASS,BYPASS,RUNNING
516,10.32,1,-5.5999999999999996,-11.101999999999997,2.7999999999999998,5.5999999999999996,-11.101999999999997,2.7999999999999998,BYPASS,BYPASS,RUNNING
516,10.32,1,-5.5999999999999996,-11.101999999999997,2.7999999999999998,5.5999999999999996,-11.101999999999997,2.7999999999999998,BYPASS,BYPASS,RUNNING
516,10.32,1,-5.5999999999999996,-11.101999999999997,2.7999999999999998,5.5999999999999996,-11.101999999999997,2.7999999999999998,BYPASS,BYPASS,RUNNING
516,10.32,1,-5.5999999999999996,-11.101999999999997,2.7999999999999998,5.5999999999999996,-11.101999999999997,2.7999999999999998,BYPASS,BYPASS,RUNNING
516,10.32,1,-5.5999999999999996,-11.101999999999997,2.7999999999999998,5.5999999999999996,-11.101999999999997,2.7999999999999998,BYPASS,BYPASS,RUNNING
516,10.32,1,-5.5999999999999996,-11.101999999999997,2.7999999999999998,5.5999999999999996,-11.101999999999997,2.7999999999999998,BYPASS,BYPASS,RUNNING
516,10.32,1,-5.5999999999999996,-11.101999999999997,2.7999999999999998,5.5999999999999996,-11.101999999999997,2.7999999999999998,BYPASS,BYPASS,RUNNING
516,10.32,1,-5.5999999999999996,-11.101999999999997,2.7999999999999998,5.5999999999999996,-11.101999999999997,2.7999999999999998,BYPASS,BYPASS,RUNNING
516,10.32,1,-5.5999999999999996,-11.101999999999997,2.7999999999999998,5.5999999999999996,-11.101999999999997,2.7999999999999998,BYPASS,BYPASS,RUNNING
516,10.32,1,-5.5999999999999996,-11.101999999999997,2.7999999999999998,5.5999999999999996,-11.101999999999997,2.7999999999999998,BYPASS,BYPASS,RUNNING
516,10.32,1,-5.5999999999999996,-11.101999999999997,2.7999999999999998,5.5999999999999996,-11.101999999999997,2.7999999999999998,BYPASS,BYPASS,RUNNING
516,10.32,1,-5.5999999999999996,-11.101999999999997,2.7999999999999998,5.5999999999999996,-11.101999999999997,2.7999999999999998,BYPASS,BYPASS,RUNNING
516,10.32,1,-5.5999999999999996,-11.101999999999997,2.7999999999999998,5.5999999999999996,-11.101999999999997,2.7999999999999998,BYPASS,BYPASS,RUNNING
516,10.32,1,-5.5999999999999996,-11.101999999999997,2.7999999999999998,5.5999999999999996,-11.101999999999997,2.7999999999999998,BYPASS,BYPASS,RUNNING
516,10.32,1,-5.5999999999999996,-11.101999999999997,2.7999999999999998,5.5999999999999996,-11.101999999999997,2.7999999999999998,BYPASS,BYPASS,RUNNING
516,10.32,1,-5.5999999999999996,-11.101999999999997,2.7999999999999998,5.5999999999999996,-11.101999999999997,2.7999999999999998,BYPASS,BYPASS,RUNNING
516,10.32,1,-5.5999999999999996,-11.101999999999997,2.7999999999999998,5.5999999999999996,-11.101999999999997,2.7999999999999998,BYPASS,BYPASS,RUNNING
516,10.32,1,-5.5999999999999996,-11.101999999999997,2.7999999999999998,5.5999999999999996,-11.101999999999997,2.7999999999999998,BYPASS,BYPASS,RUNNING
516,10.32,1,-5.5999999999999996,-11.101999999999997,2.7999999999999998,5.5999999999999996,-11.101999999999997,2.7999999999999998,BYPASS,BYPASS,RUNNING
516,10.32,1,-5.5999999999999996,-11.101999999999997,2.7999999999999998,5.5999999999999996,-11.101999999999997,2.7999999999999998,BYPASS,BYPASS,RUNNING
516,10.32,1,-5.5999999999999996,-11.101999999999997,2.7999999999999998,5.5999999999999996,-11.101999999999997,2.7999999999999998,BYPASS,BYPASS,RUNNING
516,10.32,1,-5.5999999999999996,-11.101999999999997,2.7999999999999998,5.5999999999999996,-11.101999999999997,2.7999999999999998,BYPASS,BYPASS,RUNNING
516,10.32,1,-5.5999999999999996,-11.101999999999997,2.7999999999999998,5.5999999999999996,-11.101999999999997,2.7999999999999998,BYPASS,BYPASS,RUNNING
516,10.32,1,-5.5999999999999996,-11.101999999999997,2.7999999999999998,5.5999999999999996,-11.101999999999997,2.7999999999999998,BYPASS,BYPASS,RUNNING
516,10.32,1,-5.5999999999999996,-11.101999999999997,2.7999999999999998,5.5999999999999996,-11.101999999999997,2.7999999999999998,BYPASS,BYPASS,RUNNING
516,10.32,1,-5.5999999999999996,-11.101999999999997,2.7999999999999998,5.5999999999999996,-11.101999999999997,2.7999999999999998,BYPASS,BYPASS,RUNNING
516,10.32,1,-5.5999999999999996,-11.101999999999997,2.7999999999999998,5.5999999999999996,-11.101999999999997,2.7999999999999998,BYPASS,BYPASS,RUNNING
516,10.32,1,-5.5999999999999996,-11.101999999999997,2.7999999999999998,5.5999999999999996,-11.101999999999997,2.7999999999999998,BYPASS,BYPASS,RUNNING
516,10.32,1,-5.5999999999999996,-11.101999999999997,2.7999999999999998,5.5999999999999996,-11.101999999999997,2.7999999999999998,BYPASS,BYPASS,RUNNING
516,10.32,1,-5.5999999999999996,-11.101999999999997,2.7999999999999998,5.5999999999999996,-11.101999999999997,2.7999999999999998,BYPASS,BYPASS,RUNNING
516,10.32,1,-5.5999999999999996,-11.101999999999997,2.7999999999999998,5.5999999999999996,-11.101999999999997,2.7999999999999998,BYPASS,BYPASS,RUNNING
516,10.32,1,-5.5999999999999996,-11.101999999999997,2.7999999999999998,5.5999999999999996,-11.101999999999997,2.7999999999999998,BYPASS,BYPASS,RUNNING
516,10.32,1,-5.5999999999999996,-11.101999999999997,2.7999999999999998,5.5999999999999996,-11.101999999999997,2.7999999999999998,BYPASS,BYPASS,RUNNING
516,10.32,1,-5.5999999999999996,-11.101999999999997,2.7999999999999998,5.5999999999999996,-11.101999999999997,2.7999999999999998,BYPASS,BYPASS,RUNNING
516,10.32,1,-5.5999999999999996,-11.101999999999997,2.7999999999999998,5.5999999999999996,-11.101999999999997,2.7999999999999998,BYPASS,BYPASS,RUNNING
516,10.32,1,-5.5999999999999996,-11.101999999999997,2.7999999999999998,5.5999999999999996,-11.101999999999997,2.7999999999999998,BYPASS,BYPASS,RUNNING
516,10.32,1,-5.5999999999999996,-11.101999999999997,2.7999999999999998,5.5999999999999996,-11.101999999999997,2.7999999999999998,BYPASS,BYPASS,RUNNING
516,10.32,1,-5.5999999999999996,-11.101999999999997,2.7999999999999998,5.5999999999999996,-11.101999999999997,2.7999999999999998,BYPASS,BYPASS,RUNNING
516,10.32,1,-5.5999999999999996,-11.101999999999997,2.7999999999999998,5.5999999999999996,-11.101999999999997,2.7999999999999998,BYPASS,BYPASS,RUNNING
516,10.32,1,-5.5999999999999996,-11.101999999999997,2.7999999999999998,5.5999999999999996,-11.101999999999997,2.7999999999999998,BYPASS,BYPASS,RUNNING
516,10.32,1,-5.5999999999999996,-11.101999999999997,2.7999999999999998,5.5999999999999996,-11.101999999999997,2.7999999999999998,BYPASS,BYPASS,RUNNING
516,10.32,1,-5.5999999999999996,-11.101999999999997,2.7999999999999998,5.5999999999999996,-11.101999999999997,2.7999999999999998,BYPASS,BYPASS,RUNNING
516,10.32,1,-5.5999999999999996,-11.101999999999997,2.7999999999999998,5.5999999999999996,-11.101999999999997,2.7999999999999998,BYPASS,BYPASS,RUNNING
516,10.32,1,-5.5999999999999996,-11.101999999999997,2.7999999999999998,5.5999999999999996,-11.101999999999997,2.7999999999999998,BYPASS,BYPASS,RUNNING
516,10.32,1,-5.5999999999999996,-11.101999999999997,2.7999999999999998,5.5999999999999996,-11.101999999999997,2.7999999999999998,BYPASS,BYPASS,RUNNING
516,10.32,1,-5.5999999999999996,-11.101999999999997,2.7999999999999998,5.5999999999999996,-11.101999999999997,2.7999999999999998,BYPASS,BYPASS,RUNNING
516,10.32,1,-5.5999999999999996,-11.101999999999997,2.7999999999999998,5.5999999999999996,-11.101999999999997,2.7999999999999998,BYPASS,BYPASS,RUNNING
516,10.32,1,-5.5999999999999996,-11.101999999999997,2.7999999999999998,5.5999999999999996,-11.101999999999997,2.7999999999999998,BYPASS,BYPASS,RUNNING
516,10.32,1,-5.5999999999999996,-11.101999999999997,2.7999999999999998,5.5999999999999996,-11.101999999999997,2.7999999999999998,BYPASS,BYPASS,RUNNING
516,10.32,1,-5.5999999999999996,-11.101999999999997,2.7999999999999998,5.5999999999999996,-11.101999999999997,2.7999999999999998,BYPASS,BYPASS,RUNNING
516,10.32,1,-5.5999999999999996,-11.101999999999997,2.7999999999999998,5.5999999999999996,-11.101999999999997,2.7999999999999998,BYPASS,BYPASS,RUNNING
516,10.32,1,-5.5999999999999996,-11.101999999999997,2.7999999999999998,5.5999999999999996,-11.101999999999997,2.7999999999999998,BYPASS,BYPASS,RUNNING
516,10.32,1,-5.5999999999999996,-11.101999999999997,2.7999999999999998,5.5999999999999996,-11.101999999999997,2.7999999999999998,BYPASS,BYPASS,RUNNING
516,10.32,1,-5.5999999999999996,-11.101999999999997,2.7999999999999998,5.5999999999999996,-11.101999999999997,2.7999999999999998,BYPASS,BYPASS,RUNNING
516,10.32,1,-5.5999999999999996,-11.101999999999997,2.7999999999999998,5.5999999999999996,-11.101999999999997,2.7999999999999998,BYPASS,BYPASS,RUNNING
516,10.32,1,-5.5999999999999996,-11.101999999999997,2.7999999999999998,5.5999999999999996,-11.101999999999997,2.7999999999999998,BYPASS,BYPASS,RUNNING
516,10.32,1,-5.5999999999999996,-11.101999999999997,2.7999999999999998,5.5999999999999996,-11.101999999999997,2.7999999999999998,BYPASS,BYPASS,RUNNING
516,10.32,1,-5.5999999999999996,-11.101999999999997,2.7999999999999998,5.5999999999999996,-11.101999999999997,2.7999999999999998,BYPASS,BYPASS,RUNNING
516,10.32,1,-5.5999999999999996,-11.101999999999997,2.7999999999999998,5.5999999999999996,-11.101999999999997,2.7999999999999998,BYPASS,BYPASS,RUNNING
516,10.32,1,-5.5999999999999996,-11.101999999999997,2.7999999999999998,5.5999999999999996,-11.101999999999997,2.7999999999999998,BYPASS,BYPASS,RUNNING
516,10.32,1,-5.5999999999999996,-11.101999999999997,2.7999999999999998,5.5999999999999996,-11.101999999999997,2.7999999999999998,BYPASS,BYPASS,RUNNING
516,10.32,1,-5.5999999999999996,-11.101999999999997,2.7999999999999998,5.5999999999999996,-11.101999999999997,2.7999999999999998,BYPASS,BYPASS,RUNNING
516,10.32,1,-5.5999999999999996,-11.101999999999997,2.7999999999999998,5.5999999999999996,-11.101999999999997,2.7999999999999998,BYPASS,BYPASS,RUNNING
516,10.32,1,-5.5999999999999996,-11.101999999999997,2.7999999999999998,5.5999999999999996,-11.101999999999997,2.7999999999999998,BYPASS,BYPASS,RUNNING
516,10.32,1,-5.5999999999999996,-11.101999999999997,2.7999999999999998,5.5999999999999996,-11.101999999999997,2.7999999999999998,BYPASS,BYPASS,RUNNING
516,10.32,1,-5.5999999999999996,-11.101999999999997,2.7999999999999998,5.5999999999999996,-11.101999999999997,2.7999999999999998,BYPASS,BYPASS,RUNNING
516,10.32,1,-5.5999999999999996,-11.101999999999997,2.7999999999999998,5.5999999999999996,-11.101999999999997,2.7999999999999998,BYPASS,BYPASS,RUNNING
516,10.32,1,-5.5999999999999996,-11.101999999999997,2.7999999999999998,5.5999999999999996,-11.101999999999997,2.7999999999999998,BYPASS,BYPASS,RUNNING
516,10.32,1,-5.5999999999999996,-11.101999999999997,2.7999999999999998,5.5999999999999996,-11.101999999999997,2.7999999999999998,BYPASS,BYPASS,RUNNING
516,10.32,1,-5.5999999999999996,-11.101999999999997,2.7999999999999998,5.5999999999999996,-11.101999999999997,2.7999999999999998,BYPASS,BYPASS,RUNNING
516,10.32,1,-5.5999999999999996,-11.101999999999997,2.7999999999999998,5.5999999999999996,-11.101999999999997,2.7999999999999998,BYPASS,BYPASS,RUNNING
516,10.32,1,-5.5999999999999996,-11.101999999999997,2.7999999999999998,5.5999999999999996,-11.101999999999997,2.7999999999999998,BYPASS,BYPASS,RUNNING
516,10.32,1,-5.5999999999999996,-11.101999999999997,2.7999999999999998,5.5999999999999996,-11.101999999999997,2.7999999999999998,BYPASS,BYPASS,RUNNING
516,10.32,1,-5.5999999999999996,-11.101999999999997,2.7999999999999998,5.5999999999999996,-11.101999999999997,2.7999999999999998,BYPASS,BYPASS,RUNNING
516,10.32,1,-5.5999999999999996,-11.101999999999997,2.7999999999999998,5.5999999999999996,-11.101999999999997,2.7999999999999998,BYPASS,BYPASS,RUNNING
516,10.32,1,-5.5999999999999996,-11.101999999999997,2.7999999999999998,5.5999999999999996,-11.101999999999997,2.7999999999999998,BYPASS,BYPASS,RUNNING
516,10.32,1,-5.5999999999999996,-11.101999999999997,2.7999999999999998,5.5999999999999996,-11.101999999999997,2.7999999999999998,BYPASS,BYPASS,RUNNING
516,10.32,1,-5.5999999999999996,-11.101999999999997,2.7999999999999998,5.5999999999999996,-11.101999999999997,2.7999999999999998,BYPASS,BYPASS,RUNNING
516,10.32,1,-5.5999999999999996,-11.101999999999997,2.7999999999999998,5.5999999999999996,-11.101999999999997,2.7999999999999998,BYPASS,BYPASS,RUNNING
516,10.32,1,-5.5999999999999996,-11.101999999999997,2.7999999999999998,5.5999999999999996,-11.101999999999997,2.7999999999999998,BYPASS,BYPASS,RUNNING
516,10.32,1,-5.5999999999999996,-11.101999999999997,2.7999999999999998,5.5999999999999996,-11.101999999999997,2.7999999999999998,BYPASS,BYPASS,RUNNING
516,10.32,1,-5.5999999999999996,-11.101999999999997,2.7999999999999998,5.5999999999999996,-11.101999999999997,2.7999999999999998,BYPASS,BYPASS,RUNNING
516,10.32,1,-5.5999999999999996,-11.101999999999997,2.7999999999999998,5.5999999999999996,-11.101999999999997,2.7999999999999998,BYPASS,BYPASS,RUNNING
516,10.32,1,-5.5999999999999996,-11.101999999999997,2.7999999999999998,5.5999999999999996,-11.101999999999997,2.7999999999999998,BYPASS,BYPASS,RUNNING
516,10.32,1,-5.5999999999999996,-11.101999999999997,2.7999999999999998,5.5999999999999996,-11.101999999999997,2.7999999999999998,BYPASS,BYPASS,RUNNING
516,10.32,1,-5.5999999999999996,-11.101999999999997,2.7999999999999998,5.5999999999999996,-11.101999999999997,2.7999999999999998,BYPASS,BYPASS,RUNNING
516,10.32,1,-5.5999999999999996,-11.101999999999997,2.7999999999999998,5.5999999999999996,-11.101999999999997,2.7999999999999998,BYPASS,BYPASS,RUNNING
516,10.32,1,-5.5999999999999996,-11.101999999999997,2.7999999999999998,5.5999999999999996,-11.101999999999997,2.7999999999999998,BYPASS,BYPASS,RUNNING
516,10.32,1,-5.5999999999999996,-11.101999999999997,2.7999999999999998,5.5999999999999996,-11.101999999999997,2.7999999999999998,BYPASS,BYPASS,RUNNING
516,10.32,1,-5.5999999999999996,-11.101999999999997,2.7999999999999998,5.5999999999999996,-11.101999999999997,2.7999999999999998,BYPASS,BYPASS,RUNNING
516,10.32,1,-5.5999999999999996,-11.101999999999997,2.7999999999999998,5.5999999999999996,-11.101999999999997,2.7999999999999998,BYPASS,BYPASS,RUNNING
516,10.32,1,-5.5999999999999996,-11.101999999999997,2.7999999999999998,5.5999999999999996,-11.101999999999997,2.7999999999999998,BYPASS,BYPASS,RUNNING
516,10.32,1,-5.5999999999999996,-11.101999999999997,2.7999999999999998,5.5999999999999996,-11.101999999999997,2.7999999999999998,BYPASS,BYPASS,RUNNING
516,10.32,1,-5.5999999999999996,-11.101999999999997,2.7999999999999998,5.5999999999999996,-11.101999999999997,2.7999999999999998,BYPASS,BYPASS,RUNNING
516,10.32,1,-5.5999999999999996,-11.101999999999997,2.7999999999999998,5.5999999999999996,-11.101999999999997,2.7999999999999998,BYPASS,BYPASS,RUNNING
516,10.32,1,-5.5999999999999996,-11.101999999999997,2.7999999999999998,5.5999999999999996,-11.101999999999997,2.7999999999999998,BYPASS,BYPASS,RUNNING
516,10.32,1,-5.5999999999999996,-11.101999999999997,2.7999999999999998,5.5999999999999996,-11.101999999999997,2.7999999999999998,BYPASS,BYPASS,RUNNING
516,10.32,1,-5.5999999999999996,-11.101999999999997,2.7999999999999998,5.5999999999999996,-11.101999999999997,2.7999999999999998,BYPASS,BYPASS,RUNNING
516,10.32,1,-5.5999999999999996,-11.101999999999997,2.7999999999999998,5.5999999999999996,-11.101999999999997,2.7999999999999998,BYPASS,BYPASS,RUNNING
516,10.32,1,-5.5999999999999996,-11.101999999999997,2.7999999999999998,5.5999999999999996,-11.101999999999997,2.7999999999999998,BYPASS,BYPASS,RUNNING
516,10.32,1,-5.5999999999999996,-11.101999999999997,2.7999999999999998,5.5999999999999996,-11.101999999999997,2.7999999999999998,BYPASS,BYPASS,RUNNING
516,10.32,1,-5.5999999999999996,-11.101999999999997,2.7999999999999998,5.5999999999999996,-11.101999999999997,2.7999999999999998,BYPASS,BYPASS,RUNNING
516,10.32,1,-5.5999999999999996,-11.101999999999997,2.7999999999999998,5.5999999999999996,-11.101999999999997,2.7999999999999998,BYPASS,BYPASS,RUNNING
516,10.32,1,-5.5999999999999996,-11.101999999999997,2.7999999999999998,5.5999999999999996,-11.101999999999997,2.7999999999999998,BYPASS,BYPASS,RUNNING
516,10.32,1,-5.5999999999999996,-11.101999999999997,2.7999999999999998,5.5999999999999996,-11.101999999999997,2.7999999999999998,BYPASS,BYPASS,RUNNING
516,10.32,1,-5.5999999999999996,-11.101999999999997,2.7999999999999998,5.5999999999999996,-11.101999999999997,2.7999999999999998,BYPASS,BYPASS,RUNNING
516,10.32,1,-5.5999999999999996,-11.101999999999997,2.7999999999999998,5.5999999999999996,-11.101999999999997,2.7999999999999998,BYPASS,BYPASS,RUNNING
516,10.32,1,-5.5999999999999996,-11.101999999999997,2.7999999999999998,5.5999999999999996,-11.101999999999997,2.7999999999999998,BYPASS,BYPASS,RUNNING
516,10.32,1,-5.5999999999999996,-11.101999999999997,2.7999999999999998,5.5999999999999996,-11.101999999999997,2.7999999999999998,BYPASS,BYPASS,RUNNING
516,10.32,1,-5.5999999999999996,-11.101999999999997,2.7999999999999998,5.5999999999999996,-11.101999999999997,2.7999999999999998,BYPASS,BYPASS,RUNNING
516,10.32,1,-5.5999999999999996,-11.101999999999997,2.7999999999999998,5.5999999999999996,-11.101999999999997,2.7999999999999998,BYPASS,BYPASS,RUNNING
516,10.32,1,-5.5999999999999996,-11.101999999999997,2.7999999999999998,5.5999999999999996,-11.101999999999997,2.7999999999999998,BYPASS,BYPASS,RUNNING
516,10.32,1,-5.5999999999999996,-11.101999999999997,2.7999999999999998,5.5999999999999996,-11.101999999999997,2.7999999999999998,BYPASS,BYPASS,RUNNING
516,10.32,1,-5.5999999999999996,-11.101999999999997,2.7999999999999998,5.5999999999999996,-11.101999999999997,2.7999999999999998,BYPASS,BYPASS,RUNNING
516,10.32,1,-5.5999999999999996,-11.101999999999997,2.7999999999999998,5.5999999999999996,-11.101999999999997,2.7999999999999998,BYPASS,BYPASS,RUNNING
516,10.32,1,-5.5999999999999996,-11.101999999999997,2.7999999999999998,5.5999999999999996,-11.101999999999997,2.7999999999999998,BYPASS,BYPASS,RUNNING
516,10.32,1,-5.5999999999999996,-11.101999999999997,2.7999999999999998,5.5999999999999996,-11.101999999999997,2.7999999999999998,BYPASS,BYPASS,RUNNING
516,10.32,1,-5.5999999999999996,-11.101999999999997,2.7999999999999998,5.5999999999999996,-11.101999999999997,2.7999999999999998,BYPASS,BYPASS,RUNNING
516,10.32,1,-5.5999999999999996,-11.101999999999997,2.7999999999999998,5.5999999999999996,-11.101999999999997,2.7999999999999998,BYPASS,BYPASS,RUNNING
516,10.32,1,-5.5999999999999996,-11.101999999999997,2.7999999999999998,5.5999999999999996,-11.101999999999997,2.7999999999999998,BYPASS,BYPASS,RUNNING
516,10.32,1,-5.5999999999999996,-11.101999999999997,2.7999999999999998,5.5999999999999996,-11.101999999999997,2.7999999999999998,BYPASS,BYPASS,RUNNING
516,10.32,1,-5.5999999999999996,-11.101999999999997,2.7999999999999998,5.5999999999999996,-11.101999999999997,2.7999999999999998,BYPASS,BYPASS,RUNNING
516,10.32,1,-5.5999999999999996,-11.101999999999997,2.7999999999999998,5.5999999999999996,-11.101999999999997,2.7999999999999998,BYPASS,BYPASS,RUNNING
516,10.32,1,-5.5999999999999996,-11.101999999999997,2.7999999999999998,5.5999999999999996,-11.101999999999997,2.7999999999999998,BYPASS,BYPASS,RUNNING
516,10.32,1,-5.5999999999999996,-11.101999999999997,2.7999999999999998,5.5999999999999996,-11.101999999999997,2.7999999999999998,BYPASS,BYPASS,RUNNING
516,10.32,1,-5.5999999999999996,-11.101999999999997,2.7999999999999998,5.5999999999999996,-11.101999999999997,2.7999999999999998,BYPASS,BYPASS,RUNNING
516,10.32,1,-5.5999999999999996,-11.101999999999997,2.7999999999999998,5.5999999999999996,-11.101999999999997,2.7999999999999998,BYPASS,BYPASS,RUNNING
516,10.32,1,-5.5999999999999996,-11.101999999999997,2.7999999999999998,5.5999999999999996,-11.101999999999997,2.7999999999999998,BYPASS,BYPASS,RUNNING
516,10.32,1,-5.5999999999999996,-11.101999999999997,2.7999999999999998,5.5999999999999996,-11.101999999999997,2.7999999999999998,BYPASS,BYPASS,RUNNING
516,10.32,1,-5.5999999999999996,-11.101999999999997,2.7999999999999998,5.5999999999999996,-11.101999999999997,2.7999999999999998,BYPASS,BYPASS,RUNNING
516,10.32,1,-5.5999999999999996,-11.101999999999997,2.7999999999999998,5.5999999999999996,-11.101999999999997,2.7999999999999998,BYPASS,BYPASS,RUNNING
516,10.32,1,-5.5999999999999996,-11.101999999999997,2.7999999999999998,5.5999999999999996,-11.101999999999997,2.7999999999999998,BYPASS,BYPASS,RUNNING
516,10.32,1,-5.5999999999999996,-11.101999999999997,2.7999999999999998,5.5999999999999996,-11.101999999999997,2.7999999999999998,BYPASS,BYPASS,RUNNING
516,10.32,1,-5.5999999999999996,-11.101999999999997,2.7999999999999998,5.5999999999999996,-11.101999999999997,2.7999999999999998,BYPASS,BYPASS,RUNNING
516,10.32,1,-5.5999999999999996,-11.101999999999997,2.7999999999999998,5.5999999999999996,-11.101999999999997,2.7999999999999998,BYPASS,BYPASS,RUNNING
516,10.32,1,-5.5999999999999996,-11.101999999999997,2.7999999999999998,5.5999999999999996,-11.101999999999997,2.7999999999999998,BYPASS,BYPASS,RUNNING
516,10.32,1,-5.5999999999999996,-11.101999999999997,2.7999999999999998,5.5999999999999996,-11.101999999999997,2.7999999999999998,BYPASS,BYPASS,RUNNING
516,10.32,1,-5.5999999999999996,-11.101999999999997,2.7999999999999998,5.5999999999999996,-11.101999999999997,2.7999999999999998,BYPASS,BYPASS,RUNNING
516,10.32,1,-5.5999999999999996,-11.101999999999997,2.7999999999999998,5.5999999999999996,-11.101999999999997,2.7999999999999998,BYPASS,BYPASS,RUNNING
516,10.32,1,-5.5999999999999996,-11.101999999999997,2.7999999999999998,5.5999999999999996,-11.101999999999997,2.7999999999999998,BYPASS,BYPASS,RUNNING
516,10.32,1,-5.5999999999999996,-11.101999999999997,2.7999999999999998,5.5999999999999996,-11.101999999999997,2.7999999999999998,BYPASS,BYPASS,RUNNING
516,10.32,1,-5.5999999999999996,-11.101999999999997,2.7999999999999998,5.5999999999999996,-11.101999999999997,2.7999999999999998,BYPASS,BYPASS,RUNNING
516,10.32,1,-5.5999999999999996,-11.101999999999997,2.7999999999999998,5.5999999999999996,-11.101999999999997,2.7999999999999998,BYPASS,BYPASS,RUNNING
516,10.32,1,-5.5999999999999996,-11.101999999999997,2.7999999999999998,5.5999999999999996,-11.101999999999997,2.7999999999999998,BYPASS,BYPASS,RUNNING
516,10.32,1,-5.5999999999999996,-11.101999999999997,2.7999999999999998,5.5999999999999996,-11.101999999999997,2.7999999999999998,BYPASS,BYPASS,RUNNING
516,10.32,1,-5.5999999999999996,-11.101999999999997,2.7999999999999998,5.5999999999999996,-11.101999999999997,2.7999999999999998,BYPASS,BYPASS,RUNNING
516,10.32,1,-5.5999999999999996,-11.101999999999997,2.7999999999999998,5.5999999999999996,-11.101999999999997,2.7999999999999998,BYPASS,BYPASS,RUNNING
516,10.32,1,-5.5999999999999996,-11.101999999999997,2.7999999999999998,5.5999999999999996,-11.101999999999997,2.7999999999999998,BYPASS,BYPASS,RUNNING
516,10.32,1,-5.5999999999999996,-11.101999999999997,2.7999999999999998,5.5999999999999996,-11.101999999999997,2.7999999999999998,BYPASS,BYPASS,RUNNING
516,10.32,1,-5.5999999999999996,-11.101999999999997,2.7999999999999998,5.5999999999999996,-11.101999999999997,2.7999999999999998,BYPASS,BYPASS,RUNNING
516,10.32,1,-5.5999999999999996,-11.101999999999997,2.7999999999999998,5.5999999999999996,-11.101999999999997,2.7999999999999998,BYPASS,BYPASS,RUNNING
516,10.32,1,-5.5999999999999996,-11.101999999999997,2.7999999999999998,5.5999999999999996,-11.101999999999997,2.7999999999999998,BYPASS,BYPASS,RUNNING
516,10.32,1,-5.5999999999999996,-11.101999999999997,2.7999999999999998,5.5999999999999996,-11.101999999999997,2.7999999999999998,BYPASS,BYPASS,RUNNING
516,10.32,1,-5.5999999999999996,-11.101999999999997,2.7999999999999998,5.5999999999999996,-11.101999999999997,2.7999999999999998,BYPASS,BYPASS,RUNNING
516,10.32,1,-5.5999999999999996,-11.101999999999997,2.7999999999999998,5.5999999999999996,-11.101999999999997,2.7999999999999998,BYPASS,BYPASS,RUNNING
516,10.32,1,-5.5999999999999996,-11.101999999999997,2.7999999999999998,5.5999999999999996,-11.101999999999997,2.7999999999999998,BYPASS,BYPASS,RUNNING
516,10.32,1,-5.5999999999999996,-11.101999999999997,2.7999999999999998,5.5999999999999996,-11.101999999999997,2.7999999999999998,BYPASS,BYPASS,RUNNING
516,10.32,1,-5.5999999999999996,-11.101999999999997,2.7999999999999998,5.5999999999999996,-11.101999999999997,2.7999999999999998,BYPASS,BYPASS,RUNNING
516,10.32,1,-5.5999999999999996,-11.101999999999997,2.7999999999999998,5.5999999999999996,-11.101999999999997,2.7999999999999998,BYPASS,BYPASS,RUNNING
516,10.32,1,-5.5999999999999996,-11.101999999999997,2.7999999999999998,5.5999999999999996,-11.101999999999997,2.7999999999999998,BYPASS,BYPASS,RUNNING
516,10.32,1,-5.5999999999999996,-11.101999999999997,2.7999999999999998,5.5999999999999996,-11.101999999999997,2.7999999999999998,BYPASS,BYPASS,RUNNING
516,10.32,1,-5.5999999999999996,-11.101999999999997,2.7999999999999998,5.5999999999999996,-11.101999999999997,2.7999999999999998,BYPASS,BYPASS,RUNNING
516,10.32,1,-5.5999999999999996,-11.101999999999997,2.7999999999999998,5.5999999999999996,-11.101999999999997,2.7999999999999998,BYPASS,BYPASS,RUNNING
516,10.32,1,-5.5999999999999996,-11.101999999999997,2.7999999999999998,5.5999999999999996,-11.101999999999997,2.7999999999999998,BYPASS,BYPASS,RUNNING
516,10.32,1,-5.5999999999999996,-11.101999999999997,2.7999999999999998,5.5999999999999996,-11.101999999999997,2.7999999999999998,BYPASS,BYPASS,RUNNING
516,10.32,1,-5.5999999999999996,-11.101999999999997,2.7999999999999998,5.5999999999999996,-11.101999999999997,2.7999999999999998,BYPASS,BYPASS,RUNNING
516,10.32,1,-5.5999999999999996,-11.101999999999997,2.7999999999999998,5.5999999999999996,-11.101999999999997,2.7999999999999998,BYPASS,BYPASS,RUNNING
516,10.32,1,-5.5999999999999996,-11.101999999999997,2.7999999999999998,5.5999999999999996,-11.101999999999997,2.7999999999999998,BYPASS,BYPASS,RUNNING
516,10.32,1,-5.5999999999999996,-11.101999999999997,2.7999999999999998,5.5999999999999996,-11.101999999999997,2.7999999999999998,BYPASS,BYPASS,RUNNING
516,10.32,1,-5.5999999999999996,-11.101999999999997,2.7999999999999998,5.5999999999999996,-11.101999999999997,2.7999999999999998,BYPASS,BYPASS,RUNNING
516,10.32,1,-5.5999999999999996,-11.101999999999997,2.7999999999999998,5.5999999999999996,-11.101999999999997,2.7999999999999998,BYPASS,BYPASS,RUNNING
516,10.32,1,-5.5999999999999996,-11.101999999999997,2.7999999999999998,5.5999999999999996,-11.101999999999997,2.7999999999999998,BYPASS,BYPASS,RUNNING
516,10.32,1,-5.5999999999999996,-11.101999999999997,2.7999999999999998,5.5999999999999996,-11.101999999999997,2.7999999999999998,BYPASS,BYPASS,RUNNING
516,10.32,1,-5.5999999999999996,-11.101999999999997,2.7999999999999998,5.5999999999999996,-11.101999999999997,2.7999999999999998,BYPASS,BYPASS,RUNNING
516,10.32,1,-5.5999999999999996,-11.101999999999997,2.7999999999999998,5.5999999999999996,-11.101999999999997,2.7999999999999998,BYPASS,BYPASS,RUNNING
516,10.32,1,-5.5999999999999996,-11.101999999999997,2.7999999999999998,5.5999999999999996,-11.101999999999997,2.7999999999999998,BYPASS,BYPASS,RUNNING
516,10.32,1,-5.5999999999999996,-11.101999999999997,2.7999999999999998,5.5999999999999996,-11.101999999999997,2.7999999999999998,BYPASS,BYPASS,RUNNING
516,10.32,1,-5.5999999999999996,-11.101999999999997,2.7999999999999998,5.5999999999999996,-11.101999999999997,2.7999999999999998,BYPASS,BYPASS,RUNNING
516,10.32,1,-5.5999999999999996,-11.101999999999997,2.7999999999999998,5.5999999999999996,-11.101999999999997,2.7999999999999998,BYPASS,BYPASS,RUNNING
516,10.32,1,-5.5999999999999996,-11.101999999999997,2.7999999999999998,5.5999999999999996,-11.101999999999997,2.7999999999999998,BYPASS,BYPASS,RUNNING
516,10.32,1,-5.5999999999999996,-11.101999999999997,2.7999999999999998,5.5999999999999996,-11.101999999999997,2.7999999999999998,BYPASS,BYPASS,RUNNING
516,10.32,1,-5.5999999999999996,-11.101999999999997,2.7999999999999998,5.5999999999999996,-11.101999999999997,2.7999999999999998,BYPASS,BYPASS,RUNNING
516,10.32,1,-5.5999999999999996,-11.101999999999997,2.7999999999999998,5.5999999999999996,-11.101999999999997,2.7999999999999998,BYPASS,BYPASS,RUNNING
516,10.32,1,-5.5999999999999996,-11.101999999999997,2.7999999999999998,5.5999999999999996,-11.101999999999997,2.7999999999999998,BYPASS,BYPASS,RUNNING
516,10.32,1,-5.5999999999999996,-11.101999999999997,2.7999999999999998,5.5999999999999996,-11.101999999999997,2.7999999999999998,BYPASS,BYPASS,RUNNING
516,10.32,1,-5.5999999999999996,-11.101999999999997,2.7999999999999998,5.5999999999999996,-11.101999999999997,2.7999999999999998,BYPASS,BYPASS,RUNNING
516,10.32,1,-5.5999999999999996,-11.101999999999997,2.7999999999999998,5.5999999999999996,-11.101999999999997,2.7999999999999998,BYPASS,BYPASS,RUNNING
516,10.32,1,-5.5999999999999996,-11.101999999999997,2.7999999999999998,5.5999999999999996,-11.101999999999997,2.7999999999999998,BYPASS,BYPASS,RUNNING
516,10.32,1,-5.5999999999999996,-11.101999999999997,2.7999999999999998,5.5999999999999996,-11.101999999999997,2.7999999999999998,BYPASS,BYPASS,RUNNING
516,10.32,1,-5.5999999999999996,-11.101999999999997,2.7999999999999998,5.5999999999999996,-11.101999999999997,2.7999999999999998,BYPASS,BYPASS,RUNNING
516,10.32,1,-5.5999999999999996,-11.101999999999997,2.7999999999999998,5.5999999999999996,-11.101999999999997,2.7999999999999998,BYPASS,BYPASS,RUNNING
516,10.32,1,-5.5999999999999996,-11.101999999999997,2.7999999999999998,5.5999999999999996,-11.101999999999997,2.7999999999999998,BYPASS,BYPASS,RUNNING
516,10.32,1,-5.5999999999999996,-11.101999999999997,2.7999999999999998,5.5999999999999996,-11.101999999999997,2.7999999999999998,BYPASS,BYPASS,RUNNING
516,10.32,1,-5.5999999999999996,-11.101999999999997,2.7999999999999998,5.5999999999999996,-11.101999999999997,2.7999999999999998,BYPASS,BYPASS,RUNNING
516,10.32,1,-5.5999999999999996,-11.101999999999997,2.7999999999999998,5.5999999999999996,-11.101999999999997,2.7999999999999998,BYPASS,BYPASS,RUNNING
516,10.32,1,-5.5999999999999996,-11.101999999999997,2.7999999999999998,5.5999999999999996,-11.101999999999997,2.7999999999999998,BYPASS,BYPASS,RUNNING
516,10.32,1,-5.5999999999999996,-11.101999999999997,2.7999999999999998,5.5999999999999996,-11.101999999999997,2.7999999999999998,BYPASS,BYPASS,RUNNING
516,10.32,1,-5.5999999999999996,-11.101999999999997,2.7999999999999998,5.5999999999999996,-11.101999999999997,2.7999999999999998,BYPASS,BYPASS,RUNNING
516,10.32,1,-5.5999999999999996,-11.101999999999997,2.7999999999999998,5.5999999999999996,-11.101999999999997,2.7999999999999998,BYPASS,BYPASS,RUNNING
516,10.32,1,-5.5999999999999996,-11.101999999999997,2.7999999999999998,5.5999999999999996,-11.101999999999997,2.7999999999999998,BYPASS,BYPASS,RUNNING
516,10.32,1,-5.5999999999999996,-11.101999999999997,2.7999999999999998,5.5999999999999996,-11.101999999999997,2.7999999999999998,BYPASS,BYPASS,RUNNING
516,10.32,1,-5.5999999999999996,-11.101999999999997,2.7999999999999998,5.5999999999999996,-11.101999999999997,2.7999999999999998,BYPASS,BYPASS,RUNNING
516,10.32,1,-5.5999999999999996,-11.101999999999997,2.7999999999999998,5.5999999999999996,-11.101999999999997,2.7999999999999998,BYPASS,BYPASS,RUNNING
516,10.32,1,-5.5999999999999996,-11.101999999999997,2.7999999999999998,5.5999999999999996,-11.101999999999997,2.7999999999999998,BYPASS,BYPASS,RUNNING
516,10.32,1,-5.5999999999999996,-11.101999999999997,2.7999999999999998,5.5999999999999996,-11.101999999999997,2.7999999999999998,BYPASS,BYPASS,RUNNING
516,10.32,1,-5.5999999999999996,-11.101999999999997,2.7999999999999998,5.5999999999999996,-11.101999999999997,2.7999999999999998,BYPASS,BYPASS,RUNNING
516,10.32,1,-5.5999999999999996,-11.101999999999997,2.7999999999999998,5.5999999999999996,-11.101999999999997,2.7999999999999998,BYPASS,BYPASS,RUNNING
516,10.32,1,-5.5999999999999996,-11.101999999999997,2.7999999999999998,5.5999999999999996,-11.101999999999997,2.7999999999999998,BYPASS,BYPASS,RUNNING
516,10.32,1,-5.5999999999999996,-11.101999999999997,2.7999999999999998,5.5999999999999996,-11.101999999999997,2.7999999999999998,BYPASS,BYPASS,RUNNING
516,10.32,1,-5.5999999999999996,-11.101999999999997,2.7999999999999998,5.5999999999999996,-11.101999999999997,2.7999999999999998,BYPASS,BYPASS,RUNNING
516,10.32,1,-5.5999999999999996,-11.101999999999997,2.7999999999999998,5.5999999999999996,-11.101999999999997,2.7999999999999998,BYPASS,BYPASS,RUNNING
516,10.32,1,-5.5999999999999996,-11.101999999999997,2.7999999999999998,5.5999999999999996,-11.101999999999997,2.7999999999999998,BYPASS,BYPASS,RUNNING
516,10.32,1,-5.5999999999999996,-11.101999999999997,2.7999999999999998,5.5999999999999996,-11.101999999999997,2.7999999999999998,BYPASS,BYPASS,RUNNING
516,10.32,1,-5.5999999999999996,-11.101999999999997,2.7999999999999998,5.5999999999999996,-11.101999999999997,2.7999999999999998,BYPASS,BYPASS,RUNNING
516,10.32,1,-5.5999999999999996,-11.101999999999997,2.7999999999999998,5.5999999999999996,-11.101999999999997,2.7999999999999998,BYPASS,BYPASS,RUNNING
516,10.32,1,-5.5999999999999996,-11.101999999999997,2.7999999999999998,5.5999999999999996,-11.101999999999997,2.7999999999999998,BYPASS,BYPASS,RUNNING
516,10.32,1,-5.5999999999999996,-11.101999999999997,2.7999999999999998,5.5999999999999996,-11.101999999999997,2.7999999999999998,BYPASS,BYPASS,RUNNING
516,10.32,1,-5.5999999999999996,-11.101999999999997,2.7999999999999998,5.5999999999999996,-11.101999999999997,2.7999999999999998,BYPASS,BYPASS,RUNNING
516,10.32,1,-5.5999999999999996,-11.101999999999997,2.7999999999999998,5.5999999999999996,-11.101999999999997,2.7999999999999998,BYPASS,BYPASS,RUNNING
516,10.32,1,-5.5999999999999996,-11.101999999999997,2.7999999999999998,5.5999999999999996,-11.101999999999997,2.7999999999999998,BYPASS,BYPASS,RUNNING
516,10.32,1,-5.5999999999999996,-11.101999999999997,2.7999999999999998,5.5999999999999996,-11.101999999999997,2.7999999999999998,BYPASS,BYPASS,RUNNING
516,10.32,1,-5.5999999999999996,-11.101999999999997,2.7999999999999998,5.5999999999999996,-11.101999999999997,2.7999999999999998,BYPASS,BYPASS,RUNNING
516,10.32,1,-5.5999999999999996,-11.101999999999997,2.7999999999999998,5.5999999999999996,-11.101999999999997,2.7999999999999998,BYPASS,BYPASS,RUNNING
516,10.32,1,-5.5999999999999996,-11.101999999999997,2.7999999999999998,5.5999999999999996,-11.101999999999997,2.7999999999999998,BYPASS,BYPASS,RUNNING
516,10.32,1,-5.5999999999999996,-11.101999999999997,2.7999999999999998,5.5999999999999996,-11.101999999999997,2.7999999999999998,BYPASS,BYPASS,RUNNING
516,10.32,1,-5.5999999999999996,-11.101999999999997,2.7999999999999998,5.5999999999999996,-11.101999999999997,2.7999999999999998,BYPASS,BYPASS,RUNNING
516,10.32,1,-5.5999999999999996,-11.101999999999997,2.7999999999999998,5.5999999999999996,-11.101999999999997,2.7999999999999998,BYPASS,BYPASS,RUNNING
516,10.32,1,-5.5999999999999996,-11.101999999999997,2.7999999999999998,5.5999999999999996,-11.101999999999997,2.7999999999999998,BYPASS,BYPASS,RUNNING
516,10.32,1,-5.5999999999999996,-11.101999999999997,2.7999999999999998,5.5999999999999996,-11.101999999999997,2.7999999999999998,BYPASS,BYPASS,RUNNING
516,10.32,1,-5.5999999999999996,-11.101999999999997,2.7999999999999998,5.5999999999999996,-11.101999999999997,2.7999999999999998,BYPASS,BYPASS,RUNNING
516,10.32,1,-5.5999999999999996,-11.101999999999997,2.7999999999999998,5.5999999999999996,-11.101999999999997,2.7999999999999998,BYPASS,BYPASS,RUNNING
516,10.32,1,-5.5999999999999996,-11.101999999999997,2.7999999999999998,5.5999999999999996,-11.101999999999997,2.7999999999999998,BYPASS,BYPASS,RUNNING
516,10.32,1,-5.5999999999999996,-11.101999999999997,2.7999999999999998,5.5999999999999996,-11.101999999999997,2.7999999999999998,BYPASS,BYPASS,RUNNING
516,10.32,1,-5.5999999999999996,-11.101999999999997,2.7999999999999998,5.5999999999999996,-11.101999999999997,2.7999999999999998,BYPASS,BYPASS,RUNNING
516,10.32,1,-5.5999999999999996,-11.101999999999997,2.7999999999999998,5.5999999999999996,-11.101999999999997,2.7999999999999998,BYPASS,BYPASS,RUNNING
516,10.32,1,-5.5999999999999996,-11.101999999999997,2.7999999999999998,5.5999999999999996,-11.101999999999997,2.7999999999999998,BYPASS,BYPASS,RUNNING
516,10.32,1,-5.5999999999999996,-11.101999999999997,2.7999999999999998,5.5999999999999996,-11.101999999999997,2.7999999999999998,BYPASS,BYPASS,RUNNING
516,10.32,1,-5.5999999999999996,-11.101999999999997,2.7999999999999998,5.5999999999999996,-11.101999999999997,2.7999999999999998,BYPASS,BYPASS,RUNNING
516,10.32,1,-5.5999999999999996,-11.101999999999997,2.7999999999999998,5.5999999999999996,-11.101999999999997,2.7999999999999998,BYPASS,BYPASS,RUNNING
516,10.32,1,-5.5999999999999996,-11.101999999999997,2.7999999999999998,5.5999999999999996,-11.101999999999997,2.7999999999999998,BYPASS,BYPASS,RUNNING
516,10.32,1,-5.5999999999999996,-11.101999999999997,2.7999999999999998,5.5999999999999996,-11.101999999999997,2.7999999999999998,BYPASS,BYPASS,RUNNING
516,10.32,1,-5.5999999999999996,-11.101999999999997,2.7999999999999998,5.5999999999999996,-11.101999999999997,2.7999999999999998,BYPASS,BYPASS,RUNNING
516,10.32,1,-5.5999999999999996,-11.101999999999997,2.7999999999999998,5.5999999999999996,-11.101999999999997,2.7999999999999998,BYPASS,BYPASS,RUNNING
516,10.32,1,-5.5999999999999996,-11.101999999999997,2.7999999999999998,5.5999999999999996,-11.101999999999997,2.7999999999999998,BYPASS,BYPASS,RUNNING
516,10.32,1,-5.5999999999999996,-11.101999999999997,2.7999999999999998,5.5999999999999996,-11.101999999999997,2.7999999999999998,BYPASS,BYPASS,RUNNING
516,10.32,1,-5.5999999999999996,-11.101999999999997,2.7999999999999998,5.5999999999999996,-11.101999999999997,2.7999999999999998,BYPASS,BYPASS,RUNNING
516,10.32,1,-5.5999999999999996,-11.101999999999997,2.7999999999999998,5.5999999999999996,-11.101999999999997,2.7999999999999998,BYPASS,BYPASS,RUNNING
516,10.32,1,-5.5999999999999996,-11.101999999999997,2.7999999999999998,5.5999999999999996,-11.101999999999997,2.7999999999999998,BYPASS,BYPASS,RUNNING
516,10.32,1,-5.5999999999999996,-11.101999999999997,2.7999999999999998,5.5999999999999996,-11.101999999999997,2.7999999999999998,BYPASS,BYPASS,RUNNING
516,10.32,1,-5.5999999999999996,-11.101999999999997,2.7999999999999998,5.5999999999999996,-11.101999999999997,2.7999999999999998,BYPASS,BYPASS,RUNNING
516,10.32,1,-5.5999999999999996,-11.101999999999997,2.7999999999999998,5.5999999999999996,-11.101999999999997,2.7999999999999998,BYPASS,BYPASS,RUNNING
516,10.32,1,-5.5999999999999996,-11.101999999999997,2.7999999999999998,5.5999999999999996,-11.101999999999997,2.7999999999999998,BYPASS,BYPASS,RUNNING
516,10.32,1,-5.5999999999999996,-11.101999999999997,2.7999999999999998,5.5999999999999996,-11.101999999999997,2.7999999999999998,BYPASS,BYPASS,RUNNING
516,10.32,1,-5.5999999999999996,-11.101999999999997,2.7999999999999998,5.5999999999999996,-11.101999999999997,2.7999999999999998,BYPASS,BYPASS,RUNNING
516,10.32,1,-5.5999999999999996,-11.101999999999997,2.7999999999999998,5.5999999999999996,-11.101999999999997,2.7999999999999998,BYPASS,BYPASS,RUNNING
516,10.32,1,-5.5999999999999996,-11.101999999999997,2.7999999999999998,5.5999999999999996,-11.101999999999997,2.7999999999999998,BYPASS,BYPASS,RUNNING
516,10.32,1,-5.5999999999999996,-11.101999999999997,2.7999999999999998,5.5999999999999996,-11.101999999999997,2.7999999999999998,BYPASS,BYPASS,RUNNING
516,10.32,1,-5.5999999999999996,-11.101999999999997,2.7999999999999998,5.5999999999999996,-11.101999999999997,2.7999999999999998,BYPASS,BYPASS,RUNNING
516,10.32,1,-5.5999999999999996,-11.101999999999997,2.7999999999999998,5.5999999999999996,-11.101999999999997,2.7999999999999998,BYPASS,BYPASS,RUNNING
516,10.32,1,-5.5999999999999996,-11.101999999999997,2.7999999999999998,5.5999999999999996,-11.101999999999997,2.7999999999999998,BYPASS,BYPASS,RUNNING
516,10.32,1,-5.5999999999999996,-11.101999999999997,2.7999999999999998,5.5999999999999996,-11.101999999999997,2.7999999999999998,BYPASS,BYPASS,RUNNING
516,10.32,1,-5.5999999999999996,-11.101999999999997,2.7999999999999998,5.5999999999999996,-11.101999999999997,2.7999999999999998,BYPASS,BYPASS,RUNNING
516,10.32,1,-5.5999999999999996,-11.101999999999997,2.7999999999999998,5.5999999999999996,-11.101999999999997,2.7999999999999998,BYPASS,BYPASS,RUNNING
516,10.32,1,-5.5999999999999996,-11.101999999999997,2.7999999999999998,5.5999999999999996,-11.101999999999997,2.7999999999999998,BYPASS,BYPASS,RUNNING
516,10.32,1,-5.5999999999999996,-11.101999999999997,2.7999999999999998,5.5999999999999996,-11.101999999999997,2.7999999999999998,BYPASS,BYPASS,RUNNING
516,10.32,1,-5.5999999999999996,-11.101999999999997,2.7999999999999998,5.5999999999999996,-11.101999999999997,2.7999999999999998,BYPASS,BYPASS,RUNNING
516,10.32,1,-5.5999999999999996,-11.101999999999997,2.7999999999999998,5.5999999999999996,-11.101999999999997,2.7999999999999998,BYPASS,BYPASS,RUNNING
516,10.32,1,-5.5999999999999996,-11.101999999999997,2.7999999999999998,5.5999999999999996,-11.101999999999997,2.7999999999999998,BYPASS,BYPASS,RUNNING
516,10.32,1,-5.5999999999999996,-11.101999999999997,2.7999999999999998,5.5999999999999996,-11.101999999999997,2.7999999999999998,BYPASS,BYPASS,RUNNING
516,10.32,1,-5.5999999999999996,-11.101999999999997,2.7999999999999998,5.5999999999999996,-11.101999999999997,2.7999999999999998,BYPASS,BYPASS,RUNNING
516,10.32,1,-5.5999999999999996,-11.101999999999997,2.7999999999999998,5.5999999999999996,-11.101999999999997,2.7999999999999998,BYPASS,BYPASS,RUNNING
516,10.32,1,-5.5999999999999996,-11.101999999999997,2.7999999999999998,5.5999999999999996,-11.101999999999997,2.7999999999999998,BYPASS,BYPASS,RUNNING
516,10.32,1,-5.5999999999999996,-11.101999999999997,2.7999999999999998,5.5999999999999996,-11.101999999999997,2.7999999999999998,BYPASS,BYPASS,RUNNING
516,10.32,1,-5.5999999999999996,-11.101999999999997,2.7999999999999998,5.5999999999999996,-11.101999999999997,2.7999999999999998,BYPASS,BYPASS,RUNNING
516,10.32,1,-5.5999999999999996,-11.101999999999997,2.7999999999999998,5.5999999999999996,-11.101999999999997,2.7999999999999998,BYPASS,BYPASS,RUNNING
516,10.32,1,-5.5999999999999996,-11.101999999999997,2.7999999999999998,5.5999999999999996,-11.101999999999997,2.7999999999999998,BYPASS,BYPASS,RUNNING
516,10.32,1,-5.5999999999999996,-11.101999999999997,2.7999999999999998,5.5999999999999996,-11.101999999999997,2.7999999999999998,BYPASS,BYPASS,RUNNING
516,10.32,1,-5.5999999999999996,-11.101999999999997,2.7999999999999998,5.5999999999999996,-11.101999999999997,2.7999999999999998,BYPASS,BYPASS,RUNNING
516,10.32,1,-5.5999999999999996,-11.101999999999997,2.7999999999999998,5.5999999999999996,-11.101999999999997,2.7999999999999998,BYPASS,BYPASS,RUNNING
516,10.32,1,-5.5999999999999996,-11.101999999999997,2.7999999999999998,5.5999999999999996,-11.101999999999997,2.7999999999999998,BYPASS,BYPASS,RUNNING
516,10.32,1,-5.5999999999999996,-11.101999999999997,2.7999999999999998,5.5999999999999996,-11.101999999999997,2.7999999999999998,BYPASS,BYPASS,RUNNING
516,10.32,1,-5.5999999999999996,-11.101999999999997,2.7999999999999998,5.5999999999999996,-11.101999999999997,2.7999999999999998,BYPASS,BYPASS,RUNNING
516,10.32,1,-5.5999999999999996,-11.101999999999997,2.7999999999999998,5.5999999999999996,-11.101999999999997,2.7999999999999998,BYPASS,BYPASS,RUNNING
516,10.32,1,-5.5999999999999996,-11.101999999999997,2.7999999999999998,5.5999999999999996,-11.101999999999997,2.7999999999999998,BYPASS,BYPASS,RUNNING
516,10.32,1,-5.5999999999999996,-11.101999999999997,2.7999999999999998,5.5999999999999996,-11.101999999999997,2.7999999999999998,BYPASS,BYPASS,RUNNING
516,10.32,1,-5.5999999999999996,-11.101999999999997,2.7999999999999998,5.5999999999999996,-11.101999999999997,2.7999999999999998,BYPASS,BYPASS,RUNNING
516,10.32,1,-5.5999999999999996,-11.101999999999997,2.7999999999999998,5.5999999999999996,-11.101999999999997,2.7999999999999998,BYPASS,BYPASS,RUNNING
516,10.32,1,-5.5999999999999996,-11.101999999999997,2.7999999999999998,5.5999999999999996,-11.101999999999997,2.7999999999999998,BYPASS,BYPASS,RUNNING
516,10.32,1,-5.5999999999999996,-11.101999999999997,2.7999999999999998,5.5999999999999996,-11.101999999999997,2.7999999999999998,BYPASS,BYPASS,RUNNING
516,10.32,1,-5.5999999999999996,-11.101999999999997,2.7999999999999998,5.5999999999999996,-11.101999999999997,2.7999999999999998,BYPASS,BYPASS,RUNNING
516,10.32,1,-5.5999999999999996,-11.101999999999997,2.7999999999999998,5.5999999999999996,-11.101999999999997,2.7999999999999998,BYPASS,BYPASS,RUNNING
516,10.32,1,-5.5999999999999996,-11.101999999999997,2.7999999999999998,5.5999999999999996,-11.101999999999997,2.7999999999999998,BYPASS,BYPASS,RUNNING
516,10.32,1,-5.5999999999999996,-11.101999999999997,2.7999999999999998,5.5999999999999996,-11.101999999999997,2.7999999999999998,BYPASS,BYPASS,RUNNING
516,10.32,1,-5.5999999999999996,-11.101999999999997,2.7999999999999998,5.5999999999999996,-11.101999999999997,2.7999999999999998,BYPASS,BYPASS,RUNNING
516,10.32,1,-5.5999999999999996,-11.101999999999997,2.7999999999999998,5.5999999999999996,-11.101999999999997,2.7999999999999998,BYPASS,BYPASS,RUNNING
516,10.32,1,-5.5999999999999996,-11.101999999999997,2.7999999999999998,5.5999999999999996,-11.101999999999997,2.7999999999999998,BYPASS,BYPASS,RUNNING
516,10.32,1,-5.5999999999999996,-11.101999999999997,2.7999999999999998,5.5999999999999996,-11.101999999999997,2.7999999999999998,BYPASS,BYPASS,RUNNING
516,10.32,1,-5.5999999999999996,-11.101999999999997,2.7999999999999998,5.5999999999999996,-11.101999999999997,2.7999999999999998,BYPASS,BYPASS,RUNNING
516,10.32,1,-5.5999999999999996,-11.101999999999997,2.7999999999999998,5.5999999999999996,-11.101999999999997,2.7999999999999998,BYPASS,BYPASS,RUNNING
516,10.32,1,-5.5999999999999996,-11.101999999999997,2.7999999999999998,5.5999999999999996,-11.101999999999997,2.7999999999999998,BYPASS,BYPASS,RUNNING
516,10.32,1,-5.5999999999999996,-11.101999999999997,2.7999999999999998,5.5999999999999996,-11.101999999999997,2.7999999999999998,BYPASS,BYPASS,RUNNING
516,10.32,1,-5.5999999999999996,-11.101999999999997,2.7999999999999998,5.5999999999999996,-11.101999999999997,2.7999999999999998,BYPASS,BYPASS,RUNNING
516,10.32,1,-5.5999999999999996,-11.101999999999997,2.7999999999999998,5.5999999999999996,-11.101999999999997,2.7999999999999998,BYPASS,BYPASS,RUNNING
516,10.32,1,-5.5999999999999996,-11.101999999999997,2.7999999999999998,5.5999999999999996,-11.101999999999997,2.7999999999999998,BYPASS,BYPASS,RUNNING
516,10.32,1,-5.5999999999999996,-11.101999999999997,2.7999999999999998,5.5999999999999996,-11.101999999999997,2.7999999999999998,BYPASS,BYPASS,RUNNING
516,10.32,1,-5.5999999999999996,-11.101999999999997,2.7999999999999998,5.5999999999999996,-11.101999999999997,2.7999999999999998,BYPASS,BYPASS,RUNNING
516,10.32,1,-5.5999999999999996,-11.101999999999997,2.7999999999999998,5.5999999999999996,-11.101999999999997,2.7999999999999998,BYPASS,BYPASS,RUNNING
516,10.32,1,-5.5999999999999996,-11.101999999999997,2.7999999999999998,5.5999999999999996,-11.101999999999997,2.7999999999999998,BYPASS,BYPASS,RUNNING
516,10.32,1,-5.5999999999999996,-11.101999999999997,2.7999999999999998,5.5999999999999996,-11.101999999999997,2.7999999999999998,BYPASS,BYPASS,RUNNING
516,10.32,1,-5.5999999999999996,-11.101999999999997,2.7999999999999998,5.5999999999999996,-11.101999999999997,2.7999999999999998,BYPASS,BYPASS,RUNNING
516,10.32,1,-5.5999999999999996,-11.101999999999997,2.7999999999999998,5.5999999999999996,-11.101999999999997,2.7999999999999998,BYPASS,BYPASS,RUNNING
516,10.32,1,-5.5999999999999996,-11.101999999999997,2.7999999999999998,5.5999999999999996,-11.101999999999997,2.7999999999999998,BYPASS,BYPASS,RUNNING
516,10.32,1,-5.5999999999999996,-11.101999999999997,2.7999999999999998,5.5999999999999996,-11.101999999999997,2.7999999999999998,BYPASS,BYPASS,RUNNING
516,10.32,1,-5.5999999999999996,-11.101999999999997,2.7999999999999998,5.5999999999999996,-11.101999999999997,2.7999999999999998,BYPASS,BYPASS,RUNNING
516,10.32,1,-5.5999999999999996,-11.101999999999997,2.7999999999999998,5.5999999999999996,-11.101999999999997,2.7999999999999998,BYPASS,BYPASS,RUNNING
516,10.32,1,-5.5999999999999996,-11.101999999999997,2.7999999999999998,5.5999999999999996,-11.101999999999997,2.7999999999999998,BYPASS,BYPASS,RUNNING
516,10.32,1,-5.5999999999999996,-11.101999999999997,2.7999999999999998,5.5999999999999996,-11.101999999999997,2.7999999999999998,BYPASS,BYPASS,RUNNING
516,10.32,1,-5.5999999999999996,-11.101999999999997,2.7999999999999998,5.5999999999999996,-11.101999999999997,2.7999999999999998,BYPASS,BYPASS,RUNNING
516,10.32,1,-5.5999999999999996,-11.101999999999997,2.7999999999999998,5.5999999999999996,-11.101999999999997,2.7999999999999998,BYPASS,BYPASS,RUNNING
516,10.32,1,-5.5999999999999996,-11.101999999999997,2.7999999999999998,5.5999999999999996,-11.101999999999997,2.7999999999999998,BYPASS,BYPASS,RUNNING
516,10.32,1,-5.5999999999999996,-11.101999999999997,2.7999999999999998,5.5999999999999996,-11.101999999999997,2.7999999999999998,BYPASS,BYPASS,RUNNING
516,10.32,1,-5.5999999999999996,-11.101999999999997,2.7999999999999998,5.5999999999999996,-11.101999999999997,2.7999999999999998,BYPASS,BYPASS,RUNNING
516,10.32,1,-5.5999999999999996,-11.101999999999997,2.7999999999999998,5.5999999999999996,-11.101999999999997,2.7999999999999998,BYPASS,BYPASS,RUNNING
516,10.32,1,-5.5999999999999996,-11.101999999999997,2.7999999999999998,5.5999999999999996,-11.101999999999997,2.7999999999999998,BYPASS,BYPASS,RUNNING
516,10.32,1,-5.5999999999999996,-11.101999999999997,2.7999999999999998,5.5999999999999996,-11.101999999999997,2.7999999999999998,BYPASS,BYPASS,RUNNING
516,10.32,1,-5.5999999999999996,-11.101999999999997,2.7999999999999998,5.5999999999999996,-11.101999999999997,2.7999999999999998,BYPASS,BYPASS,RUNNING
516,10.32,1,-5.5999999999999996,-11.101999999999997,2.7999999999999998,5.5999999999999996,-11.101999999999997,2.7999999999999998,BYPASS,BYPASS,RUNNING
516,10.32,1,-5.5999999999999996,-11.101999999999997,2.7999999999999998,5.5999999999999996,-11.101999999999997,2.7999999999999998,BYPASS,BYPASS,RUNNING
516,10.32,1,-5.5999999999999996,-11.101999999999997,2.7999999999999998,5.5999999999999996,-11.101999999999997,2.7999999999999998,BYPASS,BYPASS,RUNNING
516,10.32,1,-5.5999999999999996,-11.101999999999997,2.7999999999999998,5.5999999999999996,-11.101999999999997,2.7999999999999998,BYPASS,BYPASS,RUNNING
516,10.32,1,-5.5999999999999996,-11.101999999999997,2.7999999999999998,5.5999999999999996,-11.101999999999997,2.7999999999999998,BYPASS,BYPASS,RUNNING
516,10.32,1,-5.5999999999999996,-11.101999999999997,2.7999999999999998,5.5999999999999996,-11.101999999999997,2.7999999999999998,BYPASS,BYPASS,RUNNING
516,10.32,1,-5.5999999999999996,-11.101999999999997,2.7999999999999998,5.5999999999999996,-11.101999999999997,2.7999999999999998,BYPASS,BYPASS,RUNNING
516,10.32,1,-5.5999999999999996,-11.101999999999997,2.7999999999999998,5.5999999999999996,-11.101999999999997,2.7999999999999998,BYPASS,BYPASS,RUNNING
516,10.32,1,-5.5999999999999996,-11.101999999999997,2.7999999999999998,5.5999999999999996,-11.101999999999997,2.7999999999999998,BYPASS,BYPASS,RUNNING
516,10.32,1,-5.5999999999999996,-11.101999999999997,2.7999999999999998,5.5999999999999996,-11.101999999999997,2.7999999999999998,BYPASS,BYPASS,RUNNING
516,10.32,1,-5.5999999999999996,-11.101999999999997,2.7999999999999998,5.5999999999999996,-11.101999999999997,2.7999999999999998,BYPASS,BYPASS,RUNNING
516,10.32,1,-5.5999999999999996,-11.101999999999997,2.7999999999999998,5.5999999999999996,-11.101999999999997,2.7999999999999998,BYPASS,BYPASS,RUNNING
516,10.32,1,-5.5999999999999996,-11.101999999999997,2.7999999999999998,5.5999999999999996,-11.101999999999997,2.7999999999999998,BYPASS,BYPASS,RUNNING
516,10.32,1,-5.5999999999999996,-11.101999999999997,2.7999999999999998,5.5999999999999996,-11.101999999999997,2.7999999999999998,BYPASS,BYPASS,RUNNING
516,10.32,1,-5.5999999999999996,-11.101999999999997,2.7999999999999998,5.5999999999999996,-11.101999999999997,2.7999999999999998,BYPASS,BYPASS,RUNNING
516,10.32,1,-5.5999999999999996,-11.101999999999997,2.7999999999999998,5.5999999999999996,-11.101999999999997,2.7999999999999998,BYPASS,BYPASS,RUNNING
516,10.32,1,-5.5999999999999996,-11.101999999999997,2.7999999999999998,5.5999999999999996,-11.101999999999997,2.7999999999999998,BYPASS,BYPASS,RUNNING
516,10.32,1,-5.5999999999999996,-11.101999999999997,2.7999999999999998,5.5999999999999996,-11.101999999999997,2.7999999999999998,BYPASS,BYPASS,RUNNING
516,10.32,1,-5.5999999999999996,-11.101999999999997,2.7999999999999998,5.5999999999999996,-11.101999999999997,2.7999999999999998,BYPASS,BYPASS,RUNNING
516,10.32,1,-5.5999999999999996,-11.101999999999997,2.7999999999999998,5.5999999999999996,-11.101999999999997,2.7999999999999998,BYPASS,BYPASS,RUNNING
516,10.32,1,-5.5999999999999996,-11.101999999999997,2.7999999999999998,5.5999999999999996,-11.101999999999997,2.7999999999999998,BYPASS,BYPASS,RUNNING
516,10.32,1,-5.5999999999999996,-11.101999999999997,2.7999999999999998,5.5999999999999996,-11.101999999999997,2.7999999999999998,BYPASS,BYPASS,RUNNING
516,10.32,1,-5.5999999999999996,-11.101999999999997,2.7999999999999998,5.5999999999999996,-11.101999999999997,2.7999999999999998,BYPASS,BYPASS,RUNNING
516,10.32,1,-5.5999999999999996,-11.101999999999997,2.7999999999999998,5.5999999999999996,-11.101999999999997,2.7999999999999998,BYPASS,BYPASS,RUNNING
516,10.32,1,-5.5999999999999996,-11.101999999999997,2.7999999999999998,5.5999999999999996,-11.101999999999997,2.7999999999999998,BYPASS,BYPASS,RUNNING
516,10.32,1,-5.5999999999999996,-11.101999999999997,2.7999999999999998,5.5999999999999996,-11.101999999999997,2.7999999999999998,BYPASS,BYPASS,RUNNING
516,10.32,1,-5.5999999999999996,-11.101999999999997,2.7999999999999998,5.5999999999999996,-11.101999999999997,2.7999999999999998,BYPASS,BYPASS,RUNNING
516,10.32,1,-5.5999999999999996,-11.101999999999997,2.7999999999999998,5.5999999999999996,-11.101999999999997,2.7999999999999998,BYPASS,BYPASS,RUNNING
516,10.32,1,-5.5999999999999996,-11.101999999999997,2.7999999999999998,5.5999999999999996,-11.101999999999997,2.7999999999999998,BYPASS,BYPASS,RUNNING
516,10.32,1,-5.5999999999999996,-11.101999999999997,2.7999999999999998,5.5999999999999996,-11.101999999999997,2.7999999999999998,BYPASS,BYPASS,RUNNING
516,10.32,1,-5.5999999999999996,-11.101999999999997,2.7999999999999998,5.5999999999999996,-11.101999999999997,2.7999999999999998,BYPASS,BYPASS,RUNNING
516,10.32,1,-5.5999999999999996,-11.101999999999997,2.7999999999999998,5.5999999999999996,-11.101999999999997,2.7999999999999998,BYPASS,BYPASS,RUNNING
516,10.32,1,-5.5999999999999996,-11.101999999999997,2.7999999999999998,5.5999999999999996,-11.101999999999997,2.7999999999999998,BYPASS,BYPASS,RUNNING
516,10.32,1,-5.5999999999999996,-11.101999999999997,2.7999999999999998,5.5999999999999996,-11.101999999999997,2.7999999999999998,BYPASS,BYPASS,RUNNING
516,10.32,1,-5.5999999999999996,-11.101999999999997,2.7999999999999998,5.5999999999999996,-11.101999999999997,2.7999999999999998,BYPASS,BYPASS,RUNNING
516,10.32,1,-5.5999999999999996,-11.101999999999997,2.7999999999999998,5.5999999999999996,-11.101999999999997,2.7999999999999998,BYPASS,BYPASS,RUNNING
516,10.32,1,-5.5999999999999996,-11.101999999999997,2.7999999999999998,5.5999999999999996,-11.101999999999997,2.7999999999999998,BYPASS,BYPASS,RUNNING
516,10.32,1,-5.5999999999999996,-11.101999999999997,2.7999999999999998,5.5999999999999996,-11.101999999999997,2.7999999999999998,BYPASS,BYPASS,RUNNING
516,10.32,1,-5.5999999999999996,-11.101999999999997,2.7999999999999998,5.5999999999999996,-11.101999999999997,2.7999999999999998,BYPASS,BYPASS,RUNNING
516,10.32,1,-5.5999999999999996,-11.101999999999997,2.7999999999999998,5.5999999999999996,-11.101999999999997,2.7999999999999998,BYPASS,BYPASS,RUNNING
516,10.32,1,-5.5999999999999996,-11.101999999999997,2.7999999999999998,5.5999999999999996,-11.101999999999997,2.7999999999999998,BYPASS,BYPASS,RUNNING
516,10.32,1,-5.5999999999999996,-11.101999999999997,2.7999999999999998,5.5999999999999996,-11.101999999999997,2.7999999999999998,BYPASS,BYPASS,RUNNING
516,10.32,1,-5.5999999999999996,-11.101999999999997,2.7999999999999998,5.5999999999999996,-11.101999999999997,2.7999999999999998,BYPASS,BYPASS,RUNNING
516,10.32,1,-5.5999999999999996,-11.101999999999997,2.7999999999999998,5.5999999999999996,-11.101999999999997,2.7999999999999998,BYPASS,BYPASS,RUNNING
516,10.32,1,-5.5999999999999996,-11.101999999999997,2.7999999999999998,5.5999999999999996,-11.101999999999997,2.7999999999999998,BYPASS,BYPASS,RUNNING
516,10.32,1,-5.5999999999999996,-11.101999999999997,2.7999999999999998,5.5999999999999996,-11.101999999999997,2.7999999999999998,BYPASS,BYPASS,RUNNING
516,10.32,1,-5.5999999999999996,-11.101999999999997,2.7999999999999998,5.5999999999999996,-11.101999999999997,2.7999999999999998,BYPASS,BYPASS,RUNNING
516,10.32,1,-5.5999999999999996,-11.101999999999997,2.7999999999999998,5.5999999999999996,-11.101999999999997,2.7999999999999998,BYPASS,BYPASS,RUNNING
516,10.32,1,-5.5999999999999996,-11.101999999999997,2.7999999999999998,5.5999999999999996,-11.101999999999997,2.7999999999999998,BYPASS,BYPASS,RUNNING
516,10.32,1,-5.5999999999999996,-11.101999999999997,2.7999999999999998,5.5999999999999996,-11.101999999999997,2.7999999999999998,BYPASS,BYPASS,RUNNING
516,10.32,1,-5.5999999999999996,-11.101999999999997,2.7999999999999998,5.5999999999999996,-11.101999999999997,2.7999999999999998,BYPASS,BYPASS,RUNNING
516,10.32,1,-5.5999999999999996,-11.101999999999997,2.7999999999999998,5.5999999999999996,-11.101999999999997,2.7999999999999998,BYPASS,BYPASS,RUNNING
516,10.32,1,-5.5999999999999996,-11.101999999999997,2.7999999999999998,5.5999999999999996,-11.101999999999997,2.7999999999999998,BYPASS,BYPASS,RUNNING
516,10.32,1,-5.5999999999999996,-11.101999999999997,2.7999999999999998,5.5999999999999996,-11.101999999999997,2.7999999999999998,BYPASS,BYPASS,RUNNING
516,10.32,1,-5.5999999999999996,-11.101999999999997,2.7999999999999998,5.5999999999999996,-11.101999999999997,2.7999999999999998,BYPASS,BYPASS,RUNNING
516,10.32,1,-5.5999999999999996,-11.101999999999997,2.7999999999999998,5.5999999999999996,-11.101999999999997,2.7999999999999998,BYPASS,BYPASS,RUNNING
516,10.32,1,-5.5999999999999996,-11.101999999999997,2.7999999999999998,5.5999999999999996,-11.101999999999997,2.7999999999999998,BYPASS,BYPASS,RUNNING
516,10.32,1,-5.5999999999999996,-11.101999999999997,2.7999999999999998,5.5999999999999996,-11.101999999999997,2.7999999999999998,BYPASS,BYPASS,RUNNING
516,10.32,1,-5.5999999999999996,-11.101999999999997,2.7999999999999998,5.5999999999999996,-11.101999999999997,2.7999999999999998,BYPASS,BYPASS,RUNNING
516,10.32,1,-5.5999999999999996,-11.101999999999997,2.7999999999999998,5.5999999999999996,-11.101999999999997,2.7999999999999998,BYPASS,BYPASS,RUNNING
516,10.32,1,-5.5999999999999996,-11.101999999999997,2.7999999999999998,5.5999999999999996,-11.101999999999997,2.7999999999999998,BYPASS,BYPASS,RUNNING
516,10.32,1,-5.5999999999999996,-11.101999999999997,2.7999999999999998,5.5999999999999996,-11.101999999999997,2.7999999999999998,BYPASS,BYPASS,RUNNING
516,10.32,1,-5.5999999999999996,-11.101999999999997,2.7999999999999998,5.5999999999999996,-11.101999999999997,2.7999999999999998,BYPASS,BYPASS,RUNNING
516,10.32,1,-5.5999999999999996,-11.101999999999997,2.7999999999999998,5.5999999999999996,-11.101999999999997,2.7999999999999998,BYPASS,BYPASS,RUNNING
516,10.32,1,-5.5999999999999996,-11.101999999999997,2.7999999999999998,5.5999999999999996,-11.101999999999997,2.7999999999999998,BYPASS,BYPASS,RUNNING
516,10.32,1,-5.5999999999999996,-11.101999999999997,2.7999999999999998,5.5999999999999996,-11.101999999999997,2.7999999999999998,BYPASS,BYPASS,RUNNING
516,10.32,1,-5.5999999999999996,-11.101999999999997,2.7999999999999998,5.5999999999999996,-11.101999999999997,2.7999999999999998,BYPASS,BYPASS,RUNNING
516,10.32,1,-5.5999999999999996,-11.101999999999997,2.7999999999999998,5.5999999999999996,-11.101999999999997,2.7999999999999998,BYPASS,BYPASS,RUNNING
516,10.32,1,-5.5999999999999996,-11.101999999999997,2.7999999999999998,5.5999999999999996,-11.101999999999997,2.7999999999999998,BYPASS,BYPASS,RUNNING
516,10.32,1,-5.5999999999999996,-11.101999999999997,2.7999999999999998,5.5999999999999996,-11.101999999999997,2.7999999999999998,BYPASS,BYPASS,RUNNING
516,10.32,1,-5.5999999999999996,-11.101999999999997,2.7999999999999998,5.5999999999999996,-11.101999999999997,2.7999999999999998,BYPASS,BYPASS,RUNNING
516,10.32,1,-5.5999999999999996,-11.101999999999997,2.7999999999999998,5.5999999999999996,-11.101999999999997,2.7999999999999998,BYPASS,BYPASS,RUNNING
516,10.32,1,-5.5999999999999996,-11.101999999999997,2.7999999999999998,5.5999999999999996,-11.101999999999997,2.7999999999999998,BYPASS,BYPASS,RUNNING
516,10.32,1,-5.5999999999999996,-11.101999999999997,2.7999999999999998,5.5999999999999996,-11.101999999999997,2.7999999999999998,BYPASS,BYPASS,RUNNING
516,10.32,1,-5.5999999999999996,-11.101999999999997,2.7999999999999998,5.5999999999999996,-11.101999999999997,2.7999999999999998,BYPASS,BYPASS,RUNNING
516,10.32,1,-5.5999999999999996,-11.101999999999997,2.7999999999999998,5.5999999999999996,-11.101999999999997,2.7999999999999998,BYPASS,BYPASS,RUNNING
516,10.32,1,-5.5999999999999996,-11.101999999999997,2.7999999999999998,5.5999999999999996,-11.101999999999997,2.7999999999999998,BYPASS,BYPASS,RUNNING
516,10.32,1,-5.5999999999999996,-11.101999999999997,2.7999999999999998,5.5999999999999996,-11.101999999999997,2.7999999999999998,BYPASS,BYPASS,RUNNING
516,10.32,1,-5.5999999999999996,-11.101999999999997,2.7999999999999998,5.5999999999999996,-11.101999999999997,2.7999999999999998,BYPASS,BYPASS,RUNNING
516,10.32,1,-5.5999999999999996,-11.101999999999997,2.7999999999999998,5.5999999999999996,-11.101999999999997,2.7999999999999998,BYPASS,BYPASS,RUNNING
516,10.32,1,-5.5999999999999996,-11.101999999999997,2.7999999999999998,5.5999999999999996,-11.101999999999997,2.7999999999999998,BYPASS,BYPASS,RUNNING
516,10.32,1,-5.5999999999999996,-11.101999999999997,2.7999999999999998,5.5999999999999996,-11.101999999999997,2.7999999999999998,BYPASS,BYPASS,RUNNING
516,10.32,1,-5.5999999999999996,-11.101999999999997,2.7999999999999998,5.5999999999999996,-11.101999999999997,2.7999999999999998,BYPASS,BYPASS,RUNNING
516,10.32,1,-5.5999999999999996,-11.101999999999997,2.7999999999999998,5.5999999999999996,-11.101999999999997,2.7999999999999998,BYPASS,BYPASS,RUNNING
516,10.32,1,-5.5999999999999996,-11.101999999999997,2.7999999999999998,5.5999999999999996,-11.101999999999997,2.7999999999999998,BYPASS,BYPASS,RUNNING
516,10.32,1,-5.5999999999999996,-11.101999999999997,2.7999999999999998,5.5999999999999996,-11.101999999999997,2.7999999999999998,BYPASS,BYPASS,RUNNING
516,10.32,1,-5.5999999999999996,-11.101999999999997,2.7999999999999998,5.5999999999999996,-11.101999999999997,2.7999999999999998,BYPASS,BYPASS,RUNNING
516,10.32,1,-5.5999999999999996,-11.101999999999997,2.7999999999999998,5.5999999999999996,-11.101999999999997,2.7999999999999998,BYPASS,BYPASS,RUNNING
516,10.32,1,-5.5999999999999996,-11.101999999999997,2.7999999999999998,5.5999999999999996,-11.101999999999997,2.7999999999999998,BYPASS,BYPASS,RUNNING
516,10.32,1,-5.5999999999999996,-11.101999999999997,2.7999999999999998,5.5999999999999996,-11.101999999999997,2.7999999999999998,BYPASS,BYPASS,RUNNING
516,10.32,1,-5.5999999999999996,-11.101999999999997,2.7999999999999998,5.5999999999999996,-11.101999999999997,2.7999999999999998,BYPASS,BYPASS,RUNNING
516,10.32,1,-5.5999999999999996,-11.101999999999997,2.7999999999999998,5.5999999999999996,-11.101999999999997,2.7999999999999998,BYPASS,BYPASS,RUNNING
516,10.32,1,-5.5999999999999996,-11.101999999999997,2.7999999999999998,5.5999999999999996,-11.101999999999997,2.7999999999999998,BYPASS,BYPASS,RUNNING
516,10.32,1,-5.5999999999999996,-11.101999999999997,2.7999999999999998,5.5999999999999996,-11.101999999999997,2.7999999999999998,BYPASS,BYPASS,RUNNING
516,10.32,1,-5.5999999999999996,-11.101999999999997,2.7999999999999998,5.5999999999999996,-11.101999999999997,2.7999999999999998,BYPASS,BYPASS,RUNNING
516,10.32,1,-5.5999999999999996,-11.101999999999997,2.7999999999999998,5.5999999999999996,-11.101999999999997,2.7999999999999998,BYPASS,BYPASS,RUNNING
516,10.32,1,-5.5999999999999996,-11.101999999999997,2.7999999999999998,5.5999999999999996,-11.101999999999997,2.7999999999999998,BYPASS,BYPASS,RUNNING
516,10.32,1,-5.5999999999999996,-11.101999999999997,2.7999999999999998,5.5999999999999996,-11.101999999999997,2.7999999999999998,BYPASS,BYPASS,RUNNING
516,10.32,1,-5.5999999999999996,-11.101999999999997,2.7999999999999998,5.5999999999999996,-11.101999999999997,2.7999999999999998,BYPASS,BYPASS,RUNNING
516,10.32,1,-5.5999999999999996,-11.101999999999997,2.7999999999999998,5.5999999999999996,-11.101999999999997,2.7999999999999998,BYPASS,BYPASS,RUNNING
516,10.32,1,-5.5999999999999996,-11.101999999999997,2.7999999999999998,5.5999999999999996,-11.101999999999997,2.7999999999999998,BYPASS,BYPASS,RUNNING
516,10.32,1,-5.5999999999999996,-11.101999999999997,2.7999999999999998,5.5999999999999996,-11.101999999999997,2.7999999999999998,BYPASS,BYPASS,RUNNING
516,10.32,1,-5.5999999999999996,-11.101999999999997,2.7999999999999998,5.5999999999999996,-11.101999999999997,2.7999999999999998,BYPASS,BYPASS,RUNNING
516,10.32,1,-5.5999999999999996,-11.101999999999997,2.7999999999999998,5.5999999999999996,-11.101999999999997,2.7999999999999998,BYPASS,BYPASS,RUNNING
516,10.32,1,-5.5999999999999996,-11.101999999999997,2.7999999999999998,5.5999999999999996,-11.101999999999997,2.7999999999999998,BYPASS,BYPASS,RUNNING
516,10.32,1,-5.5999999999999996,-11.101999999999997,2.7999999999999998,5.5999999999999996,-11.101999999999997,2.7999999999999998,BYPASS,BYPASS,RUNNING
516,10.32,1,-5.5999999999999996,-11.101999999999997,2.7999999999999998,5.5999999999999996,-11.101999999999997,2.7999999999999998,BYPASS,BYPASS,RUNNING
516,10.32,1,-5.5999999999999996,-11.101999999999997,2.7999999999999998,5.5999999999999996,-11.101999999999997,2.7999999999999998,BYPASS,BYPASS,RUNNING
516,10.32,1,-5.5999999999999996,-11.101999999999997,2.7999999999999998,5.5999999999999996,-11.101999999999997,2.7999999999999998,BYPASS,BYPASS,RUNNING
516,10.32,1,-5.5999999999999996,-11.101999999999997,2.7999999999999998,5.5999999999999996,-11.101999999999997,2.7999999999999998,BYPASS,BYPASS,RUNNING
516,10.32,1,-5.5999999999999996,-11.101999999999997,2.7999999999999998,5.5999999999999996,-11.101999999999997,2.7999999999999998,BYPASS,BYPASS,RUNNING
516,10.32,1,-5.5999999999999996,-11.101999999999997,2.7999999999999998,5.5999999999999996,-11.101999999999997,2.7999999999999998,BYPASS,BYPASS,RUNNING
516,10.32,1,-5.5999999999999996,-11.101999999999997,2.7999999999999998,5.5999999999999996,-11.101999999999997,2.7999999999999998,BYPASS,BYPASS,RUNNING
516,10.32,1,-5.5999999999999996,-11.101999999999997,2.7999999999999998,5.5999999999999996,-11.101999999999997,2.7999999999999998,BYPASS,BYPASS,RUNNING
516,10.32,1,-5.5999999999999996,-11.101999999999997,2.7999999999999998,5.5999999999999996,-11.101999999999997,2.7999999999999998,BYPASS,BYPASS,RUNNING
516,10.32,1,-5.5999999999999996,-11.101999999999997,2.7999999999999998,5.5999999999999996,-11.101999999999997,2.7999999999999998,BYPASS,BYPASS,RUNNING
516,10.32,1,-5.5999999999999996,-11.101999999999997,2.7999999999999998,5.5999999999999996,-11.101999999999997,2.7999999999999998,BYPASS,BYPASS,RUNNING
516,10.32,1,-5.5999999999999996,-11.101999999999997,2.7999999999999998,5.5999999999999996,-11.101999999999997,2.7999999999999998,BYPASS,BYPASS,RUNNING
516,10.32,1,-5.5999999999999996,-11.101999999999997,2.7999999999999998,5.5999999999999996,-11.101999999999997,2.7999999999999998,BYPASS,BYPASS,RUNNING
516,10.32,1,-5.5999999999999996,-11.101999999999997,2.7999999999999998,5.5999999999999996,-11.101999999999997,2.7999999999999998,BYPASS,BYPASS,RUNNING
516,10.32,1,-5.5999999999999996,-11.101999999999997,2.7999999999999998,5.5999999999999996,-11.101999999999997,2.7999999999999998,BYPASS,BYPASS,RUNNING
516,10.32,1,-5.5999999999999996,-11.101999999999997,2.7999999999999998,5.5999999999999996,-11.101999999999997,2.7999999999999998,BYPASS,BYPASS,RUNNING
516,10.32,1,-5.5999999999999996,-11.101999999999997,2.7999999999999998,5.5999999999999996,-11.101999999999997,2.7999999999999998,BYPASS,BYPASS,RUNNING
516,10.32,1,-5.5999999999999996,-11.101999999999997,2.7999999999999998,5.5999999999999996,-11.101999999999997,2.7999999999999998,BYPASS,BYPASS,RUNNING
516,10.32,1,-5.5999999999999996,-11.101999999999997,2.7999999999999998,5.5999999999999996,-11.101999999999997,2.7999999999999998,BYPASS,BYPASS,RUNNING
516,10.32,1,-5.5999999999999996,-11.101999999999997,2.7999999999999998,5.5999999999999996,-11.101999999999997,2.7999999999999998,BYPASS,BYPASS,RUNNING
516,10.32,1,-5.5999999999999996,-11.101999999999997,2.7999999999999998,5.5999999999999996,-11.101999999999997,2.7999999999999998,BYPASS,BYPASS,RUNNING
516,10.32,1,-5.5999999999999996,-11.101999999999997,2.7999999999999998,5.5999999999999996,-11.101999999999997,2.7999999999999998,BYPASS,BYPASS,RUNNING
516,10.32,1,-5.5999999999999996,-11.101999999999997,2.7999999999999998,5.5999999999999996,-11.101999999999997,2.7999999999999998,BYPASS,BYPASS,RUNNING
516,10.32,1,-5.5999999999999996,-11.101999999999997,2.7999999999999998,5.5999999999999996,-11.101999999999997,2.7999999999999998,BYPASS,BYPASS,RUNNING
516,10.32,1,-5.5999999999999996,-11.101999999999997,2.7999999999999998,5.5999999999999996,-11.101999999999997,2.7999999999999998,BYPASS,BYPASS,RUNNING
516,10.32,1,-5.5999999999999996,-11.101999999999997,2.7999999999999998,5.5999999999999996,-11.101999999999997,2.7999999999999998,BYPASS,BYPASS,RUNNING
516,10.32,1,-5.5999999999999996,-11.101999999999997,2.7999999999999998,5.5999999999999996,-11.101999999999997,2.7999999999999998,BYPASS,BYPASS,RUNNING
516,10.32,1,-5.5999999999999996,-11.101999999999997,2.7999999999999998,5.5999999999999996,-11.101999999999997,2.7999999999999998,BYPASS,BYPASS,RUNNING
516,10.32,1,-5.5999999999999996,-11.101999999999997,2.7999999999999998,5.5999999999999996,-11.101999999999997,2.7999999999999998,BYPASS,BYPASS,RUNNING
516,10.32,1,-5.5999999999999996,-11.101999999999997,2.7999999999999998,5.5999999999999996,-11.101999999999997,2.7999999999999998,BYPASS,BYPASS,RUNNING
516,10.32,1,-5.5999999999999996,-11.101999999999997,2.7999999999999998,5.5999999999999996,-11.101999999999997,2.7999999999999998,BYPASS,BYPASS,RUNNING
516,10.32,1,-5.5999999999999996,-11.101999999999997,2.7999999999999998,5.5999999999999996,-11.101999999999997,2.7999999999999998,BYPASS,BYPASS,RUNNING
516,10.32,1,-5.5999999999999996,-11.101999999999997,2.7999999999999998,5.5999999999999996,-11.101999999999997,2.7999999999999998,BYPASS,BYPASS,RUNNING
516,10.32,1,-5.5999999999999996,-11.101999999999997,2.7999999999999998,5.5999999999999996,-11.101999999999997,2.7999999999999998,BYPASS,BYPASS,RUNNING
516,10.32,1,-5.5999999999999996,-11.101999999999997,2.7999999999999998,5.5999999999999996,-11.101999999999997,2.7999999999999998,BYPASS,BYPASS,RUNNING
516,10.32,1,-5.5999999999999996,-11.101999999999997,2.7999999999999998,5.5999999999999996,-11.101999999999997,2.7999999999999998,BYPASS,BYPASS,RUNNING
516,10.32,1,-5.5999999999999996,-11.101999999999997,2.7999999999999998,5.5999999999999996,-11.101999999999997,2.7999999999999998,BYPASS,BYPASS,RUNNING
516,10.32,1,-5.5999999999999996,-11.101999999999997,2.7999999999999998,5.5999999999999996,-11.101999999999997,2.7999999999999998,BYPASS,BYPASS,RUNNING
516,10.32,1,-5.5999999999999996,-11.101999999999997,2.7999999999999998,5.5999999999999996,-11.101999999999997,2.7999999999999998,BYPASS,BYPASS,RUNNING
516,10.32,1,-5.5999999999999996,-11.101999999999997,2.7999999999999998,5.5999999999999996,-11.101999999999997,2.7999999999999998,BYPASS,BYPASS,RUNNING
516,10.32,1,-5.5999999999999996,-11.101999999999997,2.7999999999999998,5.5999999999999996,-11.101999999999997,2.7999999999999998,BYPASS,BYPASS,RUNNING
516,10.32,1,-5.5999999999999996,-11.101999999999997,2.7999999999999998,5.5999999999999996,-11.101999999999997,2.7999999999999998,BYPASS,BYPASS,RUNNING
516,10.32,1,-5.5999999999999996,-11.101999999999997,2.7999999999999998,5.5999999999999996,-11.101999999999997,2.7999999999999998,BYPASS,BYPASS,RUNNING
516,10.32,1,-5.5999999999999996,-11.101999999999997,2.7999999999999998,5.5999999999999996,-11.101999999999997,2.7999999999999998,BYPASS,BYPASS,RUNNING
516,10.32,1,-5.5999999999999996,-11.101999999999997,2.7999999999999998,5.5999999999999996,-11.101999999999997,2.7999999999999998,BYPASS,BYPASS,RUNNING
516,10.32,1,-5.5999999999999996,-11.101999999999997,2.7999999999999998,5.5999999999999996,-11.101999999999997,2.7999999999999998,BYPASS,BYPASS,RUNNING
516,10.32,1,-5.5999999999999996,-11.101999999999997,2.7999999999999998,5.5999999999999996,-11.101999999999997,2.7999999999999998,BYPASS,BYPASS,RUNNING
516,10.32,1,-5.5999999999999996,-11.101999999999997,2.7999999999999998,5.5999999999999996,-11.101999999999997,2.7999999999999998,BYPASS,BYPASS,RUNNING
516,10.32,1,-5.5999999999999996,-11.101999999999997,2.7999999999999998,5.5999999999999996,-11.101999999999997,2.7999999999999998,BYPASS,BYPASS,RUNNING
516,10.32,1,-5.5999999999999996,-11.101999999999997,2.7999999999999998,5.5999999999999996,-11.101999999999997,2.7999999999999998,BYPASS,BYPASS,RUNNING
516,10.32,1,-5.5999999999999996,-11.101999999999997,2.7999999999999998,5.5999999999999996,-11.101999999999997,2.7999999999999998,BYPASS,BYPASS,RUNNING
516,10.32,1,-5.5999999999999996,-11.101999999999997,2.7999999999999998,5.5999999999999996,-11.101999999999997,2.7999999999999998,BYPASS,BYPASS,RUNNING
516,10.32,1,-5.5999999999999996,-11.101999999999997,2.7999999999999998,5.5999999999999996,-11.101999999999997,2.7999999999999998,BYPASS,BYPASS,RUNNING
516,10.32,1,-5.5999999999999996,-11.101999999999997,2.7999999999999998,5.5999999999999996,-11.101999999999997,2.7999999999999998,BYPASS,BYPASS,RUNNING
516,10.32,1,-5.5999999999999996,-11.101999999999997,2.7999999999999998,5.5999999999999996,-11.101999999999997,2.7999999999999998,BYPASS,BYPASS,RUNNING
516,10.32,1,-5.5999999999999996,-11.101999999999997,2.7999999999999998,5.5999999999999996,-11.101999999999997,2.7999999999999998,BYPASS,BYPASS,RUNNING
516,10.32,1,-5.5999999999999996,-11.101999999999997,2.7999999999999998,5.5999999999999996,-11.101999999999997,2.7999999999999998,BYPASS,BYPASS,RUNNING
516,10.32,1,-5.5999999999999996,-11.101999999999997,2.7999999999999998,5.5999999999999996,-11.101999999999997,2.7999999999999998,BYPASS,BYPASS,RUNNING
516,10.32,1,-5.5999999999999996,-11.101999999999997,2.7999999999999998,5.5999999999999996,-11.101999999999997,2.7999999999999998,BYPASS,BYPASS,RUNNING
516,10.32,1,-5.5999999999999996,-11.101999999999997,2.7999999999999998,5.5999999999999996,-11.101999999999997,2.7999999999999998,BYPASS,BYPASS,RUNNING
516,10.32,1,-5.5999999999999996,-11.101999999999997,2.7999999999999998,5.5999999999999996,-11.101999999999997,2.7999999999999998,BYPASS,BYPASS,RUNNING
516,10.32,1,-5.5999999999999996,-11.101999999999997,2.7999999999999998,5.5999999999999996,-11.101999999999997,2.7999999999999998,BYPASS,BYPASS,RUNNING
516,10.32,1,-5.5999999999999996,-11.101999999999997,2.7999999999999998,5.5999999999999996,-11.101999999999997,2.7999999999999998,BYPASS,BYPASS,RUNNING
516,10.32,1,-5.5999999999999996,-11.101999999999997,2.7999999999999998,5.5999999999999996,-11.101999999999997,2.7999999999999998,BYPASS,BYPASS,RUNNING
516,10.32,1,-5.5999999999999996,-11.101999999999997,2.7999999999999998,5.5999999999999996,-11.101999999999997,2.7999999999999998,BYPASS,BYPASS,RUNNING
516,10.32,1,-5.5999999999999996,-11.101999999999997,2.7999999999999998,5.5999999999999996,-11.101999999999997,2.7999999999999998,BYPASS,BYPASS,RUNNING
516,10.32,1,-5.5999999999999996,-11.101999999999997,2.7999999999999998,5.5999999999999996,-11.101999999999997,2.7999999999999998,BYPASS,BYPASS,RUNNING
516,10.32,1,-5.5999999999999996,-11.101999999999997,2.7999999999999998,5.5999999999999996,-11.101999999999997,2.7999999999999998,BYPASS,BYPASS,RUNNING
516,10.32,1,-5.5999999999999996,-11.101999999999997,2.7999999999999998,5.5999999999999996,-11.101999999999997,2.7999999999999998,BYPASS,BYPASS,RUNNING
516,10.32,1,-5.5999999999999996,-11.101999999999997,2.7999999999999998,5.5999999999999996,-11.101999999999997,2.7999999999999998,BYPASS,BYPASS,RUNNING
516,10.32,1,-5.5999999999999996,-11.101999999999997,2.7999999999999998,5.5999999999999996,-11.101999999999997,2.7999999999999998,BYPASS,BYPASS,RUNNING
516,10.32,1,-5.5999999999999996,-11.101999999999997,2.7999999999999998,5.5999999999999996,-11.101999999999997,2.7999999999999998,BYPASS,BYPASS,RUNNING
516,10.32,1,-5.5999999999999996,-11.101999999999997,2.7999999999999998,5.5999999999999996,-11.101999999999997,2.7999999999999998,BYPASS,BYPASS,RUNNING
516,10.32,1,-5.5999999999999996,-11.101999999999997,2.7999999999999998,5.5999999999999996,-11.101999999999997,2.7999999999999998,BYPASS,BYPASS,RUNNING
516,10.32,1,-5.5999999999999996,-11.101999999999997,2.7999999999999998,5.5999999999999996,-11.101999999999997,2.7999999999999998,BYPASS,BYPASS,RUNNING
516,10.32,1,-5.5999999999999996,-11.101999999999997,2.7999999999999998,5.5999999999999996,-11.101999999999997,2.7999999999999998,BYPASS,BYPASS,RUNNING
516,10.32,1,-5.5999999999999996,-11.101999999999997,2.7999999999999998,5.5999999999999996,-11.101999999999997,2.7999999999999998,BYPASS,BYPASS,RUNNING
516,10.32,1,-5.5999999999999996,-11.101999999999997,2.7999999999999998,5.5999999999999996,-11.101999999999997,2.7999999999999998,BYPASS,BYPASS,RUNNING
516,10.32,1,-5.5999999999999996,-11.101999999999997,2.7999999999999998,5.5999999999999996,-11.101999999999997,2.7999999999999998,BYPASS,BYPASS,RUNNING
516,10.32,1,-5.5999999999999996,-11.101999999999997,2.7999999999999998,5.5999999999999996,-11.101999999999997,2.7999999999999998,BYPASS,BYPASS,RUNNING
516,10.32,1,-5.5999999999999996,-11.101999999999997,2.7999999999999998,5.5999999999999996,-11.101999999999997,2.7999999999999998,BYPASS,BYPASS,RUNNING
516,10.32,1,-5.5999999999999996,-11.101999999999997,2.7999999999999998,5.5999999999999996,-11.101999999999997,2.7999999999999998,BYPASS,BYPASS,RUNNING
516,10.32,1,-5.5999999999999996,-11.101999999999997,2.7999999999999998,5.5999999999999996,-11.101999999999997,2.7999999999999998,BYPASS,BYPASS,RUNNING
516,10.32,1,-5.5999999999999996,-11.101999999999997,2.7999999999999998,5.5999999999999996,-11.101999999999997,2.7999999999999998,BYPASS,BYPASS,RUNNING
516,10.32,1,-5.5999999999999996,-11.101999999999997,2.7999999999999998,5.5999999999999996,-11.101999999999997,2.7999999999999998,BYPASS,BYPASS,RUNNING
516,10.32,1,-5.5999999999999996,-11.101999999999997,2.7999999999999998,5.5999999999999996,-11.101999999999997,2.7999999999999998,BYPASS,BYPASS,RUNNING
516,10.32,1,-5.5999999999999996,-11.101999999999997,2.7999999999999998,5.5999999999999996,-11.101999999999997,2.7999999999999998,BYPASS,BYPASS,RUNNING
516,10.32,1,-5.5999999999999996,-11.101999999999997,2.7999999999999998,5.5999999999999996,-11.101999999999997,2.7999999999999998,BYPASS,BYPASS,RUNNING
516,10.32,1,-5.5999999999999996,-11.101999999999997,2.7999999999999998,5.5999999999999996,-11.101999999999997,2.7999999999999998,BYPASS,BYPASS,RUNNING
516,10.32,1,-5.5999999999999996,-11.101999999999997,2.7999999999999998,5.5999999999999996,-11.101999999999997,2.7999999999999998,BYPASS,BYPASS,RUNNING
516,10.32,1,-5.5999999999999996,-11.101999999999997,2.7999999999999998,5.5999999999999996,-11.101999999999997,2.7999999999999998,BYPASS,BYPASS,RUNNING
516,10.32,1,-5.5999999999999996,-11.101999999999997,2.7999999999999998,5.5999999999999996,-11.101999999999997,2.7999999999999998,BYPASS,BYPASS,RUNNING
516,10.32,1,-5.5999999999999996,-11.101999999999997,2.7999999999999998,5.5999999999999996,-11.101999999999997,2.7999999999999998,BYPASS,BYPASS,RUNNING
516,10.32,1,-5.5999999999999996,-11.101999999999997,2.7999999999999998,5.5999999999999996,-11.101999999999997,2.7999999999999998,BYPASS,BYPASS,RUNNING
516,10.32,1,-5.5999999999999996,-11.101999999999997,2.7999999999999998,5.5999999999999996,-11.101999999999997,2.7999999999999998,BYPASS,BYPASS,RUNNING
516,10.32,1,-5.5999999999999996,-11.101999999999997,2.7999999999999998,5.5999999999999996,-11.101999999999997,2.7999999999999998,BYPASS,BYPASS,RUNNING
516,10.32,1,-5.5999999999999996,-11.101999999999997,2.7999999999999998,5.5999999999999996,-11.101999999999997,2.7999999999999998,BYPASS,BYPASS,RUNNING
516,10.32,1,-5.5999999999999996,-11.101999999999997,2.7999999999999998,5.5999999999999996,-11.101999999999997,2.7999999999999998,BYPASS,BYPASS,RUNNING
516,10.32,1,-5.5999999999999996,-11.101999999999997,2.7999999999999998,5.5999999999999996,-11.101999999999997,2.7999999999999998,BYPASS,BYPASS,RUNNING
516,10.32,1,-5.5999999999999996,-11.101999999999997,2.7999999999999998,5.5999999999999996,-11.101999999999997,2.7999999999999998,BYPASS,BYPASS,RUNNING
516,10.32,1,-5.5999999999999996,-11.101999999999997,2.7999999999999998,5.5999999999999996,-11.101999999999997,2.7999999999999998,BYPASS,BYPASS,RUNNING
516,10.32,1,-5.5999999999999996,-11.101999999999997,2.7999999999999998,5.5999999999999996,-11.101999999999997,2.7999999999999998,BYPASS,BYPASS,RUNNING
516,10.32,1,-5.5999999999999996,-11.101999999999997,2.7999999999999998,5.5999999999999996,-11.101999999999997,2.7999999999999998,BYPASS,BYPASS,RUNNING
516,10.32,1,-5.5999999999999996,-11.101999999999997,2.7999999999999998,5.5999999999999996,-11.101999999999997,2.7999999999999998,BYPASS,BYPASS,RUNNING
516,10.32,1,-5.5999999999999996,-11.101999999999997,2.7999999999999998,5.5999999999999996,-11.101999999999997,2.7999999999999998,BYPASS,BYPASS,RUNNING
516,10.32,1,-5.5999999999999996,-11.101999999999997,2.7999999999999998,5.5999999999999996,-11.101999999999997,2.7999999999999998,BYPASS,BYPASS,RUNNING
516,10.32,1,-5.5999999999999996,-11.101999999999997,2.7999999999999998,5.5999999999999996,-11.101999999999997,2.7999999999999998,BYPASS,BYPASS,RUNNING
516,10.32,1,-5.5999999999999996,-11.101999999999997,2.7999999999999998,5.5999999999999996,-11.101999999999997,2.7999999999999998,BYPASS,BYPASS,RUNNING
516,10.32,1,-5.5999999999999996,-11.101999999999997,2.7999999999999998,5.5999999999999996,-11.101999999999997,2.7999999999999998,BYPASS,BYPASS,RUNNING
516,10.32,1,-5.5999999999999996,-11.101999999999997,2.7999999999999998,5.5999999999999996,-11.101999999999997,2.7999999999999998,BYPASS,BYPASS,RUNNING
516,10.32,1,-5.5999999999999996,-11.101999999999997,2.7999999999999998,5.5999999999999996,-11.101999999999997,2.7999999999999998,BYPASS,BYPASS,RUNNING
516,10.32,1,-5.5999999999999996,-11.101999999999997,2.7999999999999998,5.5999999999999996,-11.101999999999997,2.7999999999999998,BYPASS,BYPASS,RUNNING
516,10.32,1,-5.5999999999999996,-11.101999999999997,2.7999999999999998,5.5999999999999996,-11.101999999999997,2.7999999999999998,BYPASS,BYPASS,RUNNING
516,10.32,1,-5.5999999999999996,-11.101999999999997,2.7999999999999998,5.5999999999999996,-11.101999999999997,2.7999999999999998,BYPASS,BYPASS,RUNNING
516,10.32,1,-5.5999999999999996,-11.101999999999997,2.7999999999999998,5.5999999999999996,-11.101999999999997,2.7999999999999998,BYPASS,BYPASS,RUNNING
516,10.32,1,-5.5999999999999996,-11.101999999999997,2.7999999999999998,5.5999999999999996,-11.101999999999997,2.7999999999999998,BYPASS,BYPASS,RUNNING
516,10.32,1,-5.5999999999999996,-11.101999999999997,2.7999999999999998,5.5999999999999996,-11.101999999999997,2.7999999999999998,BYPASS,BYPASS,RUNNING
516,10.32,1,-5.5999999999999996,-11.101999999999997,2.7999999999999998,5.5999999999999996,-11.101999999999997,2.7999999999999998,BYPASS,BYPASS,RUNNING
516,10.32,1,-5.5999999999999996,-11.101999999999997,2.7999999999999998,5.5999999999999996,-11.101999999999997,2.7999999999999998,BYPASS,BYPASS,RUNNING
516,10.32,1,-5.5999999999999996,-11.101999999999997,2.7999999999999998,5.5999999999999996,-11.101999999999997,2.7999999999999998,BYPASS,BYPASS,RUNNING
516,10.32,1,-5.5999999999999996,-11.101999999999997,2.7999999999999998,5.5999999999999996,-11.101999999999997,2.7999999999999998,BYPASS,BYPASS,RUNNING
516,10.32,1,-5.5999999999999996,-11.101999999999997,2.7999999999999998,5.5999999999999996,-11.101999999999997,2.7999999999999998,BYPASS,BYPASS,RUNNING
516,10.32,1,-5.5999999999999996,-11.101999999999997,2.7999999999999998,5.5999999999999996,-11.101999999999997,2.7999999999999998,BYPASS,BYPASS,RUNNING
516,10.32,1,-5.5999999999999996,-11.101999999999997,2.7999999999999998,5.5999999999999996,-11.101999999999997,2.7999999999999998,BYPASS,BYPASS,RUNNING
516,10.32,1,-5.5999999999999996,-11.101999999999997,2.7999999999999998,5.5999999999999996,-11.101999999999997,2.7999999999999998,BYPASS,BYPASS,RUNNING
516,10.32,1,-5.5999999999999996,-11.101999999999997,2.7999999999999998,5.5999999999999996,-11.101999999999997,2.7999999999999998,BYPASS,BYPASS,RUNNING
516,10.32,1,-5.5999999999999996,-11.101999999999997,2.7999999999999998,5.5999999999999996,-11.101999999999997,2.7999999999999998,BYPASS,BYPASS,RUNNING
516,10.32,1,-5.5999999999999996,-11.101999999999997,2.7999999999999998,5.5999999999999996,-11.101999999999997,2.7999999999999998,BYPASS,BYPASS,RUNNING
516,10.32,1,-5.5999999999999996,-11.101999999999997,2.7999999999999998,5.5999999999999996,-11.101999999999997,2.7999999999999998,BYPASS,BYPASS,RUNNING
516,10.32,1,-5.5999999999999996,-11.101999999999997,2.7999999999999998,5.5999999999999996,-11.101999999999997,2.7999999999999998,BYPASS,BYPASS,RUNNING
516,10.32,1,-5.5999999999999996,-11.101999999999997,2.7999999999999998,5.5999999999999996,-11.101999999999997,2.7999999999999998,BYPASS,BYPASS,RUNNING
516,10.32,1,-5.5999999999999996,-11.101999999999997,2.7999999999999998,5.5999999999999996,-11.101999999999997,2.7999999999999998,BYPASS,BYPASS,RUNNING
516,10.32,1,-5.5999999999999996,-11.101999999999997,2.7999999999999998,5.5999999999999996,-11.101999999999997,2.7999999999999998,BYPASS,BYPASS,RUNNING
516,10.32,1,-5.5999999999999996,-11.101999999999997,2.7999999999999998,5.5999999999999996,-11.101999999999997,2.7999999999999998,BYPASS,BYPASS,RUNNING
516,10.32,1,-5.5999999999999996,-11.101999999999997,2.7999999999999998,5.5999999999999996,-11.101999999999997,2.7999999999999998,BYPASS,BYPASS,RUNNING
516,10.32,1,-5.5999999999999996,-11.101999999999997,2.7999999999999998,5.5999999999999996,-11.101999999999997,2.7999999999999998,BYPASS,BYPASS,RUNNING
516,10.32,1,-5.5999999999999996,-11.101999999999997,2.7999999999999998,5.5999999999999996,-11.101999999999997,2.7999999999999998,BYPASS,BYPASS,RUNNING
516,10.32,1,-5.5999999999999996,-11.101999999999997,2.7999999999999998,5.5999999999999996,-11.101999999999997,2.7999999999999998,BYPASS,BYPASS,RUNNING
516,10.32,1,-5.5999999999999996,-11.101999999999997,2.7999999999999998,5.5999999999999996,-11.101999999999997,2.7999999999999998,BYPASS,BYPASS,RUNNING
516,10.32,1,-5.5999999999999996,-11.101999999999997,2.7999999999999998,5.5999999999999996,-11.101999999999997,2.7999999999999998,BYPASS,BYPASS,RUNNING
516,10.32,1,-5.5999999999999996,-11.101999999999997,2.7999999999999998,5.5999999999999996,-11.101999999999997,2.7999999999999998,BYPASS,BYPASS,RUNNING
516,10.32,1,-5.5999999999999996,-11.101999999999997,2.7999999999999998,5.5999999999999996,-11.101999999999997,2.7999999999999998,BYPASS,BYPASS,RUNNING
516,10.32,1,-5.5999999999999996,-11.101999999999997,2.7999999999999998,5.5999999999999996,-11.101999999999997,2.7999999999999998,BYPASS,BYPASS,RUNNING
516,10.32,1,-5.5999999999999996,-11.101999999999997,2.7999999999999998,5.5999999999999996,-11.101999999999997,2.7999999999999998,BYPASS,BYPASS,RUNNING
516,10.32,1,-5.5999999999999996,-11.101999999999997,2.7999999999999998,5.5999999999999996,-11.101999999999997,2.7999999999999998,BYPASS,BYPASS,RUNNING
516,10.32,1,-5.5999999999999996,-11.101999999999997,2.7999999999999998,5.5999999999999996,-11.101999999999997,2.7999999999999998,BYPASS,BYPASS,RUNNING
516,10.32,1,-5.5999999999999996,-11.101999999999997,2.7999999999999998,5.5999999999999996,-11.101999999999997,2.7999999999999998,BYPASS,BYPASS,RUNNING
516,10.32,1,-5.5999999999999996,-11.101999999999997,2.7999999999999998,5.5999999999999996,-11.101999999999997,2.7999999999999998,BYPASS,BYPASS,RUNNING
516,10.32,1,-5.5999999999999996,-11.101999999999997,2.7999999999999998,5.5999999999999996,-11.101999999999997,2.7999999999999998,BYPASS,BYPASS,RUNNING
516,10.32,1,-5.5999999999999996,-11.101999999999997,2.7999999999999998,5.5999999999999996,-11.101999999999997,2.7999999999999998,BYPASS,BYPASS,RUNNING
516,10.32,1,-5.5999999999999996,-11.101999999999997,2.7999999999999998,5.5999999999999996,-11.101999999999997,2.7999999999999998,BYPASS,BYPASS,RUNNING
516,10.32,1,-5.5999999999999996,-11.101999999999997,2.7999999999999998,5.5999999999999996,-11.101999999999997,2.7999999999999998,BYPASS,BYPASS,RUNNING
516,10.32,1,-5.5999999999999996,-11.101999999999997,2.7999999999999998,5.5999999999999996,-11.101999999999997,2.7999999999999998,BYPASS,BYPASS,RUNNING
516,10.32,1,-5.5999999999999996,-11.101999999999997,2.7999999999999998,5.5999999999999996,-11.101999999999997,2.7999999999999998,BYPASS,BYPASS,RUNNING
516,10.32,1,-5.5999999999999996,-11.101999999999997,2.7999999999999998,5.5999999999999996,-11.101999999999997,2.7999999999999998,BYPASS,BYPASS,RUNNING
516,10.32,1,-5.5999999999999996,-11.101999999999997,2.7999999999999998,5.5999999999999996,-11.101999999999997,2.7999999999999998,BYPASS,BYPASS,RUNNING
516,10.32,1,-5.5999999999999996,-11.101999999999997,2.7999999999999998,5.5999999999999996,-11.101999999999997,2.7999999999999998,BYPASS,BYPASS,RUNNING
516,10.32,1,-5.5999999999999996,-11.101999999999997,2.7999999999999998,5.5999999999999996,-11.101999999999997,2.7999999999999998,BYPASS,BYPASS,RUNNING
516,10.32,1,-5.5999999999999996,-11.101999999999997,2.7999999999999998,5.5999999999999996,-11.101999999999997,2.7999999999999998,BYPASS,BYPASS,RUNNING
516,10.32,1,-5.5999999999999996,-11.101999999999997,2.7999999999999998,5.5999999999999996,-11.101999999999997,2.7999999999999998,BYPASS,BYPASS,RUNNING
516,10.32,1,-5.5999999999999996,-11.101999999999997,2.7999999999999998,5.5999999999999996,-11.101999999999997,2.7999999999999998,BYPASS,BYPASS,RUNNING
516,10.32,1,-5.5999999999999996,-11.101999999999997,2.7999999999999998,5.5999999999999996,-11.101999999999997,2.7999999999999998,BYPASS,BYPASS,RUNNING
516,10.32,1,-5.5999999999999996,-11.101999999999997,2.7999999999999998,5.5999999999999996,-11.101999999999997,2.7999999999999998,BYPASS,BYPASS,RUNNING
516,10.32,1,-5.5999999999999996,-11.101999999999997,2.7999999999999998,5.5999999999999996,-11.101999999999997,2.7999999999999998,BYPASS,BYPASS,RUNNING
516,10.32,1,-5.5999999999999996,-11.101999999999997,2.7999999999999998,5.5999999999999996,-11.101999999999997,2.7999999999999998,BYPASS,BYPASS,RUNNING
516,10.32,1,-5.5999999999999996,-11.101999999999997,2.7999999999999998,5.5999999999999996,-11.101999999999997,2.7999999999999998,BYPASS,BYPASS,RUNNING
516,10.32,1,-5.5999999999999996,-11.101999999999997,2.7999999999999998,5.5999999999999996,-11.101999999999997,2.7999999999999998,BYPASS,BYPASS,RUNNING
516,10.32,1,-5.5999999999999996,-11.101999999999997,2.7999999999999998,5.5999999999999996,-11.101999999999997,2.7999999999999998,BYPASS,BYPASS,RUNNING
516,10.32,1,-5.5999999999999996,-11.101999999999997,2.7999999999999998,5.5999999999999996,-11.101999999999997,2.7999999999999998,BYPASS,BYPASS,RUNNING
516,10.32,1,-5.5999999999999996,-11.101999999999997,2.7999999999999998,5.5999999999999996,-11.101999999999997,2.7999999999999998,BYPASS,BYPASS,RUNNING
516,10.32,1,-5.5999999999999996,-11.101999999999997,2.7999999999999998,5.5999999999999996,-11.101999999999997,2.7999999999999998,BYPASS,BYPASS,RUNNING
516,10.32,1,-5.5999999999999996,-11.101999999999997,2.7999999999999998,5.5999999999999996,-11.101999999999997,2.7999999999999998,BYPASS,BYPASS,RUNNING
516,10.32,1,-5.5999999999999996,-11.101999999999997,2.7999999999999998,5.5999999999999996,-11.101999999999997,2.7999999999999998,BYPASS,BYPASS,RUNNING
516,10.32,1,-5.5999999999999996,-11.101999999999997,2.7999999999999998,5.5999999999999996,-11.101999999999997,2.7999999999999998,BYPASS,BYPASS,RUNNING
516,10.32,1,-5.5999999999999996,-11.101999999999997,2.7999999999999998,5.5999999999999996,-11.101999999999997,2.7999999999999998,BYPASS,BYPASS,RUNNING
516,10.32,1,-5.5999999999999996,-11.101999999999997,2.7999999999999998,5.5999999999999996,-11.101999999999997,2.7999999999999998,BYPASS,BYPASS,RUNNING
516,10.32,1,-5.5999999999999996,-11.101999999999997,2.7999999999999998,5.5999999999999996,-11.101999999999997,2.7999999999999998,BYPASS,BYPASS,RUNNING
516,10.32,1,-5.5999999999999996,-11.101999999999997,2.7999999999999998,5.5999999999999996,-11.101999999999997,2.7999999999999998,BYPASS,BYPASS,RUNNING
516,10.32,1,-5.5999999999999996,-11.101999999999997,2.7999999999999998,5.5999999999999996,-11.101999999999997,2.7999999999999998,BYPASS,BYPASS,RUNNING
516,10.32,1,-5.5999999999999996,-11.101999999999997,2.7999999999999998,5.5999999999999996,-11.101999999999997,2.7999999999999998,BYPASS,BYPASS,RUNNING
516,10.32,1,-5.5999999999999996,-11.101999999999997,2.7999999999999998,5.5999999999999996,-11.101999999999997,2.7999999999999998,BYPASS,BYPASS,RUNNING
516,10.32,1,-5.5999999999999996,-11.101999999999997,2.7999999999999998,5.5999999999999996,-11.101999999999997,2.7999999999999998,BYPASS,BYPASS,RUNNING
516,10.32,1,-5.5999999999999996,-11.101999999999997,2.7999999999999998,5.5999999999999996,-11.101999999999997,2.7999999999999998,BYPASS,BYPASS,RUNNING
516,10.32,1,-5.5999999999999996,-11.101999999999997,2.7999999999999998,5.5999999999999996,-11.101999999999997,2.7999999999999998,BYPASS,BYPASS,RUNNING
516,10.32,1,-5.5999999999999996,-11.101999999999997,2.7999999999999998,5.5999999999999996,-11.101999999999997,2.7999999999999998,BYPASS,BYPASS,RUNNING
516,10.32,1,-5.5999999999999996,-11.101999999999997,2.7999999999999998,5.5999999999999996,-11.101999999999997,2.7999999999999998,BYPASS,BYPASS,RUNNING
516,10.32,1,-5.5999999999999996,-11.101999999999997,2.7999999999999998,5.5999999999999996,-11.101999999999997,2.7999999999999998,BYPASS,BYPASS,RUNNING
516,10.32,1,-5.5999999999999996,-11.101999999999997,2.7999999999999998,5.5999999999999996,-11.101999999999997,2.7999999999999998,BYPASS,BYPASS,RUNNING
516,10.32,1,-5.5999999999999996,-11.101999999999997,2.7999999999999998,5.5999999999999996,-11.101999999999997,2.7999999999999998,BYPASS,BYPASS,RUNNING
516,10.32,1,-5.5999999999999996,-11.101999999999997,2.7999999999999998,5.5999999999999996,-11.101999999999997,2.7999999999999998,BYPASS,BYPASS,RUNNING
516,10.32,1,-5.5999999999999996,-11.101999999999997,2.7999999999999998,5.5999999999999996,-11.101999999999997,2.7999999999999998,BYPASS,BYPASS,RUNNING
516,10.32,1,-5.5999999999999996,-11.101999999999997,2.7999999999999998,5.5999999999999996,-11.101999999999997,2.7999999999999998,BYPASS,BYPASS,RUNNING
516,10.32,1,-5.5999999999999996,-11.101999999999997,2.7999999999999998,5.5999999999999996,-11.101999999999997,2.7999999999999998,BYPASS,BYPASS,RUNNING
516,10.32,1,-5.5999999999999996,-11.101999999999997,2.7999999999999998,5.5999999999999996,-11.101999999999997,2.7999999999999998,BYPASS,BYPASS,RUNNING
516,10.32,1,-5.5999999999999996,-11.101999999999997,2.7999999999999998,5.5999999999999996,-11.101999999999997,2.7999999999999998,BYPASS,BYPASS,RUNNING
516,10.32,1,-5.5999999999999996,-11.101999999999997,2.7999999999999998,5.5999999999999996,-11.101999999999997,2.7999999999999998,BYPASS,BYPASS,RUNNING
516,10.32,1,-5.5999999999999996,-11.101999999999997,2.7999999999999998,5.5999999999999996,-11.101999999999997,2.7999999999999998,BYPASS,BYPASS,RUNNING
516,10.32,1,-5.5999999999999996,-11.101999999999997,2.7999999999999998,5.5999999999999996,-11.101999999999997,2.7999999999999998,BYPASS,BYPASS,RUNNING
516,10.32,1,-5.5999999999999996,-11.101999999999997,2.7999999999999998,5.5999999999999996,-11.101999999999997,2.7999999999999998,BYPASS,BYPASS,RUNNING
516,10.32,1,-5.5999999999999996,-11.101999999999997,2.7999999999999998,5.5999999999999996,-11.101999999999997,2.7999999999999998,BYPASS,BYPASS,RUNNING
516,10.32,1,-5.5999999999999996,-11.101999999999997,2.7999999999999998,5.5999999999999996,-11.101999999999997,2.7999999999999998,BYPASS,BYPASS,RUNNING
516,10.32,1,-5.5999999999999996,-11.101999999999997,2.7999999999999998,5.5999999999999996,-11.101999999999997,2.7999999999999998,BYPASS,BYPASS,RUNNING
516,10.32,1,-5.5999999999999996,-11.101999999999997,2.7999999999999998,5.5999999999999996,-11.101999999999997,2.7999999999999998,BYPASS,BYPASS,RUNNING
516,10.32,1,-5.5999999999999996,-11.101999999999997,2.7999999999999998,5.5999999999999996,-11.101999999999997,2.7999999999999998,BYPASS,BYPASS,RUNNING
516,10.32,1,-5.5999999999999996,-11.101999999999997,2.7999999999999998,5.5999999999999996,-11.101999999999997,2.7999999999999998,BYPASS,BYPASS,RUNNING
516,10.32,1,-5.5999999999999996,-11.101999999999997,2.7999999999999998,5.5999999999999996,-11.101999999999997,2.7999999999999998,BYPASS,BYPASS,RUNNING
516,10.32,1,-5.5999999999999996,-11.101999999999997,2.7999999999999998,5.5999999999999996,-11.101999999999997,2.7999999999999998,BYPASS,BYPASS,RUNNING
516,10.32,1,-5.5999999999999996,-11.101999999999997,2.7999999999999998,5.5999999999999996,-11.101999999999997,2.7999999999999998,BYPASS,BYPASS,RUNNING
516,10.32,1,-5.5999999999999996,-11.101999999999997,2.7999999999999998,5.5999999999999996,-11.101999999999997,2.7999999999999998,BYPASS,BYPASS,RUNNING
516,10.32,1,-5.5999999999999996,-11.101999999999997,2.7999999999999998,5.5999999999999996,-11.101999999999997,2.7999999999999998,BYPASS,BYPASS,RUNNING
516,10.32,1,-5.5999999999999996,-11.101999999999997,2.7999999999999998,5.5999999999999996,-11.101999999999997,2.7999999999999998,BYPASS,BYPASS,RUNNING
516,10.32,1,-5.5999999999999996,-11.101999999999997,2.7999999999999998,5.5999999999999996,-11.101999999999997,2.7999999999999998,BYPASS,BYPASS,RUNNING
516,10.32,1,-5.5999999999999996,-11.101999999999997,2.7999999999999998,5.5999999999999996,-11.101999999999997,2.7999999999999998,BYPASS,BYPASS,RUNNING
516,10.32,1,-5.5999999999999996,-11.101999999999997,2.7999999999999998,5.5999999999999996,-11.101999999999997,2.7999999999999998,BYPASS,BYPASS,RUNNING
516,10.32,1,-5.5999999999999996,-11.101999999999997,2.7999999999999998,5.5999999999999996,-11.101999999999997,2.7999999999999998,BYPASS,BYPASS,RUNNING
516,10.32,1,-5.5999999999999996,-11.101999999999997,2.7999999999999998,5.5999999999999996,-11.101999999999997,2.7999999999999998,BYPASS,BYPASS,RUNNING
516,10.32,1,-5.5999999999999996,-11.101999999999997,2.7999999999999998,5.5999999999999996,-11.101999999999997,2.7999999999999998,BYPASS,BYPASS,RUNNING
516,10.32,1,-5.5999999999999996,-11.101999999999997,2.7999999999999998,5.5999999999999996,-11.101999999999997,2.7999999999999998,BYPASS,BYPASS,RUNNING
516,10.32,1,-5.5999999999999996,-11.101999999999997,2.7999999999999998,5.5999999999999996,-11.101999999999997,2.7999999999999998,BYPASS,BYPASS,RUNNING
516,10.32,1,-5.5999999999999996,-11.101999999999997,2.7999999999999998,5.5999999999999996,-11.101999999999997,2.7999999999999998,BYPASS,BYPASS,RUNNING
516,10.32,1,-5.5999999999999996,-11.101999999999997,2.7999999999999998,5.5999999999999996,-11.101999999999997,2.7999999999999998,BYPASS,BYPASS,RUNNING
516,10.32,1,-5.5999999999999996,-11.101999999999997,2.7999999999999998,5.5999999999999996,-11.101999999999997,2.7999999999999998,BYPASS,BYPASS,RUNNING
516,10.32,1,-5.5999999999999996,-11.101999999999997,2.7999999999999998,5.5999999999999996,-11.101999999999997,2.7999999999999998,BYPASS,BYPASS,RUNNING
516,10.32,1,-5.5999999999999996,-11.101999999999997,2.7999999999999998,5.5999999999999996,-11.101999999999997,2.7999999999999998,BYPASS,BYPASS,RUNNING
516,10.32,1,-5.5999999999999996,-11.101999999999997,2.7999999999999998,5.5999999999999996,-11.101999999999997,2.7999999999999998,BYPASS,BYPASS,RUNNING
516,10.32,1,-5.5999999999999996,-11.101999999999997,2.7999999999999998,5.5999999999999996,-11.101999999999997,2.7999999999999998,BYPASS,BYPASS,RUNNING
516,10.32,1,-5.5999999999999996,-11.101999999999997,2.7999999999999998,5.5999999999999996,-11.101999999999997,2.7999999999999998,BYPASS,BYPASS,RUNNING
516,10.32,1,-5.5999999999999996,-11.101999999999997,2.7999999999999998,5.5999999999999996,-11.101999999999997,2.7999999999999998,BYPASS,BYPASS,RUNNING
516,10.32,1,-5.5999999999999996,-11.101999999999997,2.7999999999999998,5.5999999999999996,-11.101999999999997,2.7999999999999998,BYPASS,BYPASS,RUNNING
516,10.32,1,-5.5999999999999996,-11.101999999999997,2.7999999999999998,5.5999999999999996,-11.101999999999997,2.7999999999999998,BYPASS,BYPASS,RUNNING
516,10.32,1,-5.5999999999999996,-11.101999999999997,2.7999999999999998,5.5999999999999996,-11.101999999999997,2.7999999999999998,BYPASS,BYPASS,RUNNING
516,10.32,1,-5.5999999999999996,-11.101999999999997,2.7999999999999998,5.5999999999999996,-11.101999999999997,2.7999999999999998,BYPASS,BYPASS,RUNNING
516,10.32,1,-5.5999999999999996,-11.101999999999997,2.7999999999999998,5.5999999999999996,-11.101999999999997,2.7999999999999998,BYPASS,BYPASS,RUNNING
516,10.32,1,-5.5999999999999996,-11.101999999999997,2.7999999999999998,5.5999999999999996,-11.101999999999997,2.7999999999999998,BYPASS,BYPASS,RUNNING
516,10.32,1,-5.5999999999999996,-11.101999999999997,2.7999999999999998,5.5999999999999996,-11.101999999999997,2.7999999999999998,BYPASS,BYPASS,RUNNING
516,10.32,1,-5.5999999999999996,-11.101999999999997,2.7999999999999998,5.5999999999999996,-11.101999999999997,2.7999999999999998,BYPASS,BYPASS,RUNNING
516,10.32,1,-5.5999999999999996,-11.101999999999997,2.7999999999999998,5.5999999999999996,-11.101999999999997,2.7999999999999998,BYPASS,BYPASS,RUNNING
516,10.32,1,-5.5999999999999996,-11.101999999999997,2.7999999999999998,5.5999999999999996,-11.101999999999997,2.7999999999999998,BYPASS,BYPASS,RUNNING
516,10.32,1,-5.5999999999999996,-11.101999999999997,2.7999999999999998,5.5999999999999996,-11.101999999999997,2.7999999999999998,BYPASS,BYPASS,RUNNING
516,10.32,1,-5.5999999999999996,-11.101999999999997,2.7999999999999998,5.5999999999999996,-11.101999999999997,2.7999999999999998,BYPASS,BYPASS,RUNNING
516,10.32,1,-5.5999999999999996,-11.101999999999997,2.7999999999999998,5.5999999999999996,-11.101999999999997,2.7999999999999998,BYPASS,BYPASS,RUNNING
516,10.32,1,-5.5999999999999996,-11.101999999999997,2.7999999999999998,5.5999999999999996,-11.101999999999997,2.7999999999999998,BYPASS,BYPASS,RUNNING
516,10.32,1,-5.5999999999999996,-11.101999999999997,2.7999999999999998,5.5999999999999996,-11.101999999999997,2.7999999999999998,BYPASS,BYPASS,RUNNING
516,10.32,1,-5.5999999999999996,-11.101999999999997,2.7999999999999998,5.5999999999999996,-11.101999999999997,2.7999999999999998,BYPASS,BYPASS,RUNNING
516,10.32,1,-5.5999999999999996,-11.101999999999997,2.7999999999999998,5.5999999999999996,-11.101999999999997,2.7999999999999998,BYPASS,BYPASS,RUNNING
516,10.32,1,-5.5999999999999996,-11.101999999999997,2.7999999999999998,5.5999999999999996,-11.101999999999997,2.7999999999999998,BYPASS,BYPASS,RUNNING
516,10.32,1,-5.5999999999999996,-11.101999999999997,2.7999999999999998,5.5999999999999996,-11.101999999999997,2.7999999999999998,BYPASS,BYPASS,RUNNING
516,10.32,1,-5.5999999999999996,-11.101999999999997,2.7999999999999998,5.5999999999999996,-11.101999999999997,2.7999999999999998,BYPASS,BYPASS,RUNNING
516,10.32,1,-5.5999999999999996,-11.101999999999997,2.7999999999999998,5.5999999999999996,-11.101999999999997,2.7999999999999998,BYPASS,BYPASS,RUNNING
516,10.32,1,-5.5999999999999996,-11.101999999999997,2.7999999999999998,5.5999999999999996,-11.101999999999997,2.7999999999999998,BYPASS,BYPASS,RUNNING
516,10.32,1,-5.5999999999999996,-11.101999999999997,2.7999999999999998,5.5999999999999996,-11.101999999999997,2.7999999999999998,BYPASS,BYPASS,RUNNING
516,10.32,1,-5.5999999999999996,-11.101999999999997,2.7999999999999998,5.5999999999999996,-11.101999999999997,2.7999999999999998,BYPASS,BYPASS,RUNNING
516,10.32,1,-5.5999999999999996,-11.101999999999997,2.7999999999999998,5.5999999999999996,-11.101999999999997,2.7999999999999998,BYPASS,BYPASS,RUNNING
516,10.32,1,-5.5999999999999996,-11.101999999999997,2.7999999999999998,5.5999999999999996,-11.101999999999997,2.7999999999999998,BYPASS,BYPASS,RUNNING
516,10.32,1,-5.5999999999999996,-11.101999999999997,2.7999999999999998,5.5999999999999996,-11.101999999999997,2.7999999999999998,BYPASS,BYPASS,RUNNING
516,10.32,1,-5.5999999999999996,-11.101999999999997,2.7999999999999998,5.5999999999999996,-11.101999999999997,2.7999999999999998,BYPASS,BYPASS,RUNNING
516,10.32,1,-5.5999999999999996,-11.101999999999997,2.7999999999999998,5.5999999999999996,-11.101999999999997,2.7999999999999998,BYPASS,BYPASS,RUNNING
516,10.32,1,-5.5999999999999996,-11.101999999999997,2.7999999999999998,5.5999999999999996,-11.101999999999997,2.7999999999999998,BYPASS,BYPASS,RUNNING
516,10.32,1,-5.5999999999999996,-11.101999999999997,2.7999999999999998,5.5999999999999996,-11.101999999999997,2.7999999999999998,BYPASS,BYPASS,RUNNING
516,10.32,1,-5.5999999999999996,-11.101999999999997,2.7999999999999998,5.5999999999999996,-11.101999999999997,2.7999999999999998,BYPASS,BYPASS,RUNNING
516,10.32,1,-5.5999999999999996,-11.101999999999997,2.7999999999999998,5.5999999999999996,-11.101999999999997,2.7999999999999998,BYPASS,BYPASS,RUNNING
516,10.32,1,-5.5999999999999996,-11.101999999999997,2.7999999999999998,5.5999999999999996,-11.101999999999997,2.7999999999999998,BYPASS,BYPASS,RUNNING
516,10.32,1,-5.5999999999999996,-11.101999999999997,2.7999999999999998,5.5999999999999996,-11.101999999999997,2.7999999999999998,BYPASS,BYPASS,RUNNING
516,10.32,1,-5.5999999999999996,-11.101999999999997,2.7999999999999998,5.5999999999999996,-11.101999999999997,2.7999999999999998,BYPASS,BYPASS,RUNNING
516,10.32,1,-5.5999999999999996,-11.101999999999997,2.7999999999999998,5.5999999999999996,-11.101999999999997,2.7999999999999998,BYPASS,BYPASS,RUNNING
516,10.32,1,-5.5999999999999996,-11.101999999999997,2.7999999999999998,5.5999999999999996,-11.101999999999997,2.7999999999999998,BYPASS,BYPASS,RUNNING
516,10.32,1,-5.5999999999999996,-11.101999999999997,2.7999999999999998,5.5999999999999996,-11.101999999999997,2.7999999999999998,BYPASS,BYPASS,RUNNING
516,10.32,1,-5.5999999999999996,-11.101999999999997,2.7999999999999998,5.5999999999999996,-11.101999999999997,2.7999999999999998,BYPASS,BYPASS,RUNNING
516,10.32,1,-5.5999999999999996,-11.101999999999997,2.7999999999999998,5.5999999999999996,-11.101999999999997,2.7999999999999998,BYPASS,BYPASS,RUNNING
516,10.32,1,-5.5999999999999996,-11.101999999999997,2.7999999999999998,5.5999999999999996,-11.101999999999997,2.7999999999999998,BYPASS,BYPASS,RUNNING
516,10.32,1,-5.5999999999999996,-11.101999999999997,2.7999999999999998,5.5999999999999996,-11.101999999999997,2.7999999999999998,BYPASS,BYPASS,RUNNING
516,10.32,1,-5.5999999999999996,-11.101999999999997,2.7999999999999998,5.5999999999999996,-11.101999999999997,2.7999999999999998,BYPASS,BYPASS,RUNNING
516,10.32,1,-5.5999999999999996,-11.101999999999997,2.7999999999999998,5.5999999999999996,-11.101999999999997,2.7999999999999998,BYPASS,BYPASS,RUNNING
516,10.32,1,-5.5999999999999996,-11.101999999999997,2.7999999999999998,5.5999999999999996,-11.101999999999997,2.7999999999999998,BYPASS,BYPASS,RUNNING
516,10.32,1,-5.5999999999999996,-11.101999999999997,2.7999999999999998,5.5999999999999996,-11.101999999999997,2.7999999999999998,BYPASS,BYPASS,RUNNING
516,10.32,1,-5.5999999999999996,-11.101999999999997,2.7999999999999998,5.5999999999999996,-11.101999999999997,2.7999999999999998,BYPASS,BYPASS,RUNNING
516,10.32,1,-5.5999999999999996,-11.101999999999997,2.7999999999999998,5.5999999999999996,-11.101999999999997,2.7999999999999998,BYPASS,BYPASS,RUNNING
516,10.32,1,-5.5999999999999996,-11.101999999999997,2.7999999999999998,5.5999999999999996,-11.101999999999997,2.7999999999999998,BYPASS,BYPASS,RUNNING
516,10.32,1,-5.5999999999999996,-11.101999999999997,2.7999999999999998,5.5999999999999996,-11.101999999999997,2.7999999999999998,BYPASS,BYPASS,RUNNING
516,10.32,1,-5.5999999999999996,-11.101999999999997,2.7999999999999998,5.5999999999999996,-11.101999999999997,2.7999999999999998,BYPASS,BYPASS,RUNNING
516,10.32,1,-5.5999999999999996,-11.101999999999997,2.7999999999999998,5.5999999999999996,-11.101999999999997,2.7999999999999998,BYPASS,BYPASS,RUNNING
516,10.32,1,-5.5999999999999996,-11.101999999999997,2.7999999999999998,5.5999999999999996,-11.101999999999997,2.7999999999999998,BYPASS,BYPASS,RUNNING
516,10.32,1,-5.5999999999999996,-11.101999999999997,2.7999999999999998,5.5999999999999996,-11.101999999999997,2.7999999999999998,BYPASS,BYPASS,RUNNING
516,10.32,1,-5.5999999999999996,-11.101999999999997,2.7999999999999998,5.5999999999999996,-11.101999999999997,2.7999999999999998,BYPASS,BYPASS,RUNNING
516,10.32,1,-5.5999999999999996,-11.101999999999997,2.7999999999999998,5.5999999999999996,-11.101999999999997,2.7999999999999998,BYPASS,BYPASS,RUNNING
516,10.32,1,-5.5999999999999996,-11.101999999999997,2.7999999999999998,5.5999999999999996,-11.101999999999997,2.7999999999999998,BYPASS,BYPASS,RUNNING
516,10.32,1,-5.5999999999999996,-11.101999999999997,2.7999999999999998,5.5999999999999996,-11.101999999999997,2.7999999999999998,BYPASS,BYPASS,RUNNING
516,10.32,1,-5.5999999999999996,-11.101999999999997,2.7999999999999998,5.5999999999999996,-11.101999999999997,2.7999999999999998,BYPASS,BYPASS,RUNNING
516,10.32,1,-5.5999999999999996,-11.101999999999997,2.7999999999999998,5.5999999999999996,-11.101999999999997,2.7999999999999998,BYPASS,BYPASS,RUNNING
516,10.32,1,-5.5999999999999996,-11.101999999999997,2.7999999999999998,5.5999999999999996,-11.101999999999997,2.7999999999999998,BYPASS,BYPASS,RUNNING
516,10.32,1,-5.5999999999999996,-11.101999999999997,2.7999999999999998,5.5999999999999996,-11.101999999999997,2.7999999999999998,BYPASS,BYPASS,RUNNING
516,10.32,1,-5.5999999999999996,-11.101999999999997,2.7999999999999998,5.5999999999999996,-11.101999999999997,2.7999999999999998,BYPASS,BYPASS,RUNNING
516,10.32,1,-5.5999999999999996,-11.101999999999997,2.7999999999999998,5.5999999999999996,-11.101999999999997,2.7999999999999998,BYPASS,BYPASS,RUNNING
516,10.32,1,-5.5999999999999996,-11.101999999999997,2.7999999999999998,5.5999999999999996,-11.101999999999997,2.7999999999999998,BYPASS,BYPASS,RUNNING
516,10.32,1,-5.5999999999999996,-11.101999999999997,2.7999999999999998,5.5999999999999996,-11.101999999999997,2.7999999999999998,BYPASS,BYPASS,RUNNING
516,10.32,1,-5.5999999999999996,-11.101999999999997,2.7999999999999998,5.5999999999999996,-11.101999999999997,2.7999999999999998,BYPASS,BYPASS,RUNNING
516,10.32,1,-5.5999999999999996,-11.101999999999997,2.7999999999999998,5.5999999999999996,-11.101999999999997,2.7999999999999998,BYPASS,BYPASS,RUNNING
516,10.32,1,-5.5999999999999996,-11.101999999999997,2.7999999999999998,5.5999999999999996,-11.101999999999997,2.7999999999999998,BYPASS,BYPASS,RUNNING
516,10.32,1,-5.5999999999999996,-11.101999999999997,2.7999999999999998,5.5999999999999996,-11.101999999999997,2.7999999999999998,BYPASS,BYPASS,RUNNING
516,10.32,1,-5.5999999999999996,-11.101999999999997,2.7999999999999998,5.5999999999999996,-11.101999999999997,2.7999999999999998,BYPASS,BYPASS,RUNNING
516,10.32,1,-5.5999999999999996,-11.101999999999997,2.7999999999999998,5.5999999999999996,-11.101999999999997,2.7999999999999998,BYPASS,BYPASS,RUNNING
516,10.32,1,-5.5999999999999996,-11.101999999999997,2.7999999999999998,5.5999999999999996,-11.101999999999997,2.7999999999999998,BYPASS,BYPASS,RUNNING
516,10.32,1,-5.5999999999999996,-11.101999999999997,2.7999999999999998,5.5999999999999996,-11.101999999999997,2.7999999999999998,BYPASS,BYPASS,RUNNING
516,10.32,1,-5.5999999999999996,-11.101999999999997,2.7999999999999998,5.5999999999999996,-11.101999999999997,2.7999999999999998,BYPASS,BYPASS,RUNNING
516,10.32,1,-5.5999999999999996,-11.101999999999997,2.7999999999999998,5.5999999999999996,-11.101999999999997,2.7999999999999998,BYPASS,BYPASS,RUNNING
516,10.32,1,-5.5999999999999996,-11.101999999999997,2.7999999999999998,5.5999999999999996,-11.101999999999997,2.7999999999999998,BYPASS,BYPASS,RUNNING
516,10.32,1,-5.5999999999999996,-11.101999999999997,2.7999999999999998,5.5999999999999996,-11.101999999999997,2.7999999999999998,BYPASS,BYPASS,RUNNING
516,10.32,1,-5.5999999999999996,-11.101999999999997,2.7999999999999998,5.5999999999999996,-11.101999999999997,2.7999999999999998,BYPASS,BYPASS,RUNNING
516,10.32,1,-5.5999999999999996,-11.101999999999997,2.7999999999999998,5.5999999999999996,-11.101999999999997,2.7999999999999998,BYPASS,BYPASS,RUNNING
516,10.32,1,-5.5999999999999996,-11.101999999999997,2.7999999999999998,5.5999999999999996,-11.101999999999997,2.7999999999999998,BYPASS,BYPASS,RUNNING
516,10.32,1,-5.5999999999999996,-11.101999999999997,2.7999999999999998,5.5999999999999996,-11.101999999999997,2.7999999999999998,BYPASS,BYPASS,RUNNING
516,10.32,1,-5.5999999999999996,-11.101999999999997,2.7999999999999998,5.5999999999999996,-11.101999999999997,2.7999999999999998,BYPASS,BYPASS,RUNNING
516,10.32,1,-5.5999999999999996,-11.101999999999997,2.7999999999999998,5.5999999999999996,-11.101999999999997,2.7999999999999998,BYPASS,BYPASS,RUNNING
516,10.32,1,-5.5999999999999996,-11.101999999999997,2.7999999999999998,5.5999999999999996,-11.101999999999997,2.7999999999999998,BYPASS,BYPASS,RUNNING
516,10.32,1,-5.5999999999999996,-11.101999999999997,2.7999999999999998,5.5999999999999996,-11.101999999999997,2.7999999999999998,BYPASS,BYPASS,RUNNING
516,10.32,1,-5.5999999999999996,-11.101999999999997,2.7999999999999998,5.5999999999999996,-11.101999999999997,2.7999999999999998,BYPASS,BYPASS,RUNNING
516,10.32,1,-5.5999999999999996,-11.101999999999997,2.7999999999999998,5.5999999999999996,-11.101999999999997,2.7999999999999998,BYPASS,BYPASS,RUNNING
516,10.32,1,-5.5999999999999996,-11.101999999999997,2.7999999999999998,5.5999999999999996,-11.101999999999997,2.7999999999999998,BYPASS,BYPASS,RUNNING
516,10.32,1,-5.5999999999999996,-11.101999999999997,2.7999999999999998,5.5999999999999996,-11.101999999999997,2.7999999999999998,BYPASS,BYPASS,RUNNING
516,10.32,1,-5.5999999999999996,-11.101999999999997,2.7999999999999998,5.5999999999999996,-11.101999999999997,2.7999999999999998,BYPASS,BYPASS,RUNNING
516,10.32,1,-5.5999999999999996,-11.101999999999997,2.7999999999999998,5.5999999999999996,-11.101999999999997,2.7999999999999998,BYPASS,BYPASS,RUNNING
516,10.32,1,-5.5999999999999996,-11.101999999999997,2.7999999999999998,5.5999999999999996,-11.101999999999997,2.7999999999999998,BYPASS,BYPASS,RUNNING
516,10.32,1,-5.5999999999999996,-11.101999999999997,2.7999999999999998,5.5999999999999996,-11.101999999999997,2.7999999999999998,BYPASS,BYPASS,RUNNING
516,10.32,1,-5.5999999999999996,-11.101999999999997,2.7999999999999998,5.5999999999999996,-11.101999999999997,2.7999999999999998,BYPASS,BYPASS,RUNNING
516,10.32,1,-5.5999999999999996,-11.101999999999997,2.7999999999999998,5.5999999999999996,-11.101999999999997,2.7999999999999998,BYPASS,BYPASS,RUNNING
516,10.32,1,-5.5999999999999996,-11.101999999999997,2.7999999999999998,5.5999999999999996,-11.101999999999997,2.7999999999999998,BYPASS,BYPASS,RUNNING
516,10.32,1,-5.5999999999999996,-11.101999999999997,2.7999999999999998,5.5999999999999996,-11.101999999999997,2.7999999999999998,BYPASS,BYPASS,RUNNING
516,10.32,1,-5.5999999999999996,-11.101999999999997,2.7999999999999998,5.5999999999999996,-11.101999999999997,2.7999999999999998,BYPASS,BYPASS,RUNNING
516,10.32,1,-5.5999999999999996,-11.101999999999997,2.7999999999999998,5.5999999999999996,-11.101999999999997,2.7999999999999998,BYPASS,BYPASS,RUNNING
516,10.32,1,-5.5999999999999996,-11.101999999999997,2.7999999999999998,5.5999999999999996,-11.101999999999997,2.7999999999999998,BYPASS,BYPASS,RUNNING
516,10.32,1,-5.5999999999999996,-11.101999999999997,2.7999999999999998,5.5999999999999996,-11.101999999999997,2.7999999999999998,BYPASS,BYPASS,RUNNING
516,10.32,1,-5.5999999999999996,-11.101999999999997,2.7999999999999998,5.5999999999999996,-11.101999999999997,2.7999999999999998,BYPASS,BYPASS,RUNNING
516,10.32,1,-5.5999999999999996,-11.101999999999997,2.7999999999999998,5.5999999999999996,-11.101999999999997,2.7999999999999998,BYPASS,BYPASS,RUNNING
516,10.32,1,-5.5999999999999996,-11.101999999999997,2.7999999999999998,5.5999999999999996,-11.101999999999997,2.7999999999999998,BYPASS,BYPASS,RUNNING
516,10.32,1,-5.5999999999999996,-11.101999999999997,2.7999999999999998,5.5999999999999996,-11.101999999999997,2.7999999999999998,BYPASS,BYPASS,RUNNING
516,10.32,1,-5.5999999999999996,-11.101999999999997,2.7999999999999998,5.5999999999999996,-11.101999999999997,2.7999999999999998,BYPASS,BYPASS,RUNNING
516,10.32,1,-5.5999999999999996,-11.101999999999997,2.7999999999999998,5.5999999999999996,-11.101999999999997,2.7999999999999998,BYPASS,BYPASS,RUNNING
516,10.32,1,-5.5999999999999996,-11.101999999999997,2.7999999999999998,5.5999999999999996,-11.101999999999997,2.7999999999999998,BYPASS,BYPASS,RUNNING
516,10.32,1,-5.5999999999999996,-11.101999999999997,2.7999999999999998,5.5999999999999996,-11.101999999999997,2.7999999999999998,BYPASS,BYPASS,RUNNING
516,10.32,1,-5.5999999999999996,-11.101999999999997,2.7999999999999998,5.5999999999999996,-11.101999999999997,2.7999999999999998,BYPASS,BYPASS,RUNNING
516,10.32,1,-5.5999999999999996,-11.101999999999997,2.7999999999999998,5.5999999999999996,-11.101999999999997,2.7999999999999998,BYPASS,BYPASS,RUNNING
516,10.32,1,-5.5999999999999996,-11.101999999999997,2.7999999999999998,5.5999999999999996,-11.101999999999997,2.7999999999999998,BYPASS,BYPASS,RUNNING
516,10.32,1,-5.5999999999999996,-11.101999999999997,2.7999999999999998,5.5999999999999996,-11.101999999999997,2.7999999999999998,BYPASS,BYPASS,RUNNING
516,10.32,1,-5.5999999999999996,-11.101999999999997,2.7999999999999998,5.5999999999999996,-11.101999999999997,2.7999999999999998,BYPASS,BYPASS,RUNNING
516,10.32,1,-5.5999999999999996,-11.101999999999997,2.7999999999999998,5.5999999999999996,-11.101999999999997,2.7999999999999998,BYPASS,BYPASS,RUNNING
516,10.32,1,-5.5999999999999996,-11.101999999999997,2.7999999999999998,5.5999999999999996,-11.101999999999997,2.7999999999999998,BYPASS,BYPASS,RUNNING
516,10.32,1,-5.5999999999999996,-11.101999999999997,2.7999999999999998,5.5999999999999996,-11.101999999999997,2.7999999999999998,BYPASS,BYPASS,RUNNING
516,10.32,1,-5.5999999999999996,-11.101999999999997,2.7999999999999998,5.5999999999999996,-11.101999999999997,2.7999999999999998,BYPASS,BYPASS,RUNNING
516,10.32,1,-5.5999999999999996,-11.101999999999997,2.7999999999999998,5.5999999999999996,-11.101999999999997,2.7999999999999998,BYPASS,BYPASS,RUNNING
516,10.32,1,-5.5999999999999996,-11.101999999999997,2.7999999999999998,5.5999999999999996,-11.101999999999997,2.7999999999999998,BYPASS,BYPASS,RUNNING
516,10.32,1,-5.5999999999999996,-11.101999999999997,2.7999999999999998,5.5999999999999996,-11.101999999999997,2.7999999999999998,BYPASS,BYPASS,RUNNING
516,10.32,1,-5.5999999999999996,-11.101999999999997,2.7999999999999998,5.5999999999999996,-11.101999999999997,2.7999999999999998,BYPASS,BYPASS,RUNNING
516,10.32,1,-5.5999999999999996,-11.101999999999997,2.7999999999999998,5.5999999999999996,-11.101999999999997,2.7999999999999998,BYPASS,BYPASS,RUNNING
516,10.32,1,-5.5999999999999996,-11.101999999999997,2.7999999999999998,5.5999999999999996,-11.101999999999997,2.7999999999999998,BYPASS,BYPASS,RUNNING
516,10.32,1,-5.5999999999999996,-11.101999999999997,2.7999999999999998,5.5999999999999996,-11.101999999999997,2.7999999999999998,BYPASS,BYPASS,RUNNING
516,10.32,1,-5.5999999999999996,-11.101999999999997,2.7999999999999998,5.5999999999999996,-11.101999999999997,2.7999999999999998,BYPASS,BYPASS,RUNNING
516,10.32,1,-5.5999999999999996,-11.101999999999997,2.7999999999999998,5.5999999999999996,-11.101999999999997,2.7999999999999998,BYPASS,BYPASS,RUNNING
516,10.32,1,-5.5999999999999996,-11.101999999999997,2.7999999999999998,5.5999999999999996,-11.101999999999997,2.7999999999999998,BYPASS,BYPASS,RUNNING
516,10.32,1,-5.5999999999999996,-11.101999999999997,2.7999999999999998,5.5999999999999996,-11.101999999999997,2.7999999999999998,BYPASS,BYPASS,RUNNING
516,10.32,1,-5.5999999999999996,-11.101999999999997,2.7999999999999998,5.5999999999999996,-11.101999999999997,2.7999999999999998,BYPASS,BYPASS,RUNNING
516,10.32,1,-5.5999999999999996,-11.101999999999997,2.7999999999999998,5.5999999999999996,-11.101999999999997,2.7999999999999998,BYPASS,BYPASS,RUNNING
516,10.32,1,-5.5999999999999996,-11.101999999999997,2.7999999999999998,5.5999999999999996,-11.101999999999997,2.7999999999999998,BYPASS,BYPASS,RUNNING
516,10.32,1,-5.5999999999999996,-11.101999999999997,2.7999999999999998,5.5999999999999996,-11.101999999999997,2.7999999999999998,BYPASS,BYPASS,RUNNING
516,10.32,1,-5.5999999999999996,-11.101999999999997,2.7999999999999998,5.5999999999999996,-11.101999999999997,2.7999999999999998,BYPASS,BYPASS,RUNNING
516,10.32,1,-5.5999999999999996,-11.101999999999997,2.7999999999999998,5.5999999999999996,-11.101999999999997,2.7999999999999998,BYPASS,BYPASS,RUNNING
516,10.32,1,-5.5999999999999996,-11.101999999999997,2.7999999999999998,5.5999999999999996,-11.101999999999997,2.7999999999999998,BYPASS,BYPASS,RUNNING
516,10.32,1,-5.5999999999999996,-11.101999999999997,2.7999999999999998,5.5999999999999996,-11.101999999999997,2.7999999999999998,BYPASS,BYPASS,RUNNING
516,10.32,1,-5.5999999999999996,-11.101999999999997,2.7999999999999998,5.5999999999999996,-11.101999999999997,2.7999999999999998,BYPASS,BYPASS,RUNNING
516,10.32,1,-5.5999999999999996,-11.101999999999997,2.7999999999999998,5.5999999999999996,-11.101999999999997,2.7999999999999998,BYPASS,BYPASS,RUNNING
516,10.32,1,-5.5999999999999996,-11.101999999999997,2.7999999999999998,5.5999999999999996,-11.101999999999997,2.7999999999999998,BYPASS,BYPASS,RUNNING
516,10.32,1,-5.5999999999999996,-11.101999999999997,2.7999999999999998,5.5999999999999996,-11.101999999999997,2.7999999999999998,BYPASS,BYPASS,RUNNING
516,10.32,1,-5.5999999999999996,-11.101999999999997,2.7999999999999998,5.5999999999999996,-11.101999999999997,2.7999999999999998,BYPASS,BYPASS,RUNNING
516,10.32,1,-5.5999999999999996,-11.101999999999997,2.7999999999999998,5.5999999999999996,-11.101999999999997,2.7999999999999998,BYPASS,BYPASS,RUNNING
516,10.32,1,-5.5999999999999996,-11.101999999999997,2.7999999999999998,5.5999999999999996,-11.101999999999997,2.7999999999999998,BYPASS,BYPASS,RUNNING
516,10.32,1,-5.5999999999999996,-11.101999999999997,2.7999999999999998,5.5999999999999996,-11.101999999999997,2.7999999999999998,BYPASS,BYPASS,RUNNING
516,10.32,1,-5.5999999999999996,-11.101999999999997,2.7999999999999998,5.5999999999999996,-11.101999999999997,2.7999999999999998,BYPASS,BYPASS,RUNNING
516,10.32,1,-5.5999999999999996,-11.101999999999997,2.7999999999999998,5.5999999999999996,-11.101999999999997,2.7999999999999998,BYPASS,BYPASS,RUNNING
516,10.32,1,-5.5999999999999996,-11.101999999999997,2.7999999999999998,5.5999999999999996,-11.101999999999997,2.7999999999999998,BYPASS,BYPASS,RUNNING
516,10.32,1,-5.5999999999999996,-11.101999999999997,2.7999999999999998,5.5999999999999996,-11.101999999999997,2.7999999999999998,BYPASS,BYPASS,RUNNING
516,10.32,1,-5.5999999999999996,-11.101999999999997,2.7999999999999998,5.5999999999999996,-11.101999999999997,2.7999999999999998,BYPASS,BYPASS,RUNNING
516,10.32,1,-5.5999999999999996,-11.101999999999997,2.7999999999999998,5.5999999999999996,-11.101999999999997,2.7999999999999998,BYPASS,BYPASS,RUNNING
516,10.32,1,-5.5999999999999996,-11.101999999999997,2.7999999999999998,5.5999999999999996,-11.101999999999997,2.7999999999999998,BYPASS,BYPASS,RUNNING
516,10.32,1,-5.5999999999999996,-11.101999999999997,2.7999999999999998,5.5999999999999996,-11.101999999999997,2.7999999999999998,BYPASS,BYPASS,RUNNING
516,10.32,1,-5.5999999999999996,-11.101999999999997,2.7999999999999998,5.5999999999999996,-11.101999999999997,2.7999999999999998,BYPASS,BYPASS,RUNNING
516,10.32,1,-5.5999999999999996,-11.101999999999997,2.7999999999999998,5.5999999999999996,-11.101999999999997,2.7999999999999998,BYPASS,BYPASS,RUNNING
516,10.32,1,-5.5999999999999996,-11.101999999999997,2.7999999999999998,5.5999999999999996,-11.101999999999997,2.7999999999999998,BYPASS,BYPASS,RUNNING
516,10.32,1,-5.5999999999999996,-11.101999999999997,2.7999999999999998,5.5999999999999996,-11.101999999999997,2.7999999999999998,BYPASS,BYPASS,RUNNING
516,10.32,1,-5.5999999999999996,-11.101999999999997,2.7999999999999998,5.5999999999999996,-11.101999999999997,2.7999999999999998,BYPASS,BYPASS,RUNNING
516,10.32,1,-5.5999999999999996,-11.101999999999997,2.7999999999999998,5.5999999999999996,-11.101999999999997,2.7999999999999998,BYPASS,BYPASS,RUNNING
516,10.32,1,-5.5999999999999996,-11.101999999999997,2.7999999999999998,5.5999999999999996,-11.101999999999997,2.7999999999999998,BYPASS,BYPASS,RUNNING
516,10.32,1,-5.5999999999999996,-11.101999999999997,2.7999999999999998,5.5999999999999996,-11.101999999999997,2.7999999999999998,BYPASS,BYPASS,RUNNING
516,10.32,1,-5.5999999999999996,-11.101999999999997,2.7999999999999998,5.5999999999999996,-11.101999999999997,2.7999999999999998,BYPASS,BYPASS,RUNNING
516,10.32,1,-5.5999999999999996,-11.101999999999997,2.7999999999999998,5.5999999999999996,-11.101999999999997,2.7999999999999998,BYPASS,BYPASS,RUNNING
516,10.32,1,-5.5999999999999996,-11.101999999999997,2.7999999999999998,5.5999999999999996,-11.101999999999997,2.7999999999999998,BYPASS,BYPASS,RUNNING
516,10.32,1,-5.5999999999999996,-11.101999999999997,2.7999999999999998,5.5999999999999996,-11.101999999999997,2.7999999999999998,BYPASS,BYPASS,RUNNING
516,10.32,1,-5.5999999999999996,-11.101999999999997,2.7999999999999998,5.5999999999999996,-11.101999999999997,2.7999999999999998,BYPASS,BYPASS,RUNNING
516,10.32,1,-5.5999999999999996,-11.101999999999997,2.7999999999999998,5.5999999999999996,-11.101999999999997,2.7999999999999998,BYPASS,BYPASS,RUNNING
516,10.32,1,-5.5999999999999996,-11.101999999999997,2.7999999999999998,5.5999999999999996,-11.101999999999997,2.7999999999999998,BYPASS,BYPASS,RUNNING
516,10.32,1,-5.5999999999999996,-11.101999999999997,2.7999999999999998,5.5999999999999996,-11.101999999999997,2.7999999999999998,BYPASS,BYPASS,RUNNING
516,10.32,1,-5.5999999999999996,-11.101999999999997,2.7999999999999998,5.5999999999999996,-11.101999999999997,2.7999999999999998,BYPASS,BYPASS,RUNNING
516,10.32,1,-5.5999999999999996,-11.101999999999997,2.7999999999999998,5.5999999999999996,-11.101999999999997,2.7999999999999998,BYPASS,BYPASS,RUNNING
516,10.32,1,-5.5999999999999996,-11.101999999999997,2.7999999999999998,5.5999999999999996,-11.101999999999997,2.7999999999999998,BYPASS,BYPASS,RUNNING
516,10.32,1,-5.5999999999999996,-11.101999999999997,2.7999999999999998,5.5999999999999996,-11.101999999999997,2.7999999999999998,BYPASS,BYPASS,RUNNING
516,10.32,1,-5.5999999999999996,-11.101999999999997,2.7999999999999998,5.5999999999999996,-11.101999999999997,2.7999999999999998,BYPASS,BYPASS,RUNNING
516,10.32,1,-5.5999999999999996,-11.101999999999997,2.7999999999999998,5.5999999999999996,-11.101999999999997,2.7999999999999998,BYPASS,BYPASS,RUNNING
516,10.32,1,-5.5999999999999996,-11.101999999999997,2.7999999999999998,5.5999999999999996,-11.101999999999997,2.7999999999999998,BYPASS,BYPASS,RUNNING
516,10.32,1,-5.5999999999999996,-11.101999999999997,2.7999999999999998,5.5999999999999996,-11.101999999999997,2.7999999999999998,BYPASS,BYPASS,RUNNING
516,10.32,1,-5.5999999999999996,-11.101999999999997,2.7999999999999998,5.5999999999999996,-11.101999999999997,2.7999999999999998,BYPASS,BYPASS,RUNNING
516,10.32,1,-5.5999999999999996,-11.101999999999997,2.7999999999999998,5.5999999999999996,-11.101999999999997,2.7999999999999998,BYPASS,BYPASS,RUNNING
516,10.32,1,-5.5999999999999996,-11.101999999999997,2.7999999999999998,5.5999999999999996,-11.101999999999997,2.7999999999999998,BYPASS,BYPASS,RUNNING
516,10.32,1,-5.5999999999999996,-11.101999999999997,2.7999999999999998,5.5999999999999996,-11.101999999999997,2.7999999999999998,BYPASS,BYPASS,RUNNING
516,10.32,1,-5.5999999999999996,-11.101999999999997,2.7999999999999998,5.5999999999999996,-11.101999999999997,2.7999999999999998,BYPASS,BYPASS,RUNNING
516,10.32,1,-5.5999999999999996,-11.101999999999997,2.7999999999999998,5.5999999999999996,-11.101999999999997,2.7999999999999998,BYPASS,BYPASS,RUNNING
516,10.32,1,-5.5999999999999996,-11.101999999999997,2.7999999999999998,5.5999999999999996,-11.101999999999997,2.7999999999999998,BYPASS,BYPASS,RUNNING
516,10.32,1,-5.5999999999999996,-11.101999999999997,2.7999999999999998,5.5999999999999996,-11.101999999999997,2.7999999999999998,BYPASS,BYPASS,RUNNING
516,10.32,1,-5.5999999999999996,-11.101999999999997,2.7999999999999998,5.5999999999999996,-11.101999999999997,2.7999999999999998,BYPASS,BYPASS,RUNNING
516,10.32,1,-5.5999999999999996,-11.101999999999997,2.7999999999999998,5.5999999999999996,-11.101999999999997,2.7999999999999998,BYPASS,BYPASS,RUNNING
516,10.32,1,-5.5999999999999996,-11.101999999999997,2.7999999999999998,5.5999999999999996,-11.101999999999997,2.7999999999999998,BYPASS,BYPASS,RUNNING
516,10.32,1,-5.5999999999999996,-11.101999999999997,2.7999999999999998,5.5999999999999996,-11.101999999999997,2.7999999999999998,BYPASS,BYPASS,RUNNING
516,10.32,1,-5.5999999999999996,-11.101999999999997,2.7999999999999998,5.5999999999999996,-11.101999999999997,2.7999999999999998,BYPASS,BYPASS,RUNNING
516,10.32,1,-5.5999999999999996,-11.101999999999997,2.7999999999999998,5.5999999999999996,-11.101999999999997,2.7999999999999998,BYPASS,BYPASS,RUNNING
516,10.32,1,-5.5999999999999996,-11.101999999999997,2.7999999999999998,5.5999999999999996,-11.101999999999997,2.7999999999999998,BYPASS,BYPASS,RUNNING
516,10.32,1,-5.5999999999999996,-11.101999999999997,2.7999999999999998,5.5999999999999996,-11.101999999999997,2.7999999999999998,BYPASS,BYPASS,RUNNING
516,10.32,1,-5.5999999999999996,-11.101999999999997,2.7999999999999998,5.5999999999999996,-11.101999999999997,2.7999999999999998,BYPASS,BYPASS,RUNNING
516,10.32,1,-5.5999999999999996,-11.101999999999997,2.7999999999999998,5.5999999999999996,-11.101999999999997,2.7999999999999998,BYPASS,BYPASS,RUNNING
516,10.32,1,-5.5999999999999996,-11.101999999999997,2.7999999999999998,5.5999999999999996,-11.101999999999997,2.7999999999999998,BYPASS,BYPASS,RUNNING
516,10.32,1,-5.5999999999999996,-11.101999999999997,2.7999999999999998,5.5999999999999996,-11.101999999999997,2.7999999999999998,BYPASS,BYPASS,RUNNING
516,10.32,1,-5.5999999999999996,-11.101999999999997,2.7999999999999998,5.5999999999999996,-11.101999999999997,2.7999999999999998,BYPASS,BYPASS,RUNNING
516,10.32,1,-5.5999999999999996,-11.101999999999997,2.7999999999999998,5.5999999999999996,-11.101999999999997,2.7999999999999998,BYPASS,BYPASS,RUNNING
516,10.32,1,-5.5999999999999996,-11.101999999999997,2.7999999999999998,5.5999999999999996,-11.101999999999997,2.7999999999999998,BYPASS,BYPASS,RUNNING
516,10.32,1,-5.5999999999999996,-11.101999999999997,2.7999999999999998,5.5999999999999996,-11.101999999999997,2.7999999999999998,BYPASS,BYPASS,RUNNING
516,10.32,1,-5.5999999999999996,-11.101999999999997,2.7999999999999998,5.5999999999999996,-11.101999999999997,2.7999999999999998,BYPASS,BYPASS,RUNNING
516,10.32,1,-5.5999999999999996,-11.101999999999997,2.7999999999999998,5.5999999999999996,-11.101999999999997,2.7999999999999998,BYPASS,BYPASS,RUNNING
516,10.32,1,-5.5999999999999996,-11.101999999999997,2.7999999999999998,5.5999999999999996,-11.101999999999997,2.7999999999999998,BYPASS,BYPASS,RUNNING
516,10.32,1,-5.5999999999999996,-11.101999999999997,2.7999999999999998,5.5999999999999996,-11.101999999999997,2.7999999999999998,BYPASS,BYPASS,RUNNING
516,10.32,1,-5.5999999999999996,-11.101999999999997,2.7999999999999998,5.5999999999999996,-11.101999999999997,2.7999999999999998,BYPASS,BYPASS,RUNNING
516,10.32,1,-5.5999999999999996,-11.101999999999997,2.7999999999999998,5.5999999999999996,-11.101999999999997,2.7999999999999998,BYPASS,BYPASS,RUNNING
516,10.32,1,-5.5999999999999996,-11.101999999999997,2.7999999999999998,5.5999999999999996,-11.101999999999997,2.7999999999999998,BYPASS,BYPASS,RUNNING
516,10.32,1,-5.5999999999999996,-11.101999999999997,2.7999999999999998,5.5999999999999996,-11.101999999999997,2.7999999999999998,BYPASS,BYPASS,RUNNING
516,10.32,1,-5.5999999999999996,-11.101999999999997,2.7999999999999998,5.5999999999999996,-11.101999999999997,2.7999999999999998,BYPASS,BYPASS,RUNNING
516,10.32,1,-5.5999999999999996,-11.101999999999997,2.7999999999999998,5.5999999999999996,-11.101999999999997,2.7999999999999998,BYPASS,BYPASS,RUNNING
516,10.32,1,-5.5999999999999996,-11.101999999999997,2.7999999999999998,5.5999999999999996,-11.101999999999997,2.7999999999999998,BYPASS,BYPASS,RUNNING
516,10.32,1,-5.5999999999999996,-11.101999999999997,2.7999999999999998,5.5999999999999996,-11.101999999999997,2.7999999999999998,BYPASS,BYPASS,RUNNING
516,10.32,1,-5.5999999999999996,-11.101999999999997,2.7999999999999998,5.5999999999999996,-11.101999999999997,2.7999999999999998,BYPASS,BYPASS,RUNNING
516,10.32,1,-5.5999999999999996,-11.101999999999997,2.7999999999999998,5.5999999999999996,-11.101999999999997,2.7999999999999998,BYPASS,BYPASS,RUNNING
516,10.32,1,-5.5999999999999996,-11.101999999999997,2.7999999999999998,5.5999999999999996,-11.101999999999997,2.7999999999999998,BYPASS,BYPASS,RUNNING
516,10.32,1,-5.5999999999999996,-11.101999999999997,2.7999999999999998,5.5999999999999996,-11.101999999999997,2.7999999999999998,BYPASS,BYPASS,RUNNING
516,10.32,1,-5.5999999999999996,-11.101999999999997,2.7999999999999998,5.5999999999999996,-11.101999999999997,2.7999999999999998,BYPASS,BYPASS,RUNNING
516,10.32,1,-5.5999999999999996,-11.101999999999997,2.7999999999999998,5.5999999999999996,-11.101999999999997,2.7999999999999998,BYPASS,BYPASS,RUNNING
516,10.32,1,-5.5999999999999996,-11.101999999999997,2.7999999999999998,5.5999999999999996,-11.101999999999997,2.7999999999999998,BYPASS,BYPASS,RUNNING
516,10.32,1,-5.5999999999999996,-11.101999999999997,2.7999999999999998,5.5999999999999996,-11.101999999999997,2.7999999999999998,BYPASS,BYPASS,RUNNING
516,10.32,1,-5.5999999999999996,-11.101999999999997,2.7999999999999998,5.5999999999999996,-11.101999999999997,2.7999999999999998,BYPASS,BYPASS,RUNNING
516,10.32,1,-5.5999999999999996,-11.101999999999997,2.7999999999999998,5.5999999999999996,-11.101999999999997,2.7999999999999998,BYPASS,BYPASS,RUNNING
516,10.32,1,-5.5999999999999996,-11.101999999999997,2.7999999999999998,5.5999999999999996,-11.101999999999997,2.7999999999999998,BYPASS,BYPASS,RUNNING
516,10.32,1,-5.5999999999999996,-11.101999999999997,2.7999999999999998,5.5999999999999996,-11.101999999999997,2.7999999999999998,BYPASS,BYPASS,RUNNING
516,10.32,1,-5.5999999999999996,-11.101999999999997,2.7999999999999998,5.5999999999999996,-11.101999999999997,2.7999999999999998,BYPASS,BYPASS,RUNNING
516,10.32,1,-5.5999999999999996,-11.101999999999997,2.7999999999999998,5.5999999999999996,-11.101999999999997,2.7999999999999998,BYPASS,BYPASS,RUNNING
516,10.32,1,-5.5999999999999996,-11.101999999999997,2.7999999999999998,5.5999999999999996,-11.101999999999997,2.7999999999999998,BYPASS,BYPASS,RUNNING
516,10.32,1,-5.5999999999999996,-11.101999999999997,2.7999999999999998,5.5999999999999996,-11.101999999999997,2.7999999999999998,BYPASS,BYPASS,RUNNING
516,10.32,1,-5.5999999999999996,-11.101999999999997,2.7999999999999998,5.5999999999999996,-11.101999999999997,2.7999999999999998,BYPASS,BYPASS,RUNNING
516,10.32,1,-5.5999999999999996,-11.101999999999997,2.7999999999999998,5.5999999999999996,-11.101999999999997,2.7999999999999998,BYPASS,BYPASS,RUNNING
516,10.32,1,-5.5999999999999996,-11.101999999999997,2.7999999999999998,5.5999999999999996,-11.101999999999997,2.7999999999999998,BYPASS,BYPASS,RUNNING
516,10.32,1,-5.5999999999999996,-11.101999999999997,2.7999999999999998,5.5999999999999996,-11.101999999999997,2.7999999999999998,BYPASS,BYPASS,RUNNING
516,10.32,1,-5.5999999999999996,-11.101999999999997,2.7999999999999998,5.5999999999999996,-11.101999999999997,2.7999999999999998,BYPASS,BYPASS,RUNNING
516,10.32,1,-5.5999999999999996,-11.101999999999997,2.7999999999999998,5.5999999999999996,-11.101999999999997,2.7999999999999998,BYPASS,BYPASS,RUNNING
516,10.32,1,-5.5999999999999996,-11.101999999999997,2.7999999999999998,5.5999999999999996,-11.101999999999997,2.7999999999999998,BYPASS,BYPASS,RUNNING
516,10.32,1,-5.5999999999999996,-11.101999999999997,2.7999999999999998,5.5999999999999996,-11.101999999999997,2.7999999999999998,BYPASS,BYPASS,RUNNING
516,10.32,1,-5.5999999999999996,-11.101999999999997,2.7999999999999998,5.5999999999999996,-11.101999999999997,2.7999999999999998,BYPASS,BYPASS,RUNNING
516,10.32,1,-5.5999999999999996,-11.101999999999997,2.7999999999999998,5.5999999999999996,-11.101999999999997,2.7999999999999998,BYPASS,BYPASS,RUNNING
516,10.32,1,-5.5999999999999996,-11.101999999999997,2.7999999999999998,5.5999999999999996,-11.101999999999997,2.7999999999999998,BYPASS,BYPASS,RUNNING
516,10.32,1,-5.5999999999999996,-11.101999999999997,2.7999999999999998,5.5999999999999996,-11.101999999999997,2.7999999999999998,BYPASS,BYPASS,RUNNING
516,10.32,1,-5.5999999999999996,-11.101999999999997,2.7999999999999998,5.5999999999999996,-11.101999999999997,2.7999999999999998,BYPASS,BYPASS,RUNNING
516,10.32,1,-5.5999999999999996,-11.101999999999997,2.7999999999999998,5.5999999999999996,-11.101999999999997,2.7999999999999998,BYPASS,BYPASS,RUNNING
516,10.32,1,-5.5999999999999996,-11.101999999999997,2.7999999999999998,5.5999999999999996,-11.101999999999997,2.7999999999999998,BYPASS,BYPASS,RUNNING
516,10.32,1,-5.5999999999999996,-11.101999999999997,2.7999999999999998,5.5999999999999996,-11.101999999999997,2.7999999999999998,BYPASS,BYPASS,RUNNING
516,10.32,1,-5.5999999999999996,-11.101999999999997,2.7999999999999998,5.5999999999999996,-11.101999999999997,2.7999999999999998,BYPASS,BYPASS,RUNNING
516,10.32,1,-5.5999999999999996,-11.101999999999997,2.7999999999999998,5.5999999999999996,-11.101999999999997,2.7999999999999998,BYPASS,BYPASS,RUNNING
516,10.32,1,-5.5999999999999996,-11.101999999999997,2.7999999999999998,5.5999999999999996,-11.101999999999997,2.7999999999999998,BYPASS,BYPASS,RUNNING
516,10.32,1,-5.5999999999999996,-11.101999999999997,2.7999999999999998,5.5999999999999996,-11.101999999999997,2.7999999999999998,BYPASS,BYPASS,RUNNING
516,10.32,1,-5.5999999999999996,-11.101999999999997,2.7999999999999998,5.5999999999999996,-11.101999999999997,2.7999999999999998,BYPASS,BYPASS,RUNNING
516,10.32,1,-5.5999999999999996,-11.101999999999997,2.7999999999999998,5.5999999999999996,-11.101999999999997,2.7999999999999998,BYPASS,BYPASS,RUNNING
516,10.32,1,-5.5999999999999996,-11.101999999999997,2.7999999999999998,5.5999999999999996,-11.101999999999997,2.7999999999999998,BYPASS,BYPASS,RUNNING
516,10.32,1,-5.5999999999999996,-11.101999999999997,2.7999999999999998,5.5999999999999996,-11.101999999999997,2.7999999999999998,BYPASS,BYPASS,RUNNING
516,10.32,1,-5.5999999999999996,-11.101999999999997,2.7999999999999998,5.5999999999999996,-11.101999999999997,2.7999999999999998,BYPASS,BYPASS,RUNNING
516,10.32,1,-5.5999999999999996,-11.101999999999997,2.7999999999999998,5.5999999999999996,-11.101999999999997,2.7999999999999998,BYPASS,BYPASS,RUNNING
516,10.32,1,-5.5999999999999996,-11.101999999999997,2.7999999999999998,5.5999999999999996,-11.101999999999997,2.7999999999999998,BYPASS,BYPASS,RUNNING
516,10.32,1,-5.5999999999999996,-11.101999999999997,2.7999999999999998,5.5999999999999996,-11.101999999999997,2.7999999999999998,BYPASS,BYPASS,RUNNING
516,10.32,1,-5.5999999999999996,-11.101999999999997,2.7999999999999998,5.5999999999999996,-11.101999999999997,2.7999999999999998,BYPASS,BYPASS,RUNNING
516,10.32,1,-5.5999999999999996,-11.101999999999997,2.7999999999999998,5.5999999999999996,-11.101999999999997,2.7999999999999998,BYPASS,BYPASS,RUNNING
516,10.32,1,-5.5999999999999996,-11.101999999999997,2.7999999999999998,5.5999999999999996,-11.101999999999997,2.7999999999999998,BYPASS,BYPASS,RUNNING
516,10.32,1,-5.5999999999999996,-11.101999999999997,2.7999999999999998,5.5999999999999996,-11.101999999999997,2.7999999999999998,BYPASS,BYPASS,RUNNING
516,10.32,1,-5.5999999999999996,-11.101999999999997,2.7999999999999998,5.5999999999999996,-11.101999999999997,2.7999999999999998,BYPASS,BYPASS,RUNNING
516,10.32,1,-5.5999999999999996,-11.101999999999997,2.7999999999999998,5.5999999999999996,-11.101999999999997,2.7999999999999998,BYPASS,BYPASS,RUNNING
516,10.32,1,-5.5999999999999996,-11.101999999999997,2.7999999999999998,5.5999999999999996,-11.101999999999997,2.7999999999999998,BYPASS,BYPASS,RUNNING
516,10.32,1,-5.5999999999999996,-11.101999999999997,2.7999999999999998,5.5999999999999996,-11.101999999999997,2.7999999999999998,BYPASS,BYPASS,RUNNING
516,10.32,1,-5.5999999999999996,-11.101999999999997,2.7999999999999998,5.5999999999999996,-11.101999999999997,2.7999999999999998,BYPASS,BYPASS,RUNNING
516,10.32,1,-5.5999999999999996,-11.101999999999997,2.7999999999999998,5.5999999999999996,-11.101999999999997,2.7999999999999998,BYPASS,BYPASS,RUNNING
516,10.32,1,-5.5999999999999996,-11.101999999999997,2.7999999999999998,5.5999999999999996,-11.101999999999997,2.7999999999999998,BYPASS,BYPASS,RUNNING
516,10.32,1,-5.5999999999999996,-11.101999999999997,2.7999999999999998,5.5999999999999996,-11.101999999999997,2.7999999999999998,BYPASS,BYPASS,RUNNING
516,10.32,1,-5.5999999999999996,-11.101999999999997,2.7999999999999998,5.5999999999999996,-11.101999999999997,2.7999999999999998,BYPASS,BYPASS,RUNNING
516,10.32,1,-5.5999999999999996,-11.101999999999997,2.7999999999999998,5.5999999999999996,-11.101999999999997,2.7999999999999998,BYPASS,BYPASS,RUNNING
516,10.32,1,-5.5999999999999996,-11.101999999999997,2.7999999999999998,5.5999999999999996,-11.101999999999997,2.7999999999999998,BYPASS,BYPASS,RUNNING
516,10.32,1,-5.5999999999999996,-11.101999999999997,2.7999999999999998,5.5999999999999996,-11.101999999999997,2.7999999999999998,BYPASS,BYPASS,RUNNING
516,10.32,1,-5.5999999999999996,-11.101999999999997,2.7999999999999998,5.5999999999999996,-11.101999999999997,2.7999999999999998,BYPASS,BYPASS,RUNNING
516,10.32,1,-5.5999999999999996,-11.101999999999997,2.7999999999999998,5.5999999999999996,-11.101999999999997,2.7999999999999998,BYPASS,BYPASS,RUNNING
516,10.32,1,-5.5999999999999996,-11.101999999999997,2.7999999999999998,5.5999999999999996,-11.101999999999997,2.7999999999999998,BYPASS,BYPASS,RUNNING
516,10.32,1,-5.5999999999999996,-11.101999999999997,2.7999999999999998,5.5999999999999996,-11.101999999999997,2.7999999999999998,BYPASS,BYPASS,RUNNING
516,10.32,1,-5.5999999999999996,-11.101999999999997,2.7999999999999998,5.5999999999999996,-11.101999999999997,2.7999999999999998,BYPASS,BYPASS,RUNNING
516,10.32,1,-5.5999999999999996,-11.101999999999997,2.7999999999999998,5.5999999999999996,-11.101999999999997,2.7999999999999998,BYPASS,BYPASS,RUNNING
516,10.32,1,-5.5999999999999996,-11.101999999999997,2.7999999999999998,5.5999999999999996,-11.101999999999997,2.7999999999999998,BYPASS,BYPASS,RUNNING
516,10.32,1,-5.5999999999999996,-11.101999999999997,2.7999999999999998,5.5999999999999996,-11.101999999999997,2.7999999999999998,BYPASS,BYPASS,RUNNING
516,10.32,1,-5.5999999999999996,-11.101999999999997,2.7999999999999998,5.5999999999999996,-11.101999999999997,2.7999999999999998,BYPASS,BYPASS,RUNNING
516,10.32,1,-5.5999999999999996,-11.101999999999997,2.7999999999999998,5.5999999999999996,-11.101999999999997,2.7999999999999998,BYPASS,BYPASS,RUNNING
516,10.32,1,-5.5999999999999996,-11.101999999999997,2.7999999999999998,5.5999999999999996,-11.101999999999997,2.7999999999999998,BYPASS,BYPASS,RUNNING
516,10.32,1,-5.5999999999999996,-11.101999999999997,2.7999999999999998,5.5999999999999996,-11.101999999999997,2.7999999999999998,BYPASS,BYPASS,RUNNING
516,10.32,1,-5.5999999999999996,-11.101999999999997,2.7999999999999998,5.5999999999999996,-11.101999999999997,2.7999999999999998,BYPASS,BYPASS,RUNNING
516,10.32,1,-5.5999999999999996,-11.101999999999997,2.7999999999999998,5.5999999999999996,-11.101999999999997,2.7999999999999998,BYPASS,BYPASS,RUNNING
516,10.32,1,-5.5999999999999996,-11.101999999999997,2.7999999999999998,5.5999999999999996,-11.101999999999997,2.7999999999999998,BYPASS,BYPASS,RUNNING
516,10.32,1,-5.5999999999999996,-11.101999999999997,2.7999999999999998,5.5999999999999996,-11.101999999999997,2.7999999999999998,BYPASS,BYPASS,RUNNING
516,10.32,1,-5.5999999999999996,-11.101999999999997,2.7999999999999998,5.5999999999999996,-11.101999999999997,2.7999999999999998,BYPASS,BYPASS,RUNNING
516,10.32,1,-5.5999999999999996,-11.101999999999997,2.7999999999999998,5.5999999999999996,-11.101999999999997,2.7999999999999998,BYPASS,BYPASS,RUNNING
516,10.32,1,-5.5999999999999996,-11.101999999999997,2.7999999999999998,5.5999999999999996,-11.101999999999997,2.7999999999999998,BYPASS,BYPASS,RUNNING
516,10.32,1,-5.5999999999999996,-11.101999999999997,2.7999999999999998,5.5999999999999996,-11.101999999999997,2.7999999999999998,BYPASS,BYPASS,RUNNING
516,10.32,1,-5.5999999999999996,-11.101999999999997,2.7999999999999998,5.5999999999999996,-11.101999999999997,2.7999999999999998,BYPASS,BYPASS,RUNNING
516,10.32,1,-5.5999999999999996,-11.101999999999997,2.7999999999999998,5.5999999999999996,-11.101999999999997,2.7999999999999998,BYPASS,BYPASS,RUNNING
516,10.32,1,-5.5999999999999996,-11.101999999999997,2.7999999999999998,5.5999999999999996,-11.101999999999997,2.7999999999999998,BYPASS,BYPASS,RUNNING
516,10.32,1,-5.5999999999999996,-11.101999999999997,2.7999999999999998,5.5999999999999996,-11.101999999999997,2.7999999999999998,BYPASS,BYPASS,RUNNING
516,10.32,1,-5.5999999999999996,-11.101999999999997,2.7999999999999998,5.5999999999999996,-11.101999999999997,2.7999999999999998,BYPASS,BYPASS,RUNNING
516,10.32,1,-5.5999999999999996,-11.101999999999997,2.7999999999999998,5.5999999999999996,-11.101999999999997,2.7999999999999998,BYPASS,BYPASS,RUNNING
516,10.32,1,-5.5999999999999996,-11.101999999999997,2.7999999999999998,5.5999999999999996,-11.101999999999997,2.7999999999999998,BYPASS,BYPASS,RUNNING
516,10.32,1,-5.5999999999999996,-11.101999999999997,2.7999999999999998,5.5999999999999996,-11.101999999999997,2.7999999999999998,BYPASS,BYPASS,RUNNING
516,10.32,1,-5.5999999999999996,-11.101999999999997,2.7999999999999998,5.5999999999999996,-11.101999999999997,2.7999999999999998,BYPASS,BYPASS,RUNNING
516,10.32,1,-5.5999999999999996,-11.101999999999997,2.7999999999999998,5.5999999999999996,-11.101999999999997,2.7999999999999998,BYPASS,BYPASS,RUNNING
516,10.32,1,-5.5999999999999996,-11.101999999999997,2.7999999999999998,5.5999999999999996,-11.101999999999997,2.7999999999999998,BYPASS,BYPASS,RUNNING
516,10.32,1,-5.5999999999999996,-11.101999999999997,2.7999999999999998,5.5999999999999996,-11.101999999999997,2.7999999999999998,BYPASS,BYPASS,RUNNING
516,10.32,1,-5.5999999999999996,-11.101999999999997,2.7999999999999998,5.5999999999999996,-11.101999999999997,2.7999999999999998,BYPASS,BYPASS,RUNNING
516,10.32,1,-5.5999999999999996,-11.101999999999997,2.7999999999999998,5.5999999999999996,-11.101999999999997,2.7999999999999998,BYPASS,BYPASS,RUNNING
516,10.32,1,-5.5999999999999996,-11.101999999999997,2.7999999999999998,5.5999999999999996,-11.101999999999997,2.7999999999999998,BYPASS,BYPASS,RUNNING
516,10.32,1,-5.5999999999999996,-11.101999999999997,2.7999999999999998,5.5999999999999996,-11.101999999999997,2.7999999999999998,BYPASS,BYPASS,RUNNING
516,10.32,1,-5.5999999999999996,-11.101999999999997,2.7999999999999998,5.5999999999999996,-11.101999999999997,2.7999999999999998,BYPASS,BYPASS,RUNNING
516,10.32,1,-5.5999999999999996,-11.101999999999997,2.7999999999999998,5.5999999999999996,-11.101999999999997,2.7999999999999998,BYPASS,BYPASS,RUNNING
516,10.32,1,-5.5999999999999996,-11.101999999999997,2.7999999999999998,5.5999999999999996,-11.101999999999997,2.7999999999999998,BYPASS,BYPASS,RUNNING
516,10.32,1,-5.5999999999999996,-11.101999999999997,2.7999999999999998,5.5999999999999996,-11.101999999999997,2.7999999999999998,BYPASS,BYPASS,RUNNING
516,10.32,1,-5.5999999999999996,-11.101999999999997,2.7999999999999998,5.5999999999999996,-11.101999999999997,2.7999999999999998,BYPASS,BYPASS,RUNNING
516,10.32,1,-5.5999999999999996,-11.101999999999997,2.7999999999999998,5.5999999999999996,-11.101999999999997,2.7999999999999998,BYPASS,BYPASS,RUNNING
516,10.32,1,-5.5999999999999996,-11.101999999999997,2.7999999999999998,5.5999999999999996,-11.101999999999997,2.7999999999999998,BYPASS,BYPASS,RUNNING
516,10.32,1,-5.5999999999999996,-11.101999999999997,2.7999999999999998,5.5999999999999996,-11.101999999999997,2.7999999999999998,BYPASS,BYPASS,RUNNING
516,10.32,1,-5.5999999999999996,-11.101999999999997,2.7999999999999998,5.5999999999999996,-11.101999999999997,2.7999999999999998,BYPASS,BYPASS,RUNNING
516,10.32,1,-5.5999999999999996,-11.101999999999997,2.7999999999999998,5.5999999999999996,-11.101999999999997,2.7999999999999998,BYPASS,BYPASS,RUNNING
516,10.32,1,-5.5999999999999996,-11.101999999999997,2.7999999999999998,5.5999999999999996,-11.101999999999997,2.7999999999999998,BYPASS,BYPASS,RUNNING
516,10.32,1,-5.5999999999999996,-11.101999999999997,2.7999999999999998,5.5999999999999996,-11.101999999999997,2.7999999999999998,BYPASS,BYPASS,RUNNING
516,10.32,1,-5.5999999999999996,-11.101999999999997,2.7999999999999998,5.5999999999999996,-11.101999999999997,2.7999999999999998,BYPASS,BYPASS,RUNNING
516,10.32,1,-5.5999999999999996,-11.101999999999997,2.7999999999999998,5.5999999999999996,-11.101999999999997,2.7999999999999998,BYPASS,BYPASS,RUNNING
516,10.32,1,-5.5999999999999996,-11.101999999999997,2.7999999999999998,5.5999999999999996,-11.101999999999997,2.7999999999999998,BYPASS,BYPASS,RUNNING
516,10.32,1,-5.5999999999999996,-11.101999999999997,2.7999999999999998,5.5999999999999996,-11.101999999999997,2.7999999999999998,BYPASS,BYPASS,RUNNING
516,10.32,1,-5.5999999999999996,-11.101999999999997,2.7999999999999998,5.5999999999999996,-11.101999999999997,2.7999999999999998,BYPASS,BYPASS,RUNNING
516,10.32,1,-5.5999999999999996,-11.101999999999997,2.7999999999999998,5.5999999999999996,-11.101999999999997,2.7999999999999998,BYPASS,BYPASS,RUNNING
516,10.32,1,-5.5999999999999996,-11.101999999999997,2.7999999999999998,5.5999999999999996,-11.101999999999997,2.7999999999999998,BYPASS,BYPASS,RUNNING
516,10.32,1,-5.5999999999999996,-11.101999999999997,2.7999999999999998,5.5999999999999996,-11.101999999999997,2.7999999999999998,BYPASS,BYPASS,RUNNING
516,10.32,1,-5.5999999999999996,-11.101999999999997,2.7999999999999998,5.5999999999999996,-11.101999999999997,2.7999999999999998,BYPASS,BYPASS,RUNNING
516,10.32,1,-5.5999999999999996,-11.101999999999997,2.7999999999999998,5.5999999999999996,-11.101999999999997,2.7999999999999998,BYPASS,BYPASS,RUNNING
516,10.32,1,-5.5999999999999996,-11.101999999999997,2.7999999999999998,5.5999999999999996,-11.101999999999997,2.7999999999999998,BYPASS,BYPASS,RUNNING
516,10.32,1,-5.5999999999999996,-11.101999999999997,2.7999999999999998,5.5999999999999996,-11.101999999999997,2.7999999999999998,BYPASS,BYPASS,RUNNING
516,10.32,1,-5.5999999999999996,-11.101999999999997,2.7999999999999998,5.5999999999999996,-11.101999999999997,2.7999999999999998,BYPASS,BYPASS,RUNNING
516,10.32,1,-5.5999999999999996,-11.101999999999997,2.7999999999999998,5.5999999999999996,-11.101999999999997,2.7999999999999998,BYPASS,BYPASS,RUNNING
516,10.32,1,-5.5999999999999996,-11.101999999999997,2.7999999999999998,5.5999999999999996,-11.101999999999997,2.7999999999999998,BYPASS,BYPASS,RUNNING
516,10.32,1,-5.5999999999999996,-11.101999999999997,2.7999999999999998,5.5999999999999996,-11.101999999999997,2.7999999999999998,BYPASS,BYPASS,RUNNING
516,10.32,1,-5.5999999999999996,-11.101999999999997,2.7999999999999998,5.5999999999999996,-11.101999999999997,2.7999999999999998,BYPASS,BYPASS,RUNNING
516,10.32,1,-5.5999999999999996,-11.101999999999997,2.7999999999999998,5.5999999999999996,-11.101999999999997,2.7999999999999998,BYPASS,BYPASS,RUNNING
516,10.32,1,-5.5999999999999996,-11.101999999999997,2.7999999999999998,5.5999999999999996,-11.101999999999997,2.7999999999999998,BYPASS,BYPASS,RUNNING
516,10.32,1,-5.5999999999999996,-11.101999999999997,2.7999999999999998,5.5999999999999996,-11.101999999999997,2.7999999999999998,BYPASS,BYPASS,RUNNING
516,10.32,1,-5.5999999999999996,-11.101999999999997,2.7999999999999998,5.5999999999999996,-11.101999999999997,2.7999999999999998,BYPASS,BYPASS,RUNNING
516,10.32,1,-5.5999999999999996,-11.101999999999997,2.7999999999999998,5.5999999999999996,-11.101999999999997,2.7999999999999998,BYPASS,BYPASS,RUNNING
516,10.32,1,-5.5999999999999996,-11.101999999999997,2.7999999999999998,5.5999999999999996,-11.101999999999997,2.7999999999999998,BYPASS,BYPASS,RUNNING
516,10.32,1,-5.5999999999999996,-11.101999999999997,2.7999999999999998,5.5999999999999996,-11.101999999999997,2.7999999999999998,BYPASS,BYPASS,RUNNING
516,10.32,1,-5.5999999999999996,-11.101999999999997,2.7999999999999998,5.5999999999999996,-11.101999999999997,2.7999999999999998,BYPASS,BYPASS,RUNNING
516,10.32,1,-5.5999999999999996,-11.101999999999997,2.7999999999999998,5.5999999999999996,-11.101999999999997,2.7999999999999998,BYPASS,BYPASS,RUNNING
516,10.32,1,-5.5999999999999996,-11.101999999999997,2.7999999999999998,5.5999999999999996,-11.101999999999997,2.7999999999999998,BYPASS,BYPASS,RUNNING
516,10.32,1,-5.5999999999999996,-11.101999999999997,2.7999999999999998,5.5999999999999996,-11.101999999999997,2.7999999999999998,BYPASS,BYPASS,RUNNING
516,10.32,1,-5.5999999999999996,-11.101999999999997,2.7999999999999998,5.5999999999999996,-11.101999999999997,2.7999999999999998,BYPASS,BYPASS,RUNNING
516,10.32,1,-5.5999999999999996,-11.101999999999997,2.7999999999999998,5.5999999999999996,-11.101999999999997,2.7999999999999998,BYPASS,BYPASS,RUNNING
516,10.32,1,-5.5999999999999996,-11.101999999999997,2.7999999999999998,5.5999999999999996,-11.101999999999997,2.7999999999999998,BYPASS,BYPASS,RUNNING
516,10.32,1,-5.5999999999999996,-11.101999999999997,2.7999999999999998,5.5999999999999996,-11.101999999999997,2.7999999999999998,BYPASS,BYPASS,RUNNING
516,10.32,1,-5.5999999999999996,-11.101999999999997,2.7999999999999998,5.5999999999999996,-11.101999999999997,2.7999999999999998,BYPASS,BYPASS,RUNNING
516,10.32,1,-5.5999999999999996,-11.101999999999997,2.7999999999999998,5.5999999999999996,-11.101999999999997,2.7999999999999998,BYPASS,BYPASS,RUNNING
516,10.32,1,-5.5999999999999996,-11.101999999999997,2.7999999999999998,5.5999999999999996,-11.101999999999997,2.7999999999999998,BYPASS,BYPASS,RUNNING
516,10.32,1,-5.5999999999999996,-11.101999999999997,2.7999999999999998,5.5999999999999996,-11.101999999999997,2.7999999999999998,BYPASS,BYPASS,RUNNING
516,10.32,1,-5.5999999999999996,-11.101999999999997,2.7999999999999998,5.5999999999999996,-11.101999999999997,2.7999999999999998,BYPASS,BYPASS,RUNNING
516,10.32,1,-5.5999999999999996,-11.101999999999997,2.7999999999999998,5.5999999999999996,-11.101999999999997,2.7999999999999998,BYPASS,BYPASS,RUNNING
516,10.32,1,-5.5999999999999996,-11.101999999999997,2.7999999999999998,5.5999999999999996,-11.101999999999997,2.7999999999999998,BYPASS,BYPASS,RUNNING
516,10.32,1,-5.5999999999999996,-11.101999999999997,2.7999999999999998,5.5999999999999996,-11.101999999999997,2.7999999999999998,BYPASS,BYPASS,RUNNING
516,10.32,1,-5.5999999999999996,-11.101999999999997,2.7999999999999998,5.5999999999999996,-11.101999999999997,2.7999999999999998,BYPASS,BYPASS,RUNNING
516,10.32,1,-5.5999999999999996,-11.101999999999997,2.7999999999999998,5.5999999999999996,-11.101999999999997,2.7999999999999998,BYPASS,BYPASS,RUNNING
516,10.32,1,-5.5999999999999996,-11.101999999999997,2.7999999999999998,5.5999999999999996,-11.101999999999997,2.7999999999999998,BYPASS,BYPASS,RUNNING
516,10.32,1,-5.5999999999999996,-11.101999999999997,2.7999999999999998,5.5999999999999996,-11.101999999999997,2.7999999999999998,BYPASS,BYPASS,RUNNING
516,10.32,1,-5.5999999999999996,-11.101999999999997,2.7999999999999998,5.5999999999999996,-11.101999999999997,2.7999999999999998,BYPASS,BYPASS,RUNNING
516,10.32,1,-5.5999999999999996,-11.101999999999997,2.7999999999999998,5.5999999999999996,-11.101999999999997,2.7999999999999998,BYPASS,BYPASS,RUNNING
516,10.32,1,-5.5999999999999996,-11.101999999999997,2.7999999999999998,5.5999999999999996,-11.101999999999997,2.7999999999999998,BYPASS,BYPASS,RUNNING
516,10.32,1,-5.5999999999999996,-11.101999999999997,2.7999999999999998,5.5999999999999996,-11.101999999999997,2.7999999999999998,BYPASS,BYPASS,RUNNING
516,10.32,1,-5.5999999999999996,-11.101999999999997,2.7999999999999998,5.5999999999999996,-11.101999999999997,2.7999999999999998,BYPASS,BYPASS,RUNNING
516,10.32,1,-5.5999999999999996,-11.101999999999997,2.7999999999999998,5.5999999999999996,-11.101999999999997,2.7999999999999998,BYPASS,BYPASS,RUNNING
516,10.32,1,-5.5999999999999996,-11.101999999999997,2.7999999999999998,5.5999999999999996,-11.101999999999997,2.7999999999999998,BYPASS,BYPASS,RUNNING
516,10.32,1,-5.5999999999999996,-11.101999999999997,2.7999999999999998,5.5999999999999996,-11.101999999999997,2.7999999999999998,BYPASS,BYPASS,RUNNING
517,10.34,0,-5.5999999999999996,-11.118999999999996,2.7999999999999998,5.5999999999999996,-11.118999999999996,2.7999999999999998,BYPASS,BYPASS,RUNNING
518,10.359999999999999,0,-5.5999999999999996,-11.135999999999996,2.7999999999999998,5.5999999999999996,-11.135999999999996,2.7999999999999998,BYPASS,BYPASS,RUNNING
519,10.380000000000001,0,-5.5999999999999996,-11.152999999999995,2.7999999999999998,5.5999999999999996,-11.152999999999995,2.7999999999999998,BYPASS,BYPASS,RUNNING
520,10.4,0,-5.5999999999999996,-11.169999999999995,2.7999999999999998,5.5999999999999996,-11.169999999999995,2.7999999999999998,BYPASS,BYPASS,RUNNING
521,10.42,0,-5.5999999999999996,-11.186999999999994,2.7999999999999998,5.5999999999999996,-11.186999999999994,2.7999999999999998,BYPASS,BYPASS,RUNNING
522,10.44,0,-5.5999999999999996,-11.203999999999994,2.7999999999999998,5.5999999999999996,-11.203999999999994,2.7999999999999998,BYPASS,BYPASS,RUNNING
523,10.460000000000001,0,-5.5999999999999996,-11.220999999999993,2.7999999999999998,5.5999999999999996,-11.220999999999993,2.7999999999999998,BYPASS,BYPASS,RUNNING
524,10.48,0,-5.5999999999999996,-11.237999999999992,2.7999999999999998,5.5999999999999996,-11.237999999999992,2.7999999999999998,BYPASS,BYPASS,RUNNING
525,10.5,0,-5.5999999999999996,-11.254999999999992,2.7999999999999998,5.5999999999999996,-11.254999999999992,2.7999999999999998,BYPASS,BYPASS,RUNNING
526,10.52,0,-5.5999999999999996,-11.271999999999991,2.7999999999999998,5.5999999999999996,-11.271999999999991,2.7999999999999998,BYPASS,BYPASS,RUNNING
527,10.539999999999999,0,-5.5999999999999996,-11.288999999999991,2.7999999999999998,5.5999999999999996,-11.288999999999991,2.7999999999999998,BYPASS,BYPASS,RUNNING
528,10.56,0,-5.5999999999999996,-11.30599999999999,2.7999999999999998,5.5999999999999996,-11.30599999999999,2.7999999999999998,BYPASS,BYPASS,RUNNING
529,10.58,0,-5.5999999999999996,-11.32299999999999,2.7999999999999998,5.5999999999999996,-11.32299999999999,2.7999999999999998,BYPASS,BYPASS,RUNNING
530,10.6,0,-5.5999999999999996,-11.339999999999989,2.7999999999999998,5.5999999999999996,-11.339999999999989,2.7999999999999998,BYPASS,BYPASS,RUNNING
531,10.619999999999999,0,-5.5999999999999996,-11.356999999999989,2.7999999999999998,5.5999999999999996,-11.356999999999989,2.7999999999999998,BYPASS,BYPASS,RUNNING
532,10.640000000000001,0,-5.5999999999999996,-11.373999999999988,2.7999999999999998,5.5999999999999996,-11.373999999999988,2.7999999999999998,BYPASS,BYPASS,RUNNING
533,10.66,0,-5.5999999999999996,-11.390999999999988,2.7999999999999998,5.5999999999999996,-11.390999999999988,2.7999999999999998,BYPASS,BYPASS,RUNNING
534,10.68,0,-5.5999999999999996,-11.407999999999987,2.7999999999999998,5.5999999999999996,-11.407999999999987,2.7999999999999998,BYPASS,BYPASS,RUNNING
535,10.699999999999999,0,-5.5999999999999996,-11.424999999999986,2.7999999999999998,5.5999999999999996,-11.424999999999986,2.7999999999999998,BYPASS,BYPASS,RUNNING
536,10.720000000000001,0,-5.5999999999999996,-11.441999999999986,2.7999999999999998,5.5999999999999996,-11.441999999999986,2.7999999999999998,BYPASS,BYPASS,RUNNING
537,10.74,0,-5.5999999999999996,-11.458999999999985,2.7999999999999998,5.5999999999999996,-11.458999999999985,2.7999999999999998,BYPASS,BYPASS,RUNNING
538,10.76,0,-5.5999999999999996,-11.475999999999985,2.7999999999999998,5.5999999999999996,-11.475999999999985,2.7999999999999998,BYPASS,BYPASS,RUNNING
539,10.779999999999999,0,-5.5999999999999996,-11.492999999999984,2.7999999999999998,5.5999999999999996,-11.492999999999984,2.7999999999999998,BYPASS,BYPASS,RUNNING
540,10.800000000000001,0,-5.5999999999999996,-11.509999999999984,2.7999999999999998,5.5999999999999996,-11.509999999999984,2.7999999999999998,BYPASS,BYPASS,RUNNING
541,10.82,0,-5.5999999999999996,-11.526999999999983,2.7999999999999998,5.5999999999999996,-11.526999999999983,2.7999999999999998,BYPASS,BYPASS,RUNNING
542,10.84,0,-5.5999999999999996,-11.543999999999983,2.7999999999999998,5.5999999999999996,-11.543999999999983,2.7999999999999998,BYPASS,BYPASS,RUNNING
543,10.859999999999999,0,-5.5999999999999996,-11.560999999999982,2.7999999999999998,5.5999999999999996,-11.560999999999982,2.7999999999999998,BYPASS,BYPASS,RUNNING
544,10.880000000000001,0,-5.5999999999999996,-11.577999999999982,2.7999999999999998,5.5999999999999996,-11.577999999999982,2.7999999999999998,BYPASS,BYPASS,RUNNING
545,10.9,0,-5.5999999999999996,-11.594999999999981,2.7999999999999998,5.5999999999999996,-11.594999999999981,2.7999999999999998,BYPASS,BYPASS,RUNNING
546,10.92,0,-5.5999999999999996,-11.611999999999981,2.7999999999999998,5.5999999999999996,-11.611999999999981,2.7999999999999998,BYPASS,BYPASS,RUNNING
547,10.94,0,-5.5999999999999996,-11.62899999999998,2.7999999999999998,5.5999999999999996,-11.62899999999998,2.7999999999999998,BYPASS,BYPASS,RUNNING
548,10.960000000000001,0,-5.5999999999999996,-11.645999999999979,2.7999999999999998,5.5999999999999996,-11.645999999999979,2.7999999999999998,BYPASS,BYPASS,RUNNING
549,10.98,0,-5.5999999999999996,-11.662999999999979,2.7999999999999998,5.5999999999999996,-11.662999999999979,2.7999999999999998,BYPASS,BYPASS,RUNNING
550,11,0,-5.5999999999999996,-11.679999999999978,2.7999999999999998,5.5999999999999996,-11.679999999999978,2.7999999999999998,BYPASS,BYPASS,RUNNING
551,11.02,0,-5.5999999999999996,-11.696999999999978,2.7999999999999998,5.5999999999999996,-11.696999999999978,2.7999999999999998,BYPASS,BYPASS,RUNNING
552,11.039999999999999,0,-5.5999999999999996,-11.713999999999977,2.7999999999999998,5.5999999999999996,-11.713999999999977,2.7999999999999998,BYPASS,BYPASS,RUNNING
553,11.06,0,-5.5999999999999996,-11.730999999999977,2.7999999999999998,5.5999999999999996,-11.730999999999977,2.7999999999999998,BYPASS,BYPASS,RUNNING
554,11.08,0,-5.5999999999999996,-11.747999999999976,2.7999999999999998,5.5999999999999996,-11.747999999999976,2.7999999999999998,BYPASS,BYPASS,RUNNING
555,11.1,0,-5.5999999999999996,-11.764999999999976,2.7999999999999998,5.5999999999999996,-11.764999999999976,2.7999999999999998,BYPASS,BYPASS,RUNNING
556,11.119999999999999,0,-5.5999999999999996,-11.781999999999975,2.7999999999999998,5.5999999999999996,-11.781999999999975,2.7999999999999998,BYPASS,BYPASS,RUNNING
557,11.140000000000001,0,-5.5999999999999996,-11.798999999999975,2.7999999999999998,5.5999999999999996,-11.798999999999975,2.7999999999999998,BYPASS,BYPASS,RUNNING
558,11.16,0,-5.5999999999999996,-11.815999999999974,2.7999999999999998,5.5999999999999996,-11.815999999999974,2.7999999999999998,BYPASS,BYPASS,RUNNING
559,11.18,0,-5.5999999999999996,-11.832999999999974,2.7999999999999998,5.5999999999999996,-11.832999999999974,2.7999999999999998,BYPASS,BYPASS,RUNNING
560,11.199999999999999,0,-5.5999999999999996,-11.849999999999973,2.7999999999999998,5.5999999999999996,-11.849999999999973,2.7999999999999998,BYPASS,BYPASS,RUNNING
561,11.220000000000001,0,-5.5999999999999996,-11.866999999999972,2.7999999999999998,5.5999999999999996,-11.866999999999972,2.7999999999999998,BYPASS,BYPASS,RUNNING
562,11.24,0,-5.5999999999999996,-11.883999999999972,2.7999999999999998,5.5999999999999996,-11.883999999999972,2.7999999999999998,BYPASS,BYPASS,RUNNING
563,11.26,0,-5.5999999999999996,-11.900999999999971,2.7999999999999998,5.5999999999999996,-11.900999999999971,2.7999999999999998,BYPASS,BYPASS,RUNNING
564,11.279999999999999,0,-5.5999999999999996,-11.917999999999971,2.7999999999999998,5.5999999999999996,-11.917999999999971,2.7999999999999998,BYPASS,BYPASS,RUNNING
565,11.300000000000001,0,-5.5999999999999996,-11.93499999999997,2.7999999999999998,5.5999999999999996,-11.93499999999997,2.7999999999999998,BYPASS,BYPASS,RUNNING
566,11.32,0,-5.5999999999999996,-11.95199999999997,2.7999999999999998,5.5999999999999996,-11.95199999999997,2.7999999999999998,BYPASS,BYPASS,RUNNING
567,11.34,0,-5.5999999999999996,-11.968999999999969,2.7999999999999998,5.5999999999999996,-11.968999999999969,2.7999999999999998,BYPASS,BYPASS,RUNNING
568,11.359999999999999,0,-5.5999999999999996,-11.985999999999969,2.7999999999999998,5.5999999999999996,-11.985999999999969,2.7999999999999998,BYPASS,BYPASS,RUNNING
569,11.380000000000001,0,-5.5999999999999996,-12.002999999999968,2.7999999999999998,5.5999999999999996,-12.002999999999968,2.7999999999999998,BYPASS,BYPASS,RUNNING
570,11.4,0,-5.5999999999999996,-12.019999999999968,2.7999999999999998,5.5999999999999996,-12.019999999999968,2.7999999999999998,BYPASS,BYPASS,RUNNING
571,11.42,0,-5.5999999999999996,-12.036999999999967,2.7999999999999998,5.5999999999999996,-12.036999999999967,2.7999999999999998,BYPASS,BYPASS,RUNNING
572,11.44,0,-5.5999999999999996,-12.053999999999967,2.7999999999999998,5.5999999999999996,-12.053999999999967,2.7999999999999998,BYPASS,BYPASS,RUNNING
573,11.460000000000001,0,-5.5999999999999996,-12.070999999999966,2.7999999999999998,5.5999999999999996,-12.070999999999966,2.7999999999999998,BYPASS,BYPASS,RUNNING
574,11.48,0,-5.5999999999999996,-12.087999999999965,2.7999999999999998,5.5999999999999996,-12.087999999999965,2.7999999999999998,BYPASS,BYPASS,RUNNING
575,11.5,0,-5.5999999999999996,-12.104999999999965,2.7999999999999998,5.5999999999999996,-12.104999999999965,2.7999999999999998,BYPASS,BYPASS,RUNNING
576,11.52,0,-5.5999999999999996,-12.121999999999964,2.7999999999999998,5.5999999999999996,-12.121999999999964,2.7999999999999998,BYPASS,BYPASS,RUNNING
577,11.539999999999999,0,-5.5999999999999996,-12.138999999999964,2.7999999999999998,5.5999999999999996,-12.138999999999964,2.7999999999999998,BYPASS,BYPASS,RUNNING
578,11.56,0,-5.5999999999999996,-12.155999999999963,2.7999999999999998,5.5999999999999996,-12.155999999999963,2.7999999999999998,BYPASS,BYPASS,RUNNING
579,11.58,0,-5.5999999999999996,-12.172999999999963,2.7999999999999998,5.5999999999999996,-12.172999999999963,2.7999999999999998,BYPASS,BYPASS,RUNNING
580,11.6,0,-5.5999999999999996,-12.189999999999962,2.7999999999999998,5.5999999999999996,-12.189999999999962,2.7999999999999998,BYPASS,BYPASS,RUNNING
581,11.619999999999999,0,-5.5999999999999996,-12.206999999999962,2.7999999999999998,5.5999999999999996,-12.206999999999962,2.7999999999999998,BYPASS,BYPASS,RUNNING
582,11.640000000000001,0,-5.5999999999999996,-12.223999999999961,2.7999999999999998,5.5999999999999996,-12.223999999999961,2.7999999999999998,BYPASS,BYPASS,RUNNING
583,11.66,0,-5.5999999999999996,-12.240999999999961,2.7999999999999998,5.5999999999999996,-12.240999999999961,2.7999999999999998,BYPASS,BYPASS,RUNNING
584,11.68,0,-5.5999999999999996,-12.25799999999996,2.7999999999999998,5.5999999999999996,-12.25799999999996,2.7999999999999998,BYPASS,BYPASS,RUNNING
585,11.699999999999999,0,-5.5999999999999996,-12.274999999999959,2.7999999999999998,5.5999999999999996,-12.274999999999959,2.7999999999999998,BYPASS,BYPASS,RUNNING
586,11.720000000000001,0,-5.5999999999999996,-12.291999999999959,2.7999999999999998,5.5999999999999996,-12.291999999999959,2.7999999999999998,BYPASS,BYPASS,RUNNING
587,11.74,0,-5.5999999999999996,-12.308999999999958,2.7999999999999998,5.5999999999999996,-12.308999999999958,2.7999999999999998,BYPASS,BYPASS,RUNNING
588,11.76,0,-5.5999999999999996,-12.325999999999958,2.7999999999999998,5.5999999999999996,-12.325999999999958,2.7999999999999998,BYPASS,BYPASS,RUNNING
589,11.779999999999999,0,-5.5999999999999996,-12.342999999999957,2.7999999999999998,5.5999999999999996,-12.342999999999957,2.7999999999999998,BYPASS,BYPASS,RUNNING
590,11.800000000000001,0,-5.5999999999999996,-12.359999999999957,2.7999999999999998,5.5999999999999996,-12.359999999999957,2.7999999999999998,BYPASS,BYPASS,RUNNING
591,11.82,0,-5.5999999999999996,-12.376999999999956,2.7999999999999998,5.5999999999999996,-12.376999999999956,2.7999999999999998,BYPASS,BYPASS,RUNNING
592,11.84,0,-5.5999999999999996,-12.393999999999956,2.7999999999999998,5.5999999999999996,-12.393999999999956,2.7999999999999998,BYPASS,BYPASS,RUNNING
593,11.859999999999999,0,-5.5999999999999996,-12.410999999999955,2.7999999999999998,5.5999999999999996,-12.410999999999955,2.7999999999999998,BYPASS,BYPASS,RUNNING
594,11.880000000000001,0,-5.5999999999999996,-12.427999999999955,2.7999999999999998,5.5999999999999996,-12.427999999999955,2.7999999999999998,BYPASS,BYPASS,RUNNING
595,11.9,0,-5.5999999999999996,-12.444999999999954,2.7999999999999998,5.5999999999999996,-12.444999999999954,2.7999999999999998,BYPASS,BYPASS,RUNNING
596,11.92,0,-5.5999999999999996,-12.461999999999954,2.7999999999999998,5.5999999999999996,-12.461999999999954,2.7999999999999998,BYPASS,BYPASS,RUNNING
597,11.94,0,-5.5999999999999996,-12.478999999999953,2.7999999999999998,5.5999999999999996,-12.478999999999953,2.7999999999999998,BYPASS,BYPASS,RUNNING
598,11.960000000000001,0,-5.5999999999999996,-12.495999999999952,2.7999999999999998,5.5999999999999996,-12.495999999999952,2.7999999999999998,BYPASS,BYPASS,RUNNING
599,11.98,0,-5.5999999999999996,-12.512999999999952,2.7999999999999998,5.5999999999999996,-12.512999999999952,2.7999999999999998,BYPASS,BYPASS,RUNNING
600,12,0,-5.5999999999999996,-12.529999999999951,2.7999999999999998,5.5999999999999996,-12.529999999999951,2.7999999999999998,BYPASS,BYPASS,RUNNING
601,12.02,0,-5.5999999999999996,-12.546999999999951,2.7999999999999998,5.5999999999999996,-12.546999999999951,2.7999999999999998,BYPASS,BYPASS,RUNNING
602,12.039999999999999,0,-5.5999999999999996,-12.56399999999995,2.7999999999999998,5.5999999999999996,-12.56399999999995,2.7999999999999998,BYPASS,BYPASS,RUNNING
603,12.06,0,-5.5999999999999996,-12.58099999999995,2.7999999999999998,5.5999999999999996,-12.58099999999995,2.7999999999999998,BYPASS,BYPASS,RUNNING
604,12.08,0,-5.5999999999999996,-12.597999999999949,2.7999999999999998,5.5999999999999996,-12.597999999999949,2.7999999999999998,BYPASS,BYPASS,RUNNING
605,12.1,0,-5.5999999999999996,-12.614999999999949,2.7999999999999998,5.5999999999999996,-12.614999999999949,2.7999999999999998,BYPASS,BYPASS,RUNNING
606,12.119999999999999,0,-5.5999999999999996,-12.631999999999948,2.7999999999999998,5.5999999999999996,-12.631999999999948,2.7999999999999998,BYPASS,BYPASS,RUNNING
607,12.140000000000001,0,-5.5999999999999996,-12.648999999999948,2.7999999999999998,5.5999999999999996,-12.648999999999948,2.7999999999999998,BYPASS,BYPASS,RUNNING
608,12.16,0,-5.5999999999999996,-12.665999999999947,2.7999999999999998,5.5999999999999996,-12.665999999999947,2.7999999999999998,BYPASS,BYPASS,RUNNING
609,12.18,0,-5.5999999999999996,-12.682999999999947,2.7999999999999998,5.5999999999999996,-12.682999999999947,2.7999999999999998,BYPASS,BYPASS,RUNNING
610,12.199999999999999,0,-5.5999999999999996,-12.699999999999946,2.7999999999999998,5.5999999999999996,-12.699999999999946,2.7999999999999998,BYPASS,BYPASS,RUNNING
611,12.220000000000001,0,-5.5999999999999996,-12.716999999999945,2.7999999999999998,5.5999999999999996,-12.716999999999945,2.7999999999999998,BYPASS,BYPASS,RUNNING
612,12.24,0,-5.5999999999999996,-12.733999999999945,2.7999999999999998,5.5999999999999996,-12.733999999999945,2.7999999999999998,BYPASS,BYPASS,RUNNING
613,12.26,0,-5.5999999999999996,-12.750999999999944,2.7999999999999998,5.5999999999999996,-12.750999999999944,2.7999999999999998,BYPASS,BYPASS,RUNNING
614,12.279999999999999,0,-5.5999999999999996,-12.767999999999944,2.7999999999999998,5.5999999999999996,-12.767999999999944,2.7999999999999998,BYPASS,BYPASS,RUNNING
615,12.300000000000001,0,-5.5999999999999996,-12.784999999999943,2.7999999999999998,5.5999999999999996,-12.784999999999943,2.7999999999999998,BYPASS,BYPASS,RUNNING
616,12.32,0,-5.5999999999999996,-12.801999999999943,2.7999999999999998,5.5999999999999996,-12.801999999999943,2.7999999999999998,BYPASS,BYPASS,RUNNING
617,12.34,0,-5.5999999999999996,-12.818999999999942,2.7999999999999998,5.5999999999999996,-12.818999999999942,2.7999999999999998,BYPASS,BYPASS,RUNNING
618,12.359999999999999,0,-5.5999999999999996,-12.835999999999942,2.7999999999999998,5.5999999999999996,-12.835999999999942,2.7999999999999998,BYPASS,BYPASS,RUNNING
619,12.380000000000001,0,-5.5999999999999996,-12.852999999999941,2.7999999999999998,5.5999999999999996,-12.852999999999941,2.7999999999999998,BYPASS,BYPASS,RUNNING
620,12.4,0,-5.5999999999999996,-12.869999999999941,2.7999999999999998,5.5999999999999996,-12.869999999999941,2.7999999999999998,BYPASS,BYPASS,RUNNING
621,12.42,0,-5.5999999999999996,-12.88699999999994,2.7999999999999998,5.5999999999999996,-12.88699999999994,2.7999999999999998,BYPASS,BYPASS,RUNNING
622,12.44,0,-5.5999999999999996,-12.90399999999994,2.7999999999999998,5.5999999999999996,-12.90399999999994,2.7999999999999998,BYPASS,BYPASS,RUNNING
623,12.460000000000001,0,-5.5999999999999996,-12.920999999999939,2.7999999999999998,5.5999999999999996,-12.920999999999939,2.7999999999999998,BYPASS,BYPASS,RUNNING
624,12.48,0,-5.5999999999999996,-12.937999999999938,2.7999999999999998,5.5999999999999996,-12.937999999999938,2.7999999999999998,BYPASS,BYPASS,RUNNING
625,12.5,0,-5.5999999999999996,-12.954999999999938,2.7999999999999998,5.5999999999999996,-12.954999999999938,2.7999999999999998,BYPASS,BYPASS,RUNNING
626,12.52,0,-5.5999999999999996,-12.971999999999937,2.7999999999999998,5.5999999999999996,-12.971999999999937,2.7999999999999998,BYPASS,BYPASS,RUNNING
627,12.539999999999999,0,-5.5999999999999996,-12.988999999999937,2.7999999999999998,5.5999999999999996,-12.988999999999937,2.7999999999999998,BYPASS,BYPASS,RUNNING
628,12.56,0,-5.5999999999999996,-13.005999999999936,2.7999999999999998,5.5999999999999996,-13.005999999999936,2.7999999999999998,BYPASS,BYPASS,RUNNING
629,12.58,0,-5.5999999999999996,-13.022999999999936,2.7999999999999998,5.5999999999999996,-13.022999999999936,2.7999999999999998,BYPASS,BYPASS,RUNNING
630,12.6,0,-5.5999999999999996,-13.039999999999935,2.7999999999999998,5.5999999999999996,-13.039999999999935,2.7999999999999998,BYPASS,BYPASS,RUNNING
631,12.619999999999999,0,-5.5999999999999996,-13.056999999999935,2.7999999999999998,5.5999999999999996,-13.056999999999935,2.7999999999999998,BYPASS,BYPASS,RUNNING
632,12.640000000000001,0,-5.5999999999999996,-13.073999999999934,2.7999999999999998,5.5999999999999996,-13.073999999999934,2.7999999999999998,BYPASS,BYPASS,RUNNING
633,12.66,0,-5.5999999999999996,-13.090999999999934,2.7999999999999998,5.5999999999999996,-13.090999999999934,2.7999999999999998,BYPASS,BYPASS,RUNNING
634,12.68,0,-5.5999999999999996,-13.107999999999933,2.7999999999999998,5.5999999999999996,-13.107999999999933,2.7999999999999998,BYPASS,BYPASS,RUNNING
635,12.699999999999999,0,-5.5999999999999996,-13.124999999999932,2.7999999999999998,5.5999999999999996,-13.124999999999932,2.7999999999999998,BYPASS,BYPASS,RUNNING
636,12.720000000000001,0,-5.5999999999999996,-13.141999999999932,2.7999999999999998,5.5999999999999996,-13.141999999999932,2.7999999999999998,BYPASS,BYPASS,RUNNING
637,12.74,0,-5.5999999999999996,-13.158999999999931,2.7999999999999998,5.5999999999999996,-13.158999999999931,2.7999999999999998,BYPASS,BYPASS,RUNNING
638,12.76,0,-5.5999999999999996,-13.175999999999931,2.7999999999999998,5.5999999999999996,-13.175999999999931,2.7999999999999998,BYPASS,BYPASS,RUNNING
639,12.779999999999999,0,-5.5999999999999996,-13.19299999999993,2.7999999999999998,5.5999999999999996,-13.19299999999993,2.7999999999999998,BYPASS,BYPASS,RUNNING
640,12.800000000000001,0,-5.5999999999999996,-13.20999999999993,2.7999999999999998,5.5999999999999996,-13.20999999999993,2.7999999999999998,BYPASS,BYPASS,RUNNING
641,12.82,0,-5.5999999999999996,-13.226999999999929,2.7999999999999998,5.5999999999999996,-13.226999999999929,2.7999999999999998,BYPASS,BYPASS,RUNNING
642,12.84,0,-5.5999999999999996,-13.243999999999929,2.7999999999999998,5.5999999999999996,-13.243999999999929,2.7999999999999998,BYPASS,BYPASS,RUNNING
643,12.859999999999999,0,-5.5999999999999996,-13.260999999999928,2.7999999999999998,5.5999999999999996,-13.260999999999928,2.7999999999999998,BYPASS,BYPASS,RUNNING
644,12.880000000000001,0,-5.5999999999999996,-13.277999999999928,2.7999999999999998,5.5999999999999996,-13.277999999999928,2.7999999999999998,BYPASS,BYPASS,RUNNING
645,12.9,0,-5.5999999999999996,-13.294999999999927,2.7999999999999998,5.5999999999999996,-13.294999999999927,2.7999999999999998,BYPASS,BYPASS,RUNNING
646,12.92,0,-5.5999999999999996,-13.311999999999927,2.7999999999999998,5.5999999999999996,-13.311999999999927,2.7999999999999998,BYPASS,BYPASS,RUNNING
647,12.94,0,-5.5999999999999996,-13.328999999999926,2.7999999999999998,5.5999999999999996,-13.328999999999926,2.7999999999999998,BYPASS,BYPASS,RUNNING
648,12.960000000000001,0,-5.5999999999999996,-13.345999999999925,2.7999999999999998,5.5999999999999996,-13.345999999999925,2.7999999999999998,BYPASS,BYPASS,RUNNING
649,12.98,0,-5.5999999999999996,-13.362999999999925,2.7999999999999998,5.5999999999999996,-13.362999999999925,2.7999999999999998,BYPASS,BYPASS,RUNNING
650,13,0,-5.5999999999999996,-13.379999999999924,2.7999999999999998,5.5999999999999996,-13.379999999999924,2.7999999999999998,BYPASS,BYPASS,RUNNING
651,13.02,0,-5.5999999999999996,-13.396999999999924,2.7999999999999998,5.5999999999999996,-13.396999999999924,2.7999999999999998,BYPASS,BYPASS,RUNNING
652,13.039999999999999,0,-5.5999999999999996,-13.413999999999923,2.7999999999999998,5.5999999999999996,-13.413999999999923,2.7999999999999998,BYPASS,BYPASS,RUNNING
653,13.06,0,-5.5999999999999996,-13.430999999999923,2.7999999999999998,5.5999999999999996,-13.430999999999923,2.7999999999999998,BYPASS,BYPASS,RUNNING
654,13.08,0,-5.5999999999999996,-13.447999999999922,2.7999999999999998,5.5999999999999996,-13.447999999999922,2.7999999999999998,BYPASS,BYPASS,RUNNING
655,13.1,0,-5.5999999999999996,-13.464999999999922,2.7999999999999998,5.5999999999999996,-13.464999999999922,2.7999999999999998,BYPASS,BYPASS,RUNNING
656,13.119999999999999,0,-5.5999999999999996,-13.481999999999921,2.7999999999999998,5.5999999999999996,-13.481999999999921,2.7999999999999998,BYPASS,BYPASS,RUNNING
657,13.140000000000001,0,-5.5999999999999996,-13.498999999999921,2.7999999999999998,5.5999999999999996,-13.498999999999921,2.7999999999999998,BYPASS,BYPASS,RUNNING
658,13.16,0,-5.5999999999999996,-13.51599999999992,2.7999999999999998,5.5999999999999996,-13.51599999999992,2.7999999999999998,BYPASS,BYPASS,RUNNING
659,13.18,0,-5.5999999999999996,-13.53299999999992,2.7999999999999998,5.5999999999999996,-13.53299999999992,2.7999999999999998,BYPASS,BYPASS,RUNNING
660,13.199999999999999,0,-5.5999999999999996,-13.549999999999919,2.7999999999999998,5.5999999999999996,-13.549999999999919,2.7999999999999998,BYPASS,BYPASS,RUNNING
661,13.220000000000001,0,-5.5999999999999996,-13.566999999999918,2.7999999999999998,5.5999999999999996,-13.566999999999918,2.7999999999999998,BYPASS,BYPASS,RUNNING
662,13.24,0,-5.5999999999999996,-13.583999999999918,2.7999999999999998,5.5999999999999996,-13.583999999999918,2.7999999999999998,BYPASS,BYPASS,RUNNING
663,13.26,0,-5.5999999999999996,-13.600999999999917,2.7999999999999998,5.5999999999999996,-13.600999999999917,2.7999999999999998,BYPASS,BYPASS,RUNNING
664,13.279999999999999,0,-5.5999999999999996,-13.617999999999917,2.7999999999999998,5.5999999999999996,-13.617999999999917,2.7999999999999998,BYPASS,BYPASS,RUNNING
665,13.300000000000001,0,-5.5999999999999996,-13.634999999999916,2.7999999999999998,5.5999999999999996,-13.634999999999916,2.7999999999999998,BYPASS,BYPASS,RUNNING
666,13.32,0,-5.5999999999999996,-13.651999999999916,2.7999999999999998,5.5999999999999996,-13.651999999999916,2.7999999999999998,BYPASS,BYPASS,RUNNING
667,13.34,0,-5.5999999999999996,-13.668999999999915,2.7999999999999998,5.5999999999999996,-13.668999999999915,2.7999999999999998,BYPASS,BYPASS,RUNNING
668,13.359999999999999,0,-5.5999999999999996,-13.685999999999915,2.7999999999999998,5.5999999999999996,-13.685999999999915,2.7999999999999998,BYPASS,BYPASS,RUNNING
669,13.380000000000001,0,-5.5999999999999996,-13.702999999999914,2.7999999999999998,5.5999999999999996,-13.702999999999914,2.7999999999999998,BYPASS,BYPASS,RUNNING
670,13.4,0,-5.5999999999999996,-13.719999999999914,2.7999999999999998,5.5999999999999996,-13.719999999999914,2.7999999999999998,BYPASS,BYPASS,RUNNING
671,13.42,0,-5.5999999999999996,-13.736999999999913,2.7999999999999998,5.5999999999999996,-13.736999999999913,2.7999999999999998,BYPASS,BYPASS,RUNNING
672,13.44,0,-5.5999999999999996,-13.753999999999913,2.7999999999999998,5.5999999999999996,-13.753999999999913,2.7999999999999998,BYPASS,BYPASS,RUNNING
673,13.460000000000001,0,-5.5999999999999996,-13.770999999999912,2.7999999999999998,5.5999999999999996,-13.770999999999912,2.7999999999999998,BYPASS,BYPASS,RUNNING
674,13.48,0,-5.5999999999999996,-13.787999999999911,2.7999999999999998,5.5999999999999996,-13.787999999999911,2.7999999999999998,BYPASS,BYPASS,RUNNING
675,13.5,0,-5.5999999999999996,-13.804999999999911,2.7999999999999998,5.5999999999999996,-13.804999999999911,2.7999999999999998,BYPASS,BYPASS,RUNNING
676,13.52,0,-5.5999999999999996,-13.82199999999991,2.7999999999999998,5.5999999999999996,-13.82199999999991,2.7999999999999998,BYPASS,BYPASS,RUNNING
677,13.539999999999999,0,-5.5999999999999996,-13.83899999999991,2.7999999999999998,5.5999999999999996,-13.83899999999991,2.7999999999999998,BYPASS,BYPASS,RUNNING
678,13.56,0,-5.5999999999999996,-13.855999999999909,2.7999999999999998,5.5999999999999996,-13.855999999999909,2.7999999999999998,BYPASS,BYPASS,RUNNING
679,13.58,0,-5.5999999999999996,-13.872999999999909,2.7999999999999998,5.5999999999999996,-13.872999999999909,2.7999999999999998,BYPASS,BYPASS,RUNNING
680,13.6,0,-5.5999999999999996,-13.889999999999908,2.7999999999999998,5.5999999999999996,-13.889999999999908,2.7999999999999998,BYPASS,BYPASS,RUNNING
681,13.619999999999999,0,-5.5999999999999996,-13.906999999999908,2.7999999999999998,5.5999999999999996,-13.906999999999908,2.7999999999999998,BYPASS,BYPASS,RUNNING
682,13.640000000000001,0,-5.5999999999999996,-13.923999999999907,2.7999999999999998,5.5999999999999996,-13.923999999999907,2.7999999999999998,BYPASS,BYPASS,RUNNING
683,13.66,0,-5.5999999999999996,-13.940999999999907,2.7999999999999998,5.5999999999999996,-13.940999999999907,2.7999999999999998,BYPASS,BYPASS,RUNNING
684,13.68,0,-5.5999999999999996,-13.957999999999906,2.7999999999999998,5.5999999999999996,-13.957999999999906,2.7999999999999998,BYPASS,BYPASS,RUNNING
685,13.699999999999999,0,-5.5999999999999996,-13.974999999999905,2.7999999999999998,5.5999999999999996,-13.974999999999905,2.7999999999999998,BYPASS,BYPASS,RUNNING
686,13.720000000000001,0,-5.5999999999999996,-13.991999999999905,2.7999999999999998,5.5999999999999996,-13.991999999999905,2.7999999999999998,BYPASS,BYPASS,RUNNING
687,13.74,0,-5.5999999999999996,-14.008999999999904,2.7999999999999998,5.5999999999999996,-14.008999999999904,2.7999999999999998,BYPASS,BYPASS,RUNNING
688,13.76,0,-5.5999999999999996,-14.025999999999904,2.7999999999999998,5.5999999999999996,-14.025999999999904,2.7999999999999998,BYPASS,BYPASS,RUNNING
689,13.779999999999999,0,-5.5999999999999996,-14.042999999999903,2.7999999999999998,5.5999999999999996,-14.042999999999903,2.7999999999999998,BYPASS,BYPASS,RUNNING
690,13.800000000000001,0,-5.5999999999999996,-14.059999999999903,2.7999999999999998,5.5999999999999996,-14.059999999999903,2.7999999999999998,BYPASS,BYPASS,RUNNING
691,13.82,0,-5.5999999999999996,-14.076999999999902,2.7999999999999998,5.5999999999999996,-14.076999999999902,2.7999999999999998,BYPASS,BYPASS,RUNNING
692,13.84,0,-5.5999999999999996,-14.093999999999902,2.7999999999999998,5.5999999999999996,-14.093999999999902,2.7999999999999998,BYPASS,BYPASS,RUNNING
693,13.859999999999999,0,-5.5999999999999996,-14.110999999999901,2.7999999999999998,5.5999999999999996,-14.110999999999901,2.7999999999999998,BYPASS,BYPASS,RUNNING
694,13.880000000000001,0,-5.5999999999999996,-14.127999999999901,2.7999999999999998,5.5999999999999996,-14.127999999999901,2.7999999999999998,BYPASS,BYPASS,RUNNING
695,13.9,0,-5.5999999999999996,-14.1449999999999,2.7999999999999998,5.5999999999999996,-14.1449999999999,2.7999999999999998,BYPASS,BYPASS,RUNNING
696,13.92,0,-5.5999999999999996,-14.1619999999999,2.7999999999999998,5.5999999999999996,-14.1619999999999,2.7999999999999998,BYPASS,BYPASS,RUNNING
697,13.94,0,-5.5999999999999996,-14.178999999999899,2.7999999999999998,5.5999999999999996,-14.178999999999899,2.7999999999999998,BYPASS,BYPASS,RUNNING
698,13.960000000000001,0,-5.5999999999999996,-14.195999999999898,2.7999999999999998,5.5999999999999996,-14.195999999999898,2.7999999999999998,BYPASS,BYPASS,RUNNING
699,13.98,0,-5.5999999999999996,-14.212999999999898,2.7999999999999998,5.5999999999999996,-14.212999999999898,2.7999999999999998,BYPASS,BYPASS,RUNNING
700,14,0,-5.5999999999999996,-14.229999999999897,2.7999999999999998,5.5999999999999996,-14.229999999999897,2.7999999999999998,BYPASS,BYPASS,RUNNING
701,14.02,0,-5.5999999999999996,-14.246999999999897,2.7999999999999998,5.5999999999999996,-14.246999999999897,2.7999999999999998,BYPASS,BYPASS,RUNNING
702,14.039999999999999,0,-5.5999999999999996,-14.263999999999896,2.7999999999999998,5.5999999999999996,-14.263999999999896,2.7999999999999998,BYPASS,BYPASS,RUNNING
703,14.06,0,-5.5999999999999996,-14.280999999999896,2.7999999999999998,5.5999999999999996,-14.280999999999896,2.7999999999999998,BYPASS,BYPASS,RUNNING
704,14.08,0,-5.5999999999999996,-14.297999999999895,2.7999999999999998,5.5999999999999996,-14.297999999999895,2.7999999999999998,BYPASS,BYPASS,RUNNING
705,14.1,0,-5.5999999999999996,-14.314999999999895,2.7999999999999998,5.5999999999999996,-14.314999999999895,2.7999999999999998,BYPASS,BYPASS,RUNNING
706,14.119999999999999,0,-5.5999999999999996,-14.331999999999894,2.7999999999999998,5.5999999999999996,-14.331999999999894,2.7999999999999998,BYPASS,BYPASS,RUNNING
707,14.140000000000001,0,-5.5999999999999996,-14.348999999999894,2.7999999999999998,5.5999999999999996,-14.348999999999894,2.7999999999999998,BYPASS,BYPASS,RUNNING
708,14.16,0,-5.5999999999999996,-14.365999999999893,2.7999999999999998,5.5999999999999996,-14.365999999999893,2.7999999999999998,BYPASS,BYPASS,RUNNING
709,14.18,0,-5.5999999999999996,-14.382999999999893,2.7999999999999998,5.5999999999999996,-14.382999999999893,2.7999999999999998,BYPASS,BYPASS,RUNNING
710,14.199999999999999,0,-5.5999999999999996,-14.399999999999892,2.7999999999999998,5.5999999999999996,-14.399999999999892,2.7999999999999998,BYPASS,BYPASS,RUNNING
711,14.220000000000001,0,-5.5999999999999996,-14.416999999999891,2.7999999999999998,5.5999999999999996,-14.416999999999891,2.7999999999999998,BYPASS,BYPASS,RUNNING
712,14.24,0,-5.5999999999999996,-14.433999999999891,2.7999999999999998,5.5999999999999996,-14.433999999999891,2.7999999999999998,BYPASS,BYPASS,RUNNING
713,14.26,0,-5.5999999999999996,-14.45099999999989,2.7999999999999998,5.5999999999999996,-14.45099999999989,2.7999999999999998,BYPASS,BYPASS,RUNNING
714,14.279999999999999,0,-5.5999999999999996,-14.46799999999989,2.7999999999999998,5.5999999999999996,-14.46799999999989,2.7999999999999998,BYPASS,BYPASS,RUNNING
715,14.300000000000001,0,-5.5999999999999996,-14.484999999999889,2.7999999999999998,5.5999999999999996,-14.484999999999889,2.7999999999999998,BYPASS,BYPASS,RUNNING
716,14.32,0,-5.5999999999999996,-14.501999999999889,2.7999999999999998,5.5999999999999996,-14.501999999999889,2.7999999999999998,BYPASS,BYPASS,RUNNING
717,14.34,0,-5.5999999999999996,-14.518999999999888,2.7999999999999998,5.5999999999999996,-14.518999999999888,2.7999999999999998,BYPASS,BYPASS,RUNNING
718,14.359999999999999,0,-5.5999999999999996,-14.535999999999888,2.7999999999999998,5.5999999999999996,-14.535999999999888,2.7999999999999998,BYPASS,BYPASS,RUNNING
719,14.380000000000001,0,-5.5999999999999996,-14.552999999999887,2.7999999999999998,5.5999999999999996,-14.552999999999887,2.7999999999999998,BYPASS,BYPASS,RUNNING
720,14.4,0,-5.5999999999999996,-14.569999999999887,2.7999999999999998,5.5999999999999996,-14.569999999999887,2.7999999999999998,BYPASS,BYPASS,RUNNING
721,14.42,0,-5.5999999999999996,-14.586999999999886,2.7999999999999998,5.5999999999999996,-14.586999999999886,2.7999999999999998,BYPASS,BYPASS,RUNNING
722,14.44,0,-5.5999999999999996,-14.603999999999886,2.7999999999999998,5.5999999999999996,-14.603999999999886,2.7999999999999998,BYPASS,BYPASS,RUNNING
723,14.460000000000001,0,-5.5999999999999996,-14.620999999999885,2.7999999999999998,5.5999999999999996,-14.620999999999885,2.7999999999999998,BYPASS,BYPASS,RUNNING
724,14.48,0,-5.5999999999999996,-14.637999999999884,2.7999999999999998,5.5999999999999996,-14.637999999999884,2.7999999999999998,BYPASS,BYPASS,RUNNING
725,14.5,0,-5.5999999999999996,-14.654999999999884,2.7999999999999998,5.5999999999999996,-14.654999999999884,2.7999999999999998,BYPASS,BYPASS,RUNNING
726,14.52,0,-5.5999999999999996,-14.671999999999883,2.7999999999999998,5.5999999999999996,-14.671999999999883,2.7999999999999998,BYPASS,BYPASS,RUNNING
727,14.539999999999999,0,-5.5999999999999996,-14.688999999999883,2.7999999999999998,5.5999999999999996,-14.688999999999883,2.7999999999999998,BYPASS,BYPASS,RUNNING
728,14.56,0,-5.5999999999999996,-14.705999999999882,2.7999999999999998,5.5999999999999996,-14.705999999999882,2.7999999999999998,BYPASS,BYPASS,RUNNING
729,14.58,0,-5.5999999999999996,-14.722999999999882,2.7999999999999998,5.5999999999999996,-14.722999999999882,2.7999999999999998,BYPASS,BYPASS,RUNNING
730,14.6,0,-5.5999999999999996,-14.739999999999881,2.7999999999999998,5.5999999999999996,-14.739999999999881,2.7999999999999998,BYPASS,BYPASS,RUNNING
731,14.619999999999999,0,-5.5999999999999996,-14.756999999999881,2.7999999999999998,5.5999999999999996,-14.756999999999881,2.7999999999999998,BYPASS,BYPASS,RUNNING
732,14.640000000000001,0,-5.5999999999999996,-14.77399999999988,2.7999999999999998,5.5999999999999996,-14.77399999999988,2.7999999999999998,BYPASS,BYPASS,RUNNING
733,14.66,0,-5.5999999999999996,-14.79099999999988,2.7999999999999998,5.5999999999999996,-14.79099999999988,2.7999999999999998,BYPASS,BYPASS,RUNNING
734,14.68,0,-5.5999999999999996,-14.807999999999879,2.7999999999999998,5.5999999999999996,-14.807999999999879,2.7999999999999998,BYPASS,BYPASS,RUNNING
735,14.699999999999999,0,-5.5999999999999996,-14.824999999999878,2.7999999999999998,5.5999999999999996,-14.824999999999878,2.7999999999999998,BYPASS,BYPASS,RUNNING
736,14.720000000000001,0,-5.5999999999999996,-14.841999999999878,2.7999999999999998,5.5999999999999996,-14.841999999999878,2.7999999999999998,BYPASS,BYPASS,RUNNING
737,14.74,0,-5.5999999999999996,-14.858999999999877,2.7999999999999998,5.5999999999999996,-14.858999999999877,2.7999999999999998,BYPASS,BYPASS,RUNNING
738,14.76,0,-5.5999999999999996,-14.875999999999877,2.7999999999999998,5.5999999999999996,-14.875999999999877,2.7999999999999998,BYPASS,BYPASS,RUNNING
739,14.779999999999999,0,-5.5999999999999996,-14.892999999999876,2.7999999999999998,5.5999999999999996,-14.892999999999876,2.7999999999999998,BYPASS,BYPASS,RUNNING
740,14.800000000000001,0,-5.5999999999999996,-14.909999999999876,2.7999999999999998,5.5999999999999996,-14.909999999999876,2.7999999999999998,BYPASS,BYPASS,RUNNING
741,14.82,0,-5.5999999999999996,-14.926999999999875,2.7999999999999998,5.5999999999999996,-14.926999999999875,2.7999999999999998,BYPASS,BYPASS,RUNNING
742,14.84,0,-5.5999999999999996,-14.943999999999875,2.7999999999999998,5.5999999999999996,-14.943999999999875,2.7999999999999998,BYPASS,BYPASS,RUNNING
743,14.859999999999999,0,-5.5999999999999996,-14.960999999999874,2.7999999999999998,5.5999999999999996,-14.960999999999874,2.7999999999999998,BYPASS,BYPASS,RUNNING
744,14.880000000000001,0,-5.5999999999999996,-14.977999999999874,2.7999999999999998,5.5999999999999996,-14.977999999999874,2.7999999999999998,BYPASS,BYPASS,RUNNING
745,14.9,0,-5.5999999999999996,-14.994999999999873,2.7999999999999998,5.5999999999999996,-14.994999999999873,2.7999999999999998,BYPASS,BYPASS,RUNNING
746,14.92,0,-5.5999999999999996,-15.011999999999873,2.7999999999999998,5.5999999999999996,-15.011999999999873,2.7999999999999998,BYPASS,BYPASS,RUNNING
747,14.94,0,-5.5999999999999996,-15.028999999999872,2.7999999999999998,5.5999999999999996,-15.028999999999872,2.7999999999999998,BYPASS,BYPASS,RUNNING
748,14.960000000000001,0,-5.5999999999999996,-15.045999999999871,2.7999999999999998,5.5999999999999996,-15.045999999999871,2.7999999999999998,BYPASS,BYPASS,RUNNING
749,14.98,0,-5.5999999999999996,-15.062999999999871,2.7999999999999998,5.5999999999999996,-15.062999999999871,2.7999999999999998,BYPASS,BYPASS,RUNNING
750,15,0,-5.5999999999999996,-15.07999999999987,2.7999999999999998,5.5999999999999996,-15.07999999999987,2.7999999999999998,BYPASS,BYPASS,RUNNING
751,15.02,0,-5.5999999999999996,-15.09699999999987,2.7999999999999998,5.5999999999999996,-15.09699999999987,2.7999999999999998,BYPASS,BYPASS,RUNNING
752,15.039999999999999,0,-5.5999999999999996,-15.113999999999869,2.7999999999999998,5.5999999999999996,-15.113999999999869,2.7999999999999998,BYPASS,BYPASS,RUNNING
753,15.06,0,-5.5999999999999996,-15.130999999999869,2.7999999999999998,5.5999999999999996,-15.130999999999869,2.7999999999999998,BYPASS,BYPASS,RUNNING
754,15.08,0,-5.5999999999999996,-15.147999999999868,2.7999999999999998,5.5999999999999996,-15.147999999999868,2.7999999999999998,BYPASS,BYPASS,RUNNING
755,15.1,0,-5.5999999999999996,-15.164999999999868,2.7999999999999998,5.5999999999999996,-15.164999999999868,2.7999999999999998,BYPASS,BYPASS,RUNNING
756,15.119999999999999,0,-5.5999999999999996,-15.181999999999867,2.7999999999999998,5.5999999999999996,-15.181999999999867,2.7999999999999998,BYPASS,BYPASS,RUNNING
757,15.140000000000001,0,-5.5999999999999996,-15.198999999999867,2.7999999999999998,5.5999999999999996,-15.198999999999867,2.7999999999999998,BYPASS,BYPASS,RUNNING
758,15.16,0,-5.5999999999999996,-15.215999999999866,2.7999999999999998,5.5999999999999996,-15.215999999999866,2.7999999999999998,BYPASS,BYPASS,RUNNING
759,15.18,0,-5.5999999999999996,-15.232999999999866,2.7999999999999998,5.5999999999999996,-15.232999999999866,2.7999999999999998,BYPASS,BYPASS,RUNNING
760,15.199999999999999,0,-5.5999999999999996,-15.249999999999865,2.7999999999999998,5.5999999999999996,-15.249999999999865,2.7999999999999998,BYPASS,BYPASS,RUNNING
761,15.220000000000001,0,-5.5999999999999996,-15.266999999999864,2.7999999999999998,5.5999999999999996,-15.266999999999864,2.7999999999999998,BYPASS,BYPASS,RUNNING
762,15.24,0,-5.5999999999999996,-15.283999999999864,2.7999999999999998,5.5999999999999996,-15.283999999999864,2.7999999999999998,BYPASS,BYPASS,RUNNING
763,15.26,0,-5.5999999999999996,-15.300999999999863,2.7999999999999998,5.5999999999999996,-15.300999999999863,2.7999999999999998,BYPASS,BYPASS,RUNNING
764,15.279999999999999,0,-5.5999999999999996,-15.317999999999863,2.7999999999999998,5.5999999999999996,-15.317999999999863,2.7999999999999998,BYPASS,BYPASS,RUNNING
765,15.300000000000001,0,-5.5999999999999996,-15.334999999999862,2.7999999999999998,5.5999999999999996,-15.334999999999862,2.7999999999999998,BYPASS,BYPASS,RUNNING
766,15.32,0,-5.5999999999999996,-15.351999999999862,2.7999999999999998,5.5999999999999996,-15.351999999999862,2.7999999999999998,BYPASS,BYPASS,RUNNING
767,15.34,0,-5.5999999999999996,-15.368999999999861,2.7999999999999998,5.5999999999999996,-15.368999999999861,2.7999999999999998,BYPASS,BYPASS,RUNNING
768,15.359999999999999,0,-5.5999999999999996,-15.385999999999861,2.7999999999999998,5.5999999999999996,-15.385999999999861,2.7999999999999998,BYPASS,BYPASS,RUNNING
769,15.380000000000001,0,-5.5999999999999996,-15.40299999999986,2.7999999999999998,5.5999999999999996,-15.40299999999986,2.7999999999999998,BYPASS,BYPASS,RUNNING
770,15.4,0,-5.5999999999999996,-15.41999999999986,2.7999999999999998,5.5999999999999996,-15.41999999999986,2.7999999999999998,BYPASS,BYPASS,RUNNING
771,15.42,0,-5.5999999999999996,-15.436999999999859,2.7999999999999998,5.5999999999999996,-15.436999999999859,2.7999999999999998,BYPASS,BYPASS,RUNNING
772,15.44,0,-5.5999999999999996,-15.453999999999859,2.7999999999999998,5.5999999999999996,-15.453999999999859,2.7999999999999998,BYPASS,BYPASS,RUNNING
773,15.460000000000001,0,-5.5999999999999996,-15.470999999999858,2.7999999999999998,5.5999999999999996,-15.470999999999858,2.7999999999999998,BYPASS,BYPASS,RUNNING
774,15.48,0,-5.5999999999999996,-15.487999999999857,2.7999999999999998,5.5999999999999996,-15.487999999999857,2.7999999999999998,BYPASS,BYPASS,RUNNING
775,15.5,0,-5.5999999999999996,-15.504999999999857,2.7999999999999998,5.5999999999999996,-15.504999999999857,2.7999999999999998,BYPASS,BYPASS,RUNNING
776,15.52,0,-5.5999999999999996,-15.521999999999856,2.7999999999999998,5.5999999999999996,-15.521999999999856,2.7999999999999998,BYPASS,BYPASS,RUNNING
777,15.539999999999999,0,-5.5999999999999996,-15.538999999999856,2.7999999999999998,5.5999999999999996,-15.538999999999856,2.7999999999999998,BYPASS,BYPASS,RUNNING
778,15.56,0,-5.5999999999999996,-15.555999999999855,2.7999999999999998,5.5999999999999996,-15.555999999999855,2.7999999999999998,BYPASS,BYPASS,RUNNING
779,15.58,0,-5.5999999999999996,-15.572999999999855,2.7999999999999998,5.5999999999999996,-15.572999999999855,2.7999999999999998,BYPASS,BYPASS,RUNNING
780,15.6,0,-5.5999999999999996,-15.589999999999854,2.7999999999999998,5.5999999999999996,-15.589999999999854,2.7999999999999998,BYPASS,BYPASS,RUNNING
781,15.619999999999999,0,-5.5999999999999996,-15.606999999999854,2.7999999999999998,5.5999999999999996,-15.606999999999854,2.7999999999999998,BYPASS,BYPASS,RUNNING
782,15.640000000000001,0,-5.5999999999999996,-15.623999999999853,2.7999999999999998,5.5999999999999996,-15.623999999999853,2.7999999999999998,BYPASS,BYPASS,RUNNING
783,15.66,0,-5.5999999999999996,-15.640999999999853,2.7999999999999998,5.5999999999999996,-15.640999999999853,2.7999999999999998,BYPASS,BYPASS,RUNNING
784,15.68,0,-5.5999999999999996,-15.657999999999852,2.7999999999999998,5.5999999999999996,-15.657999999999852,2.7999999999999998,BYPASS,BYPASS,RUNNING
785,15.699999999999999,0,-5.5999999999999996,-15.674999999999851,2.7999999999999998,5.5999999999999996,-15.674999999999851,2.7999999999999998,BYPASS,BYPASS,RUNNING
786,15.720000000000001,0,-5.5999999999999996,-15.691999999999851,2.7999999999999998,5.5999999999999996,-15.691999999999851,2.7999999999999998,BYPASS,BYPASS,RUNNING
787,15.74,0,-5.5999999999999996,-15.70899999999985,2.7999999999999998,5.5999999999999996,-15.70899999999985,2.7999999999999998,BYPASS,BYPASS,RUNNING
788,15.76,0,-5.5999999999999996,-15.72599999999985,2.7999999999999998,5.5999999999999996,-15.72599999999985,2.7999999999999998,BYPASS,BYPASS,RUNNING
789,15.779999999999999,0,-5.5999999999999996,-15.742999999999849,2.7999999999999998,5.5999999999999996,-15.742999999999849,2.7999999999999998,BYPASS,BYPASS,RUNNING
790,15.800000000000001,0,-5.5999999999999996,-15.759999999999849,2.7999999999999998,5.5999999999999996,-15.759999999999849,2.7999999999999998,BYPASS,BYPASS,RUNNING
791,15.82,0,-5.5999999999999996,-15.776999999999848,2.7999999999999998,5.5999999999999996,-15.776999999999848,2.7999999999999998,BYPASS,BYPASS,RUNNING
792,15.84,0,-5.5999999999999996,-15.793999999999848,2.7999999999999998,5.5999999999999996,-15.793999999999848,2.7999999999999998,BYPASS,BYPASS,RUNNING
793,15.859999999999999,0,-5.5999999999999996,-15.810999999999847,2.7999999999999998,5.5999999999999996,-15.810999999999847,2.7999999999999998,BYPASS,BYPASS,RUNNING
794,15.880000000000001,0,-5.5999999999999996,-15.827999999999847,2.7999999999999998,5.5999999999999996,-15.827999999999847,2.7999999999999998,BYPASS,BYPASS,RUNNING
795,15.9,0,-5.5999999999999996,-15.844999999999846,2.7999999999999998,5.5999999999999996,-15.844999999999846,2.7999999999999998,BYPASS,BYPASS,RUNNING
796,15.92,0,-5.5999999999999996,-15.861999999999846,2.7999999999999998,5.5999999999999996,-15.861999999999846,2.7999999999999998,BYPASS,BYPASS,RUNNING
797,15.94,0,-5.5999999999999996,-15.878999999999845,2.7999999999999998,5.5999999999999996,-15.878999999999845,2.7999999999999998,BYPASS,BYPASS,RUNNING
798,15.960000000000001,0,-5.5999999999999996,-15.895999999999844,2.7999999999999998,5.5999999999999996,-15.895999999999844,2.7999999999999998,BYPASS,BYPASS,RUNNING
799,15.98,0,-5.5999999999999996,-15.912999999999844,2.7999999999999998,5.5999999999999996,-15.912999999999844,2.7999999999999998,BYPASS,BYPASS,RUNNING
800,16,0,-5.5999999999999996,-15.929999999999843,2.7999999999999998,5.5999999999999996,-15.929999999999843,2.7999999999999998,BYPASS,BYPASS,RUNNING
801,16.02,0,-5.5999999999999996,-15.946999999999843,2.7999999999999998,5.5999999999999996,-15.946999999999843,2.7999999999999998,BYPASS,BYPASS,RUNNING
802,16.039999999999999,0,-5.5999999999999996,-15.963999999999842,2.7999999999999998,5.5999999999999996,-15.963999999999842,2.7999999999999998,BYPASS,BYPASS,RUNNING
803,16.059999999999999,0,-5.5999999999999996,-15.980999999999842,2.7999999999999998,5.5999999999999996,-15.980999999999842,2.7999999999999998,BYPASS,BYPASS,RUNNING
804,16.079999999999998,0,-5.5999999999999996,-15.997999999999841,2.7999999999999998,5.5999999999999996,-15.997999999999841,2.7999999999999998,BYPASS,BYPASS,RUNNING
805,16.100000000000001,0,-5.5999999999999996,-16.014999999999841,2.7999999999999998,5.5999999999999996,-16.014999999999841,2.7999999999999998,BYPASS,BYPASS,RUNNING
806,16.120000000000001,0,-5.5999999999999996,-16.03199999999984,2.7999999999999998,5.5999999999999996,-16.03199999999984,2.7999999999999998,BYPASS,BYPASS,RUNNING
807,16.140000000000001,0,-5.5999999999999996,-16.04899999999984,2.7999999999999998,5.5999999999999996,-16.04899999999984,2.7999999999999998,BYPASS,BYPASS,RUNNING
808,16.16,0,-5.5999999999999996,-16.065999999999839,2.7999999999999998,5.5999999999999996,-16.065999999999839,2.7999999999999998,BYPASS,BYPASS,RUNNING
809,16.18,0,-5.5999999999999996,-16.082999999999839,2.7999999999999998,5.5999999999999996,-16.082999999999839,2.7999999999999998,BYPASS,BYPASS,RUNNING
810,16.199999999999999,0,-5.5999999999999996,-16.099999999999838,2.7999999999999998,5.5999999999999996,-16.099999999999838,2.7999999999999998,BYPASS,BYPASS,RUNNING
811,16.219999999999999,0,-5.5999999999999996,-16.116999999999837,2.7999999999999998,5.5999999999999996,-16.116999999999837,2.7999999999999998,BYPASS,BYPASS,RUNNING
812,16.239999999999998,0,-5.5999999999999996,-16.133999999999837,2.7999999999999998,5.5999999999999996,-16.133999999999837,2.7999999999999998,BYPASS,BYPASS,RUNNING
813,16.260000000000002,0,-5.5999999999999996,-16.150999999999836,2.7999999999999998,5.5999999999999996,-16.150999999999836,2.7999999999999998,BYPASS,BYPASS,RUNNING
814,16.280000000000001,0,-5.5999999999999996,-16.167999999999836,2.7999999999999998,5.5999999999999996,-16.167999999999836,2.7999999999999998,BYPASS,BYPASS,RUNNING
815,16.300000000000001,0,-5.5999999999999996,-16.184999999999835,2.7999999999999998,5.5999999999999996,-16.184999999999835,2.7999999999999998,BYPASS,BYPASS,RUNNING
816,16.32,0,-5.5999999999999996,-16.201999999999835,2.7999999999999998,5.5999999999999996,-16.201999999999835,2.7999999999999998,BYPASS,BYPASS,RUNNING
817,16.34,0,-5.5999999999999996,-16.218999999999834,2.7999999999999998,5.5999999999999996,-16.218999999999834,2.7999999999999998,BYPASS,BYPASS,RUNNING
818,16.359999999999999,0,-5.5999999999999996,-16.235999999999834,2.7999999999999998,5.5999999999999996,-16.235999999999834,2.7999999999999998,BYPASS,BYPASS,RUNNING
819,16.379999999999999,0,-5.5999999999999996,-16.252999999999833,2.7999999999999998,5.5999999999999996,-16.252999999999833,2.7999999999999998,BYPASS,BYPASS,RUNNING
820,16.399999999999999,0,-5.5999999999999996,-16.269999999999833,2.7999999999999998,5.5999999999999996,-16.269999999999833,2.7999999999999998,BYPASS,BYPASS,RUNNING
821,16.420000000000002,0,-5.5999999999999996,-16.286999999999832,2.7999999999999998,5.5999999999999996,-16.286999999999832,2.7999999999999998,BYPASS,BYPASS,RUNNING
822,16.440000000000001,0,-5.5999999999999996,-16.303999999999832,2.7999999999999998,5.5999999999999996,-16.303999999999832,2.7999999999999998,BYPASS,BYPASS,RUNNING
823,16.460000000000001,0,-5.5999999999999996,-16.320999999999831,2.7999999999999998,5.5999999999999996,-16.320999999999831,2.7999999999999998,BYPASS,BYPASS,RUNNING
824,16.48,0,-5.5999999999999996,-16.33799999999983,2.7999999999999998,5.5999999999999996,-16.33799999999983,2.7999999999999998,BYPASS,BYPASS,RUNNING
825,16.5,0,-5.5999999999999996,-16.35499999999983,2.7999999999999998,5.5999999999999996,-16.35499999999983,2.7999999999999998,BYPASS,BYPASS,RUNNING
826,16.52,0,-5.5999999999999996,-16.371999999999829,2.7999999999999998,5.5999999999999996,-16.371999999999829,2.7999999999999998,BYPASS,BYPASS,RUNNING
827,16.539999999999999,0,-5.5999999999999996,-16.388999999999829,2.7999999999999998,5.5999999999999996,-16.388999999999829,2.7999999999999998,BYPASS,BYPASS,RUNNING
828,16.559999999999999,0,-5.5999999999999996,-16.405999999999828,2.7999999999999998,5.5999999999999996,-16.405999999999828,2.7999999999999998,BYPASS,BYPASS,RUNNING
829,16.579999999999998,0,-5.5999999999999996,-16.422999999999828,2.7999999999999998,5.5999999999999996,-16.422999999999828,2.7999999999999998,BYPASS,BYPASS,RUNNING
830,16.600000000000001,0,-5.5999999999999996,-16.439999999999827,2.7999999999999998,5.5999999999999996,-16.439999999999827,2.7999999999999998,BYPASS,BYPASS,RUNNING
831,16.620000000000001,0,-5.5999999999999996,-16.456999999999827,2.7999999999999998,5.5999999999999996,-16.456999999999827,2.7999999999999998,BYPASS,BYPASS,RUNNING
832,16.640000000000001,0,-5.5999999999999996,-16.473999999999826,2.7999999999999998,5.5999999999999996,-16.473999999999826,2.7999999999999998,BYPASS,BYPASS,RUNNING
833,16.66,0,-5.5999999999999996,-16.490999999999826,2.7999999999999998,5.5999999999999996,-16.490999999999826,2.7999999999999998,BYPASS,BYPASS,RUNNING
834,16.68,0,-5.5999999999999996,-16.507999999999825,2.7999999999999998,5.5999999999999996,-16.507999999999825,2.7999999999999998,BYPASS,BYPASS,RUNNING
835,16.699999999999999,0,-5.5999999999999996,-16.524999999999824,2.7999999999999998,5.5999999999999996,-16.524999999999824,2.7999999999999998,BYPASS,BYPASS,RUNNING
836,16.719999999999999,0,-5.5999999999999996,-16.541999999999824,2.7999999999999998,5.5999999999999996,-16.541999999999824,2.7999999999999998,BYPASS,BYPASS,RUNNING
837,16.739999999999998,0,-5.5999999999999996,-16.558999999999823,2.7999999999999998,5.5999999999999996,-16.558999999999823,2.7999999999999998,BYPASS,BYPASS,RUNNING
838,16.760000000000002,0,-5.5999999999999996,-16.575999999999823,2.7999999999999998,5.5999999999999996,-16.575999999999823,2.7999999999999998,BYPASS,BYPASS,RUNNING
839,16.780000000000001,0,-5.5999999999999996,-16.592999999999822,2.7999999999999998,5.5999999999999996,-16.592999999999822,2.7999999999999998,BYPASS,BYPASS,RUNNING
840,16.800000000000001,0,-5.5999999999999996,-16.609999999999822,2.7999999999999998,5.5999999999999996,-16.609999999999822,2.7999999999999998,BYPASS,BYPASS,RUNNING
841,16.82,0,-5.5999999999999996,-16.626999999999821,2.7999999999999998,5.5999999999999996,-16.626999999999821,2.7999999999999998,BYPASS,BYPASS,RUNNING
842,16.84,0,-5.5999999999999996,-16.643999999999821,2.7999999999999998,5.5999999999999996,-16.643999999999821,2.7999999999999998,BYPASS,BYPASS,RUNNING
843,16.859999999999999,0,-5.5999999999999996,-16.66099999999982,2.7999999999999998,5.5999999999999996,-16.66099999999982,2.7999999999999998,BYPASS,BYPASS,RUNNING
844,16.879999999999999,0,-5.5999999999999996,-16.67799999999982,2.7999999999999998,5.5999999999999996,-16.67799999999982,2.7999999999999998,BYPASS,BYPASS,RUNNING
845,16.899999999999999,0,-5.5999999999999996,-16.694999999999819,2.7999999999999998,5.5999999999999996,-16.694999999999819,2.7999999999999998,BYPASS,BYPASS,RUNNING
846,16.920000000000002,0,-5.5999999999999996,-16.711999999999819,2.7999999999999998,5.5999999999999996,-16.711999999999819,2.7999999999999998,BYPASS,BYPASS,RUNNING
847,16.940000000000001,0,-5.5999999999999996,-16.728999999999818,2.7999999999999998,5.5999999999999996,-16.728999999999818,2.7999999999999998,BYPASS,BYPASS,RUNNING
848,16.960000000000001,0,-5.5999999999999996,-16.745999999999817,2.7999999999999998,5.5999999999999996,-16.745999999999817,2.7999999999999998,BYPASS,BYPASS,RUNNING
849,16.98,0,-5.5999999999999996,-16.762999999999817,2.7999999999999998,5.5999999999999996,-16.762999999999817,2.7999999999999998,BYPASS,BYPASS,RUNNING
850,17,0,-5.5999999999999996,-16.779999999999816,2.7999999999999998,5.5999999999999996,-16.779999999999816,2.7999999999999998,BYPASS,BYPASS,RUNNING
851,17.02,0,-5.5999999999999996,-16.796999999999816,2.7999999999999998,5.5999999999999996,-16.796999999999816,2.7999999999999998,BYPASS,BYPASS,RUNNING
852,17.039999999999999,0,-5.5999999999999996,-16.813999999999815,2.7999999999999998,5.5999999999999996,-16.813999999999815,2.7999999999999998,BYPASS,BYPASS,RUNNING
853,17.059999999999999,0,-5.5999999999999996,-16.830999999999815,2.7999999999999998,5.5999999999999996,-16.830999999999815,2.7999999999999998,BYPASS,BYPASS,RUNNING
854,17.079999999999998,0,-5.5999999999999996,-16.847999999999814,2.7999999999999998,5.5999999999999996,-16.847999999999814,2.7999999999999998,BYPASS,BYPASS,RUNNING
855,17.100000000000001,0,-5.5999999999999996,-16.864999999999814,2.7999999999999998,5.5999999999999996,-16.864999999999814,2.7999999999999998,BYPASS,BYPASS,RUNNING
856,17.120000000000001,0,-5.5999999999999996,-16.881999999999813,2.7999999999999998,5.5999999999999996,-16.881999999999813,2.7999999999999998,BYPASS,BYPASS,RUNNING
857,17.140000000000001,0,-5.5999999999999996,-16.898999999999813,2.7999999999999998,5.5999999999999996,-16.898999999999813,2.7999999999999998,BYPASS,BYPASS,RUNNING
858,17.16,0,-5.5999999999999996,-16.915999999999812,2.7999999999999998,5.5999999999999996,-16.915999999999812,2.7999999999999998,BYPASS,BYPASS,RUNNING
859,17.18,0,-5.5999999999999996,-16.932999999999812,2.7999999999999998,5.5999999999999996,-16.932999999999812,2.7999999999999998,BYPASS,BYPASS,RUNNING
860,17.199999999999999,0,-5.5999999999999996,-16.949999999999811,2.7999999999999998,5.5999999999999996,-16.949999999999811,2.7999999999999998,BYPASS,BYPASS,RUNNING
861,17.219999999999999,0,-5.5999999999999996,-16.96699999999981,2.7999999999999998,5.5999999999999996,-16.96699999999981,2.7999999999999998,BYPASS,BYPASS,RUNNING
862,17.239999999999998,0,-5.5999999999999996,-16.98399999999981,2.7999999999999998,5.5999999999999996,-16.98399999999981,2.7999999999999998,BYPASS,BYPASS,RUNNING
863,17.260000000000002,0,-5.5999999999999996,-17,2.7999999999999998,5.5999999999999996,-17,2.7999999999999998,BYPASS,BYPASS,RUNNING
864,17.280000000000001,0,-5.5893801841915742,-17.013274769760532,2.7999999999999998,5.5893801841915742,-17.013274769760532,2.7999999999999998,BYPASS,BYPASS,RUNNING
865,17.300000000000001,0,-5.5787603683831488,-17.026549539521064,2.7999999999999998,5.5787603683831488,-17.026549539521064,2.7999999999999998,BYPASS,BYPASS,RUNNING
866,17.32,0,-5.5681405525747234,-17.039824309281595,2.7999999999999998,5.5681405525747234,-17.039824309281595,2.7999999999999998,BYPASS,BYPASS,RUNNING
867,17.34,0,-5.557520736766298,-17.053099079042127,2.7999999999999998,5.557520736766298,-17.053099079042127,2.7999999999999998,BYPASS,BYPASS,RUNNING
868,17.359999999999999,0,-5.5469009209578726,-17.066373848802659,2.7999999999999998,5.5469009209578726,-17.066373848802659,2.7999999999999998,BYPASS,BYPASS,RUNNING
869,17.379999999999999,0,-5.5362811051494472,-17.079648618563191,2.7999999999999998,5.5362811051494472,-17.079648618563191,2.7999999999999998,BYPASS,BYPASS,RUNNING
870,17.399999999999999,0,-5.5256612893410217,-17.092923388323722,2.7999999999999998,5.5256612893410217,-17.092923388323722,2.7999999999999998,BYPASS,BYPASS,RUNNING
871,17.420000000000002,0,-5.5150414735325963,-17.106198158084254,2.7999999999999998,5.5150414735325963,-17.106198158084254,2.7999999999999998,BYPASS,BYPASS,RUNNING
872,17.440000000000001,0,-5.5044216577241709,-17.119472927844786,2.7999999999999998,5.5044216577241709,-17.119472927844786,2.7999999999999998,BYPASS,BYPASS,RUNNING
873,17.460000000000001,0,-5.4938018419157455,-17.132747697605318,2.7999999999999998,5.4938018419157455,-17.132747697605318,2.7999999999999998,BYPASS,BYPASS,RUNNING
874,17.48,0,-5.4831820261073201,-17.146022467365849,2.7999999999999998,5.4831820261073201,-17.146022467365849,2.7999999999999998,BYPASS,BYPASS,RUNNING
875,17.5,0,-5.4725622102988947,-17.159297237126381,2.7999999999999998,5.4725622102988947,-17.159297237126381,2.7999999999999998,BYPASS,BYPASS,RUNNING
876,17.52,0,-5.4619423944904693,-17.172572006886913,2.7999999999999998,5.4619423944904693,-17.172572006886913,2.7999999999999998,BYPASS,BYPASS,RUNNING
877,17.539999999999999,0,-5.4513225786820438,-17.185846776647445,2.7999999999999998,5.4513225786820438,-17.185846776647445,2.7999999999999998,BYPASS,BYPASS,RUNNING
878,17.559999999999999,0,-5.4407027628736184,-17.199121546407977,2.7999999999999998,5.4407027628736184,-17.199121546407977,2.7999999999999998,BYPASS,BYPASS,RUNNING
879,17.579999999999998,0,-5.430082947065193,-17.212396316168508,2.7999999999999998,5.430082947065193,-17.212396316168508,2.7999999999999998,BYPASS,BYPASS,RUNNING
880,17.600000000000001,0,-5.4194631312567676,-17.22567108592904,2.7999999999999998,5.4194631312567676,-17.22567108592904,2.7999999999999998,BYPASS,BYPASS,RUNNING
881,17.620000000000001,0,-5.4088433154483422,-17.238945855689572,2.7999999999999998,5.4088433154483422,-17.238945855689572,2.7999999999999998,BYPASS,BYPASS,RUNNING
882,17.640000000000001,0,-5.3982234996399168,-17.252220625450104,2.7999999999999998,5.3982234996399168,-17.252220625450104,2.7999999999999998,BYPASS,BYPASS,RUNNING
883,17.66,0,-5.3876036838314914,-17.265495395210635,2.7999999999999998,5.3876036838314914,-17.265495395210635,2.7999999999999998,BYPASS,BYPASS,RUNNING
884,17.68,0,-5.3769838680230659,-17.278770164971167,2.7999999999999998,5.3769838680230659,-17.278770164971167,2.7999999999999998,BYPASS,BYPASS,RUNNING
885,17.699999999999999,0,-5.3663640522146405,-17.292044934731699,2.7999999999999998,5.3663640522146405,-17.292044934731699,2.7999999999999998,BYPASS,BYPASS,RUNNING
886,17.719999999999999,0,-5.3557442364062151,-17.305319704492231,2.7999999999999998,5.3557442364062151,-17.305319704492231,2.7999999999999998,BYPASS,BYPASS,RUNNING
887,17.739999999999998,0,-5.3451244205977897,-17.318594474252762,2.7999999999999998,5.3451244205977897,-17.318594474252762,2.7999999999999998,BYPASS,BYPASS,RUNNING
888,17.760000000000002,0,-5.3345046047893643,-17.331869244013294,2.7999999999999998,5.3345046047893643,-17.331869244013294,2.7999999999999998,BYPASS,BYPASS,RUNNING
889,17.780000000000001,0,-5.3238847889809389,-17.345144013773826,2.7999999999999998,5.3238847889809389,-17.345144013773826,2.7999999999999998,BYPASS,BYPASS,RUNNING
890,17.800000000000001,0,-5.3132649731725135,-17.358418783534358,2.7999999999999998,5.3132649731725135,-17.358418783534358,2.7999999999999998,BYPASS,BYPASS,RUNNING
891,17.82,0,-5.302645157364088,-17.37169355329489,2.7999999999999998,5.302645157364088,-17.37169355329489,2.7999999999999998,BYPASS,BYPASS,RUNNING
892,17.84,0,-5.2920253415556626,-17.384968323055421,2.7999999999999998,5.2920253415556626,-17.384968323055421,2.7999999999999998,BYPASS,BYPASS,RUNNING
893,17.859999999999999,0,-5.2814055257472372,-17.398243092815953,2.7999999999999998,5.2814055257472372,-17.398243092815953,2.7999999999999998,BYPASS,BYPASS,RUNNING
894,17.879999999999999,0,-5.2707857099388118,-17.411517862576485,2.7999999999999998,5.2707857099388118,-17.411517862576485,2.7999999999999998,BYPASS,BYPASS,RUNNING
895,17.899999999999999,0,-5.2601658941303864,-17.424792632337017,2.7999999999999998,5.2601658941303864,-17.424792632337017,2.7999999999999998,BYPASS,BYPASS,RUNNING
896,17.920000000000002,0,-5.249546078321961,-17.438067402097548,2.7999999999999998,5.249546078321961,-17.438067402097548,2.7999999999999998,BYPASS,BYPASS,RUNNING
897,17.940000000000001,0,-5.2389262625135355,-17.45134217185808,2.7999999999999998,5.2389262625135355,-17.45134217185808,2.7999999999999998,BYPASS,BYPASS,RUNNING
898,17.960000000000001,0,-5.2283064467051101,-17.464616941618612,2.7999999999999998,5.2283064467051101,-17.464616941618612,2.7999999999999998,BYPASS,BYPASS,RUNNING
899,17.98,0,-5.2176866308966847,-17.477891711379144,2.7999999999999998,5.2176866308966847,-17.477891711379144,2.7999999999999998,BYPASS,BYPASS,RUNNING
900,18,0,-5.2070668150882593,-17.491166481139675,2.7999999999999998,5.2070668150882593,-17.491166481139675,2.7999999999999998,BYPASS,BYPASS,RUNNING
901,18.02,0,-5.1964469992798339,-17.504441250900207,2.7999999999999998,5.1964469992798339,-17.504441250900207,2.7999999999999998,BYPASS,BYPASS,RUNNING
902,18.039999999999999,0,-5.1858271834714085,-17.517716020660739,2.7999999999999998,5.1858271834714085,-17.517716020660739,2.7999999999999998,BYPASS,BYPASS,RUNNING
903,18.059999999999999,0,-5.1752073676629831,-17.530990790421271,2.7999999999999998,5.1752073676629831,-17.530990790421271,2.7999999999999998,BYPASS,BYPASS,RUNNING
904,18.079999999999998,0,-5.1645875518545576,-17.544265560181802,2.7999999999999998,5.1645875518545576,-17.544265560181802,2.7999999999999998,BYPASS,BYPASS,RUNNING
905,18.100000000000001,0,-5.1539677360461322,-17.557540329942334,2.7999999999999998,5.1539677360461322,-17.557540329942334,2.7999999999999998,BYPASS,BYPASS,RUNNING
906,18.120000000000001,0,-5.1433479202377068,-17.570815099702866,2.7999999999999998,5.1433479202377068,-17.570815099702866,2.7999999999999998,BYPASS,BYPASS,RUNNING
907,18.140000000000001,0,-5.1327281044292814,-17.584089869463398,2.7999999999999998,5.1327281044292814,-17.584089869463398,2.7999999999999998,BYPASS,BYPASS,RUNNING
908,18.16,0,-5.122108288620856,-17.59736463922393,2.7999999999999998,5.122108288620856,-17.59736463922393,2.7999999999999998,BYPASS,BYPASS,RUNNING
909,18.18,0,-5.1114884728124306,-17.610639408984461,2.7999999999999998,5.1114884728124306,-17.610639408984461,2.7999999999999998,BYPASS,BYPASS,RUNNING
910,18.199999999999999,0,-5.1008686570040052,-17.623914178744993,2.7999999999999998,5.1008686570040052,-17.623914178744993,2.7999999999999998,BYPASS,BYPASS,RUNNING
911,18.219999999999999,0,-5.0902488411955797,-17.637188948505525,2.7999999999999998,5.0902488411955797,-17.637188948505525,2.7999999999999998,BYPASS,BYPASS,RUNNING
912,18.239999999999998,0,-5.0796290253871543,-17.650463718266057,2.7999999999999998,5.0796290253871543,-17.650463718266057,2.7999999999999998,BYPASS,BYPASS,RUNNING
913,18.260000000000002,0,-5.0690092095787289,-17.663738488026588,2.7999999999999998,5.0690092095787289,-17.663738488026588,2.7999999999999998,BYPASS,BYPASS,RUNNING
914,18.280000000000001,0,-5.0583893937703035,-17.67701325778712,2.7999999999999998,5.0583893937703035,-17.67701325778712,2.7999999999999998,BYPASS,BYPASS,RUNNING
915,18.300000000000001,0,-5.0477695779618781,-17.690288027547652,2.7999999999999998,5.0477695779618781,-17.690288027547652,2.7999999999999998,BYPASS,BYPASS,RUNNING
916,18.32,0,-5.0371497621534527,-17.703562797308184,2.7999999999999998,5.0371497621534527,-17.703562797308184,2.7999999999999998,BYPASS,BYPASS,RUNNING
917,18.34,0,-5.0265299463450273,-17.716837567068715,2.7999999999999998,5.0265299463450273,-17.716837567068715,2.7999999999999998,BYPASS,BYPASS,RUNNING
918,18.359999999999999,0,-5.0159101305366018,-17.730112336829247,2.7999999999999998,5.0159101305366018,-17.730112336829247,2.7999999999999998,BYPASS,BYPASS,RUNNING
919,18.379999999999999,0,-5.0052903147281764,-17.743387106589779,2.7999999999999998,5.0052903147281764,-17.743387106589779,2.7999999999999998,BYPASS,BYPASS,RUNNING
920,18.399999999999999,0,-4.994670498919751,-17.756661876350311,2.7999999999999998,4.994670498919751,-17.756661876350311,2.7999999999999998,BYPASS,BYPASS,RUNNING
921,18.420000000000002,0,-4.9840506831113256,-17.769936646110843,2.7999999999999998,4.9840506831113256,-17.769936646110843,2.7999999999999998,BYPASS,BYPASS,RUNNING
922,18.440000000000001,0,-4.9734308673029002,-17.783211415871374,2.7999999999999998,4.9734308673029002,-17.783211415871374,2.7999999999999998,BYPASS,BYPASS,RUNNING
923,18.460000000000001,0,-4.9628110514944748,-17.796486185631906,2.7999999999999998,4.9628110514944748,-17.796486185631906,2.7999999999999998,BYPASS,BYPASS,RUNNING
924,18.48,0,-4.9521912356860494,-17.809760955392438,2.7999999999999998,4.9521912356860494,-17.809760955392438,2.7999999999999998,BYPASS,BYPASS,RUNNING
925,18.5,0,-4.9415714198776239,-17.82303572515297,2.7999999999999998,4.9415714198776239,-17.82303572515297,2.7999999999999998,BYPASS,BYPASS,RUNNING
926,18.52,0,-4.9309516040691985,-17.836310494913501,2.7999999999999998,4.9309516040691985,-17.836310494913501,2.7999999999999998,BYPASS,BYPASS,RUNNING
927,18.539999999999999,0,-4.9203317882607731,-17.849585264674033,2.7999999999999998,4.9203317882607731,-17.849585264674033,2.7999999999999998,BYPASS,BYPASS,RUNNING
928,18.559999999999999,0,-4.9097119724523477,-17.862860034434565,2.7999999999999998,4.9097119724523477,-17.862860034434565,2.7999999999999998,BYPASS,BYPASS,RUNNING
929,18.579999999999998,0,-4.8990921566439223,-17.876134804195097,2.7999999999999998,4.8990921566439223,-17.876134804195097,2.7999999999999998,BYPASS,BYPASS,RUNNING
930,18.600000000000001,0,-4.8884723408354969,-17.889409573955628,2.7999999999999998,4.8884723408354969,-17.889409573955628,2.7999999999999998,BYPASS,BYPASS,RUNNING
931,18.620000000000001,0,-4.8778525250270715,-17.90268434371616,2.7999999999999998,4.8778525250270715,-17.90268434371616,2.7999999999999998,BYPASS,BYPASS,RUNNING
932,18.640000000000001,0,-4.867232709218646,-17.915959113476692,2.7999999999999998,4.867232709218646,-17.915959113476692,2.7999999999999998,BYPASS,BYPASS,RUNNING
933,18.66,0,-4.8566128934102206,-17.929233883237224,2.7999999999999998,4.8566128934102206,-17.929233883237224,2.7999999999999998,BYPASS,BYPASS,RUNNING
934,18.68,0,-4.8459930776017952,-17.942508652997756,2.7999999999999998,4.8459930776017952,-17.942508652997756,2.7999999999999998,BYPASS,BYPASS,RUNNING
935,18.699999999999999,0,-4.8353732617933698,-17.955783422758287,2.7999999999999998,4.8353732617933698,-17.955783422758287,2.7999999999999998,BYPASS,BYPASS,RUNNING
936,18.719999999999999,0,-4.8247534459849444,-17.969058192518819,2.7999999999999998,4.8247534459849444,-17.969058192518819,2.7999999999999998,BYPASS,BYPASS,RUNNING
937,18.739999999999998,0,-4.814133630176519,-17.982332962279351,2.7999999999999998,4.814133630176519,-17.982332962279351,2.7999999999999998,BYPASS,BYPASS,RUNNING
938,18.760000000000002,0,-4.8035138143680935,-17.995607732039883,2.7999999999999998,4.8035138143680935,-17.995607732039883,2.7999999999999998,BYPASS,BYPASS,RUNNING
939,18.780000000000001,0,-4.7928939985596681,-18.008882501800414,2.7999999999999998,4.7928939985596681,-18.008882501800414,2.7999999999999998,BYPASS,BYPASS,RUNNING
940,18.800000000000001,0,-4.7822741827512427,-18.022157271560946,2.7999999999999998,4.7822741827512427,-18.022157271560946,2.7999999999999998,BYPASS,BYPASS,RUNNING
941,18.82,0,-4.7716543669428173,-18.035432041321478,2.7999999999999998,4.7716543669428173,-18.035432041321478,2.7999999999999998,BYPASS,BYPASS,RUNNING
942,18.84,0,-4.7610345511343919,-18.04870681108201,2.7999999999999998,4.7610345511343919,-18.04870681108201,2.7999999999999998,BYPASS,BYPASS,RUNNING
943,18.859999999999999,0,-4.7504147353259665,-18.061981580842541,2.7999999999999998,4.7504147353259665,-18.061981580842541,2.7999999999999998,BYPASS,BYPASS,RUNNING
944,18.879999999999999,0,-4.7397949195175411,-18.075256350603073,2.7999999999999998,4.7397949195175411,-18.075256350603073,2.7999999999999998,BYPASS,BYPASS,RUNNING
945,18.899999999999999,0,-4.7291751037091156,-18.088531120363605,2.7999999999999998,4.7291751037091156,-18.088531120363605,2.7999999999999998,BYPASS,BYPASS,RUNNING
946,18.920000000000002,0,-4.7185552879006902,-18.101805890124137,2.7999999999999998,4.7185552879006902,-18.101805890124137,2.7999999999999998,BYPASS,BYPASS,RUNNING
947,18.940000000000001,0,-4.7079354720922648,-18.115080659884669,2.7999999999999998,4.7079354720922648,-18.115080659884669,2.7999999999999998,BYPASS,BYPASS,RUNNING
948,18.960000000000001,0,-4.6973156562838394,-18.1283554296452,2.7999999999999998,4.6973156562838394,-18.1283554296452,2.7999999999999998,BYPASS,BYPASS,RUNNING
949,18.98,0,-4.686695840475414,-18.141630199405732,2.7999999999999998,4.686695840475414,-18.141630199405732,2.7999999999999998,BYPASS,BYPASS,RUNNING
950,19,0,-4.6760760246669886,-18.154904969166264,2.7999999999999998,4.6760760246669886,-18.154904969166264,2.7999999999999998,BYPASS,BYPASS,RUNNING
951,19.02,0,-4.6654562088585632,-18.168179738926796,2.7999999999999998,4.6654562088585632,-18.168179738926796,2.7999999999999998,BYPASS,BYPASS,RUNNING
952,19.039999999999999,0,-4.6548363930501377,-18.181454508687327,2.7999999999999998,4.6548363930501377,-18.181454508687327,2.7999999999999998,BYPASS,BYPASS,RUNNING
953,19.059999999999999,0,-4.6442165772417123,-18.194729278447859,2.7999999999999998,4.6442165772417123,-18.194729278447859,2.7999999999999998,BYPASS,BYPASS,RUNNING
954,19.079999999999998,0,-4.6335967614332869,-18.208004048208391,2.7999999999999998,4.6335967614332869,-18.208004048208391,2.7999999999999998,BYPASS,BYPASS,RUNNING
955,19.100000000000001,0,-4.6229769456248615,-18.221278817968923,2.7999999999999998,4.6229769456248615,-18.221278817968923,2.7999999999999998,BYPASS,BYPASS,RUNNING
956,19.120000000000001,0,-4.6123571298164361,-18.234553587729454,2.7999999999999998,4.6123571298164361,-18.234553587729454,2.7999999999999998,BYPASS,BYPASS,RUNNING
957,19.140000000000001,0,-4.6017373140080107,-18.247828357489986,2.7999999999999998,4.6017373140080107,-18.247828357489986,2.7999999999999998,BYPASS,BYPASS,RUNNING
958,19.16,0,-4.5911174981995853,-18.261103127250518,2.7999999999999998,4.5911174981995853,-18.261103127250518,2.7999999999999998,BYPASS,BYPASS,RUNNING
959,19.18,0,-4.5804976823911598,-18.27437789701105,2.7999999999999998,4.5804976823911598,-18.27437789701105,2.7999999999999998,BYPASS,BYPASS,RUNNING
960,19.199999999999999,0,-4.5698778665827344,-18.287652666771582,2.7999999999999998,4.5698778665827344,-18.287652666771582,2.7999999999999998,BYPASS,BYPASS,RUNNING
961,19.219999999999999,0,-4.559258050774309,-18.300927436532113,2.7999999999999998,4.559258050774309,-18.300927436532113,2.7999999999999998,BYPASS,BYPASS,RUNNING
962,19.239999999999998,0,-4.5486382349658836,-18.314202206292645,2.7999999999999998,4.5486382349658836,-18.314202206292645,2.7999999999999998,BYPASS,BYPASS,RUNNING
963,19.260000000000002,0,-4.5380184191574582,-18.327476976053177,2.7999999999999998,4.5380184191574582,-18.327476976053177,2.7999999999999998,BYPASS,BYPASS,RUNNING
964,19.280000000000001,0,-4.5273986033490328,-18.340751745813709,2.7999999999999998,4.5273986033490328,-18.340751745813709,2.7999999999999998,BYPASS,BYPASS,RUNNING
965,19.300000000000001,0,-4.5167787875406074,-18.35402651557424,2.7999999999999998,4.5167787875406074,-18.35402651557424,2.7999999999999998,BYPASS,BYPASS,RUNNING
966,19.32,0,-4.5061589717321819,-18.367301285334772,2.7999999999999998,4.5061589717321819,-18.367301285334772,2.7999999999999998,BYPASS,BYPASS,RUNNING
967,19.34,0,-4.4955391559237565,-18.380576055095304,2.7999999999999998,4.4955391559237565,-18.380576055095304,2.7999999999999998,BYPASS,BYPASS,RUNNING
968,19.359999999999999,0,-4.4849193401153311,-18.393850824855836,2.7999999999999998,4.4849193401153311,-18.393850824855836,2.7999999999999998,BYPASS,BYPASS,RUNNING
969,19.379999999999999,0,-4.4742995243069057,-18.407125594616367,2.7999999999999998,4.4742995243069057,-18.407125594616367,2.7999999999999998,BYPASS,BYPASS,RUNNING
970,19.399999999999999,0,-4.4636797084984803,-18.420400364376899,2.7999999999999998,4.4636797084984803,-18.420400364376899,2.7999999999999998,BYPASS,BYPASS,RUNNING
971,19.420000000000002,0,-4.4530598926900549,-18.433675134137431,2.7999999999999998,4.4530598926900549,-18.433675134137431,2.7999999999999998,BYPASS,BYPASS,RUNNING
972,19.440000000000001,0,-4.4424400768816295,-18.446949903897963,2.7999999999999998,4.4424400768816295,-18.446949903897963,2.7999999999999998,BYPASS,BYPASS,RUNNING
973,19.460000000000001,0,-4.431820261073204,-18.460224673658495,2.7999999999999998,4.431820261073204,-18.460224673658495,2.7999999999999998,BYPASS,BYPASS,RUNNING
974,19.48,0,-4.4212004452647786,-18.473499443419026,2.7999999999999998,4.4212004452647786,-18.473499443419026,2.7999999999999998,BYPASS,BYPASS,RUNNING
975,19.5,0,-4.4105806294563532,-18.486774213179558,2.7999999999999998,4.4105806294563532,-18.486774213179558,2.7999999999999998,BYPASS,BYPASS,RUNNING
976,19.52,0,-4.3999608136479278,-18.50004898294009,2.7999999999999998,4.3999608136479278,-18.50004898294009,2.7999999999999998,BYPASS,BYPASS,RUNNING
977,19.539999999999999,0,-4.3893409978395024,-18.513323752700622,2.7999999999999998,4.3893409978395024,-18.513323752700622,2.7999999999999998,BYPASS,BYPASS,RUNNING
978,19.559999999999999,0,-4.378721182031077,-18.526598522461153,2.7999999999999998,4.378721182031077,-18.526598522461153,2.7999999999999998,BYPASS,BYPASS,RUNNING
979,19.579999999999998,0,-4.3681013662226515,-18.539873292221685,2.7999999999999998,4.3681013662226515,-18.539873292221685,2.7999999999999998,BYPASS,BYPASS,RUNNING
980,19.600000000000001,0,-4.3574815504142261,-18.553148061982217,2.7999999999999998,4.3574815504142261,-18.553148061982217,2.7999999999999998,BYPASS,BYPASS,RUNNING
981,19.620000000000001,0,-4.3468617346058007,-18.566422831742749,2.7999999999999998,4.3468617346058007,-18.566422831742749,2.7999999999999998,BYPASS,BYPASS,RUNNING
982,19.640000000000001,0,-4.3362419187973753,-18.57969760150328,2.7999999999999998,4.3362419187973753,-18.57969760150328,2.7999999999999998,BYPASS,BYPASS,RUNNING
983,19.66,0,-4.3256221029889499,-18.592972371263812,2.7999999999999998,4.3256221029889499,-18.592972371263812,2.7999999999999998,BYPASS,BYPASS,RUNNING
984,19.68,0,-4.3150022871805245,-18.606247141024344,2.7999999999999998,4.3150022871805245,-18.606247141024344,2.7999999999999998,BYPASS,BYPASS,RUNNING
985,19.699999999999999,0,-4.3043824713720991,-18.619521910784876,2.7999999999999998,4.3043824713720991,-18.619521910784876,2.7999999999999998,BYPASS,BYPASS,RUNNING
986,19.719999999999999,0,-4.2937626555636736,-18.632796680545407,2.7999999999999998,4.2937626555636736,-18.632796680545407,2.7999999999999998,BYPASS,BYPASS,RUNNING
987,19.739999999999998,0,-4.2831428397552482,-18.646071450305939,2.7999999999999998,4.2831428397552482,-18.646071450305939,2.7999999999999998,BYPASS,BYPASS,RUNNING
988,19.760000000000002,0,-4.2725230239468228,-18.659346220066471,2.7999999999999998,4.2725230239468228,-18.659346220066471,2.7999999999999998,BYPASS,BYPASS,RUNNING
989,19.780000000000001,0,-4.2619032081383974,-18.672620989827003,2.7999999999999998,4.2619032081383974,-18.672620989827003,2.7999999999999998,BYPASS,BYPASS,RUNNING
990,19.800000000000001,0,-4.251283392329972,-18.685895759587535,2.7999999999999998,4.251283392329972,-18.685895759587535,2.7999999999999998,BYPASS,BYPASS,RUNNING
991,19.82,0,-4.2406635765215466,-18.699170529348066,2.7999999999999998,4.2406635765215466,-18.699170529348066,2.7999999999999998,BYPASS,BYPASS,RUNNING
992,19.84,0,-4.2300437607131212,-18.712445299108598,2.7999999999999998,4.2300437607131212,-18.712445299108598,2.7999999999999998,BYPASS,BYPASS,RUNNING
993,19.859999999999999,0,-4.2194239449046957,-18.72572006886913,2.7999999999999998,4.2194239449046957,-18.72572006886913,2.7999999999999998,BYPASS,BYPASS,RUNNING
994,19.879999999999999,0,-4.2088041290962703,-18.738994838629662,2.7999999999999998,4.2088041290962703,-18.738994838629662,2.7999999999999998,BYPASS,BYPASS,RUNNING
995,19.899999999999999,0,-4.1981843132878449,-18.752269608390193,2.7999999999999998,4.1981843132878449,-18.752269608390193,2.7999999999999998,BYPASS,BYPASS,RUNNING
996,19.920000000000002,0,-4.1875644974794195,-18.765544378150725,2.7999999999999998,4.1875644974794195,-18.765544378150725,2.7999999999999998,BYPASS,BYPASS,RUNNING
997,19.940000000000001,0,-4.1769446816709941,-18.778819147911257,2.7999999999999998,4.1769446816709941,-18.778819147911257,2.7999999999999998,BYPASS,BYPASS,RUNNING
998,19.960000000000001,0,-4.1663248658625687,-18.792093917671789,2.7999999999999998,4.1663248658625687,-18.792093917671789,2.7999999999999998,BYPASS,BYPASS,RUNNING
999,19.98,0,-4.1557050500541433,-18.80536868743232,2.7999999999999998,4.1557050500541433,-18.80536868743232,2.7999999999999998,BYPASS,BYPASS,RUNNING
1000,20,0,-4.1450852342457178,-18.818643457192852,2.7999999999999998,4.1450852342457178,-18.818643457192852,2.7999999999999998,BYPASS,BYPASS,RUNNING
1001,20.02,0,-4.1344654184372924,-18.831918226953384,2.7999999999999998,4.1344654184372924,-18.831918226953384,2.7999999999999998,BYPASS,BYPASS,RUNNING
1002,20.039999999999999,0,-4.123845602628867,-18.845192996713916,2.7999999999999998,4.123845602628867,-18.845192996713916,2.7999999999999998,BYPASS,BYPASS,RUNNING
1003,20.059999999999999,0,-4.1132257868204416,-18.858467766474448,2.7999999999999998,4.1132257868204416,-18.858467766474448,2.7999999999999998,BYPASS,BYPASS,RUNNING
1004,20.079999999999998,0,-4.1026059710120162,-18.871742536234979,2.7999999999999998,4.1026059710120162,-18.871742536234979,2.7999999999999998,BYPASS,BYPASS,RUNNING
1005,20.100000000000001,0,-4.0919861552035908,-18.885017305995511,2.7999999999999998,4.0919861552035908,-18.885017305995511,2.7999999999999998,BYPASS,BYPASS,RUNNING
1006,20.120000000000001,0,-4.0813663393951654,-18.898292075756043,2.7999999999999998,4.0813663393951654,-18.898292075756043,2.7999999999999998,BYPASS,BYPASS,RUNNING
1007,20.140000000000001,0,-4.0707465235867399,-18.911566845516575,2.7999999999999998,4.0707465235867399,-18.911566845516575,2.7999999999999998,BYPASS,BYPASS,RUNNING
1008,20.16,0,-4.0601267077783145,-18.924841615277106,2.7999999999999998,4.0601267077783145,-18.924841615277106,2.7999999999999998,BYPASS,BYPASS,RUNNING
1009,20.18,0,-4.0495068919698891,-18.938116385037638,2.7999999999999998,4.0495068919698891,-18.938116385037638,2.7999999999999998,BYPASS,BYPASS,RUNNING
1010,20.199999999999999,0,-4.0388870761614637,-18.95139115479817,2.7999999999999998,4.0388870761614637,-18.95139115479817,2.7999999999999998,BYPASS,BYPASS,RUNNING
1011,20.219999999999999,0,-4.0282672603530383,-18.964665924558702,2.7999999999999998,4.0282672603530383,-18.964665924558702,2.7999999999999998,BYPASS,BYPASS,RUNNING
1012,20.239999999999998,0,-4.0176474445446129,-18.977940694319233,2.7999999999999998,4.0176474445446129,-18.977940694319233,2.7999999999999998,BYPASS,BYPASS,RUNNING
1013,20.260000000000002,0,-4.0070276287361875,-18.991215464079765,2.7999999999999998,4.0070276287361875,-18.991215464079765,2.7999999999999998,BYPASS,BYPASS,RUNNING
1014,20.280000000000001,0,-3.996407812927762,-19.004490233840297,2.7999999999999998,3.996407812927762,-19.004490233840297,2.7999999999999998,BYPASS,BYPASS,RUNNING
1015,20.300000000000001,0,-3.9857879971193366,-19.017765003600829,2.7999999999999998,3.9857879971193366,-19.017765003600829,2.7999999999999998,BYPASS,BYPASS,RUNNING
1016,20.32,0,-3.9751681813109112,-19.031039773361361,2.7999999999999998,3.9751681813109112,-19.031039773361361,2.7999999999999998,BYPASS,BYPASS,RUNNING
1017,20.34,0,-3.9645483655024858,-19.044314543121892,2.7999999999999998,3.9645483655024858,-19.044314543121892,2.7999999999999998,BYPASS,BYPASS,RUNNING
1018,20.359999999999999,0,-3.9539285496940604,-19.057589312882424,2.7999999999999998,3.9539285496940604,-19.057589312882424,2.7999999999999998,BYPASS,BYPASS,RUNNING
1019,20.379999999999999,0,-3.943308733885635,-19.070864082642956,2.7999999999999998,3.943308733885635,-19.070864082642956,2.7999999999999998,BYPASS,BYPASS,RUNNING
1020,20.399999999999999,0,-3.9326889180772096,-19.084138852403488,2.7999999999999998,3.9326889180772096,-19.084138852403488,2.7999999999999998,BYPASS,BYPASS,RUNNING
1021,20.420000000000002,0,-3.9220691022687841,-19.097413622164019,2.7999999999999998,3.9220691022687841,-19.097413622164019,2.7999999999999998,BYPASS,BYPASS,RUNNING
1022,20.440000000000001,0,-3.9114492864603587,-19.110688391924551,2.7999999999999998,3.9114492864603587,-19.110688391924551,2.7999999999999998,BYPASS,BYPASS,RUNNING
1023,20.460000000000001,0,-3.9008294706519333,-19.123963161685083,2.7999999999999998,3.9008294706519333,-19.123963161685083,2.7999999999999998,BYPASS,BYPASS,RUNNING
1024,20.48,0,-3.8902096548435079,-19.137237931445615,2.7999999999999998,3.8902096548435079,-19.137237931445615,2.7999999999999998,BYPASS,BYPASS,RUNNING
1025,20.5,0,-3.8795898390350825,-19.150512701206146,2.7999999999999998,3.8795898390350825,-19.150512701206146,2.7999999999999998,BYPASS,BYPASS,RUNNING
1026,20.52,0,-3.8689700232266571,-19.163787470966678,2.7999999999999998,3.8689700232266571,-19.163787470966678,2.7999999999999998,BYPASS,BYPASS,RUNNING
1027,20.539999999999999,0,-3.8583502074182316,-19.17706224072721,2.7999999999999998,3.8583502074182316,-19.17706224072721,2.7999999999999998,BYPASS,BYPASS,RUNNING
1028,20.559999999999999,0,-3.8477303916098062,-19.190337010487742,2.7999999999999998,3.8477303916098062,-19.190337010487742,2.7999999999999998,BYPASS,BYPASS,RUNNING
1029,20.579999999999998,0,-3.8371105758013808,-19.203611780248274,2.7999999999999998,3.8371105758013808,-19.203611780248274,2.7999999999999998,BYPASS,BYPASS,RUNNING
1030,20.600000000000001,0,-3.8264907599929554,-19.216886550008805,2.7999999999999998,3.8264907599929554,-19.216886550008805,2.7999999999999998,BYPASS,BYPASS,RUNNING
1031,20.620000000000001,0,-3.81587094418453,-19.230161319769337,2.7999999999999998,3.81587094418453,-19.230161319769337,2.7999999999999998,BYPASS,BYPASS,RUNNING
1032,20.640000000000001,0,-3.8052511283761046,-19.243436089529869,2.7999999999999998,3.8052511283761046,-19.243436089529869,2.7999999999999998,BYPASS,BYPASS,RUNNING
1033,20.66,0,-3.7946313125676792,-19.256710859290401,2.7999999999999998,3.7946313125676792,-19.256710859290401,2.7999999999999998,BYPASS,BYPASS,RUNNING
1034,20.68,0,-3.7840114967592537,-19.269985629050932,2.7999999999999998,3.7840114967592537,-19.269985629050932,2.7999999999999998,BYPASS,BYPASS,RUNNING
1035,20.699999999999999,0,-3.7733916809508283,-19.283260398811464,2.7999999999999998,3.7733916809508283,-19.283260398811464,2.7999999999999998,BYPASS,BYPASS,RUNNING
1036,20.719999999999999,0,-3.7627718651424029,-19.296535168571996,2.7999999999999998,3.7627718651424029,-19.296535168571996,2.7999999999999998,BYPASS,BYPASS,RUNNING
1037,20.739999999999998,0,-3.7521520493339775,-19.309809938332528,2.7999999999999998,3.7521520493339775,-19.309809938332528,2.7999999999999998,BYPASS,BYPASS,RUNNING
1038,20.760000000000002,0,-3.7415322335255521,-19.323084708093059,2.7999999999999998,3.7415322335255521,-19.323084708093059,2.7999999999999998,BYPASS,BYPASS,RUNNING
1039,20.780000000000001,0,-3.7309124177171267,-19.336359477853591,2.7999999999999998,3.7309124177171267,-19.336359477853591,2.7999999999999998,BYPASS,BYPASS,RUNNING
1040,20.800000000000001,0,-3.7202926019087013,-19.349634247614123,2.7999999999999998,3.7202926019087013,-19.349634247614123,2.7999999999999998,BYPASS,BYPASS,RUNNING
1041,20.82,0,-3.7096727861002763,-19.362909017374655,2.7999999999999998,3.7096727861002763,-19.362909017374655,2.7999999999999998,BYPASS,BYPASS,RUNNING
1042,20.84,0,-3.6990529702918509,-19.376183787135187,2.7999999999999998,3.6990529702918509,-19.376183787135187,2.7999999999999998,BYPASS,BYPASS,RUNNING
1043,20.859999999999999,0,-3.6884331544834255,-19.389458556895718,2.7999999999999998,3.6884331544834255,-19.389458556895718,2.7999999999999998,BYPASS,BYPASS,RUNNING
1044,20.879999999999999,0,-3.677813338675,-19.40273332665625,2.7999999999999998,3.677813338675,-19.40273332665625,2.7999999999999998,BYPASS,BYPASS,RUNNING
1045,20.899999999999999,0,-3.6671935228665746,-19.416008096416782,2.7999999999999998,3.6671935228665746,-19.416008096416782,2.7999999999999998,BYPASS,BYPASS,RUNNING
1046,20.920000000000002,0,-3.6565737070581492,-19.429282866177314,2.7999999999999998,3.6565737070581492,-19.429282866177314,2.7999999999999998,BYPASS,BYPASS,RUNNING
1047,20.940000000000001,0,-3.6459538912497238,-19.442557635937845,2.7999999999999998,3.6459538912497238,-19.442557635937845,2.7999999999999998,BYPASS,BYPASS,RUNNING
1048,20.960000000000001,0,-3.6353340754412984,-19.455832405698377,2.7999999999999998,3.6353340754412984,-19.455832405698377,2.7999999999999998,BYPASS,BYPASS,RUNNING
1049,20.98,0,-3.624714259632873,-19.469107175458909,2.7999999999999998,3.624714259632873,-19.469107175458909,2.7999999999999998,BYPASS,BYPASS,RUNNING
1050,21,0,-3.6140944438244476,-19.482381945219441,2.7999999999999998,3.6140944438244476,-19.482381945219441,2.7999999999999998,BYPASS,BYPASS,RUNNING
1051,21.02,0,-3.6034746280160221,-19.495656714979972,2.7999999999999998,3.6034746280160221,-19.495656714979972,2.7999999999999998,BYPASS,BYPASS,RUNNING
1052,21.039999999999999,0,-3.6000000000000001,-19.5,2.7999999999999998,3.6000000000000001,-19.5,2.7999999999999998,LANDING,LANDING,RUNNING
1053,21.059999999999999,0,-3.6000000000000001,-19.5,2.7829999999999999,3.6000000000000001,-19.5,2.7829999999999999,LANDING,LANDING,RUNNING
1054,21.079999999999998,0,-3.6000000000000001,-19.5,2.766,3.6000000000000001,-19.5,2.766,LANDING,LANDING,RUNNING
1055,21.100000000000001,0,-3.6000000000000001,-19.5,2.7490000000000001,3.6000000000000001,-19.5,2.7490000000000001,LANDING,LANDING,RUNNING
1056,21.120000000000001,0,-3.6000000000000001,-19.5,2.7320000000000002,3.6000000000000001,-19.5,2.7320000000000002,LANDING,LANDING,RUNNING
1057,21.140000000000001,0,-3.6000000000000001,-19.5,2.7150000000000003,3.6000000000000001,-19.5,2.7150000000000003,LANDING,LANDING,RUNNING
1058,21.16,0,-3.6000000000000001,-19.5,2.6980000000000004,3.6000000000000001,-19.5,2.6980000000000004,LANDING,LANDING,RUNNING
1059,21.18,0,-3.6000000000000001,-19.5,2.6810000000000005,3.6000000000000001,-19.5,2.6810000000000005,LANDING,LANDING,RUNNING
1060,21.199999999999999,0,-3.6000000000000001,-19.5,2.6640000000000006,3.6000000000000001,-19.5,2.6640000000000006,LANDING,LANDING,RUNNING
1061,21.219999999999999,0,-3.6000000000000001,-19.5,2.6470000000000007,3.6000000000000001,-19.5,2.6470000000000007,LANDING,LANDING,RUNNING
1062,21.239999999999998,0,-3.6000000000000001,-19.5,2.6300000000000008,3.6000000000000001,-19.5,2.6300000000000008,LANDING,LANDING,RUNNING
1063,21.260000000000002,0,-3.6000000000000001,-19.5,2.6130000000000009,3.6000000000000001,-19.5,2.6130000000000009,LANDING,LANDING,RUNNING
1064,21.280000000000001,0,-3.6000000000000001,-19.5,2.596000000000001,3.6000000000000001,-19.5,2.596000000000001,LANDING,LANDING,RUNNING
1065,21.300000000000001,0,-3.6000000000000001,-19.5,2.5790000000000011,3.6000000000000001,-19.5,2.5790000000000011,LANDING,LANDING,RUNNING
1066,21.32,0,-3.6000000000000001,-19.5,2.5620000000000012,3.6000000000000001,-19.5,2.5620000000000012,LANDING,LANDING,RUNNING
1067,21.34,0,-3.6000000000000001,-19.5,2.5450000000000013,3.6000000000000001,-19.5,2.5450000000000013,LANDING,LANDING,RUNNING
1068,21.359999999999999,0,-3.6000000000000001,-19.5,2.5280000000000014,3.6000000000000001,-19.5,2.5280000000000014,LANDING,LANDING,RUNNING
1069,21.379999999999999,0,-3.6000000000000001,-19.5,2.5110000000000015,3.6000000000000001,-19.5,2.5110000000000015,LANDING,LANDING,RUNNING
1070,21.399999999999999,0,-3.6000000000000001,-19.5,2.4940000000000015,3.6000000000000001,-19.5,2.4940000000000015,LANDING,LANDING,RUNNING
1071,21.420000000000002,0,-3.6000000000000001,-19.5,2.4770000000000016,3.6000000000000001,-19.5,2.4770000000000016,LANDING,LANDING,RUNNING
1072,21.440000000000001,0,-3.6000000000000001,-19.5,2.4600000000000017,3.6000000000000001,-19.5,2.4600000000000017,LANDING,LANDING,RUNNING
1073,21.460000000000001,0,-3.6000000000000001,-19.5,2.4430000000000018,3.6000000000000001,-19.5,2.4430000000000018,LANDING,LANDING,RUNNING
1074,21.48,0,-3.6000000000000001,-19.5,2.4260000000000019,3.6000000000000001,-19.5,2.4260000000000019,LANDING,LANDING,RUNNING
1075,21.5,0,-3.6000000000000001,-19.5,2.409000000000002,3.6000000000000001,-19.5,2.409000000000002,LANDING,LANDING,RUNNING
1076,21.52,0,-3.6000000000000001,-19.5,2.3920000000000021,3.6000000000000001,-19.5,2.3920000000000021,LANDING,LANDING,RUNNING
1077,21.539999999999999,0,-3.6000000000000001,-19.5,2.3750000000000022,3.6000000000000001,-19.5,2.3750000000000022,LANDING,LANDING,RUNNING
1078,21.559999999999999,0,-3.6000000000000001,-19.5,2.3580000000000023,3.6000000000000001,-19.5,2.3580000000000023,LANDING,LANDING,RUNNING
1079,21.579999999999998,0,-3.6000000000000001,-19.5,2.3410000000000024,3.6000000000000001,-19.5,2.3410000000000024,LANDING,LANDING,RUNNING
1080,21.600000000000001,0,-3.6000000000000001,-19.5,2.3240000000000025,3.6000000000000001,-19.5,2.3240000000000025,LANDING,LANDING,RUNNING
1081,21.620000000000001,0,-3.6000000000000001,-19.5,2.3070000000000026,3.6000000000000001,-19.5,2.3070000000000026,LANDING,LANDING,RUNNING
1082,21.640000000000001,0,-3.6000000000000001,-19.5,2.2900000000000027,3.6000000000000001,-19.5,2.2900000000000027,LANDING,LANDING,RUNNING
1083,21.66,0,-3.6000000000000001,-19.5,2.2730000000000028,3.6000000000000001,-19.5,2.2730000000000028,LANDING,LANDING,RUNNING
1084,21.68,0,-3.6000000000000001,-19.5,2.2560000000000029,3.6000000000000001,-19.5,2.2560000000000029,LANDING,LANDING,RUNNING
1085,21.699999999999999,0,-3.6000000000000001,-19.5,2.239000000000003,3.6000000000000001,-19.5,2.239000000000003,LANDING,LANDING,RUNNING
1086,21.719999999999999,0,-3.6000000000000001,-19.5,2.2220000000000031,3.6000000000000001,-19.5,2.2220000000000031,LANDING,LANDING,RUNNING
1087,21.739999999999998,0,-3.6000000000000001,-19.5,2.2050000000000032,3.6000000000000001,-19.5,2.2050000000000032,LANDING,LANDING,RUNNING
1088,21.760000000000002,0,-3.6000000000000001,-19.5,2.1880000000000033,3.6000000000000001,-19.5,2.1880000000000033,LANDING,LANDING,RUNNING
1089,21.780000000000001,0,-3.6000000000000001,-19.5,2.1710000000000034,3.6000000000000001,-19.5,2.1710000000000034,LANDING,LANDING,RUNNING
1090,21.800000000000001,0,-3.6000000000000001,-19.5,2.1540000000000035,3.6000000000000001,-19.5,2.1540000000000035,LANDING,LANDING,RUNNING
1091,21.82,0,-3.6000000000000001,-19.5,2.1370000000000036,3.6000000000000001,-19.5,2.1370000000000036,LANDING,LANDING,RUNNING
1092,21.84,0,-3.6000000000000001,-19.5,2.1200000000000037,3.6000000000000001,-19.5,2.1200000000000037,LANDING,LANDING,RUNNING
1093,21.859999999999999,0,-3.6000000000000001,-19.5,2.1030000000000038,3.6000000000000001,-19.5,2.1030000000000038,LANDING,LANDING,RUNNING
1094,21.879999999999999,0,-3.6000000000000001,-19.5,2.0860000000000039,3.6000000000000001,-19.5,2.0860000000000039,LANDING,LANDING,RUNNING
1095,21.899999999999999,0,-3.6000000000000001,-19.5,2.0690000000000039,3.6000000000000001,-19.5,2.0690000000000039,LANDING,LANDING,RUNNING
1096,21.920000000000002,0,-3.6000000000000001,-19.5,2.052000000000004,3.6000000000000001,-19.5,2.052000000000004,LANDING,LANDING,RUNNING
1097,21.940000000000001,0,-3.6000000000000001,-19.5,2.0350000000000041,3.6000000000000001,-19.5,2.0350000000000041,LANDING,LANDING,RUNNING
1098,21.960000000000001,0,-3.6000000000000001,-19.5,2.0180000000000042,3.6000000000000001,-19.5,2.0180000000000042,LANDING,LANDING,RUNNING
1099,21.98,0,-3.6000000000000001,-19.5,2.0010000000000043,3.6000000000000001,-19.5,2.0010000000000043,LANDING,LANDING,RUNNING
1100,22,0,-3.6000000000000001,-19.5,1.9840000000000044,3.6000000000000001,-19.5,1.9840000000000044,LANDING,LANDING,RUNNING
1101,22.02,0,-3.6000000000000001,-19.5,1.9670000000000045,3.6000000000000001,-19.5,1.9670000000000045,LANDING,LANDING,RUNNING
1102,22.039999999999999,0,-3.6000000000000001,-19.5,1.9500000000000046,3.6000000000000001,-19.5,1.9500000000000046,LANDING,LANDING,RUNNING
1103,22.059999999999999,0,-3.6000000000000001,-19.5,1.9330000000000047,3.6000000000000001,-19.5,1.9330000000000047,LANDING,LANDING,RUNNING
1104,22.079999999999998,0,-3.6000000000000001,-19.5,1.9160000000000048,3.6000000000000001,-19.5,1.9160000000000048,LANDING,LANDING,RUNNING
1105,22.100000000000001,0,-3.6000000000000001,-19.5,1.8990000000000049,3.6000000000000001,-19.5,1.8990000000000049,LANDING,LANDING,RUNNING
1106,22.120000000000001,0,-3.6000000000000001,-19.5,1.882000000000005,3.6000000000000001,-19.5,1.882000000000005,LANDING,LANDING,RUNNING
1107,22.140000000000001,0,-3.6000000000000001,-19.5,1.8650000000000051,3.6000000000000001,-19.5,1.8650000000000051,LANDING,LANDING,RUNNING
1108,22.16,0,-3.6000000000000001,-19.5,1.8480000000000052,3.6000000000000001,-19.5,1.8480000000000052,LANDING,LANDING,RUNNING
1109,22.18,0,-3.6000000000000001,-19.5,1.8310000000000053,3.6000000000000001,-19.5,1.8310000000000053,LANDING,LANDING,RUNNING
1110,22.199999999999999,0,-3.6000000000000001,-19.5,1.8140000000000054,3.6000000000000001,-19.5,1.8140000000000054,LANDING,LANDING,RUNNING
1111,22.219999999999999,0,-3.6000000000000001,-19.5,1.7970000000000055,3.6000000000000001,-19.5,1.7970000000000055,LANDING,LANDING,RUNNING
1112,22.239999999999998,0,-3.6000000000000001,-19.5,1.7800000000000056,3.6000000000000001,-19.5,1.7800000000000056,LANDING,LANDING,RUNNING
1113,22.260000000000002,0,-3.6000000000000001,-19.5,1.7630000000000057,3.6000000000000001,-19.5,1.7630000000000057,LANDING,LANDING,RUNNING
1114,22.280000000000001,0,-3.6000000000000001,-19.5,1.7460000000000058,3.6000000000000001,-19.5,1.7460000000000058,LANDING,LANDING,RUNNING
1115,22.300000000000001,0,-3.6000000000000001,-19.5,1.7290000000000059,3.6000000000000001,-19.5,1.7290000000000059,LANDING,LANDING,RUNNING
1116,22.32,0,-3.6000000000000001,-19.5,1.712000000000006,3.6000000000000001,-19.5,1.712000000000006,LANDING,LANDING,RUNNING
1117,22.34,0,-3.6000000000000001,-19.5,1.6950000000000061,3.6000000000000001,-19.5,1.6950000000000061,LANDING,LANDING,RUNNING
1118,22.359999999999999,0,-3.6000000000000001,-19.5,1.6780000000000062,3.6000000000000001,-19.5,1.6780000000000062,LANDING,LANDING,RUNNING
1119,22.379999999999999,0,-3.6000000000000001,-19.5,1.6610000000000062,3.6000000000000001,-19.5,1.6610000000000062,LANDING,LANDING,RUNNING
1120,22.399999999999999,0,-3.6000000000000001,-19.5,1.6440000000000063,3.6000000000000001,-19.5,1.6440000000000063,LANDING,LANDING,RUNNING
1121,22.420000000000002,0,-3.6000000000000001,-19.5,1.6270000000000064,3.6000000000000001,-19.5,1.6270000000000064,LANDING,LANDING,RUNNING
1122,22.440000000000001,0,-3.6000000000000001,-19.5,1.6100000000000065,3.6000000000000001,-19.5,1.6100000000000065,LANDING,LANDING,RUNNING
1123,22.460000000000001,0,-3.6000000000000001,-19.5,1.5930000000000066,3.6000000000000001,-19.5,1.5930000000000066,LANDING,LANDING,RUNNING
1124,22.48,0,-3.6000000000000001,-19.5,1.5760000000000067,3.6000000000000001,-19.5,1.5760000000000067,LANDING,LANDING,RUNNING
1125,22.5,0,-3.6000000000000001,-19.5,1.5590000000000068,3.6000000000000001,-19.5,1.5590000000000068,LANDING,LANDING,RUNNING
1126,22.52,0,-3.6000000000000001,-19.5,1.5420000000000069,3.6000000000000001,-19.5,1.5420000000000069,LANDING,LANDING,RUNNING
1127,22.539999999999999,0,-3.6000000000000001,-19.5,1.525000000000007,3.6000000000000001,-19.5,1.525000000000007,LANDING,LANDING,RUNNING
1128,22.559999999999999,0,-3.6000000000000001,-19.5,1.5080000000000071,3.6000000000000001,-19.5,1.5080000000000071,LANDING,LANDING,RUNNING
1129,22.579999999999998,0,-3.6000000000000001,-19.5,1.4910000000000072,3.6000000000000001,-19.5,1.4910000000000072,LANDING,LANDING,RUNNING
1130,22.600000000000001,0,-3.6000000000000001,-19.5,1.4740000000000073,3.6000000000000001,-19.5,1.4740000000000073,LANDING,LANDING,RUNNING
1131,22.620000000000001,0,-3.6000000000000001,-19.5,1.4570000000000074,3.6000000000000001,-19.5,1.4570000000000074,LANDING,LANDING,RUNNING
1132,22.640000000000001,0,-3.6000000000000001,-19.5,1.4400000000000075,3.6000000000000001,-19.5,1.4400000000000075,LANDING,LANDING,RUNNING
1133,22.66,0,-3.6000000000000001,-19.5,1.4230000000000076,3.6000000000000001,-19.5,1.4230000000000076,LANDING,LANDING,RUNNING
1134,22.68,0,-3.6000000000000001,-19.5,1.4060000000000077,3.6000000000000001,-19.5,1.4060000000000077,LANDING,LANDING,RUNNING
1135,22.699999999999999,0,-3.6000000000000001,-19.5,1.3890000000000078,3.6000000000000001,-19.5,1.3890000000000078,LANDING,LANDING,RUNNING
1136,22.719999999999999,0,-3.6000000000000001,-19.5,1.3720000000000079,3.6000000000000001,-19.5,1.3720000000000079,LANDING,LANDING,RUNNING
1137,22.739999999999998,0,-3.6000000000000001,-19.5,1.355000000000008,3.6000000000000001,-19.5,1.355000000000008,LANDING,LANDING,RUNNING
1138,22.760000000000002,0,-3.6000000000000001,-19.5,1.3380000000000081,3.6000000000000001,-19.5,1.3380000000000081,LANDING,LANDING,RUNNING
1139,22.780000000000001,0,-3.6000000000000001,-19.5,1.3210000000000082,3.6000000000000001,-19.5,1.3210000000000082,LANDING,LANDING,RUNNING
1140,22.800000000000001,0,-3.6000000000000001,-19.5,1.3040000000000083,3.6000000000000001,-19.5,1.3040000000000083,LANDING,LANDING,RUNNING
1141,22.82,0,-3.6000000000000001,-19.5,1.2870000000000084,3.6000000000000001,-19.5,1.2870000000000084,LANDING,LANDING,RUNNING
1142,22.84,0,-3.6000000000000001,-19.5,1.2700000000000085,3.6000000000000001,-19.5,1.2700000000000085,LANDING,LANDING,RUNNING
1143,22.859999999999999,0,-3.6000000000000001,-19.5,1.2530000000000086,3.6000000000000001,-19.5,1.2530000000000086,LANDING,LANDING,RUNNING
1144,22.879999999999999,0,-3.6000000000000001,-19.5,1.2360000000000086,3.6000000000000001,-19.5,1.2360000000000086,LANDING,LANDING,RUNNING
1145,22.899999999999999,0,-3.6000000000000001,-19.5,1.2190000000000087,3.6000000000000001,-19.5,1.2190000000000087,LANDING,LANDING,RUNNING
1146,22.920000000000002,0,-3.6000000000000001,-19.5,1.2020000000000088,3.6000000000000001,-19.5,1.2020000000000088,LANDING,LANDING,RUNNING
1147,22.940000000000001,0,-3.6000000000000001,-19.5,1.1850000000000089,3.6000000000000001,-19.5,1.1850000000000089,LANDING,LANDING,RUNNING
1148,22.960000000000001,0,-3.6000000000000001,-19.5,1.168000000000009,3.6000000000000001,-19.5,1.168000000000009,LANDING,LANDING,RUNNING
1149,22.98,0,-3.6000000000000001,-19.5,1.1510000000000091,3.6000000000000001,-19.5,1.1510000000000091,LANDING,LANDING,RUNNING
1150,23,0,-3.6000000000000001,-19.5,1.1340000000000092,3.6000000000000001,-19.5,1.1340000000000092,LANDING,LANDING,RUNNING
1151,23.02,0,-3.6000000000000001,-19.5,1.1170000000000093,3.6000000000000001,-19.5,1.1170000000000093,LANDING,LANDING,RUNNING
1152,23.039999999999999,0,-3.6000000000000001,-19.5,1.1000000000000094,3.6000000000000001,-19.5,1.1000000000000094,LANDING,LANDING,RUNNING
1153,23.059999999999999,0,-3.6000000000000001,-19.5,1.0830000000000095,3.6000000000000001,-19.5,1.0830000000000095,LANDING,LANDING,RUNNING
1154,23.079999999999998,0,-3.6000000000000001,-19.5,1.0660000000000096,3.6000000000000001,-19.5,1.0660000000000096,LANDING,LANDING,RUNNING
1155,23.100000000000001,0,-3.6000000000000001,-19.5,1.0490000000000097,3.6000000000000001,-19.5,1.0490000000000097,LANDING,LANDING,RUNNING
1156,23.120000000000001,0,-3.6000000000000001,-19.5,1.0320000000000098,3.6000000000000001,-19.5,1.0320000000000098,LANDING,LANDING,RUNNING
1157,23.140000000000001,0,-3.6000000000000001,-19.5,1.0150000000000099,3.6000000000000001,-19.5,1.0150000000000099,LANDING,LANDING,RUNNING
1158,23.16,0,-3.6000000000000001,-19.5,0.99800000000000988,3.6000000000000001,-19.5,0.99800000000000988,LANDING,LANDING,RUNNING
1159,23.18,0,-3.6000000000000001,-19.5,0.98100000000000986,3.6000000000000001,-19.5,0.98100000000000986,LANDING,LANDING,RUNNING
1160,23.199999999999999,0,-3.6000000000000001,-19.5,0.96400000000000985,3.6000000000000001,-19.5,0.96400000000000985,LANDING,LANDING,RUNNING
1161,23.219999999999999,0,-3.6000000000000001,-19.5,0.94700000000000983,3.6000000000000001,-19.5,0.94700000000000983,LANDING,LANDING,RUNNING
1162,23.239999999999998,0,-3.6000000000000001,-19.5,0.93000000000000982,3.6000000000000001,-19.5,0.93000000000000982,LANDING,LANDING,RUNNING
1163,23.260000000000002,0,-3.6000000000000001,-19.5,0.9130000000000098,3.6000000000000001,-19.5,0.9130000000000098,LANDING,LANDING,RUNNING
1164,23.280000000000001,0,-3.6000000000000001,-19.5,0.89600000000000979,3.6000000000000001,-19.5,0.89600000000000979,LANDING,LANDING,RUNNING
1165,23.300000000000001,0,-3.6000000000000001,-19.5,0.87900000000000977,3.6000000000000001,-19.5,0.87900000000000977,LANDING,LANDING,RUNNING
1166,23.32,0,-3.6000000000000001,-19.5,0.86200000000000976,3.6000000000000001,-19.5,0.86200000000000976,LANDING,LANDING,RUNNING
1167,23.34,0,-3.6000000000000001,-19.5,0.84500000000000974,3.6000000000000001,-19.5,0.84500000000000974,LANDING,LANDING,RUNNING
1168,23.359999999999999,0,-3.6000000000000001,-19.5,0.82800000000000973,3.6000000000000001,-19.5,0.82800000000000973,LANDING,LANDING,RUNNING
1169,23.379999999999999,0,-3.6000000000000001,-19.5,0.81100000000000971,3.6000000000000001,-19.5,0.81100000000000971,LANDING,LANDING,RUNNING
1170,23.399999999999999,0,-3.6000000000000001,-19.5,0.7940000000000097,3.6000000000000001,-19.5,0.7940000000000097,LANDING,LANDING,RUNNING
1171,23.420000000000002,0,-3.6000000000000001,-19.5,0.77700000000000968,3.6000000000000001,-19.5,0.77700000000000968,LANDING,LANDING,RUNNING
1172,23.440000000000001,0,-3.6000000000000001,-19.5,0.76000000000000967,3.6000000000000001,-19.5,0.76000000000000967,LANDING,LANDING,RUNNING
1173,23.460000000000001,0,-3.6000000000000001,-19.5,0.74300000000000965,3.6000000000000001,-19.5,0.74300000000000965,LANDING,LANDING,RUNNING
1174,23.48,0,-3.6000000000000001,-19.5,0.72600000000000964,3.6000000000000001,-19.5,0.72600000000000964,LANDING,LANDING,RUNNING
1175,23.5,0,-3.6000000000000001,-19.5,0.70900000000000962,3.6000000000000001,-19.5,0.70900000000000962,LANDING,LANDING,RUNNING
1176,23.52,0,-3.6000000000000001,-19.5,0.69200000000000961,3.6000000000000001,-19.5,0.69200000000000961,LANDING,LANDING,RUNNING
1177,23.539999999999999,0,-3.6000000000000001,-19.5,0.67500000000000959,3.6000000000000001,-19.5,0.67500000000000959,LANDING,LANDING,RUNNING
1178,23.559999999999999,0,-3.6000000000000001,-19.5,0.65800000000000958,3.6000000000000001,-19.5,0.65800000000000958,LANDING,LANDING,RUNNING
1179,23.579999999999998,0,-3.6000000000000001,-19.5,0.64100000000000956,3.6000000000000001,-19.5,0.64100000000000956,LANDING,LANDING,RUNNING
1180,23.600000000000001,0,-3.6000000000000001,-19.5,0.62400000000000955,3.6000000000000001,-19.5,0.62400000000000955,LANDING,LANDING,RUNNING
1181,23.620000000000001,0,-3.6000000000000001,-19.5,0.60700000000000953,3.6000000000000001,-19.5,0.60700000000000953,LANDING,LANDING,RUNNING
1182,23.640000000000001,0,-3.6000000000000001,-19.5,0.59000000000000952,3.6000000000000001,-19.5,0.59000000000000952,LANDING,LANDING,RUNNING
1183,23.66,0,-3.6000000000000001,-19.5,0.5730000000000095,3.6000000000000001,-19.5,0.5730000000000095,LANDING,LANDING,RUNNING
1184,23.68,0,-3.6000000000000001,-19.5,0.55600000000000949,3.6000000000000001,-19.5,0.55600000000000949,LANDING,LANDING,RUNNING
1185,23.699999999999999,0,-3.6000000000000001,-19.5,0.53900000000000947,3.6000000000000001,-19.5,0.53900000000000947,LANDING,LANDING,RUNNING
1186,23.719999999999999,0,-3.6000000000000001,-19.5,0.52200000000000946,3.6000000000000001,-19.5,0.52200000000000946,LANDING,LANDING,RUNNING
1187,23.739999999999998,0,-3.6000000000000001,-19.5,0.50500000000000944,3.6000000000000001,-19.5,0.50500000000000944,LANDING,LANDING,RUNNING
1188,23.760000000000002,0,-3.6000000000000001,-19.5,0.48800000000000943,3.6000000000000001,-19.5,0.48800000000000943,LANDING,LANDING,RUNNING
1189,23.780000000000001,0,-3.6000000000000001,-19.5,0.47100000000000941,3.6000000000000001,-19.5,0.47100000000000941,LANDING,LANDING,RUNNING
1190,23.800000000000001,0,-3.6000000000000001,-19.5,0.4540000000000094,3.6000000000000001,-19.5,0.4540000000000094,LANDING,LANDING,RUNNING
1191,23.82,0,-3.6000000000000001,-19.5,0.43700000000000938,3.6000000000000001,-19.5,0.43700000000000938,LANDING,LANDING,RUNNING
1192,23.84,0,-3.6000000000000001,-19.5,0.42000000000000937,3.6000000000000001,-19.5,0.42000000000000937,LANDING,LANDING,RUNNING
1193,23.859999999999999,0,-3.6000000000000001,-19.5,0.40300000000000935,3.6000000000000001,-19.5,0.40300000000000935,LANDING,LANDING,RUNNING
1194,23.879999999999999,0,-3.6000000000000001,-19.5,0.38600000000000934,3.6000000000000001,-19.5,0.38600000000000934,LANDING,LANDING,RUNNING
1195,23.899999999999999,0,-3.6000000000000001,-19.5,0.36900000000000932,3.6000000000000001,-19.5,0.36900000000000932,LANDING,LANDING,RUNNING
1196,23.920000000000002,0,-3.6000000000000001,-19.5,0.35200000000000931,3.6000000000000001,-19.5,0.35200000000000931,LANDING,LANDING,RUNNING
1197,23.940000000000001,0,-3.6000000000000001,-19.5,0.33500000000000929,3.6000000000000001,-19.5,0.33500000000000929,LANDING,LANDING,RUNNING
1198,23.960000000000001,0,-3.6000000000000001,-19.5,0.31800000000000928,3.6000000000000001,-19.5,0.31800000000000928,LANDING,LANDING,RUNNING
1199,23.98,0,-3.6000000000000001,-19.5,0.30100000000000926,3.6000000000000001,-19.5,0.30100000000000926,LANDING,LANDING,RUNNING
1200,24,0,-3.6000000000000001,-19.5,0.28400000000000925,3.6000000000000001,-19.5,0.28400000000000925,LANDING,LANDING,RUNNING
1201,24.02,0,-3.6000000000000001,-19.5,0.26700000000000923,3.6000000000000001,-19.5,0.26700000000000923,LANDING,LANDING,RUNNING
1202,24.039999999999999,0,-3.6000000000000001,-19.5,0.25000000000000921,3.6000000000000001,-19.5,0.25000000000000921,LANDING,LANDING,RUNNING
1203,24.059999999999999,0,-3.6000000000000001,-19.5,0.2330000000000092,3.6000000000000001,-19.5,0.2330000000000092,LANDING,LANDING,RUNNING
1204,24.079999999999998,0,-3.6000000000000001,-19.5,0.21600000000000918,3.6000000000000001,-19.5,0.21600000000000918,LANDING,LANDING,RUNNING
1205,24.100000000000001,0,-3.6000000000000001,-19.5,0.19900000000000917,3.6000000000000001,-19.5,0.19900000000000917,LANDING,LANDING,RUNNING
1206,24.120000000000001,0,-3.6000000000000001,-19.5,0.18200000000000915,3.6000000000000001,-19.5,0.18200000000000915,LANDING,LANDING,RUNNING
1207,24.140000000000001,0,-3.6000000000000001,-19.5,0.16500000000000914,3.6000000000000001,-19.5,0.16500000000000914,LANDING,LANDING,RUNNING
1208,24.16,0,-3.6000000000000001,-19.5,0.14800000000000912,3.6000000000000001,-19.5,0.14800000000000912,LANDING,LANDING,RUNNING
1209,24.18,0,-3.6000000000000001,-19.5,0.13100000000000911,3.6000000000000001,-19.5,0.13100000000000911,LANDING,LANDING,RUNNING
1210,24.199999999999999,0,-3.6000000000000001,-19.5,0.12,3.6000000000000001,-19.5,0.12,LANDED,LANDED,COMPLETE
1211,24.219999999999999,0,-3.6000000000000001,-19.5,0.12,3.6000000000000001,-19.5,0.12,LANDED,LANDED,COMPLETE
1212,24.239999999999998,0,-3.6000000000000001,-19.5,0.12,3.6000000000000001,-19.5,0.12,LANDED,LANDED,COMPLETE
1213,24.260000000000002,0,-3.6000000000000001,-19.5,0.12,3.6000000000000001,-19.5,0.12,LANDED,LANDED,COMPLETE
1214,24.280000000000001,0,-3.6000000000000001,-19.5,0.12,3.6000000000000001,-19.5,0.12,LANDED,LANDED,COMPLETE
1215,24.300000000000001,0,-3.6000000000000001,-19.5,0.12,3.6000000000000001,-19.5,0.12,LANDED,LANDED,COMPLETE
1216,24.32,0,-3.6000000000000001,-19.5,0.12,3.6000000000000001,-19.5,0.12,LANDED,LANDED,COMPLETE
1217,24.34,0,-3.6000000000000001,-19.5,0.12,3.6000000000000001,-19.5,0.12,LANDED,LANDED,COMPLETE
1218,24.359999999999999,0,-3.6000000000000001,-19.5,0.12,3.6000000000000001,-19.5,0.12,LANDED,LANDED,COMPLETE
1219,24.379999999999999,0,-3.6000000000000001,-19.5,0.12,3.6000000000000001,-19.5,0.12,LANDED,LANDED,COMPLETE
1220,24.399999999999999,0,-3.6000000000000001,-19.5,0.12,3.6000000000000001,-19.5,0.12,LANDED,LANDED,COMPLETE
1221,24.420000000000002,0,-3.6000000000000001,-19.5,0.12,3.6000000000000001,-19.5,0.12,LANDED,LANDED,COMPLETE
1222,24.440000000000001,0,-3.6000000000000001,-19.5,0.12,3.6000000000000001,-19.5,0.12,LANDED,LANDED,COMPLETE
1223,24.460000000000001,0,-3.6000000000000001,-19.5,0.12,3.6000000000000001,-19.5,0.12,LANDED,LANDED,COMPLETE
1224,24.48,0,-3.6000000000000001,-19.5,0.12,3.6000000000000001,-19.5,0.12,LANDED,LANDED,COMPLETE
1225,24.5,0,-3.6000000000000001,-19.5,0.12,3.6000000000000001,-19.5,0.12,LANDED,LANDED,COMPLETE
1226,24.52,0,-3.6000000000000001,-19.5,0.12,3.6000000000000001,-19.5,0.12,LANDED,LANDED,COMPLETE
1226,24.52,1,-3.6000000000000001,-19.5,0.12,3.6000000000000001,-19.5,0.12,LANDED,LANDED,COMPLETE
1226,24.52,1,-3.6000000000000001,-19.5,0.12,3.6000000000000001,-19.5,0.12,LANDED,LANDED,COMPLETE
1226,24.52,1,-3.6000000000000001,-19.5,0.12,3.6000000000000001,-19.5,0.12,LANDED,LANDED,COMPLETE
1226,24.52,1,-3.6000000000000001,-19.5,0.12,3.6000000000000001,-19.5,0.12,LANDED,LANDED,COMPLETE
1226,24.52,1,-3.6000000000000001,-19.5,0.12,3.6000000000000001,-19.5,0.12,LANDED,LANDED,COMPLETE
1226,24.52,1,-3.6000000000000001,-19.5,0.12,3.6000000000000001,-19.5,0.12,LANDED,LANDED,COMPLETE
1226,24.52,1,-3.6000000000000001,-19.5,0.12,3.6000000000000001,-19.5,0.12,LANDED,LANDED,COMPLETE
1226,24.52,1,-3.6000000000000001,-19.5,0.12,3.6000000000000001,-19.5,0.12,LANDED,LANDED,COMPLETE
1226,24.52,1,-3.6000000000000001,-19.5,0.12,3.6000000000000001,-19.5,0.12,LANDED,LANDED,COMPLETE
1226,24.52,1,-3.6000000000000001,-19.5,0.12,3.6000000000000001,-19.5,0.12,LANDED,LANDED,COMPLETE
1226,24.52,1,-3.6000000000000001,-19.5,0.12,3.6000000000000001,-19.5,0.12,LANDED,LANDED,COMPLETE
1226,24.52,1,-3.6000000000000001,-19.5,0.12,3.6000000000000001,-19.5,0.12,LANDED,LANDED,COMPLETE
1226,24.52,1,-3.6000000000000001,-19.5,0.12,3.6000000000000001,-19.5,0.12,LANDED,LANDED,COMPLETE
1226,24.52,1,-3.6000000000000001,-19.5,0.12,3.6000000000000001,-19.5,0.12,LANDED,LANDED,COMPLETE
1226,24.52,1,-3.6000000000000001,-19.5,0.12,3.6000000000000001,-19.5,0.12,LANDED,LANDED,COMPLETE
1226,24.52,1,-3.6000000000000001,-19.5,0.12,3.6000000000000001,-19.5,0.12,LANDED,LANDED,COMPLETE
1226,24.52,1,-3.6000000000000001,-19.5,0.12,3.6000000000000001,-19.5,0.12,LANDED,LANDED,COMPLETE
1226,24.52,1,-3.6000000000000001,-19.5,0.12,3.6000000000000001,-19.5,0.12,LANDED,LANDED,COMPLETE
1226,24.52,1,-3.6000000000000001,-19.5,0.12,3.6000000000000001,-19.5,0.12,LANDED,LANDED,COMPLETE
1226,24.52,1,-3.6000000000000001,-19.5,0.12,3.6000000000000001,-19.5,0.12,LANDED,LANDED,COMPLETE
1226,24.52,1,-3.6000000000000001,-19.5,0.12,3.6000000000000001,-19.5,0.12,LANDED,LANDED,COMPLETE
1226,24.52,1,-3.6000000000000001,-19.5,0.12,3.6000000000000001,-19.5,0.12,LANDED,LANDED,COMPLETE
1226,24.52,1,-3.6000000000000001,-19.5,0.12,3.6000000000000001,-19.5,0.12,LANDED,LANDED,COMPLETE
1226,24.52,1,-3.6000000000000001,-19.5,0.12,3.6000000000000001,-19.5,0.12,LANDED,LANDED,COMPLETE
1226,24.52,1,-3.6000000000000001,-19.5,0.12,3.6000000000000001,-19.5,0.12,LANDED,LANDED,COMPLETE
1226,24.52,1,-3.6000000000000001,-19.5,0.12,3.6000000000000001,-19.5,0.12,LANDED,LANDED,COMPLETE
1226,24.52,1,-3.6000000000000001,-19.5,0.12,3.6000000000000001,-19.5,0.12,LANDED,LANDED,COMPLETE
1226,24.52,1,-3.6000000000000001,-19.5,0.12,3.6000000000000001,-19.5,0.12,LANDED,LANDED,COMPLETE
1226,24.52,1,-3.6000000000000001,-19.5,0.12,3.6000000000000001,-19.5,0.12,LANDED,LANDED,COMPLETE
1226,24.52,1,-3.6000000000000001,-19.5,0.12,3.6000000000000001,-19.5,0.12,LANDED,LANDED,COMPLETE
1226,24.52,1,-3.6000000000000001,-19.5,0.12,3.6000000000000001,-19.5,0.12,LANDED,LANDED,COMPLETE
1226,24.52,1,-3.6000000000000001,-19.5,0.12,3.6000000000000001,-19.5,0.12,LANDED,LANDED,COMPLETE
1226,24.52,1,-3.6000000000000001,-19.5,0.12,3.6000000000000001,-19.5,0.12,LANDED,LANDED,COMPLETE
1226,24.52,1,-3.6000000000000001,-19.5,0.12,3.6000000000000001,-19.5,0.12,LANDED,LANDED,COMPLETE
1226,24.52,1,-3.6000000000000001,-19.5,0.12,3.6000000000000001,-19.5,0.12,LANDED,LANDED,COMPLETE
1226,24.52,1,-3.6000000000000001,-19.5,0.12,3.6000000000000001,-19.5,0.12,LANDED,LANDED,COMPLETE
1226,24.52,1,-3.6000000000000001,-19.5,0.12,3.6000000000000001,-19.5,0.12,LANDED,LANDED,COMPLETE
1226,24.52,1,-3.6000000000000001,-19.5,0.12,3.6000000000000001,-19.5,0.12,LANDED,LANDED,COMPLETE
1226,24.52,1,-3.6000000000000001,-19.5,0.12,3.6000000000000001,-19.5,0.12,LANDED,LANDED,COMPLETE
1226,24.52,1,-3.6000000000000001,-19.5,0.12,3.6000000000000001,-19.5,0.12,LANDED,LANDED,COMPLETE
1226,24.52,1,-3.6000000000000001,-19.5,0.12,3.6000000000000001,-19.5,0.12,LANDED,LANDED,COMPLETE
1226,24.52,1,-3.6000000000000001,-19.5,0.12,3.6000000000000001,-19.5,0.12,LANDED,LANDED,COMPLETE
1226,24.52,1,-3.6000000000000001,-19.5,0.12,3.6000000000000001,-19.5,0.12,LANDED,LANDED,COMPLETE
1226,24.52,1,-3.6000000000000001,-19.5,0.12,3.6000000000000001,-19.5,0.12,LANDED,LANDED,COMPLETE
1226,24.52,1,-3.6000000000000001,-19.5,0.12,3.6000000000000001,-19.5,0.12,LANDED,LANDED,COMPLETE
1226,24.52,1,-3.6000000000000001,-19.5,0.12,3.6000000000000001,-19.5,0.12,LANDED,LANDED,COMPLETE
1226,24.52,1,-3.6000000000000001,-19.5,0.12,3.6000000000000001,-19.5,0.12,LANDED,LANDED,COMPLETE
1226,24.52,1,-3.6000000000000001,-19.5,0.12,3.6000000000000001,-19.5,0.12,LANDED,LANDED,COMPLETE
1226,24.52,1,-3.6000000000000001,-19.5,0.12,3.6000000000000001,-19.5,0.12,LANDED,LANDED,COMPLETE
1226,24.52,1,-3.6000000000000001,-19.5,0.12,3.6000000000000001,-19.5,0.12,LANDED,LANDED,COMPLETE
1226,24.52,1,-3.6000000000000001,-19.5,0.12,3.6000000000000001,-19.5,0.12,LANDED,LANDED,COMPLETE
1226,24.52,1,-3.6000000000000001,-19.5,0.12,3.6000000000000001,-19.5,0.12,LANDED,LANDED,COMPLETE
1226,24.52,1,-3.6000000000000001,-19.5,0.12,3.6000000000000001,-19.5,0.12,LANDED,LANDED,COMPLETE
1226,24.52,1,-3.6000000000000001,-19.5,0.12,3.6000000000000001,-19.5,0.12,LANDED,LANDED,COMPLETE
1226,24.52,1,-3.6000000000000001,-19.5,0.12,3.6000000000000001,-19.5,0.12,LANDED,LANDED,COMPLETE
1226,24.52,1,-3.6000000000000001,-19.5,0.12,3.6000000000000001,-19.5,0.12,LANDED,LANDED,COMPLETE
1226,24.52,1,-3.6000000000000001,-19.5,0.12,3.6000000000000001,-19.5,0.12,LANDED,LANDED,COMPLETE
1226,24.52,1,-3.6000000000000001,-19.5,0.12,3.6000000000000001,-19.5,0.12,LANDED,LANDED,COMPLETE
1226,24.52,1,-3.6000000000000001,-19.5,0.12,3.6000000000000001,-19.5,0.12,LANDED,LANDED,COMPLETE
1226,24.52,1,-3.6000000000000001,-19.5,0.12,3.6000000000000001,-19.5,0.12,LANDED,LANDED,COMPLETE
1226,24.52,1,-3.6000000000000001,-19.5,0.12,3.6000000000000001,-19.5,0.12,LANDED,LANDED,COMPLETE
1226,24.52,1,-3.6000000000000001,-19.5,0.12,3.6000000000000001,-19.5,0.12,LANDED,LANDED,COMPLETE
1226,24.52,1,-3.6000000000000001,-19.5,0.12,3.6000000000000001,-19.5,0.12,LANDED,LANDED,COMPLETE
1226,24.52,1,-3.6000000000000001,-19.5,0.12,3.6000000000000001,-19.5,0.12,LANDED,LANDED,COMPLETE
1226,24.52,1,-3.6000000000000001,-19.5,0.12,3.6000000000000001,-19.5,0.12,LANDED,LANDED,COMPLETE
1226,24.52,1,-3.6000000000000001,-19.5,0.12,3.6000000000000001,-19.5,0.12,LANDED,LANDED,COMPLETE
1226,24.52,1,-3.6000000000000001,-19.5,0.12,3.6000000000000001,-19.5,0.12,LANDED,LANDED,COMPLETE
1226,24.52,1,-3.6000000000000001,-19.5,0.12,3.6000000000000001,-19.5,0.12,LANDED,LANDED,COMPLETE
1226,24.52,1,-3.6000000000000001,-19.5,0.12,3.6000000000000001,-19.5,0.12,LANDED,LANDED,COMPLETE
1226,24.52,1,-3.6000000000000001,-19.5,0.12,3.6000000000000001,-19.5,0.12,LANDED,LANDED,COMPLETE
1226,24.52,1,-3.6000000000000001,-19.5,0.12,3.6000000000000001,-19.5,0.12,LANDED,LANDED,COMPLETE
1226,24.52,1,-3.6000000000000001,-19.5,0.12,3.6000000000000001,-19.5,0.12,LANDED,LANDED,COMPLETE
1226,24.52,1,-3.6000000000000001,-19.5,0.12,3.6000000000000001,-19.5,0.12,LANDED,LANDED,COMPLETE
1226,24.52,1,-3.6000000000000001,-19.5,0.12,3.6000000000000001,-19.5,0.12,LANDED,LANDED,COMPLETE
1226,24.52,1,-3.6000000000000001,-19.5,0.12,3.6000000000000001,-19.5,0.12,LANDED,LANDED,COMPLETE
1226,24.52,1,-3.6000000000000001,-19.5,0.12,3.6000000000000001,-19.5,0.12,LANDED,LANDED,COMPLETE
1226,24.52,1,-3.6000000000000001,-19.5,0.12,3.6000000000000001,-19.5,0.12,LANDED,LANDED,COMPLETE
1226,24.52,1,-3.6000000000000001,-19.5,0.12,3.6000000000000001,-19.5,0.12,LANDED,LANDED,COMPLETE
1226,24.52,1,-3.6000000000000001,-19.5,0.12,3.6000000000000001,-19.5,0.12,LANDED,LANDED,COMPLETE
1226,24.52,1,-3.6000000000000001,-19.5,0.12,3.6000000000000001,-19.5,0.12,LANDED,LANDED,COMPLETE
1226,24.52,1,-3.6000000000000001,-19.5,0.12,3.6000000000000001,-19.5,0.12,LANDED,LANDED,COMPLETE
1226,24.52,1,-3.6000000000000001,-19.5,0.12,3.6000000000000001,-19.5,0.12,LANDED,LANDED,COMPLETE
1226,24.52,1,-3.6000000000000001,-19.5,0.12,3.6000000000000001,-19.5,0.12,LANDED,LANDED,COMPLETE
1226,24.52,1,-3.6000000000000001,-19.5,0.12,3.6000000000000001,-19.5,0.12,LANDED,LANDED,COMPLETE
1226,24.52,1,-3.6000000000000001,-19.5,0.12,3.6000000000000001,-19.5,0.12,LANDED,LANDED,COMPLETE
1226,24.52,1,-3.6000000000000001,-19.5,0.12,3.6000000000000001,-19.5,0.12,LANDED,LANDED,COMPLETE
1226,24.52,1,-3.6000000000000001,-19.5,0.12,3.6000000000000001,-19.5,0.12,LANDED,LANDED,COMPLETE
1226,24.52,1,-3.6000000000000001,-19.5,0.12,3.6000000000000001,-19.5,0.12,LANDED,LANDED,COMPLETE
1226,24.52,1,-3.6000000000000001,-19.5,0.12,3.6000000000000001,-19.5,0.12,LANDED,LANDED,COMPLETE
1226,24.52,1,-3.6000000000000001,-19.5,0.12,3.6000000000000001,-19.5,0.12,LANDED,LANDED,COMPLETE
1226,24.52,1,-3.6000000000000001,-19.5,0.12,3.6000000000000001,-19.5,0.12,LANDED,LANDED,COMPLETE
1226,24.52,1,-3.6000000000000001,-19.5,0.12,3.6000000000000001,-19.5,0.12,LANDED,LANDED,COMPLETE
1226,24.52,1,-3.6000000000000001,-19.5,0.12,3.6000000000000001,-19.5,0.12,LANDED,LANDED,COMPLETE
1226,24.52,1,-3.6000000000000001,-19.5,0.12,3.6000000000000001,-19.5,0.12,LANDED,LANDED,COMPLETE
1226,24.52,1,-3.6000000000000001,-19.5,0.12,3.6000000000000001,-19.5,0.12,LANDED,LANDED,COMPLETE
1226,24.52,1,-3.6000000000000001,-19.5,0.12,3.6000000000000001,-19.5,0.12,LANDED,LANDED,COMPLETE
1226,24.52,1,-3.6000000000000001,-19.5,0.12,3.6000000000000001,-19.5,0.12,LANDED,LANDED,COMPLETE
1226,24.52,1,-3.6000000000000001,-19.5,0.12,3.6000000000000001,-19.5,0.12,LANDED,LANDED,COMPLETE
1226,24.52,1,-3.6000000000000001,-19.5,0.12,3.6000000000000001,-19.5,0.12,LANDED,LANDED,COMPLETE
1226,24.52,1,-3.6000000000000001,-19.5,0.12,3.6000000000000001,-19.5,0.12,LANDED,LANDED,COMPLETE
1226,24.52,1,-3.6000000000000001,-19.5,0.12,3.6000000000000001,-19.5,0.12,LANDED,LANDED,COMPLETE
1226,24.52,1,-3.6000000000000001,-19.5,0.12,3.6000000000000001,-19.5,0.12,LANDED,LANDED,COMPLETE
1226,24.52,1,-3.6000000000000001,-19.5,0.12,3.6000000000000001,-19.5,0.12,LANDED,LANDED,COMPLETE
1226,24.52,1,-3.6000000000000001,-19.5,0.12,3.6000000000000001,-19.5,0.12,LANDED,LANDED,COMPLETE
1226,24.52,1,-3.6000000000000001,-19.5,0.12,3.6000000000000001,-19.5,0.12,LANDED,LANDED,COMPLETE
1226,24.52,1,-3.6000000000000001,-19.5,0.12,3.6000000000000001,-19.5,0.12,LANDED,LANDED,COMPLETE
1226,24.52,1,-3.6000000000000001,-19.5,0.12,3.6000000000000001,-19.5,0.12,LANDED,LANDED,COMPLETE
1226,24.52,1,-3.6000000000000001,-19.5,0.12,3.6000000000000001,-19.5,0.12,LANDED,LANDED,COMPLETE
1226,24.52,1,-3.6000000000000001,-19.5,0.12,3.6000000000000001,-19.5,0.12,LANDED,LANDED,COMPLETE
1226,24.52,1,-3.6000000000000001,-19.5,0.12,3.6000000000000001,-19.5,0.12,LANDED,LANDED,COMPLETE
1226,24.52,1,-3.6000000000000001,-19.5,0.12,3.6000000000000001,-19.5,0.12,LANDED,LANDED,COMPLETE
1226,24.52,1,-3.6000000000000001,-19.5,0.12,3.6000000000000001,-19.5,0.12,LANDED,LANDED,COMPLETE
1226,24.52,1,-3.6000000000000001,-19.5,0.12,3.6000000000000001,-19.5,0.12,LANDED,LANDED,COMPLETE
1226,24.52,1,-3.6000000000000001,-19.5,0.12,3.6000000000000001,-19.5,0.12,LANDED,LANDED,COMPLETE
1226,24.52,1,-3.6000000000000001,-19.5,0.12,3.6000000000000001,-19.5,0.12,LANDED,LANDED,COMPLETE
1226,24.52,1,-3.6000000000000001,-19.5,0.12,3.6000000000000001,-19.5,0.12,LANDED,LANDED,COMPLETE
1226,24.52,1,-3.6000000000000001,-19.5,0.12,3.6000000000000001,-19.5,0.12,LANDED,LANDED,COMPLETE
1226,24.52,1,-3.6000000000000001,-19.5,0.12,3.6000000000000001,-19.5,0.12,LANDED,LANDED,COMPLETE
1226,24.52,1,-3.6000000000000001,-19.5,0.12,3.6000000000000001,-19.5,0.12,LANDED,LANDED,COMPLETE
1226,24.52,1,-3.6000000000000001,-19.5,0.12,3.6000000000000001,-19.5,0.12,LANDED,LANDED,COMPLETE
1226,24.52,1,-3.6000000000000001,-19.5,0.12,3.6000000000000001,-19.5,0.12,LANDED,LANDED,COMPLETE
1226,24.52,1,-3.6000000000000001,-19.5,0.12,3.6000000000000001,-19.5,0.12,LANDED,LANDED,COMPLETE
1226,24.52,1,-3.6000000000000001,-19.5,0.12,3.6000000000000001,-19.5,0.12,LANDED,LANDED,COMPLETE
1226,24.52,1,-3.6000000000000001,-19.5,0.12,3.6000000000000001,-19.5,0.12,LANDED,LANDED,COMPLETE
1226,24.52,1,-3.6000000000000001,-19.5,0.12,3.6000000000000001,-19.5,0.12,LANDED,LANDED,COMPLETE
1226,24.52,1,-3.6000000000000001,-19.5,0.12,3.6000000000000001,-19.5,0.12,LANDED,LANDED,COMPLETE
1226,24.52,1,-3.6000000000000001,-19.5,0.12,3.6000000000000001,-19.5,0.12,LANDED,LANDED,COMPLETE
1226,24.52,1,-3.6000000000000001,-19.5,0.12,3.6000000000000001,-19.5,0.12,LANDED,LANDED,COMPLETE
1226,24.52,1,-3.6000000000000001,-19.5,0.12,3.6000000000000001,-19.5,0.12,LANDED,LANDED,COMPLETE
1226,24.52,1,-3.6000000000000001,-19.5,0.12,3.6000000000000001,-19.5,0.12,LANDED,LANDED,COMPLETE
1226,24.52,1,-3.6000000000000001,-19.5,0.12,3.6000000000000001,-19.5,0.12,LANDED,LANDED,COMPLETE
1226,24.52,1,-3.6000000000000001,-19.5,0.12,3.6000000000000001,-19.5,0.12,LANDED,LANDED,COMPLETE
1226,24.52,1,-3.6000000000000001,-19.5,0.12,3.6000000000000001,-19.5,0.12,LANDED,LANDED,COMPLETE
1226,24.52,1,-3.6000000000000001,-19.5,0.12,3.6000000000000001,-19.5,0.12,LANDED,LANDED,COMPLETE
1226,24.52,1,-3.6000000000000001,-19.5,0.12,3.6000000000000001,-19.5,0.12,LANDED,LANDED,COMPLETE
1226,24.52,1,-3.6000000000000001,-19.5,0.12,3.6000000000000001,-19.5,0.12,LANDED,LANDED,COMPLETE
1226,24.52,1,-3.6000000000000001,-19.5,0.12,3.6000000000000001,-19.5,0.12,LANDED,LANDED,COMPLETE
1226,24.52,1,-3.6000000000000001,-19.5,0.12,3.6000000000000001,-19.5,0.12,LANDED,LANDED,COMPLETE
1226,24.52,1,-3.6000000000000001,-19.5,0.12,3.6000000000000001,-19.5,0.12,LANDED,LANDED,COMPLETE
1226,24.52,1,-3.6000000000000001,-19.5,0.12,3.6000000000000001,-19.5,0.12,LANDED,LANDED,COMPLETE
1226,24.52,1,-3.6000000000000001,-19.5,0.12,3.6000000000000001,-19.5,0.12,LANDED,LANDED,COMPLETE
1226,24.52,1,-3.6000000000000001,-19.5,0.12,3.6000000000000001,-19.5,0.12,LANDED,LANDED,COMPLETE
1226,24.52,1,-3.6000000000000001,-19.5,0.12,3.6000000000000001,-19.5,0.12,LANDED,LANDED,COMPLETE
1226,24.52,1,-3.6000000000000001,-19.5,0.12,3.6000000000000001,-19.5,0.12,LANDED,LANDED,COMPLETE
1226,24.52,1,-3.6000000000000001,-19.5,0.12,3.6000000000000001,-19.5,0.12,LANDED,LANDED,COMPLETE
1226,24.52,1,-3.6000000000000001,-19.5,0.12,3.6000000000000001,-19.5,0.12,LANDED,LANDED,COMPLETE
1226,24.52,1,-3.6000000000000001,-19.5,0.12,3.6000000000000001,-19.5,0.12,LANDED,LANDED,COMPLETE
1226,24.52,1,-3.6000000000000001,-19.5,0.12,3.6000000000000001,-19.5,0.12,LANDED,LANDED,COMPLETE
1226,24.52,1,-3.6000000000000001,-19.5,0.12,3.6000000000000001,-19.5,0.12,LANDED,LANDED,COMPLETE
1226,24.52,1,-3.6000000000000001,-19.5,0.12,3.6000000000000001,-19.5,0.12,LANDED,LANDED,COMPLETE
1226,24.52,1,-3.6000000000000001,-19.5,0.12,3.6000000000000001,-19.5,0.12,LANDED,LANDED,COMPLETE
1226,24.52,1,-3.6000000000000001,-19.5,0.12,3.6000000000000001,-19.5,0.12,LANDED,LANDED,COMPLETE
1226,24.52,1,-3.6000000000000001,-19.5,0.12,3.6000000000000001,-19.5,0.12,LANDED,LANDED,COMPLETE
1226,24.52,1,-3.6000000000000001,-19.5,0.12,3.6000000000000001,-19.5,0.12,LANDED,LANDED,COMPLETE
1226,24.52,1,-3.6000000000000001,-19.5,0.12,3.6000000000000001,-19.5,0.12,LANDED,LANDED,COMPLETE
1226,24.52,1,-3.6000000000000001,-19.5,0.12,3.6000000000000001,-19.5,0.12,LANDED,LANDED,COMPLETE
1226,24.52,1,-3.6000000000000001,-19.5,0.12,3.6000000000000001,-19.5,0.12,LANDED,LANDED,COMPLETE
1226,24.52,1,-3.6000000000000001,-19.5,0.12,3.6000000000000001,-19.5,0.12,LANDED,LANDED,COMPLETE
1226,24.52,1,-3.6000000000000001,-19.5,0.12,3.6000000000000001,-19.5,0.12,LANDED,LANDED,COMPLETE
1226,24.52,1,-3.6000000000000001,-19.5,0.12,3.6000000000000001,-19.5,0.12,LANDED,LANDED,COMPLETE
1226,24.52,1,-3.6000000000000001,-19.5,0.12,3.6000000000000001,-19.5,0.12,LANDED,LANDED,COMPLETE
1226,24.52,1,-3.6000000000000001,-19.5,0.12,3.6000000000000001,-19.5,0.12,LANDED,LANDED,COMPLETE
1226,24.52,1,-3.6000000000000001,-19.5,0.12,3.6000000000000001,-19.5,0.12,LANDED,LANDED,COMPLETE
1226,24.52,1,-3.6000000000000001,-19.5,0.12,3.6000000000000001,-19.5,0.12,LANDED,LANDED,COMPLETE
1226,24.52,1,-3.6000000000000001,-19.5,0.12,3.6000000000000001,-19.5,0.12,LANDED,LANDED,COMPLETE
1226,24.52,1,-3.6000000000000001,-19.5,0.12,3.6000000000000001,-19.5,0.12,LANDED,LANDED,COMPLETE
1226,24.52,1,-3.6000000000000001,-19.5,0.12,3.6000000000000001,-19.5,0.12,LANDED,LANDED,COMPLETE
1226,24.52,1,-3.6000000000000001,-19.5,0.12,3.6000000000000001,-19.5,0.12,LANDED,LANDED,COMPLETE
1226,24.52,1,-3.6000000000000001,-19.5,0.12,3.6000000000000001,-19.5,0.12,LANDED,LANDED,COMPLETE
1226,24.52,1,-3.6000000000000001,-19.5,0.12,3.6000000000000001,-19.5,0.12,LANDED,LANDED,COMPLETE
1226,24.52,1,-3.6000000000000001,-19.5,0.12,3.6000000000000001,-19.5,0.12,LANDED,LANDED,COMPLETE
1226,24.52,1,-3.6000000000000001,-19.5,0.12,3.6000000000000001,-19.5,0.12,LANDED,LANDED,COMPLETE
1226,24.52,1,-3.6000000000000001,-19.5,0.12,3.6000000000000001,-19.5,0.12,LANDED,LANDED,COMPLETE
1226,24.52,1,-3.6000000000000001,-19.5,0.12,3.6000000000000001,-19.5,0.12,LANDED,LANDED,COMPLETE
1226,24.52,1,-3.6000000000000001,-19.5,0.12,3.6000000000000001,-19.5,0.12,LANDED,LANDED,COMPLETE
1226,24.52,1,-3.6000000000000001,-19.5,0.12,3.6000000000000001,-19.5,0.12,LANDED,LANDED,COMPLETE
1226,24.52,1,-3.6000000000000001,-19.5,0.12,3.6000000000000001,-19.5,0.12,LANDED,LANDED,COMPLETE
1226,24.52,1,-3.6000000000000001,-19.5,0.12,3.6000000000000001,-19.5,0.12,LANDED,LANDED,COMPLETE
1226,24.52,1,-3.6000000000000001,-19.5,0.12,3.6000000000000001,-19.5,0.12,LANDED,LANDED,COMPLETE
1226,24.52,1,-3.6000000000000001,-19.5,0.12,3.6000000000000001,-19.5,0.12,LANDED,LANDED,COMPLETE
1226,24.52,1,-3.6000000000000001,-19.5,0.12,3.6000000000000001,-19.5,0.12,LANDED,LANDED,COMPLETE
1226,24.52,1,-3.6000000000000001,-19.5,0.12,3.6000000000000001,-19.5,0.12,LANDED,LANDED,COMPLETE
1226,24.52,1,-3.6000000000000001,-19.5,0.12,3.6000000000000001,-19.5,0.12,LANDED,LANDED,COMPLETE
1226,24.52,1,-3.6000000000000001,-19.5,0.12,3.6000000000000001,-19.5,0.12,LANDED,LANDED,COMPLETE
1226,24.52,1,-3.6000000000000001,-19.5,0.12,3.6000000000000001,-19.5,0.12,LANDED,LANDED,COMPLETE
1226,24.52,1,-3.6000000000000001,-19.5,0.12,3.6000000000000001,-19.5,0.12,LANDED,LANDED,COMPLETE
1226,24.52,1,-3.6000000000000001,-19.5,0.12,3.6000000000000001,-19.5,0.12,LANDED,LANDED,COMPLETE
1226,24.52,1,-3.6000000000000001,-19.5,0.12,3.6000000000000001,-19.5,0.12,LANDED,LANDED,COMPLETE
1226,24.52,1,-3.6000000000000001,-19.5,0.12,3.6000000000000001,-19.5,0.12,LANDED,LANDED,COMPLETE
1226,24.52,1,-3.6000000000000001,-19.5,0.12,3.6000000000000001,-19.5,0.12,LANDED,LANDED,COMPLETE
1226,24.52,1,-3.6000000000000001,-19.5,0.12,3.6000000000000001,-19.5,0.12,LANDED,LANDED,COMPLETE
1226,24.52,1,-3.6000000000000001,-19.5,0.12,3.6000000000000001,-19.5,0.12,LANDED,LANDED,COMPLETE
1226,24.52,1,-3.6000000000000001,-19.5,0.12,3.6000000000000001,-19.5,0.12,LANDED,LANDED,COMPLETE
1226,24.52,1,-3.6000000000000001,-19.5,0.12,3.6000000000000001,-19.5,0.12,LANDED,LANDED,COMPLETE
1226,24.52,1,-3.6000000000000001,-19.5,0.12,3.6000000000000001,-19.5,0.12,LANDED,LANDED,COMPLETE
1226,24.52,1,-3.6000000000000001,-19.5,0.12,3.6000000000000001,-19.5,0.12,LANDED,LANDED,COMPLETE
1226,24.52,1,-3.6000000000000001,-19.5,0.12,3.6000000000000001,-19.5,0.12,LANDED,LANDED,COMPLETE
1226,24.52,1,-3.6000000000000001,-19.5,0.12,3.6000000000000001,-19.5,0.12,LANDED,LANDED,COMPLETE
1226,24.52,1,-3.6000000000000001,-19.5,0.12,3.6000000000000001,-19.5,0.12,LANDED,LANDED,COMPLETE
1226,24.52,1,-3.6000000000000001,-19.5,0.12,3.6000000000000001,-19.5,0.12,LANDED,LANDED,COMPLETE
1226,24.52,1,-3.6000000000000001,-19.5,0.12,3.6000000000000001,-19.5,0.12,LANDED,LANDED,COMPLETE
1226,24.52,1,-3.6000000000000001,-19.5,0.12,3.6000000000000001,-19.5,0.12,LANDED,LANDED,COMPLETE
1226,24.52,1,-3.6000000000000001,-19.5,0.12,3.6000000000000001,-19.5,0.12,LANDED,LANDED,COMPLETE
1226,24.52,1,-3.6000000000000001,-19.5,0.12,3.6000000000000001,-19.5,0.12,LANDED,LANDED,COMPLETE
1226,24.52,1,-3.6000000000000001,-19.5,0.12,3.6000000000000001,-19.5,0.12,LANDED,LANDED,COMPLETE
1226,24.52,1,-3.6000000000000001,-19.5,0.12,3.6000000000000001,-19.5,0.12,LANDED,LANDED,COMPLETE
